<?xml version="1.0" encoding="UTF-8"?>
<gpx version="1.0" creator="GPSBabel - https://www.gpsbabel.org" xmlns="http://www.topografix.com/GPX/1/0">
  <time>2026-08-26T13:00:14.381Z</time>
  <bounds minlat="59.464698583" minlon="25.554829957" maxlat="59.577850588" maxlon="25.960897878"/>
  <wpt lat="59.575974969" lon="25.960897878">
    <name>LAP001</name>
    <cmt>LAP001</cmt>
    <desc>LAP001</desc>
  </wpt>
  <trk>
    <trkseg>
      <trkpt lat="59.519007616" lon="25.555466311">
        <ele>12.400</ele>
        <time>2026-08-10T07:53:10Z</time>
        <speed>0.000000</speed>
      </trkpt>
    </trkseg>
    <trkseg>
      <trkpt lat="59.519031504" lon="25.555400848">
        <ele>12.200</ele>
        <time>2026-08-10T07:53:23Z</time>
        <speed>1.618000</speed>
      </trkpt>
      <trkpt lat="59.519055057" lon="25.555344522">
        <ele>12.000</ele>
        <time>2026-08-10T07:53:25Z</time>
        <speed>2.020000</speed>
      </trkpt>
      <trkpt lat="59.519067882" lon="25.555211585">
        <ele>11.400</ele>
        <time>2026-08-10T07:53:28Z</time>
        <speed>2.707000</speed>
      </trkpt>
      <trkpt lat="59.519059584" lon="25.555094238">
        <ele>11.000</ele>
        <time>2026-08-10T07:53:30Z</time>
        <speed>3.113000</speed>
      </trkpt>
      <trkpt lat="59.519028487" lon="25.554935988">
        <ele>10.400</ele>
        <time>2026-08-10T07:53:34Z</time>
        <speed>1.221000</speed>
      </trkpt>
      <trkpt lat="59.519012393" lon="25.554909334">
        <ele>10.200</ele>
        <time>2026-08-10T07:53:35Z</time>
        <speed>1.424000</speed>
      </trkpt>
      <trkpt lat="59.518946512" lon="25.554855270">
        <ele>9.600</ele>
        <time>2026-08-10T07:53:38Z</time>
        <speed>2.638000</speed>
      </trkpt>
      <trkpt lat="59.518916672" lon="25.554847140">
        <ele>5.800</ele>
        <time>2026-08-10T07:53:39Z</time>
        <speed>3.156000</speed>
      </trkpt>
      <trkpt lat="59.518886749" lon="25.554833142">
        <ele>9.000</ele>
        <time>2026-08-10T07:53:40Z</time>
        <speed>3.365000</speed>
      </trkpt>
      <trkpt lat="59.518822711" lon="25.554829957">
        <ele>13.600</ele>
        <time>2026-08-10T07:53:42Z</time>
        <speed>3.688000</speed>
      </trkpt>
      <trkpt lat="59.518788680" lon="25.554830711">
        <ele>10.600</ele>
        <time>2026-08-10T07:53:43Z</time>
        <speed>3.839000</speed>
      </trkpt>
      <trkpt lat="59.518673932" lon="25.554840937">
        <ele>9.400</ele>
        <time>2026-08-10T07:53:46Z</time>
        <speed>4.276000</speed>
      </trkpt>
      <trkpt lat="59.518519705" lon="25.554886367">
        <ele>9.600</ele>
        <time>2026-08-10T07:53:50Z</time>
        <speed>4.564000</speed>
      </trkpt>
      <trkpt lat="59.518357851" lon="25.554943951">
        <ele>9.400</ele>
        <time>2026-08-10T07:53:54Z</time>
        <speed>5.003000</speed>
      </trkpt>
      <trkpt lat="59.518273529" lon="25.554967420">
        <ele>9.000</ele>
        <time>2026-08-10T07:53:56Z</time>
        <speed>4.759000</speed>
      </trkpt>
      <trkpt lat="59.518062472" lon="25.555048641">
        <ele>9.600</ele>
        <time>2026-08-10T07:54:02Z</time>
        <speed>2.863000</speed>
      </trkpt>
      <trkpt lat="59.517936660" lon="25.555076720">
        <ele>10.600</ele>
        <time>2026-08-10T07:54:08Z</time>
        <speed>1.035000</speed>
      </trkpt>
    </trkseg>
    <trkseg>
      <trkpt lat="59.517884944" lon="25.555115025">
        <ele>10.200</ele>
        <time>2026-08-10T07:54:55Z</time>
        <speed>1.542000</speed>
      </trkpt>
      <trkpt lat="59.517866084" lon="25.555121480">
        <ele>10.400</ele>
        <time>2026-08-10T07:54:56Z</time>
        <speed>1.644000</speed>
      </trkpt>
      <trkpt lat="59.517695848" lon="25.555190295">
        <ele>11.400</ele>
        <time>2026-08-10T07:55:03Z</time>
        <speed>2.965000</speed>
      </trkpt>
      <trkpt lat="59.517534077" lon="25.555239581">
        <ele>11.400</ele>
        <time>2026-08-10T07:55:10Z</time>
        <speed>2.414000</speed>
      </trkpt>
      <trkpt lat="59.517346742" lon="25.555308480">
        <ele>10.800</ele>
        <time>2026-08-10T07:55:16Z</time>
        <speed>3.963000</speed>
      </trkpt>
      <trkpt lat="59.517173404" lon="25.555358855">
        <ele>12.000</ele>
        <time>2026-08-10T07:55:21Z</time>
        <speed>3.640000</speed>
      </trkpt>
      <trkpt lat="59.517034013" lon="25.555380983">
        <ele>12.200</ele>
        <time>2026-08-10T07:55:25Z</time>
        <speed>3.645000</speed>
      </trkpt>
      <trkpt lat="59.516769983" lon="25.555365896">
        <ele>13.200</ele>
        <time>2026-08-10T07:55:33Z</time>
        <speed>3.666000</speed>
      </trkpt>
      <trkpt lat="59.516682811" lon="25.555573180">
        <ele>13.600</ele>
        <time>2026-08-10T07:55:37Z</time>
        <speed>4.072000</speed>
      </trkpt>
      <trkpt lat="59.516659677" lon="25.556067294">
        <ele>13.400</ele>
        <time>2026-08-10T07:55:44Z</time>
        <speed>3.923000</speed>
      </trkpt>
      <trkpt lat="59.516663365" lon="25.556275332">
        <ele>14.200</ele>
        <time>2026-08-10T07:55:47Z</time>
        <speed>3.951000</speed>
      </trkpt>
      <trkpt lat="59.516668897" lon="25.556640867">
        <ele>14.600</ele>
        <time>2026-08-10T07:55:52Z</time>
        <speed>4.220000</speed>
      </trkpt>
      <trkpt lat="59.516684739" lon="25.557019394">
        <ele>15.400</ele>
        <time>2026-08-10T07:55:57Z</time>
        <speed>4.388000</speed>
      </trkpt>
      <trkpt lat="59.516694043" lon="25.557263643">
        <ele>15.600</ele>
        <time>2026-08-10T07:56:00Z</time>
        <speed>4.572000</speed>
      </trkpt>
      <trkpt lat="59.516718602" lon="25.557869654">
        <ele>16.400</ele>
        <time>2026-08-10T07:56:08Z</time>
        <speed>4.131000</speed>
      </trkpt>
      <trkpt lat="59.516724469" lon="25.557940733">
        <ele>16.600</ele>
        <time>2026-08-10T07:56:09Z</time>
        <speed>3.978000</speed>
      </trkpt>
      <trkpt lat="59.516735701" lon="25.558217587">
        <ele>16.600</ele>
        <time>2026-08-10T07:56:14Z</time>
        <speed>3.049000</speed>
      </trkpt>
      <trkpt lat="59.516743077" lon="25.558608770">
        <ele>16.200</ele>
        <time>2026-08-10T07:56:20Z</time>
        <speed>3.763000</speed>
      </trkpt>
      <trkpt lat="59.516763445" lon="25.559097184">
        <ele>16.400</ele>
        <time>2026-08-10T07:56:27Z</time>
        <speed>2.926000</speed>
      </trkpt>
      <trkpt lat="59.516784735" lon="25.559493732">
        <ele>16.400</ele>
        <time>2026-08-10T07:56:33Z</time>
        <speed>3.132000</speed>
      </trkpt>
    </trkseg>
    <trkseg>
      <trkpt lat="59.516799990" lon="25.559765976">
        <ele>17.000</ele>
        <time>2026-08-10T07:56:55Z</time>
        <speed>2.201000</speed>
      </trkpt>
      <trkpt lat="59.516799403" lon="25.559859602">
        <ele>16.800</ele>
        <time>2026-08-10T07:56:57Z</time>
        <speed>2.390000</speed>
      </trkpt>
      <trkpt lat="59.516810551" lon="25.559946606">
        <ele>16.800</ele>
        <time>2026-08-10T07:56:59Z</time>
        <speed>2.119000</speed>
      </trkpt>
      <trkpt lat="59.516816754" lon="25.560085159">
        <ele>16.800</ele>
        <time>2026-08-10T07:57:02Z</time>
        <speed>2.750000</speed>
      </trkpt>
      <trkpt lat="59.516821615" lon="25.560269896">
        <ele>16.800</ele>
        <time>2026-08-10T07:57:05Z</time>
        <speed>2.847000</speed>
      </trkpt>
      <trkpt lat="59.516831674" lon="25.560444240">
        <ele>16.600</ele>
        <time>2026-08-10T07:57:08Z</time>
        <speed>2.739000</speed>
      </trkpt>
      <trkpt lat="59.516819771" lon="25.560835674">
        <ele>16.800</ele>
        <time>2026-08-10T07:57:14Z</time>
        <speed>3.311000</speed>
      </trkpt>
      <trkpt lat="59.516814239" lon="25.561272874">
        <ele>17.000</ele>
        <time>2026-08-10T07:57:21Z</time>
        <speed>3.760000</speed>
      </trkpt>
      <trkpt lat="59.516774090" lon="25.561686186">
        <ele>17.200</ele>
        <time>2026-08-10T07:57:27Z</time>
        <speed>3.374000</speed>
      </trkpt>
      <trkpt lat="59.516718518" lon="25.562008554">
        <ele>17.400</ele>
        <time>2026-08-10T07:57:32Z</time>
        <speed>3.607000</speed>
      </trkpt>
      <trkpt lat="59.516676189" lon="25.562200835">
        <ele>17.600</ele>
        <time>2026-08-10T07:57:35Z</time>
        <speed>3.819000</speed>
      </trkpt>
      <trkpt lat="59.516654061" lon="25.562314913">
        <ele>17.600</ele>
        <time>2026-08-10T07:57:37Z</time>
        <speed>3.095000</speed>
      </trkpt>
      <trkpt lat="59.516564794" lon="25.562666114">
        <ele>17.800</ele>
        <time>2026-08-10T07:57:43Z</time>
        <speed>3.186000</speed>
      </trkpt>
      <trkpt lat="59.516492710" lon="25.563046820">
        <ele>17.800</ele>
        <time>2026-08-10T07:57:49Z</time>
        <speed>3.362000</speed>
      </trkpt>
      <trkpt lat="59.516438479" lon="25.563339181">
        <ele>17.800</ele>
        <time>2026-08-10T07:57:54Z</time>
        <speed>3.195000</speed>
      </trkpt>
      <trkpt lat="59.516367484" lon="25.563675044">
        <ele>18.000</ele>
        <time>2026-08-10T07:58:00Z</time>
        <speed>2.595000</speed>
      </trkpt>
      <trkpt lat="59.516293891" lon="25.564025827">
        <ele>18.400</ele>
        <time>2026-08-10T07:58:06Z</time>
        <speed>3.589000</speed>
      </trkpt>
      <trkpt lat="59.516277798" lon="25.564090451">
        <ele>18.600</ele>
        <time>2026-08-10T07:58:07Z</time>
        <speed>3.632000</speed>
      </trkpt>
      <trkpt lat="59.516164893" lon="25.564563358">
        <ele>18.200</ele>
        <time>2026-08-10T07:58:13Z</time>
        <speed>3.558000</speed>
      </trkpt>
      <trkpt lat="59.516029358" lon="25.564915817">
        <ele>17.400</ele>
        <time>2026-08-10T07:58:18Z</time>
        <speed>3.730000</speed>
      </trkpt>
      <trkpt lat="59.516000273" lon="25.564976754">
        <ele>17.200</ele>
        <time>2026-08-10T07:58:19Z</time>
        <speed>3.691000</speed>
      </trkpt>
      <trkpt lat="59.515903881" lon="25.565204322">
        <ele>18.800</ele>
        <time>2026-08-10T07:58:23Z</time>
        <speed>3.758000</speed>
      </trkpt>
      <trkpt lat="59.515833138" lon="25.565356873">
        <ele>19.000</ele>
        <time>2026-08-10T07:58:26Z</time>
        <speed>3.489000</speed>
      </trkpt>
      <trkpt lat="59.515730040" lon="25.565625010">
        <ele>18.600</ele>
        <time>2026-08-10T07:58:31Z</time>
        <speed>3.349000</speed>
      </trkpt>
      <trkpt lat="59.515574556" lon="25.565992054">
        <ele>19.600</ele>
        <time>2026-08-10T07:58:38Z</time>
        <speed>3.807000</speed>
      </trkpt>
      <trkpt lat="59.515550248" lon="25.566043854">
        <ele>19.800</ele>
        <time>2026-08-10T07:58:39Z</time>
        <speed>3.728000</speed>
      </trkpt>
      <trkpt lat="59.515455114" lon="25.566237727">
        <ele>19.600</ele>
        <time>2026-08-10T07:58:43Z</time>
        <speed>3.250000</speed>
      </trkpt>
      <trkpt lat="59.515358806" lon="25.566472337">
        <ele>21.000</ele>
        <time>2026-08-10T07:58:48Z</time>
        <speed>2.692000</speed>
      </trkpt>
      <trkpt lat="59.515339276" lon="25.566518521">
        <ele>21.000</ele>
        <time>2026-08-10T07:58:49Z</time>
        <speed>2.674000</speed>
      </trkpt>
      <trkpt lat="59.515185133" lon="25.566875841">
        <ele>20.400</ele>
        <time>2026-08-10T07:58:56Z</time>
        <speed>3.552000</speed>
      </trkpt>
      <trkpt lat="59.515005089" lon="25.567218075">
        <ele>21.200</ele>
        <time>2026-08-10T07:59:03Z</time>
        <speed>3.487000</speed>
      </trkpt>
      <trkpt lat="59.514869051" lon="25.567442877">
        <ele>20.200</ele>
        <time>2026-08-10T07:59:08Z</time>
        <speed>3.681000</speed>
      </trkpt>
      <trkpt lat="59.514673166" lon="25.567723168">
        <ele>20.600</ele>
        <time>2026-08-10T07:59:15Z</time>
        <speed>3.543000</speed>
      </trkpt>
      <trkpt lat="59.514455572" lon="25.567958616">
        <ele>21.200</ele>
        <time>2026-08-10T07:59:22Z</time>
        <speed>3.550000</speed>
      </trkpt>
      <trkpt lat="59.514223812" lon="25.568245025">
        <ele>20.800</ele>
        <time>2026-08-10T07:59:29Z</time>
        <speed>3.522000</speed>
      </trkpt>
      <trkpt lat="59.514009738" lon="25.568444934">
        <ele>21.400</ele>
        <time>2026-08-10T07:59:35Z</time>
        <speed>3.533000</speed>
      </trkpt>
      <trkpt lat="59.513774207" lon="25.568608884">
        <ele>21.000</ele>
        <time>2026-08-10T07:59:42Z</time>
        <speed>3.621000</speed>
      </trkpt>
      <trkpt lat="59.513617801" lon="25.568720112">
        <ele>22.200</ele>
        <time>2026-08-10T07:59:47Z</time>
        <speed>3.637000</speed>
      </trkpt>
      <trkpt lat="59.513552841" lon="25.568749197">
        <ele>22.800</ele>
        <time>2026-08-10T07:59:49Z</time>
        <speed>3.581000</speed>
      </trkpt>
      <trkpt lat="59.513356872" lon="25.568852210">
        <ele>22.800</ele>
        <time>2026-08-10T07:59:55Z</time>
        <speed>3.487000</speed>
      </trkpt>
      <trkpt lat="59.513117233" lon="25.568937454">
        <ele>23.000</ele>
        <time>2026-08-10T08:00:02Z</time>
        <speed>3.817000</speed>
      </trkpt>
      <trkpt lat="59.512947248" lon="25.568945585">
        <ele>22.600</ele>
        <time>2026-08-10T08:00:08Z</time>
        <speed>3.743000</speed>
      </trkpt>
      <trkpt lat="59.512694115" lon="25.568865202">
        <ele>23.000</ele>
        <time>2026-08-10T08:00:16Z</time>
        <speed>3.730000</speed>
      </trkpt>
      <trkpt lat="59.512589425" lon="25.568818683">
        <ele>23.400</ele>
        <time>2026-08-10T08:00:19Z</time>
        <speed>4.202000</speed>
      </trkpt>
      <trkpt lat="59.512438718" lon="25.568736037">
        <ele>23.800</ele>
        <time>2026-08-10T08:00:23Z</time>
        <speed>4.019000</speed>
      </trkpt>
      <trkpt lat="59.512161361" lon="25.568630928">
        <ele>23.400</ele>
        <time>2026-08-10T08:00:30Z</time>
        <speed>3.987000</speed>
      </trkpt>
      <trkpt lat="59.511912754" lon="25.568532357">
        <ele>23.800</ele>
        <time>2026-08-10T08:00:37Z</time>
        <speed>4.022000</speed>
      </trkpt>
      <trkpt lat="59.511653669" lon="25.568399001">
        <ele>24.200</ele>
        <time>2026-08-10T08:00:44Z</time>
        <speed>3.995000</speed>
      </trkpt>
      <trkpt lat="59.511388466" lon="25.568261705">
        <ele>24.000</ele>
        <time>2026-08-10T08:00:51Z</time>
        <speed>4.242000</speed>
      </trkpt>
      <trkpt lat="59.511117814" lon="25.568106137">
        <ele>24.000</ele>
        <time>2026-08-10T08:00:58Z</time>
        <speed>4.215000</speed>
      </trkpt>
      <trkpt lat="59.510971466" lon="25.568024246">
        <ele>24.400</ele>
        <time>2026-08-10T08:01:02Z</time>
        <speed>3.783000</speed>
      </trkpt>
      <trkpt lat="59.510895610" lon="25.567982085">
        <ele>24.600</ele>
        <time>2026-08-10T08:01:04Z</time>
        <speed>4.320000</speed>
      </trkpt>
      <trkpt lat="59.510713220" lon="25.567891728">
        <ele>24.600</ele>
        <time>2026-08-10T08:01:09Z</time>
        <speed>3.505000</speed>
      </trkpt>
      <trkpt lat="59.510486908" lon="25.567762982">
        <ele>24.400</ele>
        <time>2026-08-10T08:01:15Z</time>
        <speed>3.993000</speed>
      </trkpt>
      <trkpt lat="59.510248275" lon="25.567631302">
        <ele>25.000</ele>
        <time>2026-08-10T08:01:21Z</time>
        <speed>4.396000</speed>
      </trkpt>
      <trkpt lat="59.510022718" lon="25.567504987">
        <ele>25.000</ele>
        <time>2026-08-10T08:01:27Z</time>
        <speed>4.354000</speed>
      </trkpt>
      <trkpt lat="59.509751061" lon="25.567345228">
        <ele>24.600</ele>
        <time>2026-08-10T08:01:34Z</time>
        <speed>4.268000</speed>
      </trkpt>
      <trkpt lat="59.509524414" lon="25.567195108">
        <ele>24.600</ele>
        <time>2026-08-10T08:01:40Z</time>
        <speed>3.567000</speed>
      </trkpt>
      <trkpt lat="59.509268599" lon="25.567012802">
        <ele>25.000</ele>
        <time>2026-08-10T08:01:47Z</time>
        <speed>4.287000</speed>
      </trkpt>
      <trkpt lat="59.509024853" lon="25.566890175">
        <ele>24.800</ele>
        <time>2026-08-10T08:01:53Z</time>
        <speed>4.617000</speed>
      </trkpt>
      <trkpt lat="59.508697623" lon="25.566751119">
        <ele>23.800</ele>
        <time>2026-08-10T08:02:01Z</time>
        <speed>4.181000</speed>
      </trkpt>
      <trkpt lat="59.508489585" lon="25.566681130">
        <ele>25.600</ele>
        <time>2026-08-10T08:02:07Z</time>
        <speed>3.667000</speed>
      </trkpt>
      <trkpt lat="59.508421188" lon="25.566663109">
        <ele>25.600</ele>
        <time>2026-08-10T08:02:09Z</time>
        <speed>3.661000</speed>
      </trkpt>
      <trkpt lat="59.508177107" lon="25.566608543">
        <ele>25.400</ele>
        <time>2026-08-10T08:02:16Z</time>
        <speed>3.356000</speed>
      </trkpt>
      <trkpt lat="59.507993795" lon="25.566571495">
        <ele>25.200</ele>
        <time>2026-08-10T08:02:21Z</time>
        <speed>3.405000</speed>
      </trkpt>
      <trkpt lat="59.507874101" lon="25.566594712">
        <ele>26.200</ele>
        <time>2026-08-10T08:02:25Z</time>
        <speed>3.720000</speed>
      </trkpt>
      <trkpt lat="59.507757006" lon="25.566605525">
        <ele>26.800</ele>
        <time>2026-08-10T08:02:28Z</time>
        <speed>3.392000</speed>
      </trkpt>
      <trkpt lat="59.507654244" lon="25.566631677">
        <ele>27.800</ele>
        <time>2026-08-10T08:02:31Z</time>
        <speed>3.512000</speed>
      </trkpt>
      <trkpt lat="59.507619124" lon="25.566641735">
        <ele>28.000</ele>
        <time>2026-08-10T08:02:32Z</time>
        <speed>3.332000</speed>
      </trkpt>
      <trkpt lat="59.507460957" lon="25.566717675">
        <ele>28.000</ele>
        <time>2026-08-10T08:02:37Z</time>
        <speed>3.153000</speed>
      </trkpt>
      <trkpt lat="59.507260378" lon="25.566860083">
        <ele>29.000</ele>
        <time>2026-08-10T08:02:43Z</time>
        <speed>3.764000</speed>
      </trkpt>
      <trkpt lat="59.506966257" lon="25.567036858">
        <ele>28.000</ele>
        <time>2026-08-10T08:02:51Z</time>
        <speed>3.976000</speed>
      </trkpt>
      <trkpt lat="59.506808678" lon="25.567126293">
        <ele>28.000</ele>
        <time>2026-08-10T08:02:55Z</time>
        <speed>4.508000</speed>
      </trkpt>
      <trkpt lat="59.506728211" lon="25.567189828">
        <ele>27.400</ele>
        <time>2026-08-10T08:02:57Z</time>
        <speed>4.764000</speed>
      </trkpt>
      <trkpt lat="59.506641375" lon="25.567265851">
        <ele>26.800</ele>
        <time>2026-08-10T08:02:59Z</time>
        <speed>5.211000</speed>
      </trkpt>
      <trkpt lat="59.506509947" lon="25.567400381">
        <ele>25.600</ele>
        <time>2026-08-10T08:03:02Z</time>
        <speed>5.549000</speed>
      </trkpt>
      <trkpt lat="59.506469797" lon="25.567460060">
        <ele>25.400</ele>
        <time>2026-08-10T08:03:03Z</time>
        <speed>5.523000</speed>
      </trkpt>
      <trkpt lat="59.506264944" lon="25.567842862">
        <ele>24.600</ele>
        <time>2026-08-10T08:03:09Z</time>
        <speed>4.885000</speed>
      </trkpt>
      <trkpt lat="59.506038046" lon="25.568242595">
        <ele>24.400</ele>
        <time>2026-08-10T08:03:16Z</time>
        <speed>4.656000</speed>
      </trkpt>
      <trkpt lat="59.505830426" lon="25.568591114">
        <ele>24.800</ele>
        <time>2026-08-10T08:03:22Z</time>
        <speed>5.544000</speed>
      </trkpt>
      <trkpt lat="59.505694974" lon="25.568932509">
        <ele>23.800</ele>
        <time>2026-08-10T08:03:26Z</time>
        <speed>6.270000</speed>
      </trkpt>
      <trkpt lat="59.505670415" lon="25.569030745">
        <ele>23.200</ele>
        <time>2026-08-10T08:03:27Z</time>
        <speed>6.086000</speed>
      </trkpt>
      <trkpt lat="59.505650047" lon="25.569138117">
        <ele>22.800</ele>
        <time>2026-08-10T08:03:28Z</time>
        <speed>6.436000</speed>
      </trkpt>
      <trkpt lat="59.505590117" lon="25.569634242">
        <ele>23.600</ele>
        <time>2026-08-10T08:03:33Z</time>
        <speed>4.784000</speed>
      </trkpt>
      <trkpt lat="59.505588692" lon="25.569714541">
        <ele>23.800</ele>
        <time>2026-08-10T08:03:34Z</time>
        <speed>4.591000</speed>
      </trkpt>
      <trkpt lat="59.505587183" lon="25.569799114">
        <ele>24.600</ele>
        <time>2026-08-10T08:03:35Z</time>
        <speed>4.606000</speed>
      </trkpt>
      <trkpt lat="59.505596822" lon="25.570123326">
        <ele>25.400</ele>
        <time>2026-08-10T08:03:39Z</time>
        <speed>3.740000</speed>
      </trkpt>
      <trkpt lat="59.505608222" lon="25.570293730">
        <ele>25.800</ele>
        <time>2026-08-10T08:03:41Z</time>
        <speed>3.905000</speed>
      </trkpt>
      <trkpt lat="59.505663123" lon="25.570689188">
        <ele>25.800</ele>
        <time>2026-08-10T08:03:46Z</time>
        <speed>4.594000</speed>
      </trkpt>
      <trkpt lat="59.505836209" lon="25.571237952">
        <ele>25.600</ele>
        <time>2026-08-10T08:03:54Z</time>
        <speed>4.566000</speed>
      </trkpt>
      <trkpt lat="59.506020108" lon="25.571609857">
        <ele>25.800</ele>
        <time>2026-08-10T08:04:00Z</time>
        <speed>4.709000</speed>
      </trkpt>
      <trkpt lat="59.506050199" lon="25.571666183">
        <ele>25.600</ele>
        <time>2026-08-10T08:04:01Z</time>
        <speed>4.536000</speed>
      </trkpt>
      <trkpt lat="59.506353457" lon="25.572286947">
        <ele>26.400</ele>
        <time>2026-08-10T08:04:11Z</time>
        <speed>4.779000</speed>
      </trkpt>
      <trkpt lat="59.506493770" lon="25.572652481">
        <ele>26.000</ele>
        <time>2026-08-10T08:04:17Z</time>
        <speed>4.408000</speed>
      </trkpt>
      <trkpt lat="59.506656798" lon="25.573104853">
        <ele>26.000</ele>
        <time>2026-08-10T08:04:24Z</time>
        <speed>4.396000</speed>
      </trkpt>
      <trkpt lat="59.506850671" lon="25.573700806">
        <ele>26.200</ele>
        <time>2026-08-10T08:04:33Z</time>
        <speed>4.125000</speed>
      </trkpt>
      <trkpt lat="59.506929377" lon="25.574062485">
        <ele>25.800</ele>
        <time>2026-08-10T08:04:38Z</time>
        <speed>4.640000</speed>
      </trkpt>
      <trkpt lat="59.506942537" lon="25.574140605">
        <ele>25.800</ele>
        <time>2026-08-10T08:04:39Z</time>
        <speed>4.468000</speed>
      </trkpt>
      <trkpt lat="59.506996516" lon="25.574627593">
        <ele>25.600</ele>
        <time>2026-08-10T08:04:45Z</time>
        <speed>4.255000</speed>
      </trkpt>
      <trkpt lat="59.507026775" lon="25.575105194">
        <ele>25.800</ele>
        <time>2026-08-10T08:04:51Z</time>
        <speed>4.461000</speed>
      </trkpt>
      <trkpt lat="59.507061560" lon="25.575636355">
        <ele>25.800</ele>
        <time>2026-08-10T08:04:58Z</time>
        <speed>3.968000</speed>
      </trkpt>
      <trkpt lat="59.507078324" lon="25.575998537">
        <ele>26.200</ele>
        <time>2026-08-10T08:05:03Z</time>
        <speed>3.613000</speed>
      </trkpt>
      <trkpt lat="59.507117551" lon="25.576429786">
        <ele>26.600</ele>
        <time>2026-08-10T08:05:09Z</time>
        <speed>3.806000</speed>
      </trkpt>
      <trkpt lat="59.507125597" lon="25.576507905">
        <ele>26.800</ele>
        <time>2026-08-10T08:05:10Z</time>
        <speed>4.077000</speed>
      </trkpt>
      <trkpt lat="59.507157365" lon="25.576975951">
        <ele>26.600</ele>
        <time>2026-08-10T08:05:16Z</time>
        <speed>4.097000</speed>
      </trkpt>
      <trkpt lat="59.507174715" lon="25.577139230">
        <ele>26.800</ele>
        <time>2026-08-10T08:05:18Z</time>
        <speed>4.508000</speed>
      </trkpt>
      <trkpt lat="59.507219223" lon="25.577570982">
        <ele>26.200</ele>
        <time>2026-08-10T08:05:23Z</time>
        <speed>4.531000</speed>
      </trkpt>
      <trkpt lat="59.507297426" lon="25.578236002">
        <ele>26.000</ele>
        <time>2026-08-10T08:05:31Z</time>
        <speed>4.475000</speed>
      </trkpt>
      <trkpt lat="59.507365990" lon="25.578926671">
        <ele>26.400</ele>
        <time>2026-08-10T08:05:39Z</time>
        <speed>4.133000</speed>
      </trkpt>
      <trkpt lat="59.507447546" lon="25.579484235">
        <ele>27.000</ele>
        <time>2026-08-10T08:05:46Z</time>
        <speed>4.289000</speed>
      </trkpt>
      <trkpt lat="59.507484343" lon="25.579817081">
        <ele>27.000</ele>
        <time>2026-08-10T08:05:50Z</time>
        <speed>4.537000</speed>
      </trkpt>
      <trkpt lat="59.507500436" lon="25.579967787">
        <ele>27.000</ele>
        <time>2026-08-10T08:05:52Z</time>
        <speed>4.287000</speed>
      </trkpt>
      <trkpt lat="59.507521475" lon="25.580213713">
        <ele>27.200</ele>
        <time>2026-08-10T08:05:55Z</time>
        <speed>4.358000</speed>
      </trkpt>
      <trkpt lat="59.507556930" lon="25.580446897">
        <ele>27.400</ele>
        <time>2026-08-10T08:05:58Z</time>
        <speed>4.398000</speed>
      </trkpt>
      <trkpt lat="59.507597666" lon="25.580777563">
        <ele>27.000</ele>
        <time>2026-08-10T08:06:02Z</time>
        <speed>4.624000</speed>
      </trkpt>
      <trkpt lat="59.507621890" lon="25.581038157">
        <ele>27.000</ele>
        <time>2026-08-10T08:06:05Z</time>
        <speed>4.565000</speed>
      </trkpt>
      <trkpt lat="59.507659106" lon="25.581366224">
        <ele>27.200</ele>
        <time>2026-08-10T08:06:09Z</time>
        <speed>4.637000</speed>
      </trkpt>
      <trkpt lat="59.507665727" lon="25.581529504">
        <ele>27.200</ele>
        <time>2026-08-10T08:06:11Z</time>
        <speed>4.180000</speed>
      </trkpt>
      <trkpt lat="59.507660028" lon="25.581987407">
        <ele>27.200</ele>
        <time>2026-08-10T08:06:17Z</time>
        <speed>3.895000</speed>
      </trkpt>
      <trkpt lat="59.507654663" lon="25.582310529">
        <ele>27.400</ele>
        <time>2026-08-10T08:06:22Z</time>
        <speed>3.867000</speed>
      </trkpt>
      <trkpt lat="59.507619124" lon="25.582803050">
        <ele>27.800</ele>
        <time>2026-08-10T08:06:29Z</time>
        <speed>3.667000</speed>
      </trkpt>
      <trkpt lat="59.507608814" lon="25.582881002">
        <ele>27.800</ele>
        <time>2026-08-10T08:06:30Z</time>
        <speed>4.078000</speed>
      </trkpt>
      <trkpt lat="59.507578555" lon="25.583152156">
        <ele>28.000</ele>
        <time>2026-08-10T08:06:34Z</time>
        <speed>3.125000</speed>
      </trkpt>
      <trkpt lat="59.507541591" lon="25.583403530">
        <ele>28.000</ele>
        <time>2026-08-10T08:06:38Z</time>
        <speed>3.303000</speed>
      </trkpt>
      <trkpt lat="59.507491300" lon="25.583679462">
        <ele>27.800</ele>
        <time>2026-08-10T08:06:42Z</time>
        <speed>3.742000</speed>
      </trkpt>
      <trkpt lat="59.507418294" lon="25.584040638">
        <ele>27.600</ele>
        <time>2026-08-10T08:06:47Z</time>
        <speed>3.476000</speed>
      </trkpt>
      <trkpt lat="59.507303461" lon="25.584517568">
        <ele>28.000</ele>
        <time>2026-08-10T08:06:54Z</time>
        <speed>2.961000</speed>
      </trkpt>
      <trkpt lat="59.507232551" lon="25.584781012">
        <ele>28.200</ele>
        <time>2026-08-10T08:06:58Z</time>
        <speed>3.044000</speed>
      </trkpt>
      <trkpt lat="59.507148145" lon="25.585064990">
        <ele>27.600</ele>
        <time>2026-08-10T08:07:02Z</time>
        <speed>3.077000</speed>
      </trkpt>
      <trkpt lat="59.507045550" lon="25.585437147">
        <ele>27.600</ele>
        <time>2026-08-10T08:07:07Z</time>
        <speed>4.045000</speed>
      </trkpt>
      <trkpt lat="59.506891239" lon="25.585808046">
        <ele>27.800</ele>
        <time>2026-08-10T08:07:13Z</time>
        <speed>3.730000</speed>
      </trkpt>
      <trkpt lat="59.506797194" lon="25.586004518">
        <ele>28.800</ele>
        <time>2026-08-10T08:07:17Z</time>
        <speed>3.389000</speed>
      </trkpt>
      <trkpt lat="59.506736174" lon="25.586111052">
        <ele>29.000</ele>
        <time>2026-08-10T08:07:19Z</time>
        <speed>3.744000</speed>
      </trkpt>
      <trkpt lat="59.506560992" lon="25.586426128">
        <ele>29.400</ele>
        <time>2026-08-10T08:07:25Z</time>
        <speed>4.128000</speed>
      </trkpt>
      <trkpt lat="59.506496284" lon="25.586526627">
        <ele>30.000</ele>
        <time>2026-08-10T08:07:27Z</time>
        <speed>4.054000</speed>
      </trkpt>
      <trkpt lat="59.506369466" lon="25.586698959">
        <ele>29.000</ele>
        <time>2026-08-10T08:07:31Z</time>
        <speed>4.128000</speed>
      </trkpt>
      <trkpt lat="59.506276259" lon="25.586825777">
        <ele>29.000</ele>
        <time>2026-08-10T08:07:34Z</time>
        <speed>4.199000</speed>
      </trkpt>
      <trkpt lat="59.506137287" lon="25.586997354">
        <ele>29.200</ele>
        <time>2026-08-10T08:07:38Z</time>
        <speed>4.148000</speed>
      </trkpt>
      <trkpt lat="59.505908294" lon="25.587342186">
        <ele>28.800</ele>
        <time>2026-08-10T08:07:45Z</time>
        <speed>3.896000</speed>
      </trkpt>
      <trkpt lat="59.505748618" lon="25.587586770">
        <ele>29.000</ele>
        <time>2026-08-10T08:07:50Z</time>
        <speed>4.012000</speed>
      </trkpt>
      <trkpt lat="59.505682485" lon="25.587687185">
        <ele>29.000</ele>
        <time>2026-08-10T08:07:52Z</time>
        <speed>4.204000</speed>
      </trkpt>
      <trkpt lat="59.505596403" lon="25.587839819">
        <ele>29.000</ele>
        <time>2026-08-10T08:07:55Z</time>
        <speed>4.126000</speed>
      </trkpt>
      <trkpt lat="59.505393477" lon="25.588145256">
        <ele>28.600</ele>
        <time>2026-08-10T08:08:01Z</time>
        <speed>4.082000</speed>
      </trkpt>
      <trkpt lat="59.505237155" lon="25.588412387">
        <ele>27.800</ele>
        <time>2026-08-10T08:08:06Z</time>
        <speed>3.767000</speed>
      </trkpt>
      <trkpt lat="59.505206142" lon="25.588454045">
        <ele>27.600</ele>
        <time>2026-08-10T08:08:07Z</time>
        <speed>3.871000</speed>
      </trkpt>
      <trkpt lat="59.505018806" lon="25.588654792">
        <ele>27.800</ele>
        <time>2026-08-10T08:08:13Z</time>
        <speed>4.055000</speed>
      </trkpt>
      <trkpt lat="59.504879415" lon="25.588801224">
        <ele>26.800</ele>
        <time>2026-08-10T08:08:18Z</time>
        <speed>2.863000</speed>
      </trkpt>
      <trkpt lat="59.504855443" lon="25.588828465">
        <ele>26.600</ele>
        <time>2026-08-10T08:08:19Z</time>
        <speed>2.775000</speed>
      </trkpt>
      <trkpt lat="59.504702305" lon="25.589008760">
        <ele>27.800</ele>
        <time>2026-08-10T08:08:25Z</time>
        <speed>3.212000</speed>
      </trkpt>
      <trkpt lat="59.504672214" lon="25.589030972">
        <ele>28.400</ele>
        <time>2026-08-10T08:08:26Z</time>
        <speed>3.223000</speed>
      </trkpt>
      <trkpt lat="59.504533159" lon="25.589211099">
        <ele>28.600</ele>
        <time>2026-08-10T08:08:31Z</time>
        <speed>3.435000</speed>
      </trkpt>
      <trkpt lat="59.504365940" lon="25.589420563">
        <ele>28.800</ele>
        <time>2026-08-10T08:08:37Z</time>
        <speed>3.470000</speed>
      </trkpt>
      <trkpt lat="59.504271979" lon="25.589528186">
        <ele>30.400</ele>
        <time>2026-08-10T08:08:40Z</time>
        <speed>3.772000</speed>
      </trkpt>
      <trkpt lat="59.504133761" lon="25.589655926">
        <ele>29.800</ele>
        <time>2026-08-10T08:08:44Z</time>
        <speed>3.801000</speed>
      </trkpt>
      <trkpt lat="59.503900828" lon="25.589860613">
        <ele>30.400</ele>
        <time>2026-08-10T08:08:51Z</time>
        <speed>3.942000</speed>
      </trkpt>
      <trkpt lat="59.503724892" lon="25.590001428">
        <ele>29.200</ele>
        <time>2026-08-10T08:08:56Z</time>
        <speed>4.169000</speed>
      </trkpt>
      <trkpt lat="59.503625818" lon="25.590081979">
        <ele>29.800</ele>
        <time>2026-08-10T08:08:59Z</time>
        <speed>3.946000</speed>
      </trkpt>
      <trkpt lat="59.503593296" lon="25.590112489">
        <ele>30.200</ele>
        <time>2026-08-10T08:09:00Z</time>
        <speed>3.723000</speed>
      </trkpt>
      <trkpt lat="59.503397159" lon="25.590270991">
        <ele>31.000</ele>
        <time>2026-08-10T08:09:06Z</time>
        <speed>3.920000</speed>
      </trkpt>
      <trkpt lat="59.503263971" lon="25.590370148">
        <ele>31.400</ele>
        <time>2026-08-10T08:09:10Z</time>
        <speed>4.057000</speed>
      </trkpt>
      <trkpt lat="59.503202531" lon="25.590417003">
        <ele>31.400</ele>
        <time>2026-08-10T08:09:12Z</time>
        <speed>3.616000</speed>
      </trkpt>
      <trkpt lat="59.503052160" lon="25.590500236">
        <ele>31.200</ele>
        <time>2026-08-10T08:09:17Z</time>
        <speed>3.457000</speed>
      </trkpt>
      <trkpt lat="59.502928108" lon="25.590601237">
        <ele>31.600</ele>
        <time>2026-08-10T08:09:22Z</time>
        <speed>2.517000</speed>
      </trkpt>
      <trkpt lat="59.502801960" lon="25.590644320">
        <ele>31.800</ele>
        <time>2026-08-10T08:09:26Z</time>
        <speed>3.673000</speed>
      </trkpt>
      <trkpt lat="59.502590904" lon="25.590680530">
        <ele>32.000</ele>
        <time>2026-08-10T08:09:32Z</time>
        <speed>4.087000</speed>
      </trkpt>
      <trkpt lat="59.502326287" lon="25.590758398">
        <ele>31.000</ele>
        <time>2026-08-10T08:09:39Z</time>
        <speed>3.920000</speed>
      </trkpt>
      <trkpt lat="59.502082374" lon="25.590760745">
        <ele>31.600</ele>
        <time>2026-08-10T08:09:46Z</time>
        <speed>3.771000</speed>
      </trkpt>
      <trkpt lat="59.501837539" lon="25.590772564">
        <ele>31.400</ele>
        <time>2026-08-10T08:09:53Z</time>
        <speed>3.701000</speed>
      </trkpt>
      <trkpt lat="59.501668308" lon="25.590788992">
        <ele>31.800</ele>
        <time>2026-08-10T08:09:58Z</time>
        <speed>3.490000</speed>
      </trkpt>
      <trkpt lat="59.501469657" lon="25.590812126">
        <ele>32.400</ele>
        <time>2026-08-10T08:10:04Z</time>
        <speed>3.472000</speed>
      </trkpt>
      <trkpt lat="59.501253488" lon="25.590884797">
        <ele>31.800</ele>
        <time>2026-08-10T08:10:11Z</time>
        <speed>3.143000</speed>
      </trkpt>
      <trkpt lat="59.501092555" lon="25.591048580">
        <ele>32.200</ele>
        <time>2026-08-10T08:10:17Z</time>
        <speed>3.223000</speed>
      </trkpt>
      <trkpt lat="59.501017369" lon="25.591172548">
        <ele>32.400</ele>
        <time>2026-08-10T08:10:20Z</time>
        <speed>3.501000</speed>
      </trkpt>
      <trkpt lat="59.500955679" lon="25.591280423">
        <ele>32.800</ele>
        <time>2026-08-10T08:10:23Z</time>
        <speed>2.594000</speed>
      </trkpt>
      <trkpt lat="59.500874039" lon="25.591475135">
        <ele>33.200</ele>
        <time>2026-08-10T08:10:28Z</time>
        <speed>2.896000</speed>
      </trkpt>
      <trkpt lat="59.500857610" lon="25.591503885">
        <ele>33.600</ele>
        <time>2026-08-10T08:10:29Z</time>
        <speed>2.359000</speed>
      </trkpt>
      <trkpt lat="59.500810085" lon="25.591598181">
        <ele>34.000</ele>
        <time>2026-08-10T08:10:32Z</time>
        <speed>1.868000</speed>
      </trkpt>
      <trkpt lat="59.500790555" lon="25.591639169">
        <ele>34.200</ele>
        <time>2026-08-10T08:10:33Z</time>
        <speed>2.585000</speed>
      </trkpt>
      <trkpt lat="59.500656864" lon="25.591955082">
        <ele>33.800</ele>
        <time>2026-08-10T08:10:40Z</time>
        <speed>3.211000</speed>
      </trkpt>
      <trkpt lat="59.500497272" lon="25.592321623">
        <ele>33.400</ele>
        <time>2026-08-10T08:10:47Z</time>
        <speed>3.564000</speed>
      </trkpt>
      <trkpt lat="59.500344470" lon="25.592642399">
        <ele>33.200</ele>
        <time>2026-08-10T08:10:53Z</time>
        <speed>3.781000</speed>
      </trkpt>
      <trkpt lat="59.500183119" lon="25.592958564">
        <ele>33.200</ele>
        <time>2026-08-10T08:11:00Z</time>
        <speed>3.061000</speed>
      </trkpt>
      <trkpt lat="59.500054540" lon="25.593182445">
        <ele>33.200</ele>
        <time>2026-08-10T08:11:05Z</time>
        <speed>4.013000</speed>
      </trkpt>
      <trkpt lat="59.499927554" lon="25.593416048">
        <ele>33.600</ele>
        <time>2026-08-10T08:11:10Z</time>
        <speed>3.516000</speed>
      </trkpt>
      <trkpt lat="59.499718007" lon="25.593799353">
        <ele>33.000</ele>
        <time>2026-08-10T08:11:16Z</time>
        <speed>4.076000</speed>
      </trkpt>
      <trkpt lat="59.499586243" lon="25.594108226">
        <ele>34.800</ele>
        <time>2026-08-10T08:11:20Z</time>
        <speed>4.186000</speed>
      </trkpt>
      <trkpt lat="59.499451714" lon="25.594345685">
        <ele>35.000</ele>
        <time>2026-08-10T08:11:24Z</time>
        <speed>4.335000</speed>
      </trkpt>
      <trkpt lat="59.499347527" lon="25.594487675">
        <ele>35.000</ele>
        <time>2026-08-10T08:11:27Z</time>
        <speed>4.915000</speed>
      </trkpt>
      <trkpt lat="59.499271503" lon="25.594568560">
        <ele>34.000</ele>
        <time>2026-08-10T08:11:29Z</time>
        <speed>4.694000</speed>
      </trkpt>
      <trkpt lat="59.499238897" lon="25.594602590">
        <ele>33.600</ele>
        <time>2026-08-10T08:11:30Z</time>
        <speed>4.024000</speed>
      </trkpt>
      <trkpt lat="59.499109648" lon="25.594735360">
        <ele>33.600</ele>
        <time>2026-08-10T08:11:33Z</time>
        <speed>5.198000</speed>
      </trkpt>
      <trkpt lat="59.498948380" lon="25.594902746">
        <ele>33.400</ele>
        <time>2026-08-10T08:11:37Z</time>
        <speed>4.825000</speed>
      </trkpt>
      <trkpt lat="59.498908566" lon="25.594941974">
        <ele>33.400</ele>
        <time>2026-08-10T08:11:38Z</time>
        <speed>4.659000</speed>
      </trkpt>
      <trkpt lat="59.498623833" lon="25.595155042">
        <ele>33.200</ele>
        <time>2026-08-10T08:11:45Z</time>
        <speed>4.772000</speed>
      </trkpt>
      <trkpt lat="59.498432223" lon="25.595310694">
        <ele>33.000</ele>
        <time>2026-08-10T08:11:50Z</time>
        <speed>4.160000</speed>
      </trkpt>
      <trkpt lat="59.498252515" lon="25.595430471">
        <ele>34.000</ele>
        <time>2026-08-10T08:11:55Z</time>
        <speed>3.570000</speed>
      </trkpt>
      <trkpt lat="59.498067442" lon="25.595549997">
        <ele>34.600</ele>
        <time>2026-08-10T08:12:00Z</time>
        <speed>4.066000</speed>
      </trkpt>
      <trkpt lat="59.497988569" lon="25.595590984">
        <ele>34.600</ele>
        <time>2026-08-10T08:12:02Z</time>
        <speed>4.609000</speed>
      </trkpt>
      <trkpt lat="59.497819925" lon="25.595679497">
        <ele>33.800</ele>
        <time>2026-08-10T08:12:06Z</time>
        <speed>4.620000</speed>
      </trkpt>
      <trkpt lat="59.497779692" lon="25.595701206">
        <ele>33.400</ele>
        <time>2026-08-10T08:12:07Z</time>
        <speed>4.631000</speed>
      </trkpt>
      <trkpt lat="59.497739458" lon="25.595715959">
        <ele>33.200</ele>
        <time>2026-08-10T08:12:08Z</time>
        <speed>4.489000</speed>
      </trkpt>
      <trkpt lat="59.497504011" lon="25.595830455">
        <ele>34.200</ele>
        <time>2026-08-10T08:12:14Z</time>
        <speed>4.411000</speed>
      </trkpt>
      <trkpt lat="59.497466292" lon="25.595863480">
        <ele>34.400</ele>
        <time>2026-08-10T08:12:15Z</time>
        <speed>4.481000</speed>
      </trkpt>
      <trkpt lat="59.497425724" lon="25.595889548">
        <ele>34.400</ele>
        <time>2026-08-10T08:12:16Z</time>
        <speed>4.595000</speed>
      </trkpt>
      <trkpt lat="59.497321369" lon="25.595984012">
        <ele>34.600</ele>
        <time>2026-08-10T08:12:19Z</time>
        <speed>4.429000</speed>
      </trkpt>
      <trkpt lat="59.497026410" lon="25.596264135">
        <ele>34.800</ele>
        <time>2026-08-10T08:12:27Z</time>
        <speed>4.275000</speed>
      </trkpt>
      <trkpt lat="59.496908225" lon="25.596402939">
        <ele>35.000</ele>
        <time>2026-08-10T08:12:31Z</time>
        <speed>3.328000</speed>
      </trkpt>
      <trkpt lat="59.496810660" lon="25.596498242">
        <ele>35.400</ele>
        <time>2026-08-10T08:12:34Z</time>
        <speed>4.058000</speed>
      </trkpt>
      <trkpt lat="59.496714436" lon="25.596591700">
        <ele>35.800</ele>
        <time>2026-08-10T08:12:37Z</time>
        <speed>3.515000</speed>
      </trkpt>
      <trkpt lat="59.496536236" lon="25.596786579">
        <ele>35.600</ele>
        <time>2026-08-10T08:12:43Z</time>
        <speed>3.204000</speed>
      </trkpt>
      <trkpt lat="59.496385949" lon="25.596955223">
        <ele>35.200</ele>
        <time>2026-08-10T08:12:48Z</time>
        <speed>3.520000</speed>
      </trkpt>
      <trkpt lat="59.496177826" lon="25.597209530">
        <ele>36.800</ele>
        <time>2026-08-10T08:12:54Z</time>
        <speed>4.156000</speed>
      </trkpt>
      <trkpt lat="59.496009098" lon="25.597410360">
        <ele>35.600</ele>
        <time>2026-08-10T08:12:59Z</time>
        <speed>4.184000</speed>
      </trkpt>
      <trkpt lat="59.495975152" lon="25.597445900">
        <ele>35.600</ele>
        <time>2026-08-10T08:13:00Z</time>
        <speed>4.102000</speed>
      </trkpt>
      <trkpt lat="59.495778931" lon="25.597683024">
        <ele>36.800</ele>
        <time>2026-08-10T08:13:06Z</time>
        <speed>3.777000</speed>
      </trkpt>
      <trkpt lat="59.495749595" lon="25.597725101">
        <ele>36.600</ele>
        <time>2026-08-10T08:13:07Z</time>
        <speed>3.720000</speed>
      </trkpt>
      <trkpt lat="59.495593105" lon="25.597953843">
        <ele>36.200</ele>
        <time>2026-08-10T08:13:12Z</time>
        <speed>3.729000</speed>
      </trkpt>
      <trkpt lat="59.495397052" lon="25.598320384">
        <ele>36.200</ele>
        <time>2026-08-10T08:13:19Z</time>
        <speed>4.420000</speed>
      </trkpt>
      <trkpt lat="59.495260343" lon="25.598776024">
        <ele>36.400</ele>
        <time>2026-08-10T08:13:26Z</time>
        <speed>3.808000</speed>
      </trkpt>
      <trkpt lat="59.495163281" lon="25.599303832">
        <ele>37.600</ele>
        <time>2026-08-10T08:13:33Z</time>
        <speed>4.257000</speed>
      </trkpt>
      <trkpt lat="59.495097147" lon="25.599793838">
        <ele>36.800</ele>
        <time>2026-08-10T08:13:39Z</time>
        <speed>4.503000</speed>
      </trkpt>
      <trkpt lat="59.494996648" lon="25.600460032">
        <ele>37.000</ele>
        <time>2026-08-10T08:13:48Z</time>
        <speed>3.965000</speed>
      </trkpt>
      <trkpt lat="59.494944764" lon="25.600880887">
        <ele>37.400</ele>
        <time>2026-08-10T08:13:54Z</time>
        <speed>3.264000</speed>
      </trkpt>
      <trkpt lat="59.494888438" lon="25.601138128">
        <ele>38.000</ele>
        <time>2026-08-10T08:13:58Z</time>
        <speed>3.836000</speed>
      </trkpt>
      <trkpt lat="59.494854072" lon="25.601281794">
        <ele>38.400</ele>
        <time>2026-08-10T08:14:00Z</time>
        <speed>3.702000</speed>
      </trkpt>
      <trkpt lat="59.494776456" lon="25.601607682">
        <ele>39.000</ele>
        <time>2026-08-10T08:14:05Z</time>
        <speed>3.726000</speed>
      </trkpt>
      <trkpt lat="59.494716944" lon="25.601887051">
        <ele>38.600</ele>
        <time>2026-08-10T08:14:09Z</time>
        <speed>3.838000</speed>
      </trkpt>
      <trkpt lat="59.494644441" lon="25.602230709">
        <ele>38.000</ele>
        <time>2026-08-10T08:14:14Z</time>
        <speed>3.739000</speed>
      </trkpt>
      <trkpt lat="59.494541846" lon="25.602613511">
        <ele>39.000</ele>
        <time>2026-08-10T08:14:21Z</time>
        <speed>2.950000</speed>
      </trkpt>
      <trkpt lat="59.494471103" lon="25.602889108">
        <ele>40.000</ele>
        <time>2026-08-10T08:14:27Z</time>
        <speed>2.806000</speed>
      </trkpt>
      <trkpt lat="59.494451154" lon="25.602955492">
        <ele>40.200</ele>
        <time>2026-08-10T08:14:29Z</time>
        <speed>1.978000</speed>
      </trkpt>
      <trkpt lat="59.494376807" lon="25.603203764">
        <ele>41.000</ele>
        <time>2026-08-10T08:14:35Z</time>
        <speed>2.196000</speed>
      </trkpt>
      <trkpt lat="59.494359959" lon="25.603251373">
        <ele>41.000</ele>
        <time>2026-08-10T08:14:36Z</time>
        <speed>2.599000</speed>
      </trkpt>
      <trkpt lat="59.494278571" lon="25.603503920">
        <ele>41.200</ele>
        <time>2026-08-10T08:14:41Z</time>
        <speed>3.050000</speed>
      </trkpt>
      <trkpt lat="59.494162481" lon="25.603990238">
        <ele>40.800</ele>
        <time>2026-08-10T08:14:49Z</time>
        <speed>3.535000</speed>
      </trkpt>
      <trkpt lat="59.494064581" lon="25.604348145">
        <ele>40.000</ele>
        <time>2026-08-10T08:14:54Z</time>
        <speed>4.156000</speed>
      </trkpt>
      <trkpt lat="59.493999872" lon="25.604567165">
        <ele>39.800</ele>
        <time>2026-08-10T08:14:57Z</time>
        <speed>4.462000</speed>
      </trkpt>
      <trkpt lat="59.493912030" lon="25.604740418">
        <ele>38.800</ele>
        <time>2026-08-10T08:15:00Z</time>
        <speed>4.149000</speed>
      </trkpt>
      <trkpt lat="59.493842293" lon="25.604840750">
        <ele>38.800</ele>
        <time>2026-08-10T08:15:02Z</time>
        <speed>4.435000</speed>
      </trkpt>
      <trkpt lat="59.493658394" lon="25.605098242">
        <ele>39.000</ele>
        <time>2026-08-10T08:15:08Z</time>
        <speed>3.709000</speed>
      </trkpt>
      <trkpt lat="59.493497880" lon="25.605390016">
        <ele>39.000</ele>
        <time>2026-08-10T08:15:14Z</time>
        <speed>4.092000</speed>
      </trkpt>
      <trkpt lat="59.493390340" lon="25.605815984">
        <ele>39.000</ele>
        <time>2026-08-10T08:15:20Z</time>
        <speed>4.309000</speed>
      </trkpt>
      <trkpt lat="59.493355136" lon="25.605966356">
        <ele>38.800</ele>
        <time>2026-08-10T08:15:22Z</time>
        <speed>4.535000</speed>
      </trkpt>
      <trkpt lat="59.493310126" lon="25.606291741">
        <ele>39.000</ele>
        <time>2026-08-10T08:15:26Z</time>
        <speed>4.524000</speed>
      </trkpt>
      <trkpt lat="59.493255140" lon="25.606678231">
        <ele>37.800</ele>
        <time>2026-08-10T08:15:31Z</time>
        <speed>4.264000</speed>
      </trkpt>
      <trkpt lat="59.493202334" lon="25.606877636">
        <ele>38.400</ele>
        <time>2026-08-10T08:15:34Z</time>
        <speed>4.176000</speed>
      </trkpt>
      <trkpt lat="59.493181966" lon="25.606948715">
        <ele>39.000</ele>
        <time>2026-08-10T08:15:35Z</time>
        <speed>4.340000</speed>
      </trkpt>
      <trkpt lat="59.493052633" lon="25.607350543">
        <ele>39.200</ele>
        <time>2026-08-10T08:15:41Z</time>
        <speed>4.285000</speed>
      </trkpt>
      <trkpt lat="59.492952889" lon="25.607676348">
        <ele>38.600</ele>
        <time>2026-08-10T08:15:46Z</time>
        <speed>4.235000</speed>
      </trkpt>
      <trkpt lat="59.492864041" lon="25.607957812">
        <ele>39.400</ele>
        <time>2026-08-10T08:15:51Z</time>
        <speed>3.368000</speed>
      </trkpt>
      <trkpt lat="59.492828920" lon="25.608060155">
        <ele>40.200</ele>
        <time>2026-08-10T08:15:53Z</time>
        <speed>3.395000</speed>
      </trkpt>
      <trkpt lat="59.492740408" lon="25.608343882">
        <ele>41.400</ele>
        <time>2026-08-10T08:15:58Z</time>
        <speed>3.473000</speed>
      </trkpt>
      <trkpt lat="59.492665809" lon="25.608658455">
        <ele>41.200</ele>
        <time>2026-08-10T08:16:04Z</time>
        <speed>2.983000</speed>
      </trkpt>
      <trkpt lat="59.492608896" lon="25.608983589">
        <ele>42.400</ele>
        <time>2026-08-10T08:16:11Z</time>
        <speed>2.319000</speed>
      </trkpt>
      <trkpt lat="59.492584420" lon="25.609167572">
        <ele>43.400</ele>
        <time>2026-08-10T08:16:16Z</time>
        <speed>2.056000</speed>
      </trkpt>
      <trkpt lat="59.492582241" lon="25.609201603">
        <ele>43.600</ele>
        <time>2026-08-10T08:16:17Z</time>
        <speed>1.800000</speed>
      </trkpt>
      <trkpt lat="59.492582576" lon="25.609390698">
        <ele>44.400</ele>
        <time>2026-08-10T08:16:22Z</time>
        <speed>2.072000</speed>
      </trkpt>
      <trkpt lat="59.492580229" lon="25.609467560">
        <ele>45.200</ele>
        <time>2026-08-10T08:16:24Z</time>
        <speed>1.882000</speed>
      </trkpt>
      <trkpt lat="59.492582576" lon="25.609582812">
        <ele>45.600</ele>
        <time>2026-08-10T08:16:27Z</time>
        <speed>2.055000</speed>
      </trkpt>
      <trkpt lat="59.492580229" lon="25.609747181">
        <ele>46.200</ele>
        <time>2026-08-10T08:16:31Z</time>
        <speed>2.094000</speed>
      </trkpt>
      <trkpt lat="59.492566902" lon="25.609823959">
        <ele>46.600</ele>
        <time>2026-08-10T08:16:33Z</time>
        <speed>2.230000</speed>
      </trkpt>
      <trkpt lat="59.492553575" lon="25.609976593">
        <ele>47.200</ele>
        <time>2026-08-10T08:16:37Z</time>
        <speed>2.020000</speed>
      </trkpt>
      <trkpt lat="59.492504038" lon="25.610223021">
        <ele>48.000</ele>
        <time>2026-08-10T08:16:44Z</time>
        <speed>2.075000</speed>
      </trkpt>
      <trkpt lat="59.492495740" lon="25.610260237">
        <ele>48.200</ele>
        <time>2026-08-10T08:16:45Z</time>
        <speed>2.229000</speed>
      </trkpt>
      <trkpt lat="59.492404126" lon="25.610442376">
        <ele>47.400</ele>
        <time>2026-08-10T08:16:52Z</time>
        <speed>2.159000</speed>
      </trkpt>
      <trkpt lat="59.492291808" lon="25.610549999">
        <ele>48.000</ele>
        <time>2026-08-10T08:16:59Z</time>
        <speed>1.455000</speed>
      </trkpt>
      <trkpt lat="59.492216120" lon="25.610666759">
        <ele>49.000</ele>
        <time>2026-08-10T08:17:04Z</time>
        <speed>2.230000</speed>
      </trkpt>
      <trkpt lat="59.492197679" lon="25.610689726">
        <ele>49.000</ele>
        <time>2026-08-10T08:17:05Z</time>
        <speed>2.373000</speed>
      </trkpt>
      <trkpt lat="59.492176976" lon="25.610742448">
        <ele>49.000</ele>
        <time>2026-08-10T08:17:07Z</time>
        <speed>1.911000</speed>
      </trkpt>
      <trkpt lat="59.492158704" lon="25.610803720">
        <ele>49.600</ele>
        <time>2026-08-10T08:17:10Z</time>
        <speed>0.692000</speed>
      </trkpt>
      <trkpt lat="59.492073879" lon="25.610815622">
        <ele>49.400</ele>
        <time>2026-08-10T08:17:16Z</time>
        <speed>2.523000</speed>
      </trkpt>
      <trkpt lat="59.491960639" lon="25.610934226">
        <ele>49.600</ele>
        <time>2026-08-10T08:17:21Z</time>
        <speed>2.475000</speed>
      </trkpt>
      <trkpt lat="59.491938427" lon="25.610992312">
        <ele>50.200</ele>
        <time>2026-08-10T08:17:25Z</time>
        <speed>0.000000</speed>
      </trkpt>
    </trkseg>
    <trkseg>
      <trkpt lat="59.492034400" lon="25.610813526">
        <ele>51.000</ele>
        <time>2026-08-10T08:24:39Z</time>
        <speed>1.683000</speed>
      </trkpt>
      <trkpt lat="59.492066000" lon="25.610801373">
        <ele>51.200</ele>
        <time>2026-08-10T08:24:41Z</time>
        <speed>1.704000</speed>
      </trkpt>
      <trkpt lat="59.492097013" lon="25.610775724">
        <ele>50.800</ele>
        <time>2026-08-10T08:24:43Z</time>
        <speed>1.858000</speed>
      </trkpt>
      <trkpt lat="59.492196254" lon="25.610676315">
        <ele>50.400</ele>
        <time>2026-08-10T08:24:49Z</time>
        <speed>2.297000</speed>
      </trkpt>
      <trkpt lat="59.492255766" lon="25.610599369">
        <ele>49.000</ele>
        <time>2026-08-10T08:24:52Z</time>
        <speed>2.430000</speed>
      </trkpt>
      <trkpt lat="59.492293485" lon="25.610539354">
        <ele>50.400</ele>
        <time>2026-08-10T08:24:54Z</time>
        <speed>2.557000</speed>
      </trkpt>
      <trkpt lat="59.492314355" lon="25.610506414">
        <ele>50.000</ele>
        <time>2026-08-10T08:24:55Z</time>
        <speed>2.694000</speed>
      </trkpt>
      <trkpt lat="59.492455591" lon="25.610467438">
        <ele>49.800</ele>
        <time>2026-08-10T08:25:00Z</time>
        <speed>3.238000</speed>
      </trkpt>
      <trkpt lat="59.492536644" lon="25.610644966">
        <ele>49.800</ele>
        <time>2026-08-10T08:25:04Z</time>
        <speed>2.880000</speed>
      </trkpt>
      <trkpt lat="59.492606968" lon="25.610911846">
        <ele>50.400</ele>
        <time>2026-08-10T08:25:10Z</time>
        <speed>2.497000</speed>
      </trkpt>
      <trkpt lat="59.492668742" lon="25.611139499">
        <ele>50.800</ele>
        <time>2026-08-10T08:25:17Z</time>
        <speed>1.738000</speed>
      </trkpt>
      <trkpt lat="59.492733283" lon="25.611371929">
        <ele>51.400</ele>
        <time>2026-08-10T08:25:25Z</time>
        <speed>1.209000</speed>
      </trkpt>
      <trkpt lat="59.492732864" lon="25.611387016">
        <ele>51.400</ele>
        <time>2026-08-10T08:25:26Z</time>
        <speed>0.703000</speed>
      </trkpt>
    </trkseg>
    <trkseg>
      <trkpt lat="59.492722554" lon="25.611506207">
        <ele>52.400</ele>
        <time>2026-08-10T08:26:19Z</time>
        <speed>1.493000</speed>
      </trkpt>
      <trkpt lat="59.492728757" lon="25.611533532">
        <ele>52.400</ele>
        <time>2026-08-10T08:26:20Z</time>
        <speed>1.445000</speed>
      </trkpt>
      <trkpt lat="59.492794052" lon="25.611693459">
        <ele>52.400</ele>
        <time>2026-08-10T08:26:26Z</time>
        <speed>2.048000</speed>
      </trkpt>
      <trkpt lat="59.492822131" lon="25.611744672">
        <ele>52.400</ele>
        <time>2026-08-10T08:26:28Z</time>
        <speed>2.068000</speed>
      </trkpt>
      <trkpt lat="59.492865130" lon="25.611888757">
        <ele>52.600</ele>
        <time>2026-08-10T08:26:32Z</time>
        <speed>2.321000</speed>
      </trkpt>
      <trkpt lat="59.492869908" lon="25.611926978">
        <ele>50.200</ele>
        <time>2026-08-10T08:26:33Z</time>
        <speed>2.300000</speed>
      </trkpt>
      <trkpt lat="59.492871584" lon="25.611968050">
        <ele>51.400</ele>
        <time>2026-08-10T08:26:34Z</time>
        <speed>2.323000</speed>
      </trkpt>
      <trkpt lat="59.492882565" lon="25.612050192">
        <ele>53.800</ele>
        <time>2026-08-10T08:26:36Z</time>
        <speed>2.499000</speed>
      </trkpt>
      <trkpt lat="59.492895724" lon="25.612083720">
        <ele>52.800</ele>
        <time>2026-08-10T08:26:37Z</time>
        <speed>2.359000</speed>
      </trkpt>
      <trkpt lat="59.492906621" lon="25.612115990">
        <ele>52.800</ele>
        <time>2026-08-10T08:26:38Z</time>
        <speed>2.302000</speed>
      </trkpt>
      <trkpt lat="59.492956493" lon="25.612263763">
        <ele>53.200</ele>
        <time>2026-08-10T08:26:43Z</time>
        <speed>2.086000</speed>
      </trkpt>
      <trkpt lat="59.492966803" lon="25.612293184">
        <ele>53.200</ele>
        <time>2026-08-10T08:26:44Z</time>
        <speed>2.099000</speed>
      </trkpt>
      <trkpt lat="59.492999408" lon="25.612543635">
        <ele>53.200</ele>
        <time>2026-08-10T08:26:51Z</time>
        <speed>1.925000</speed>
      </trkpt>
      <trkpt lat="59.493030589" lon="25.612725019">
        <ele>53.000</ele>
        <time>2026-08-10T08:26:57Z</time>
        <speed>1.987000</speed>
      </trkpt>
      <trkpt lat="59.493080964" lon="25.612856783">
        <ele>52.800</ele>
        <time>2026-08-10T08:27:02Z</time>
        <speed>1.894000</speed>
      </trkpt>
      <trkpt lat="59.493094962" lon="25.612892322">
        <ele>53.000</ele>
        <time>2026-08-10T08:27:03Z</time>
        <speed>2.244000</speed>
      </trkpt>
      <trkpt lat="59.493136033" lon="25.613165656">
        <ele>53.200</ele>
        <time>2026-08-10T08:27:09Z</time>
        <speed>2.629000</speed>
      </trkpt>
      <trkpt lat="59.493151121" lon="25.613257354">
        <ele>52.800</ele>
        <time>2026-08-10T08:27:11Z</time>
        <speed>2.842000</speed>
      </trkpt>
      <trkpt lat="59.493199736" lon="25.613505626">
        <ele>53.600</ele>
        <time>2026-08-10T08:27:16Z</time>
        <speed>2.926000</speed>
      </trkpt>
      <trkpt lat="59.493207950" lon="25.613554409">
        <ele>53.800</ele>
        <time>2026-08-10T08:27:17Z</time>
        <speed>2.926000</speed>
      </trkpt>
      <trkpt lat="59.493254721" lon="25.613830509">
        <ele>54.800</ele>
        <time>2026-08-10T08:27:23Z</time>
        <speed>2.237000</speed>
      </trkpt>
      <trkpt lat="59.493249943" lon="25.613868898">
        <ele>55.000</ele>
        <time>2026-08-10T08:27:24Z</time>
        <speed>2.209000</speed>
      </trkpt>
      <trkpt lat="59.493178446" lon="25.613965709">
        <ele>54.400</ele>
        <time>2026-08-10T08:27:28Z</time>
        <speed>2.491000</speed>
      </trkpt>
      <trkpt lat="59.493158832" lon="25.613988675">
        <ele>54.200</ele>
        <time>2026-08-10T08:27:29Z</time>
        <speed>2.444000</speed>
      </trkpt>
      <trkpt lat="59.493120862" lon="25.614030166">
        <ele>53.600</ele>
        <time>2026-08-10T08:27:31Z</time>
        <speed>2.315000</speed>
      </trkpt>
      <trkpt lat="59.493074846" lon="25.614116751">
        <ele>52.600</ele>
        <time>2026-08-10T08:27:34Z</time>
        <speed>2.549000</speed>
      </trkpt>
      <trkpt lat="59.493021201" lon="25.614162767">
        <ele>53.000</ele>
        <time>2026-08-10T08:27:37Z</time>
        <speed>2.005000</speed>
      </trkpt>
      <trkpt lat="59.492970994" lon="25.614183303">
        <ele>51.400</ele>
        <time>2026-08-10T08:27:40Z</time>
        <speed>2.127000</speed>
      </trkpt>
      <trkpt lat="59.492934700" lon="25.614211801">
        <ele>51.600</ele>
        <time>2026-08-10T08:27:42Z</time>
        <speed>2.327000</speed>
      </trkpt>
      <trkpt lat="59.492914500" lon="25.614223452">
        <ele>52.400</ele>
        <time>2026-08-10T08:27:43Z</time>
        <speed>2.393000</speed>
      </trkpt>
      <trkpt lat="59.492764464" lon="25.614348929">
        <ele>52.800</ele>
        <time>2026-08-10T08:27:50Z</time>
        <speed>2.837000</speed>
      </trkpt>
      <trkpt lat="59.492665892" lon="25.614406765">
        <ele>53.600</ele>
        <time>2026-08-10T08:27:54Z</time>
        <speed>2.810000</speed>
      </trkpt>
      <trkpt lat="59.492620546" lon="25.614440711">
        <ele>54.000</ele>
        <time>2026-08-10T08:27:56Z</time>
        <speed>2.698000</speed>
      </trkpt>
      <trkpt lat="59.492479982" lon="25.614470635">
        <ele>54.000</ele>
        <time>2026-08-10T08:28:03Z</time>
        <speed>2.110000</speed>
      </trkpt>
      <trkpt lat="59.492339082" lon="25.614567865">
        <ele>54.400</ele>
        <time>2026-08-10T08:28:11Z</time>
        <speed>1.939000</speed>
      </trkpt>
      <trkpt lat="59.492280576" lon="25.614589406">
        <ele>54.600</ele>
        <time>2026-08-10T08:28:14Z</time>
        <speed>2.481000</speed>
      </trkpt>
      <trkpt lat="59.492240176" lon="25.614627879">
        <ele>54.600</ele>
        <time>2026-08-10T08:28:16Z</time>
        <speed>2.597000</speed>
      </trkpt>
      <trkpt lat="59.492147136" lon="25.614720248">
        <ele>53.600</ele>
        <time>2026-08-10T08:28:20Z</time>
        <speed>2.893000</speed>
      </trkpt>
      <trkpt lat="59.492079997" lon="25.614772718">
        <ele>54.000</ele>
        <time>2026-08-10T08:28:23Z</time>
        <speed>2.593000</speed>
      </trkpt>
      <trkpt lat="59.491961980" lon="25.614859052">
        <ele>54.600</ele>
        <time>2026-08-10T08:28:29Z</time>
        <speed>2.269000</speed>
      </trkpt>
      <trkpt lat="59.491942115" lon="25.614867099">
        <ele>54.600</ele>
        <time>2026-08-10T08:28:30Z</time>
        <speed>2.061000</speed>
      </trkpt>
      <trkpt lat="59.491852764" lon="25.614956114">
        <ele>55.200</ele>
        <time>2026-08-10T08:28:35Z</time>
        <speed>2.401000</speed>
      </trkpt>
      <trkpt lat="59.491698118" lon="25.615100702">
        <ele>55.000</ele>
        <time>2026-08-10T08:28:43Z</time>
        <speed>2.114000</speed>
      </trkpt>
      <trkpt lat="59.491606336" lon="25.615121322">
        <ele>54.600</ele>
        <time>2026-08-10T08:28:49Z</time>
        <speed>1.249000</speed>
      </trkpt>
      <trkpt lat="59.491518494" lon="25.615151832">
        <ele>54.400</ele>
        <time>2026-08-10T08:28:54Z</time>
        <speed>2.155000</speed>
      </trkpt>
      <trkpt lat="59.491484882" lon="25.615172116">
        <ele>53.200</ele>
        <time>2026-08-10T08:28:56Z</time>
        <speed>1.917000</speed>
      </trkpt>
      <trkpt lat="59.491411624" lon="25.615132637">
        <ele>53.200</ele>
        <time>2026-08-10T08:29:00Z</time>
        <speed>2.019000</speed>
      </trkpt>
      <trkpt lat="59.491321519" lon="25.615009088">
        <ele>54.200</ele>
        <time>2026-08-10T08:29:06Z</time>
        <speed>2.427000</speed>
      </trkpt>
      <trkpt lat="59.491306432" lon="25.614974555">
        <ele>54.200</ele>
        <time>2026-08-10T08:29:07Z</time>
        <speed>2.593000</speed>
      </trkpt>
      <trkpt lat="59.491239795" lon="25.614697197">
        <ele>54.400</ele>
        <time>2026-08-10T08:29:13Z</time>
        <speed>2.837000</speed>
      </trkpt>
      <trkpt lat="59.491151702" lon="25.614388324">
        <ele>54.800</ele>
        <time>2026-08-10T08:29:20Z</time>
        <speed>3.074000</speed>
      </trkpt>
      <trkpt lat="59.491009461" lon="25.613962775">
        <ele>54.600</ele>
        <time>2026-08-10T08:29:29Z</time>
        <speed>3.115000</speed>
      </trkpt>
      <trkpt lat="59.490932431" lon="25.613648118">
        <ele>54.400</ele>
        <time>2026-08-10T08:29:35Z</time>
        <speed>3.157000</speed>
      </trkpt>
      <trkpt lat="59.490795303" lon="25.613259198">
        <ele>53.200</ele>
        <time>2026-08-10T08:29:43Z</time>
        <speed>3.170000</speed>
      </trkpt>
      <trkpt lat="59.490731517" lon="25.613002125">
        <ele>54.200</ele>
        <time>2026-08-10T08:29:48Z</time>
        <speed>3.281000</speed>
      </trkpt>
      <trkpt lat="59.490700755" lon="25.612899866">
        <ele>53.000</ele>
        <time>2026-08-10T08:29:50Z</time>
        <speed>3.242000</speed>
      </trkpt>
      <trkpt lat="59.490621462" lon="25.612616306">
        <ele>53.200</ele>
        <time>2026-08-10T08:29:55Z</time>
        <speed>3.607000</speed>
      </trkpt>
      <trkpt lat="59.490452399" lon="25.612289915">
        <ele>52.400</ele>
        <time>2026-08-10T08:30:02Z</time>
        <speed>3.581000</speed>
      </trkpt>
      <trkpt lat="59.490303369" lon="25.612307684">
        <ele>52.600</ele>
        <time>2026-08-10T08:30:07Z</time>
        <speed>2.861000</speed>
      </trkpt>
      <trkpt lat="59.490124919" lon="25.612458056">
        <ele>52.000</ele>
        <time>2026-08-10T08:30:13Z</time>
        <speed>3.900000</speed>
      </trkpt>
      <trkpt lat="59.489957616" lon="25.612604488">
        <ele>51.000</ele>
        <time>2026-08-10T08:30:18Z</time>
        <speed>3.837000</speed>
      </trkpt>
      <trkpt lat="59.489896763" lon="25.612653689">
        <ele>50.200</ele>
        <time>2026-08-10T08:30:20Z</time>
        <speed>3.725000</speed>
      </trkpt>
      <trkpt lat="59.489718229" lon="25.612778747">
        <ele>52.000</ele>
        <time>2026-08-10T08:30:25Z</time>
        <speed>3.896000</speed>
      </trkpt>
      <trkpt lat="59.489641031" lon="25.612834068">
        <ele>52.000</ele>
        <time>2026-08-10T08:30:27Z</time>
        <speed>4.463000</speed>
      </trkpt>
      <trkpt lat="59.489397118" lon="25.613001790">
        <ele>52.800</ele>
        <time>2026-08-10T08:30:34Z</time>
        <speed>3.619000</speed>
      </trkpt>
      <trkpt lat="59.489159072" lon="25.613163812">
        <ele>52.000</ele>
        <time>2026-08-10T08:30:41Z</time>
        <speed>4.184000</speed>
      </trkpt>
      <trkpt lat="59.488878865" lon="25.613318207">
        <ele>51.400</ele>
        <time>2026-08-10T08:30:48Z</time>
        <speed>4.458000</speed>
      </trkpt>
      <trkpt lat="59.488766212" lon="25.613386938">
        <ele>50.600</ele>
        <time>2026-08-10T08:30:51Z</time>
        <speed>3.974000</speed>
      </trkpt>
      <trkpt lat="59.488648446" lon="25.613459358">
        <ele>50.800</ele>
        <time>2026-08-10T08:30:54Z</time>
        <speed>4.483000</speed>
      </trkpt>
      <trkpt lat="59.488529675" lon="25.613532029">
        <ele>50.800</ele>
        <time>2026-08-10T08:30:57Z</time>
        <speed>4.583000</speed>
      </trkpt>
      <trkpt lat="59.488448957" lon="25.613573855">
        <ele>50.600</ele>
        <time>2026-08-10T08:30:59Z</time>
        <speed>4.110000</speed>
      </trkpt>
      <trkpt lat="59.488304453" lon="25.613651304">
        <ele>51.800</ele>
        <time>2026-08-10T08:31:03Z</time>
        <speed>4.134000</speed>
      </trkpt>
      <trkpt lat="59.488110663" lon="25.613786755">
        <ele>52.000</ele>
        <time>2026-08-10T08:31:08Z</time>
        <speed>4.840000</speed>
      </trkpt>
      <trkpt lat="59.487822074" lon="25.613981970">
        <ele>51.600</ele>
        <time>2026-08-10T08:31:15Z</time>
        <speed>4.767000</speed>
      </trkpt>
      <trkpt lat="59.487533821" lon="25.614146087">
        <ele>50.800</ele>
        <time>2026-08-10T08:31:22Z</time>
        <speed>4.566000</speed>
      </trkpt>
      <trkpt lat="59.487210363" lon="25.614316911">
        <ele>50.800</ele>
        <time>2026-08-10T08:31:30Z</time>
        <speed>4.458000</speed>
      </trkpt>
      <trkpt lat="59.487171136" lon="25.614339709">
        <ele>50.600</ele>
        <time>2026-08-10T08:31:31Z</time>
        <speed>4.517000</speed>
      </trkpt>
      <trkpt lat="59.486971730" lon="25.614429060">
        <ele>51.200</ele>
        <time>2026-08-10T08:31:36Z</time>
        <speed>4.829000</speed>
      </trkpt>
      <trkpt lat="59.486929486" lon="25.614450769">
        <ele>51.600</ele>
        <time>2026-08-10T08:31:37Z</time>
        <speed>4.766000</speed>
      </trkpt>
      <trkpt lat="59.486844074" lon="25.614485219">
        <ele>51.800</ele>
        <time>2026-08-10T08:31:39Z</time>
        <speed>4.702000</speed>
      </trkpt>
      <trkpt lat="59.486706024" lon="25.614504414">
        <ele>51.400</ele>
        <time>2026-08-10T08:31:42Z</time>
        <speed>5.175000</speed>
      </trkpt>
      <trkpt lat="59.486658499" lon="25.614510281">
        <ele>50.800</ele>
        <time>2026-08-10T08:31:43Z</time>
        <speed>5.278000</speed>
      </trkpt>
      <trkpt lat="59.486608207" lon="25.614508186">
        <ele>50.600</ele>
        <time>2026-08-10T08:31:44Z</time>
        <speed>5.535000</speed>
      </trkpt>
      <trkpt lat="59.486445934" lon="25.614494607">
        <ele>50.200</ele>
        <time>2026-08-10T08:31:47Z</time>
        <speed>6.209000</speed>
      </trkpt>
      <trkpt lat="59.486221215" lon="25.614452949">
        <ele>49.400</ele>
        <time>2026-08-10T08:31:51Z</time>
        <speed>6.341000</speed>
      </trkpt>
      <trkpt lat="59.486110406" lon="25.614423109">
        <ele>48.800</ele>
        <time>2026-08-10T08:31:53Z</time>
        <speed>6.081000</speed>
      </trkpt>
      <trkpt lat="59.485804969" lon="25.614256728">
        <ele>47.600</ele>
        <time>2026-08-10T08:31:59Z</time>
        <speed>5.797000</speed>
      </trkpt>
      <trkpt lat="59.485755935" lon="25.614221692">
        <ele>47.600</ele>
        <time>2026-08-10T08:32:00Z</time>
        <speed>5.707000</speed>
      </trkpt>
      <trkpt lat="59.485373218" lon="25.613964032">
        <ele>47.800</ele>
        <time>2026-08-10T08:32:08Z</time>
        <speed>5.809000</speed>
      </trkpt>
      <trkpt lat="59.485096531" lon="25.613770578">
        <ele>47.200</ele>
        <time>2026-08-10T08:32:14Z</time>
        <speed>5.223000</speed>
      </trkpt>
      <trkpt lat="59.484793358" lon="25.613596234">
        <ele>47.200</ele>
        <time>2026-08-10T08:32:21Z</time>
        <speed>4.816000</speed>
      </trkpt>
      <trkpt lat="59.484749855" lon="25.613580057">
        <ele>47.400</ele>
        <time>2026-08-10T08:32:22Z</time>
        <speed>4.596000</speed>
      </trkpt>
      <trkpt lat="59.484582385" lon="25.613571424">
        <ele>48.000</ele>
        <time>2026-08-10T08:32:26Z</time>
        <speed>4.246000</speed>
      </trkpt>
      <trkpt lat="59.484375855" lon="25.613605622">
        <ele>48.800</ele>
        <time>2026-08-10T08:32:31Z</time>
        <speed>4.339000</speed>
      </trkpt>
      <trkpt lat="59.484338136" lon="25.613609143">
        <ele>49.000</ele>
        <time>2026-08-10T08:32:32Z</time>
        <speed>3.919000</speed>
      </trkpt>
      <trkpt lat="59.484087853" lon="25.613650465">
        <ele>49.600</ele>
        <time>2026-08-10T08:32:39Z</time>
        <speed>3.718000</speed>
      </trkpt>
      <trkpt lat="59.483983666" lon="25.613674605">
        <ele>50.000</ele>
        <time>2026-08-10T08:32:42Z</time>
        <speed>3.721000</speed>
      </trkpt>
      <trkpt lat="59.483844610" lon="25.613703523">
        <ele>51.000</ele>
        <time>2026-08-10T08:32:46Z</time>
        <speed>3.631000</speed>
      </trkpt>
      <trkpt lat="59.483810160" lon="25.613700589">
        <ele>51.000</ele>
        <time>2026-08-10T08:32:47Z</time>
        <speed>3.823000</speed>
      </trkpt>
      <trkpt lat="59.483640930" lon="25.613743337">
        <ele>51.000</ele>
        <time>2026-08-10T08:32:52Z</time>
        <speed>3.482000</speed>
      </trkpt>
      <trkpt lat="59.483412690" lon="25.613791868">
        <ele>50.600</ele>
        <time>2026-08-10T08:32:59Z</time>
        <speed>3.570000</speed>
      </trkpt>
      <trkpt lat="59.483127370" lon="25.613809470">
        <ele>50.600</ele>
        <time>2026-08-10T08:33:07Z</time>
        <speed>3.829000</speed>
      </trkpt>
      <trkpt lat="59.482901394" lon="25.613823971">
        <ele>51.400</ele>
        <time>2026-08-10T08:33:13Z</time>
        <speed>4.028000</speed>
      </trkpt>
      <trkpt lat="59.482611129" lon="25.613860684">
        <ele>51.600</ele>
        <time>2026-08-10T08:33:21Z</time>
        <speed>3.701000</speed>
      </trkpt>
      <trkpt lat="59.482326061" lon="25.613860432">
        <ele>52.000</ele>
        <time>2026-08-10T08:33:29Z</time>
        <speed>3.831000</speed>
      </trkpt>
      <trkpt lat="59.482051721" lon="25.613871077">
        <ele>52.400</ele>
        <time>2026-08-10T08:33:36Z</time>
        <speed>3.926000</speed>
      </trkpt>
      <trkpt lat="59.481905540" lon="25.613972079">
        <ele>52.000</ele>
        <time>2026-08-10T08:33:41Z</time>
        <speed>3.160000</speed>
      </trkpt>
      <trkpt lat="59.481722815" lon="25.614006193">
        <ele>52.600</ele>
        <time>2026-08-10T08:33:47Z</time>
        <speed>3.421000</speed>
      </trkpt>
      <trkpt lat="59.481489882" lon="25.614079619">
        <ele>52.200</ele>
        <time>2026-08-10T08:33:54Z</time>
        <speed>3.701000</speed>
      </trkpt>
      <trkpt lat="59.481248232" lon="25.614166791">
        <ele>51.400</ele>
        <time>2026-08-10T08:34:01Z</time>
        <speed>3.349000</speed>
      </trkpt>
      <trkpt lat="59.481179668" lon="25.614172574">
        <ele>51.000</ele>
        <time>2026-08-10T08:34:03Z</time>
        <speed>3.295000</speed>
      </trkpt>
      <trkpt lat="59.481068272" lon="25.614192775">
        <ele>52.400</ele>
        <time>2026-08-10T08:34:06Z</time>
        <speed>3.655000</speed>
      </trkpt>
      <trkpt lat="59.480980262" lon="25.614225715">
        <ele>53.000</ele>
        <time>2026-08-10T08:34:09Z</time>
        <speed>2.571000</speed>
      </trkpt>
      <trkpt lat="59.480825700" lon="25.614317749">
        <ele>52.200</ele>
        <time>2026-08-10T08:34:15Z</time>
        <speed>2.231000</speed>
      </trkpt>
      <trkpt lat="59.480675999" lon="25.614352198">
        <ele>53.000</ele>
        <time>2026-08-10T08:34:21Z</time>
        <speed>3.175000</speed>
      </trkpt>
      <trkpt lat="59.480470642" lon="25.614455212">
        <ele>52.400</ele>
        <time>2026-08-10T08:34:28Z</time>
        <speed>2.839000</speed>
      </trkpt>
      <trkpt lat="59.480266124" lon="25.614528218">
        <ele>53.000</ele>
        <time>2026-08-10T08:34:35Z</time>
        <speed>3.227000</speed>
      </trkpt>
      <trkpt lat="59.480058085" lon="25.614571217">
        <ele>53.400</ele>
        <time>2026-08-10T08:34:41Z</time>
        <speed>3.453000</speed>
      </trkpt>
      <trkpt lat="59.479843257" lon="25.614611199">
        <ele>53.200</ele>
        <time>2026-08-10T08:34:47Z</time>
        <speed>3.719000</speed>
      </trkpt>
      <trkpt lat="59.479553327" lon="25.614666268">
        <ele>53.600</ele>
        <time>2026-08-10T08:34:55Z</time>
        <speed>3.784000</speed>
      </trkpt>
      <trkpt lat="59.479324920" lon="25.614708513">
        <ele>53.200</ele>
        <time>2026-08-10T08:35:01Z</time>
        <speed>3.778000</speed>
      </trkpt>
      <trkpt lat="59.479096094" lon="25.614709938">
        <ele>54.400</ele>
        <time>2026-08-10T08:35:07Z</time>
        <speed>3.860000</speed>
      </trkpt>
      <trkpt lat="59.479021663" lon="25.614709351">
        <ele>55.000</ele>
        <time>2026-08-10T08:35:09Z</time>
        <speed>4.024000</speed>
      </trkpt>
      <trkpt lat="59.478747072" lon="25.614733826">
        <ele>54.000</ele>
        <time>2026-08-10T08:35:16Z</time>
        <speed>4.273000</speed>
      </trkpt>
      <trkpt lat="59.478465272" lon="25.614740616">
        <ele>54.800</ele>
        <time>2026-08-10T08:35:23Z</time>
        <speed>4.106000</speed>
      </trkpt>
      <trkpt lat="59.478345327" lon="25.614745477">
        <ele>55.400</ele>
        <time>2026-08-10T08:35:26Z</time>
        <speed>4.299000</speed>
      </trkpt>
      <trkpt lat="59.478227058" lon="25.614750087">
        <ele>55.200</ele>
        <time>2026-08-10T08:35:29Z</time>
        <speed>4.262000</speed>
      </trkpt>
      <trkpt lat="59.478037041" lon="25.614766600">
        <ele>54.400</ele>
        <time>2026-08-10T08:35:34Z</time>
        <speed>3.922000</speed>
      </trkpt>
      <trkpt lat="59.477923885" lon="25.614770623">
        <ele>53.400</ele>
        <time>2026-08-10T08:35:37Z</time>
        <speed>4.126000</speed>
      </trkpt>
      <trkpt lat="59.477731688" lon="25.614792332">
        <ele>54.600</ele>
        <time>2026-08-10T08:35:42Z</time>
        <speed>4.425000</speed>
      </trkpt>
      <trkpt lat="59.477691706" lon="25.614798786">
        <ele>55.000</ele>
        <time>2026-08-10T08:35:43Z</time>
        <speed>4.320000</speed>
      </trkpt>
      <trkpt lat="59.477383168" lon="25.614840444">
        <ele>55.400</ele>
        <time>2026-08-10T08:35:51Z</time>
        <speed>4.354000</speed>
      </trkpt>
      <trkpt lat="59.477132047" lon="25.614883443">
        <ele>55.400</ele>
        <time>2026-08-10T08:35:58Z</time>
        <speed>3.916000</speed>
      </trkpt>
      <trkpt lat="59.477053173" lon="25.614899537">
        <ele>55.800</ele>
        <time>2026-08-10T08:36:00Z</time>
        <speed>4.245000</speed>
      </trkpt>
      <trkpt lat="59.476872962" lon="25.615005400">
        <ele>54.600</ele>
        <time>2026-08-10T08:36:05Z</time>
        <speed>3.839000</speed>
      </trkpt>
      <trkpt lat="59.476801297" lon="25.615222072">
        <ele>55.400</ele>
        <time>2026-08-10T08:36:09Z</time>
        <speed>3.946000</speed>
      </trkpt>
      <trkpt lat="59.476833651" lon="25.615552235">
        <ele>55.600</ele>
        <time>2026-08-10T08:36:14Z</time>
        <speed>3.437000</speed>
      </trkpt>
      <trkpt lat="59.476873716" lon="25.615926990">
        <ele>55.800</ele>
        <time>2026-08-10T08:36:20Z</time>
        <speed>4.057000</speed>
      </trkpt>
      <trkpt lat="59.476918392" lon="25.616446082">
        <ele>55.600</ele>
        <time>2026-08-10T08:36:27Z</time>
        <speed>4.164000</speed>
      </trkpt>
      <trkpt lat="59.476939766" lon="25.616894513">
        <ele>56.000</ele>
        <time>2026-08-10T08:36:33Z</time>
        <speed>4.282000</speed>
      </trkpt>
      <trkpt lat="59.476976898" lon="25.617429111">
        <ele>56.600</ele>
        <time>2026-08-10T08:36:40Z</time>
        <speed>4.332000</speed>
      </trkpt>
      <trkpt lat="59.477012521" lon="25.618121708">
        <ele>56.400</ele>
        <time>2026-08-10T08:36:49Z</time>
        <speed>4.304000</speed>
      </trkpt>
      <trkpt lat="59.477037583" lon="25.618688827">
        <ele>56.400</ele>
        <time>2026-08-10T08:36:56Z</time>
        <speed>4.605000</speed>
      </trkpt>
      <trkpt lat="59.477046886" lon="25.618851772">
        <ele>56.400</ele>
        <time>2026-08-10T08:36:58Z</time>
        <speed>4.528000</speed>
      </trkpt>
      <trkpt lat="59.477065243" lon="25.619394248">
        <ele>56.200</ele>
        <time>2026-08-10T08:37:05Z</time>
        <speed>4.280000</speed>
      </trkpt>
      <trkpt lat="59.477084102" lon="25.619688537">
        <ele>56.600</ele>
        <time>2026-08-10T08:37:09Z</time>
        <speed>3.794000</speed>
      </trkpt>
      <trkpt lat="59.477095921" lon="25.619822731">
        <ele>57.000</ele>
        <time>2026-08-10T08:37:11Z</time>
        <speed>4.158000</speed>
      </trkpt>
      <trkpt lat="59.477103213" lon="25.620231852">
        <ele>57.000</ele>
        <time>2026-08-10T08:37:16Z</time>
        <speed>4.453000</speed>
      </trkpt>
      <trkpt lat="59.477113355" lon="25.620717332">
        <ele>57.000</ele>
        <time>2026-08-10T08:37:22Z</time>
        <speed>4.492000</speed>
      </trkpt>
      <trkpt lat="59.477158617" lon="25.621446138">
        <ele>57.200</ele>
        <time>2026-08-10T08:37:31Z</time>
        <speed>4.458000</speed>
      </trkpt>
      <trkpt lat="59.477180829" lon="25.621913932">
        <ele>57.400</ele>
        <time>2026-08-10T08:37:37Z</time>
        <speed>4.273000</speed>
      </trkpt>
      <trkpt lat="59.477190301" lon="25.622443669">
        <ele>57.200</ele>
        <time>2026-08-10T08:37:44Z</time>
        <speed>4.280000</speed>
      </trkpt>
      <trkpt lat="59.477226762" lon="25.622987822">
        <ele>57.200</ele>
        <time>2026-08-10T08:37:51Z</time>
        <speed>4.294000</speed>
      </trkpt>
      <trkpt lat="59.477246795" lon="25.623595342">
        <ele>57.600</ele>
        <time>2026-08-10T08:37:59Z</time>
        <speed>3.841000</speed>
      </trkpt>
      <trkpt lat="59.477254841" lon="25.623663822">
        <ele>57.800</ele>
        <time>2026-08-10T08:38:00Z</time>
        <speed>3.856000</speed>
      </trkpt>
      <trkpt lat="59.477264145" lon="25.623946711">
        <ele>57.800</ele>
        <time>2026-08-10T08:38:04Z</time>
        <speed>3.849000</speed>
      </trkpt>
      <trkpt lat="59.477273282" lon="25.624524308">
        <ele>57.600</ele>
        <time>2026-08-10T08:38:12Z</time>
        <speed>4.164000</speed>
      </trkpt>
      <trkpt lat="59.477263894" lon="25.625105258">
        <ele>57.600</ele>
        <time>2026-08-10T08:38:20Z</time>
        <speed>4.209000</speed>
      </trkpt>
      <trkpt lat="59.477256266" lon="25.625823839">
        <ele>57.800</ele>
        <time>2026-08-10T08:38:29Z</time>
        <speed>4.341000</speed>
      </trkpt>
      <trkpt lat="59.477270851" lon="25.626455583">
        <ele>57.200</ele>
        <time>2026-08-10T08:38:37Z</time>
        <speed>4.347000</speed>
      </trkpt>
      <trkpt lat="59.477258781" lon="25.626925724">
        <ele>57.600</ele>
        <time>2026-08-10T08:38:43Z</time>
        <speed>4.405000</speed>
      </trkpt>
      <trkpt lat="59.477270348" lon="25.627387147">
        <ele>57.800</ele>
        <time>2026-08-10T08:38:49Z</time>
        <speed>4.171000</speed>
      </trkpt>
      <trkpt lat="59.477265989" lon="25.627909089">
        <ele>57.400</ele>
        <time>2026-08-10T08:38:56Z</time>
        <speed>4.122000</speed>
      </trkpt>
      <trkpt lat="59.477271689" lon="25.628522141">
        <ele>57.800</ele>
        <time>2026-08-10T08:39:04Z</time>
        <speed>4.407000</speed>
      </trkpt>
      <trkpt lat="59.477277221" lon="25.629333006">
        <ele>56.800</ele>
        <time>2026-08-10T08:39:14Z</time>
        <speed>4.284000</speed>
      </trkpt>
      <trkpt lat="59.477287699" lon="25.629793005">
        <ele>58.000</ele>
        <time>2026-08-10T08:39:20Z</time>
        <speed>4.257000</speed>
      </trkpt>
      <trkpt lat="59.477290884" lon="25.629949495">
        <ele>58.000</ele>
        <time>2026-08-10T08:39:22Z</time>
        <speed>4.167000</speed>
      </trkpt>
      <trkpt lat="59.477308150" lon="25.630532540">
        <ele>58.600</ele>
        <time>2026-08-10T08:39:30Z</time>
        <speed>3.944000</speed>
      </trkpt>
      <trkpt lat="59.477353077" lon="25.631169062">
        <ele>58.400</ele>
        <time>2026-08-10T08:39:39Z</time>
        <speed>3.890000</speed>
      </trkpt>
      <trkpt lat="59.477395406" lon="25.631563431">
        <ele>59.000</ele>
        <time>2026-08-10T08:39:45Z</time>
        <speed>3.620000</speed>
      </trkpt>
      <trkpt lat="59.477406805" lon="25.631683040">
        <ele>59.800</ele>
        <time>2026-08-10T08:39:47Z</time>
        <speed>3.529000</speed>
      </trkpt>
      <trkpt lat="59.477414433" lon="25.631744899">
        <ele>60.000</ele>
        <time>2026-08-10T08:39:48Z</time>
        <speed>3.636000</speed>
      </trkpt>
      <trkpt lat="59.477456510" lon="25.632000631">
        <ele>60.000</ele>
        <time>2026-08-10T08:39:52Z</time>
        <speed>3.783000</speed>
      </trkpt>
      <trkpt lat="59.477478974" lon="25.632209675">
        <ele>61.200</ele>
        <time>2026-08-10T08:39:55Z</time>
        <speed>3.803000</speed>
      </trkpt>
      <trkpt lat="59.477517614" lon="25.632536989">
        <ele>61.400</ele>
        <time>2026-08-10T08:40:00Z</time>
        <speed>3.805000</speed>
      </trkpt>
      <trkpt lat="59.477565642" lon="25.632949378">
        <ele>61.800</ele>
        <time>2026-08-10T08:40:06Z</time>
        <speed>3.954000</speed>
      </trkpt>
      <trkpt lat="59.477636972" lon="25.633497722">
        <ele>61.800</ele>
        <time>2026-08-10T08:40:14Z</time>
        <speed>3.923000</speed>
      </trkpt>
      <trkpt lat="59.477717942" lon="25.634078169">
        <ele>61.400</ele>
        <time>2026-08-10T08:40:22Z</time>
        <speed>4.146000</speed>
      </trkpt>
      <trkpt lat="59.477775693" lon="25.634549819">
        <ele>62.800</ele>
        <time>2026-08-10T08:40:29Z</time>
        <speed>3.830000</speed>
      </trkpt>
      <trkpt lat="59.477785584" lon="25.634616707">
        <ele>63.200</ele>
        <time>2026-08-10T08:40:30Z</time>
        <speed>3.887000</speed>
      </trkpt>
      <trkpt lat="59.477859177" lon="25.635232190">
        <ele>61.800</ele>
        <time>2026-08-10T08:40:39Z</time>
        <speed>4.150000</speed>
      </trkpt>
      <trkpt lat="59.477829421" lon="25.635558581">
        <ele>61.800</ele>
        <time>2026-08-10T08:40:44Z</time>
        <speed>3.356000</speed>
      </trkpt>
      <trkpt lat="59.477788350" lon="25.635647429">
        <ele>61.400</ele>
        <time>2026-08-10T08:40:46Z</time>
        <speed>3.628000</speed>
      </trkpt>
      <trkpt lat="59.477728251" lon="25.635661762">
        <ele>61.600</ele>
        <time>2026-08-10T08:40:48Z</time>
        <speed>3.267000</speed>
      </trkpt>
      <trkpt lat="59.477669662" lon="25.635649525">
        <ele>60.800</ele>
        <time>2026-08-10T08:40:50Z</time>
        <speed>3.292000</speed>
      </trkpt>
      <trkpt lat="59.477554746" lon="25.635624630">
        <ele>61.800</ele>
        <time>2026-08-10T08:40:54Z</time>
        <speed>3.043000</speed>
      </trkpt>
      <trkpt lat="59.477525074" lon="25.635612560">
        <ele>61.800</ele>
        <time>2026-08-10T08:40:55Z</time>
        <speed>3.367000</speed>
      </trkpt>
      <trkpt lat="59.477436142" lon="25.635583224">
        <ele>60.000</ele>
        <time>2026-08-10T08:40:58Z</time>
        <speed>3.173000</speed>
      </trkpt>
      <trkpt lat="59.477336816" lon="25.635552630">
        <ele>62.200</ele>
        <time>2026-08-10T08:41:01Z</time>
        <speed>3.741000</speed>
      </trkpt>
      <trkpt lat="59.477261296" lon="25.635531507">
        <ele>62.200</ele>
        <time>2026-08-10T08:41:03Z</time>
        <speed>4.133000</speed>
      </trkpt>
      <trkpt lat="59.476948148" lon="25.635462021">
        <ele>62.400</ele>
        <time>2026-08-10T08:41:11Z</time>
        <speed>4.355000</speed>
      </trkpt>
      <trkpt lat="59.476635419" lon="25.635428913">
        <ele>61.800</ele>
        <time>2026-08-10T08:41:19Z</time>
        <speed>4.353000</speed>
      </trkpt>
      <trkpt lat="59.476310872" lon="25.635420950">
        <ele>61.800</ele>
        <time>2026-08-10T08:41:27Z</time>
        <speed>4.568000</speed>
      </trkpt>
      <trkpt lat="59.475929327" lon="25.635427069">
        <ele>62.400</ele>
        <time>2026-08-10T08:41:36Z</time>
        <speed>4.603000</speed>
      </trkpt>
      <trkpt lat="59.475657251" lon="25.635445677">
        <ele>61.600</ele>
        <time>2026-08-10T08:41:42Z</time>
        <speed>4.624000</speed>
      </trkpt>
      <trkpt lat="59.475612491" lon="25.635453472">
        <ele>61.400</ele>
        <time>2026-08-10T08:41:43Z</time>
        <speed>4.703000</speed>
      </trkpt>
      <trkpt lat="59.475257602" lon="25.635532262">
        <ele>61.800</ele>
        <time>2026-08-10T08:41:51Z</time>
        <speed>4.864000</speed>
      </trkpt>
      <trkpt lat="59.474932048" lon="25.635600071">
        <ele>61.600</ele>
        <time>2026-08-10T08:41:59Z</time>
        <speed>4.162000</speed>
      </trkpt>
      <trkpt lat="59.474895755" lon="25.635618512">
        <ele>60.800</ele>
        <time>2026-08-10T08:42:00Z</time>
        <speed>4.356000</speed>
      </trkpt>
      <trkpt lat="59.474652009" lon="25.635656733">
        <ele>61.400</ele>
        <time>2026-08-10T08:42:06Z</time>
        <speed>4.324000</speed>
      </trkpt>
      <trkpt lat="59.474536590" lon="25.635684058">
        <ele>59.800</ele>
        <time>2026-08-10T08:42:09Z</time>
        <speed>4.068000</speed>
      </trkpt>
      <trkpt lat="59.474382531" lon="25.635716831">
        <ele>61.400</ele>
        <time>2026-08-10T08:42:13Z</time>
        <speed>4.158000</speed>
      </trkpt>
      <trkpt lat="59.474301897" lon="25.635735355">
        <ele>62.800</ele>
        <time>2026-08-10T08:42:15Z</time>
        <speed>4.157000</speed>
      </trkpt>
      <trkpt lat="59.474060247" lon="25.635797130">
        <ele>62.600</ele>
        <time>2026-08-10T08:42:21Z</time>
        <speed>4.124000</speed>
      </trkpt>
      <trkpt lat="59.473776184" lon="25.635867957">
        <ele>63.000</ele>
        <time>2026-08-10T08:42:28Z</time>
        <speed>4.152000</speed>
      </trkpt>
      <trkpt lat="59.473603433" lon="25.635916740">
        <ele>63.400</ele>
        <time>2026-08-10T08:42:34Z</time>
        <speed>2.507000</speed>
      </trkpt>
      <trkpt lat="59.473418528" lon="25.635951189">
        <ele>63.200</ele>
        <time>2026-08-10T08:42:40Z</time>
        <speed>3.423000</speed>
      </trkpt>
      <trkpt lat="59.473149469" lon="25.636013467">
        <ele>63.400</ele>
        <time>2026-08-10T08:42:48Z</time>
        <speed>3.745000</speed>
      </trkpt>
      <trkpt lat="59.472985184" lon="25.636055209">
        <ele>61.800</ele>
        <time>2026-08-10T08:42:53Z</time>
        <speed>3.442000</speed>
      </trkpt>
      <trkpt lat="59.472884852" lon="25.636063674">
        <ele>61.800</ele>
        <time>2026-08-10T08:42:56Z</time>
        <speed>3.588000</speed>
      </trkpt>
      <trkpt lat="59.472718472" lon="25.636090999">
        <ele>63.000</ele>
        <time>2026-08-10T08:43:01Z</time>
        <speed>3.608000</speed>
      </trkpt>
      <trkpt lat="59.472651584" lon="25.636109440">
        <ele>64.800</ele>
        <time>2026-08-10T08:43:03Z</time>
        <speed>3.611000</speed>
      </trkpt>
      <trkpt lat="59.472617470" lon="25.636112625">
        <ele>64.800</ele>
        <time>2026-08-10T08:43:04Z</time>
        <speed>3.666000</speed>
      </trkpt>
      <trkpt lat="59.472478498" lon="25.636139615">
        <ele>63.200</ele>
        <time>2026-08-10T08:43:08Z</time>
        <speed>3.566000</speed>
      </trkpt>
      <trkpt lat="59.472378502" lon="25.636172388">
        <ele>63.800</ele>
        <time>2026-08-10T08:43:11Z</time>
        <speed>3.763000</speed>
      </trkpt>
      <trkpt lat="59.472152106" lon="25.636232402">
        <ele>64.200</ele>
        <time>2026-08-10T08:43:18Z</time>
        <speed>3.604000</speed>
      </trkpt>
      <trkpt lat="59.472116232" lon="25.636242125">
        <ele>64.600</ele>
        <time>2026-08-10T08:43:19Z</time>
        <speed>3.930000</speed>
      </trkpt>
      <trkpt lat="59.471937446" lon="25.636282945">
        <ele>64.400</ele>
        <time>2026-08-10T08:43:24Z</time>
        <speed>4.106000</speed>
      </trkpt>
      <trkpt lat="59.471583311" lon="25.636372631">
        <ele>64.400</ele>
        <time>2026-08-10T08:43:33Z</time>
        <speed>4.169000</speed>
      </trkpt>
      <trkpt lat="59.471349204" lon="25.636421582">
        <ele>63.600</ele>
        <time>2026-08-10T08:43:39Z</time>
        <speed>4.438000</speed>
      </trkpt>
      <trkpt lat="59.471310647" lon="25.636425940">
        <ele>63.400</ele>
        <time>2026-08-10T08:43:40Z</time>
        <speed>4.163000</speed>
      </trkpt>
      <trkpt lat="59.471077295" lon="25.636482853">
        <ele>64.200</ele>
        <time>2026-08-10T08:43:46Z</time>
        <speed>4.701000</speed>
      </trkpt>
      <trkpt lat="59.470994147" lon="25.636496767">
        <ele>64.800</ele>
        <time>2026-08-10T08:43:48Z</time>
        <speed>4.596000</speed>
      </trkpt>
      <trkpt lat="59.470861629" lon="25.636528870">
        <ele>65.800</ele>
        <time>2026-08-10T08:43:51Z</time>
        <speed>4.831000</speed>
      </trkpt>
      <trkpt lat="59.470545715" lon="25.636603972">
        <ele>64.600</ele>
        <time>2026-08-10T08:43:58Z</time>
        <speed>4.778000</speed>
      </trkpt>
      <trkpt lat="59.470462399" lon="25.636623586">
        <ele>63.600</ele>
        <time>2026-08-10T08:44:00Z</time>
        <speed>4.317000</speed>
      </trkpt>
      <trkpt lat="59.470313201" lon="25.636666333">
        <ele>64.200</ele>
        <time>2026-08-10T08:44:04Z</time>
        <speed>4.059000</speed>
      </trkpt>
      <trkpt lat="59.470060822" lon="25.636733640">
        <ele>62.400</ele>
        <time>2026-08-10T08:44:11Z</time>
        <speed>3.540000</speed>
      </trkpt>
      <trkpt lat="59.469926292" lon="25.636753002">
        <ele>63.800</ele>
        <time>2026-08-10T08:44:15Z</time>
        <speed>3.539000</speed>
      </trkpt>
      <trkpt lat="59.469851861" lon="25.636768593">
        <ele>65.000</ele>
        <time>2026-08-10T08:44:17Z</time>
        <speed>3.960000</speed>
      </trkpt>
      <trkpt lat="59.469733844" lon="25.636789128">
        <ele>63.600</ele>
        <time>2026-08-10T08:44:20Z</time>
        <speed>3.946000</speed>
      </trkpt>
      <trkpt lat="59.469576515" lon="25.636808490">
        <ele>63.600</ele>
        <time>2026-08-10T08:44:24Z</time>
        <speed>4.143000</speed>
      </trkpt>
      <trkpt lat="59.469299242" lon="25.636856435">
        <ele>64.200</ele>
        <time>2026-08-10T08:44:31Z</time>
        <speed>4.347000</speed>
      </trkpt>
      <trkpt lat="59.469009899" lon="25.636928435">
        <ele>64.800</ele>
        <time>2026-08-10T08:44:38Z</time>
        <speed>4.562000</speed>
      </trkpt>
      <trkpt lat="59.468968576" lon="25.636937656">
        <ele>65.000</ele>
        <time>2026-08-10T08:44:39Z</time>
        <speed>4.621000</speed>
      </trkpt>
      <trkpt lat="59.468698008" lon="25.636996329">
        <ele>64.600</ele>
        <time>2026-08-10T08:44:46Z</time>
        <speed>4.516000</speed>
      </trkpt>
      <trkpt lat="59.468368432" lon="25.637078304">
        <ele>64.200</ele>
        <time>2026-08-10T08:44:54Z</time>
        <speed>4.644000</speed>
      </trkpt>
      <trkpt lat="59.468287798" lon="25.637105796">
        <ele>63.800</ele>
        <time>2026-08-10T08:44:56Z</time>
        <speed>4.672000</speed>
      </trkpt>
      <trkpt lat="59.468040783" lon="25.637160363">
        <ele>63.600</ele>
        <time>2026-08-10T08:45:02Z</time>
        <speed>4.597000</speed>
      </trkpt>
      <trkpt lat="59.467710955" lon="25.637241416">
        <ele>64.000</ele>
        <time>2026-08-10T08:45:10Z</time>
        <speed>4.670000</speed>
      </trkpt>
      <trkpt lat="59.467472658" lon="25.637325151">
        <ele>62.400</ele>
        <time>2026-08-10T08:45:16Z</time>
        <speed>4.539000</speed>
      </trkpt>
      <trkpt lat="59.467431251" lon="25.637329258">
        <ele>63.800</ele>
        <time>2026-08-10T08:45:17Z</time>
        <speed>4.597000</speed>
      </trkpt>
      <trkpt lat="59.467346426" lon="25.637336466">
        <ele>62.800</ele>
        <time>2026-08-10T08:45:19Z</time>
        <speed>4.663000</speed>
      </trkpt>
      <trkpt lat="59.467303511" lon="25.637343926">
        <ele>62.200</ele>
        <time>2026-08-10T08:45:20Z</time>
        <speed>4.554000</speed>
      </trkpt>
      <trkpt lat="59.467154816" lon="25.637365552">
        <ele>63.200</ele>
        <time>2026-08-10T08:45:24Z</time>
        <speed>3.200000</speed>
      </trkpt>
      <trkpt lat="59.467103938" lon="25.637374185">
        <ele>63.800</ele>
        <time>2026-08-10T08:45:27Z</time>
        <speed>0.924000</speed>
      </trkpt>
      <trkpt lat="59.467107374" lon="25.637374436">
        <ele>64.200</ele>
        <time>2026-08-10T08:45:28Z</time>
        <speed>0.000000</speed>
      </trkpt>
    </trkseg>
    <trkseg>
      <trkpt lat="59.467061022" lon="25.637386423">
        <ele>65.200</ele>
        <time>2026-08-10T08:45:54Z</time>
        <speed>1.920000</speed>
      </trkpt>
      <trkpt lat="59.467016766" lon="25.637396984">
        <ele>64.800</ele>
        <time>2026-08-10T08:45:56Z</time>
        <speed>2.617000</speed>
      </trkpt>
      <trkpt lat="59.466939066" lon="25.637425985">
        <ele>64.000</ele>
        <time>2026-08-10T08:45:59Z</time>
        <speed>3.397000</speed>
      </trkpt>
      <trkpt lat="59.466839824" lon="25.637429757">
        <ele>64.400</ele>
        <time>2026-08-10T08:46:02Z</time>
        <speed>3.849000</speed>
      </trkpt>
      <trkpt lat="59.466611836" lon="25.637481054">
        <ele>64.000</ele>
        <time>2026-08-10T08:46:08Z</time>
        <speed>4.501000</speed>
      </trkpt>
      <trkpt lat="59.466323163" lon="25.637543248">
        <ele>64.000</ele>
        <time>2026-08-10T08:46:15Z</time>
        <speed>4.749000</speed>
      </trkpt>
      <trkpt lat="59.466202632" lon="25.637573507">
        <ele>62.600</ele>
        <time>2026-08-10T08:46:18Z</time>
        <speed>4.437000</speed>
      </trkpt>
      <trkpt lat="59.465962490" lon="25.637629246">
        <ele>63.200</ele>
        <time>2026-08-10T08:46:24Z</time>
        <speed>4.415000</speed>
      </trkpt>
      <trkpt lat="59.465841455" lon="25.637658583">
        <ele>63.600</ele>
        <time>2026-08-10T08:46:27Z</time>
        <speed>4.490000</speed>
      </trkpt>
      <trkpt lat="59.465603577" lon="25.637724549">
        <ele>63.400</ele>
        <time>2026-08-10T08:46:33Z</time>
        <speed>4.417000</speed>
      </trkpt>
      <trkpt lat="59.465308785" lon="25.637789089">
        <ele>64.000</ele>
        <time>2026-08-10T08:46:41Z</time>
        <speed>3.653000</speed>
      </trkpt>
      <trkpt lat="59.465126060" lon="25.637977179">
        <ele>63.800</ele>
        <time>2026-08-10T08:46:47Z</time>
        <speed>3.811000</speed>
      </trkpt>
      <trkpt lat="59.465096053" lon="25.638107853">
        <ele>63.800</ele>
        <time>2026-08-10T08:46:49Z</time>
        <speed>4.316000</speed>
      </trkpt>
      <trkpt lat="59.465107787" lon="25.638253279">
        <ele>63.800</ele>
        <time>2026-08-10T08:46:51Z</time>
        <speed>4.054000</speed>
      </trkpt>
      <trkpt lat="59.465130921" lon="25.638384791">
        <ele>64.200</ele>
        <time>2026-08-10T08:46:53Z</time>
        <speed>3.704000</speed>
      </trkpt>
      <trkpt lat="59.465161515" lon="25.638599703">
        <ele>64.800</ele>
        <time>2026-08-10T08:46:57Z</time>
        <speed>2.841000</speed>
      </trkpt>
      <trkpt lat="59.465168808" lon="25.638707997">
        <ele>64.800</ele>
        <time>2026-08-10T08:47:00Z</time>
        <speed>1.745000</speed>
      </trkpt>
      <trkpt lat="59.465153888" lon="25.638720570">
        <ele>64.800</ele>
        <time>2026-08-10T08:47:01Z</time>
        <speed>1.699000</speed>
      </trkpt>
      <trkpt lat="59.465046935" lon="25.638693832">
        <ele>64.600</ele>
        <time>2026-08-10T08:47:05Z</time>
        <speed>3.663000</speed>
      </trkpt>
      <trkpt lat="59.465011898" lon="25.638706656">
        <ele>64.600</ele>
        <time>2026-08-10T08:47:06Z</time>
        <speed>3.906000</speed>
      </trkpt>
      <trkpt lat="59.464833867" lon="25.638781590">
        <ele>64.600</ele>
        <time>2026-08-10T08:47:11Z</time>
        <speed>3.879000</speed>
      </trkpt>
      <trkpt lat="59.464775277" lon="25.638862811">
        <ele>64.600</ele>
        <time>2026-08-10T08:47:14Z</time>
        <speed>2.001000</speed>
      </trkpt>
      <trkpt lat="59.464777121" lon="25.638885861">
        <ele>64.800</ele>
        <time>2026-08-10T08:47:15Z</time>
        <speed>1.208000</speed>
      </trkpt>
      <trkpt lat="59.464780306" lon="25.638891896">
        <ele>64.800</ele>
        <time>2026-08-10T08:47:17Z</time>
        <speed>0.000000</speed>
      </trkpt>
    </trkseg>
    <trkseg>
      <trkpt lat="59.467271157" lon="25.649225945">
        <ele>68.200</ele>
        <time>2026-08-10T09:17:58Z</time>
        <speed>1.371000</speed>
      </trkpt>
      <trkpt lat="59.467301248" lon="25.649319906">
        <ele>68.600</ele>
        <time>2026-08-10T09:18:02Z</time>
        <speed>1.169000</speed>
      </trkpt>
      <trkpt lat="59.467355227" lon="25.649471451">
        <ele>68.600</ele>
        <time>2026-08-10T09:18:10Z</time>
        <speed>1.084000</speed>
      </trkpt>
      <trkpt lat="59.467432927" lon="25.649690554">
        <ele>68.600</ele>
        <time>2026-08-10T09:18:21Z</time>
        <speed>1.155000</speed>
      </trkpt>
      <trkpt lat="59.467487158" lon="25.649856515">
        <ele>68.800</ele>
        <time>2026-08-10T09:18:29Z</time>
        <speed>1.064000</speed>
      </trkpt>
      <trkpt lat="59.467545999" lon="25.650017364">
        <ele>68.800</ele>
        <time>2026-08-10T09:18:38Z</time>
        <speed>0.963000</speed>
      </trkpt>
      <trkpt lat="59.467614479" lon="25.650211154">
        <ele>69.200</ele>
        <time>2026-08-10T09:18:48Z</time>
        <speed>1.205000</speed>
      </trkpt>
      <trkpt lat="59.467620514" lon="25.650230432">
        <ele>69.400</ele>
        <time>2026-08-10T09:18:49Z</time>
        <speed>0.941000</speed>
      </trkpt>
      <trkpt lat="59.467668626" lon="25.650390945">
        <ele>68.200</ele>
        <time>2026-08-10T09:18:57Z</time>
        <speed>1.135000</speed>
      </trkpt>
      <trkpt lat="59.467675081" lon="25.650410140">
        <ele>68.200</ele>
        <time>2026-08-10T09:18:58Z</time>
        <speed>1.097000</speed>
      </trkpt>
      <trkpt lat="59.467746997" lon="25.650598397">
        <ele>68.800</ele>
        <time>2026-08-10T09:19:08Z</time>
        <speed>1.081000</speed>
      </trkpt>
      <trkpt lat="59.467827883" lon="25.650833426">
        <ele>68.800</ele>
        <time>2026-08-10T09:19:20Z</time>
        <speed>1.091000</speed>
      </trkpt>
      <trkpt lat="59.467892759" lon="25.651010033">
        <ele>68.600</ele>
        <time>2026-08-10T09:19:30Z</time>
        <speed>1.165000</speed>
      </trkpt>
      <trkpt lat="59.467939530" lon="25.651149089">
        <ele>68.800</ele>
        <time>2026-08-10T09:19:39Z</time>
        <speed>0.000000</speed>
      </trkpt>
    </trkseg>
    <trkseg>
      <trkpt lat="59.468711168" lon="25.653608423">
        <ele>69.400</ele>
        <time>2026-08-10T09:24:15Z</time>
        <speed>1.379000</speed>
      </trkpt>
      <trkpt lat="59.468706138" lon="25.653659385">
        <ele>69.400</ele>
        <time>2026-08-10T09:24:17Z</time>
        <speed>1.133000</speed>
      </trkpt>
    </trkseg>
    <trkseg>
      <trkpt lat="59.468997829" lon="25.655714460">
        <ele>70.000</ele>
        <time>2026-08-10T09:35:02Z</time>
        <speed>1.347000</speed>
      </trkpt>
      <trkpt lat="59.468971342" lon="25.655667102">
        <ele>69.800</ele>
        <time>2026-08-10T09:35:05Z</time>
        <speed>1.257000</speed>
      </trkpt>
      <trkpt lat="59.468851313" lon="25.655475827">
        <ele>70.200</ele>
        <time>2026-08-10T09:35:17Z</time>
        <speed>1.502000</speed>
      </trkpt>
      <trkpt lat="59.468728770" lon="25.655313553">
        <ele>69.600</ele>
        <time>2026-08-10T09:35:28Z</time>
        <speed>1.269000</speed>
      </trkpt>
      <trkpt lat="59.468625002" lon="25.655156057">
        <ele>69.400</ele>
        <time>2026-08-10T09:35:39Z</time>
        <speed>1.266000</speed>
      </trkpt>
      <trkpt lat="59.468574123" lon="25.655023623">
        <ele>69.400</ele>
        <time>2026-08-10T09:35:47Z</time>
        <speed>0.977000</speed>
      </trkpt>
    </trkseg>
    <trkseg>
      <trkpt lat="59.469680618" lon="25.658549219">
        <ele>70.600</ele>
        <time>2026-08-10T09:47:23Z</time>
        <speed>1.343000</speed>
      </trkpt>
      <trkpt lat="59.469708363" lon="25.658670841">
        <ele>71.000</ele>
        <time>2026-08-10T09:47:30Z</time>
        <speed>0.841000</speed>
      </trkpt>
    </trkseg>
    <trkseg>
      <trkpt lat="59.470880572" lon="25.662060902">
        <ele>73.400</ele>
        <time>2026-08-10T10:06:55Z</time>
        <speed>1.351000</speed>
      </trkpt>
      <trkpt lat="59.470911250" lon="25.662106918">
        <ele>73.600</ele>
        <time>2026-08-10T10:06:58Z</time>
        <speed>1.329000</speed>
      </trkpt>
      <trkpt lat="59.471014431" lon="25.662205573">
        <ele>73.800</ele>
        <time>2026-08-10T10:07:08Z</time>
        <speed>1.081000</speed>
      </trkpt>
      <trkpt lat="59.471118869" lon="25.662321579">
        <ele>73.400</ele>
        <time>2026-08-10T10:07:18Z</time>
        <speed>1.198000</speed>
      </trkpt>
      <trkpt lat="59.471200174" lon="25.662396681">
        <ele>73.200</ele>
        <time>2026-08-10T10:07:26Z</time>
        <speed>1.056000</speed>
      </trkpt>
      <trkpt lat="59.471280975" lon="25.662473962">
        <ele>73.200</ele>
        <time>2026-08-10T10:07:35Z</time>
        <speed>1.024000</speed>
      </trkpt>
    </trkseg>
    <trkseg>
      <trkpt lat="59.479822889" lon="25.659823436">
        <ele>76.600</ele>
        <time>2026-08-10T10:33:27Z</time>
        <speed>1.344000</speed>
      </trkpt>
    </trkseg>
    <trkseg>
      <trkpt lat="59.471784811" lon="25.647020666">
        <ele>75.200</ele>
        <time>2026-08-10T10:48:04Z</time>
        <speed>1.487000</speed>
      </trkpt>
      <trkpt lat="59.471784225" lon="25.646965764">
        <ele>75.200</ele>
        <time>2026-08-10T10:48:06Z</time>
        <speed>1.282000</speed>
      </trkpt>
    </trkseg>
    <trkseg>
      <trkpt lat="59.471042091" lon="25.645596497">
        <ele>76.400</ele>
        <time>2026-08-10T10:50:06Z</time>
        <speed>1.412000</speed>
      </trkpt>
    </trkseg>
    <trkseg>
      <trkpt lat="59.464698583" lon="25.639188364">
        <ele>75.800</ele>
        <time>2026-08-10T11:29:39Z</time>
        <speed>1.672000</speed>
      </trkpt>
      <trkpt lat="59.464716520" lon="25.639038328">
        <ele>75.800</ele>
        <time>2026-08-10T11:29:43Z</time>
        <speed>2.303000</speed>
      </trkpt>
      <trkpt lat="59.464818025" lon="25.638816627">
        <ele>76.200</ele>
        <time>2026-08-10T11:29:48Z</time>
        <speed>3.754000</speed>
      </trkpt>
      <trkpt lat="59.464973342" lon="25.638699364">
        <ele>76.200</ele>
        <time>2026-08-10T11:29:53Z</time>
        <speed>3.484000</speed>
      </trkpt>
      <trkpt lat="59.465125557" lon="25.638515297">
        <ele>76.000</ele>
        <time>2026-08-10T11:29:59Z</time>
        <speed>3.188000</speed>
      </trkpt>
      <trkpt lat="59.465124635" lon="25.638342462">
        <ele>76.400</ele>
        <time>2026-08-10T11:30:02Z</time>
        <speed>3.342000</speed>
      </trkpt>
      <trkpt lat="59.465116588" lon="25.638275156">
        <ele>76.600</ele>
        <time>2026-08-10T11:30:03Z</time>
        <speed>3.713000</speed>
      </trkpt>
      <trkpt lat="59.465128491" lon="25.637954213">
        <ele>76.600</ele>
        <time>2026-08-10T11:30:08Z</time>
        <speed>3.208000</speed>
      </trkpt>
      <trkpt lat="59.465154139" lon="25.637924038">
        <ele>76.800</ele>
        <time>2026-08-10T11:30:09Z</time>
        <speed>3.158000</speed>
      </trkpt>
      <trkpt lat="59.465218345" lon="25.637900736">
        <ele>77.000</ele>
        <time>2026-08-10T11:30:11Z</time>
        <speed>3.575000</speed>
      </trkpt>
      <trkpt lat="59.465367543" lon="25.637868131">
        <ele>76.400</ele>
        <time>2026-08-10T11:30:15Z</time>
        <speed>4.341000</speed>
      </trkpt>
      <trkpt lat="59.465451529" lon="25.637853462">
        <ele>76.400</ele>
        <time>2026-08-10T11:30:17Z</time>
        <speed>4.713000</speed>
      </trkpt>
      <trkpt lat="59.465819998" lon="25.637764195">
        <ele>76.600</ele>
        <time>2026-08-10T11:30:25Z</time>
        <speed>5.220000</speed>
      </trkpt>
      <trkpt lat="59.466241524" lon="25.637654979">
        <ele>77.200</ele>
        <time>2026-08-10T11:30:34Z</time>
        <speed>5.210000</speed>
      </trkpt>
      <trkpt lat="59.466382507" lon="25.637619104">
        <ele>77.400</ele>
        <time>2026-08-10T11:30:37Z</time>
        <speed>5.347000</speed>
      </trkpt>
      <trkpt lat="59.466600856" lon="25.637571746">
        <ele>77.600</ele>
        <time>2026-08-10T11:30:42Z</time>
        <speed>5.087000</speed>
      </trkpt>
      <trkpt lat="59.466965301" lon="25.637492035">
        <ele>78.000</ele>
        <time>2026-08-10T11:30:50Z</time>
        <speed>4.950000</speed>
      </trkpt>
      <trkpt lat="59.467428736" lon="25.637397319">
        <ele>77.400</ele>
        <time>2026-08-10T11:31:00Z</time>
        <speed>5.293000</speed>
      </trkpt>
      <trkpt lat="59.467882616" lon="25.637296736">
        <ele>78.200</ele>
        <time>2026-08-10T11:31:10Z</time>
        <speed>5.118000</speed>
      </trkpt>
      <trkpt lat="59.468099959" lon="25.637242086">
        <ele>78.200</ele>
        <time>2026-08-10T11:31:15Z</time>
        <speed>4.588000</speed>
      </trkpt>
      <trkpt lat="59.468154442" lon="25.637242841">
        <ele>77.800</ele>
        <time>2026-08-10T11:31:17Z</time>
        <speed>2.454000</speed>
      </trkpt>
    </trkseg>
    <trkseg>
      <trkpt lat="59.468214707" lon="25.637218617">
        <ele>78.200</ele>
        <time>2026-08-10T11:32:04Z</time>
        <speed>2.006000</speed>
      </trkpt>
      <trkpt lat="59.468370276" lon="25.637191292">
        <ele>78.200</ele>
        <time>2026-08-10T11:32:10Z</time>
        <speed>3.352000</speed>
      </trkpt>
      <trkpt lat="59.468597090" lon="25.637143180">
        <ele>78.000</ele>
        <time>2026-08-10T11:32:16Z</time>
        <speed>4.587000</speed>
      </trkpt>
      <trkpt lat="59.468951644" lon="25.637074616">
        <ele>77.600</ele>
        <time>2026-08-10T11:32:24Z</time>
        <speed>4.967000</speed>
      </trkpt>
      <trkpt lat="59.468996404" lon="25.637059864">
        <ele>77.600</ele>
        <time>2026-08-10T11:32:25Z</time>
        <speed>4.967000</speed>
      </trkpt>
      <trkpt lat="59.469250459" lon="25.636996245">
        <ele>78.000</ele>
        <time>2026-08-10T11:32:31Z</time>
        <speed>4.578000</speed>
      </trkpt>
      <trkpt lat="59.469322460" lon="25.636978056">
        <ele>78.200</ele>
        <time>2026-08-10T11:32:33Z</time>
        <speed>4.280000</speed>
      </trkpt>
      <trkpt lat="59.469592944" lon="25.636914941">
        <ele>78.200</ele>
        <time>2026-08-10T11:32:40Z</time>
        <speed>4.671000</speed>
      </trkpt>
      <trkpt lat="59.469927382" lon="25.636826847">
        <ele>78.000</ele>
        <time>2026-08-10T11:32:48Z</time>
        <speed>4.811000</speed>
      </trkpt>
      <trkpt lat="59.470196441" lon="25.636771107">
        <ele>78.600</ele>
        <time>2026-08-10T11:32:54Z</time>
        <speed>5.203000</speed>
      </trkpt>
      <trkpt lat="59.470290737" lon="25.636748392">
        <ele>78.600</ele>
        <time>2026-08-10T11:32:56Z</time>
        <speed>5.261000</speed>
      </trkpt>
      <trkpt lat="59.470470194" lon="25.636706734">
        <ele>72.600</ele>
        <time>2026-08-10T11:33:00Z</time>
        <speed>4.782000</speed>
      </trkpt>
      <trkpt lat="59.470512103" lon="25.636695335">
        <ele>76.800</ele>
        <time>2026-08-10T11:33:01Z</time>
        <speed>4.638000</speed>
      </trkpt>
      <trkpt lat="59.470558455" lon="25.636686701">
        <ele>76.800</ele>
        <time>2026-08-10T11:33:02Z</time>
        <speed>4.862000</speed>
      </trkpt>
      <trkpt lat="59.470607825" lon="25.636673123">
        <ele>82.600</ele>
        <time>2026-08-10T11:33:03Z</time>
        <speed>5.079000</speed>
      </trkpt>
      <trkpt lat="59.470657194" lon="25.636659460">
        <ele>78.400</ele>
        <time>2026-08-10T11:33:04Z</time>
        <speed>5.097000</speed>
      </trkpt>
      <trkpt lat="59.470938491" lon="25.636591734">
        <ele>78.200</ele>
        <time>2026-08-10T11:33:10Z</time>
        <speed>4.930000</speed>
      </trkpt>
      <trkpt lat="59.471305702" lon="25.636513112">
        <ele>78.200</ele>
        <time>2026-08-10T11:33:18Z</time>
        <speed>4.968000</speed>
      </trkpt>
      <trkpt lat="59.471510472" lon="25.636467095">
        <ele>79.200</ele>
        <time>2026-08-10T11:33:24Z</time>
        <speed>2.404000</speed>
      </trkpt>
      <trkpt lat="59.471605271" lon="25.636454858">
        <ele>79.600</ele>
        <time>2026-08-10T11:33:29Z</time>
        <speed>1.536000</speed>
      </trkpt>
    </trkseg>
    <trkseg>
      <trkpt lat="59.471724546" lon="25.636422336">
        <ele>79.600</ele>
        <time>2026-08-10T11:33:42Z</time>
        <speed>1.928000</speed>
      </trkpt>
      <trkpt lat="59.471942056" lon="25.636379588">
        <ele>79.200</ele>
        <time>2026-08-10T11:33:49Z</time>
        <speed>3.105000</speed>
      </trkpt>
      <trkpt lat="59.472127967" lon="25.636341786">
        <ele>79.200</ele>
        <time>2026-08-10T11:33:55Z</time>
        <speed>2.902000</speed>
      </trkpt>
      <trkpt lat="59.472336089" lon="25.636305744">
        <ele>78.600</ele>
        <time>2026-08-10T11:34:02Z</time>
        <speed>3.185000</speed>
      </trkpt>
      <trkpt lat="59.472528957" lon="25.636258470">
        <ele>78.400</ele>
        <time>2026-08-10T11:34:07Z</time>
        <speed>3.861000</speed>
      </trkpt>
      <trkpt lat="59.472655021" lon="25.636223014">
        <ele>78.400</ele>
        <time>2026-08-10T11:34:10Z</time>
        <speed>3.966000</speed>
      </trkpt>
      <trkpt lat="59.472962385" lon="25.636153026">
        <ele>78.000</ele>
        <time>2026-08-10T11:34:17Z</time>
        <speed>4.598000</speed>
      </trkpt>
      <trkpt lat="59.473337140" lon="25.636059400">
        <ele>77.600</ele>
        <time>2026-08-10T11:34:25Z</time>
        <speed>4.854000</speed>
      </trkpt>
      <trkpt lat="59.473386677" lon="25.636044648">
        <ele>77.400</ele>
        <time>2026-08-10T11:34:26Z</time>
        <speed>5.087000</speed>
      </trkpt>
      <trkpt lat="59.473695299" lon="25.635976838">
        <ele>76.800</ele>
        <time>2026-08-10T11:34:32Z</time>
        <speed>6.053000</speed>
      </trkpt>
      <trkpt lat="59.474221095" lon="25.635859994">
        <ele>76.400</ele>
        <time>2026-08-10T11:34:41Z</time>
        <speed>6.215000</speed>
      </trkpt>
      <trkpt lat="59.474275578" lon="25.635851193">
        <ele>76.400</ele>
        <time>2026-08-10T11:34:42Z</time>
        <speed>5.974000</speed>
      </trkpt>
      <trkpt lat="59.474688638" lon="25.635744743">
        <ele>76.600</ele>
        <time>2026-08-10T11:34:50Z</time>
        <speed>5.777000</speed>
      </trkpt>
      <trkpt lat="59.475247879" lon="25.635621026">
        <ele>76.400</ele>
        <time>2026-08-10T11:35:00Z</time>
        <speed>6.004000</speed>
      </trkpt>
      <trkpt lat="59.475307474" lon="25.635605184">
        <ele>76.400</ele>
        <time>2026-08-10T11:35:01Z</time>
        <speed>6.334000</speed>
      </trkpt>
      <trkpt lat="59.475806952" lon="25.635531256">
        <ele>76.600</ele>
        <time>2026-08-10T11:35:10Z</time>
        <speed>5.781000</speed>
      </trkpt>
      <trkpt lat="59.476162596" lon="25.635526646">
        <ele>76.600</ele>
        <time>2026-08-10T11:35:17Z</time>
        <speed>5.578000</speed>
      </trkpt>
      <trkpt lat="59.476214312" lon="25.635525137">
        <ele>78.000</ele>
        <time>2026-08-10T11:35:18Z</time>
        <speed>5.563000</speed>
      </trkpt>
      <trkpt lat="59.476319002" lon="25.635530585">
        <ele>76.800</ele>
        <time>2026-08-10T11:35:20Z</time>
        <speed>5.566000</speed>
      </trkpt>
      <trkpt lat="59.476568028" lon="25.635547349">
        <ele>76.800</ele>
        <time>2026-08-10T11:35:25Z</time>
        <speed>5.440000</speed>
      </trkpt>
      <trkpt lat="59.476991650" lon="25.635604514">
        <ele>76.800</ele>
        <time>2026-08-10T11:35:34Z</time>
        <speed>4.987000</speed>
      </trkpt>
      <trkpt lat="59.477428850" lon="25.635696463">
        <ele>76.600</ele>
        <time>2026-08-10T11:35:43Z</time>
        <speed>5.204000</speed>
      </trkpt>
      <trkpt lat="59.477524990" lon="25.635742145">
        <ele>76.400</ele>
        <time>2026-08-10T11:35:45Z</time>
        <speed>5.117000</speed>
      </trkpt>
      <trkpt lat="59.477706207" lon="25.635819342">
        <ele>76.400</ele>
        <time>2026-08-10T11:35:49Z</time>
        <speed>4.803000</speed>
      </trkpt>
      <trkpt lat="59.477834618" lon="25.635893522">
        <ele>76.600</ele>
        <time>2026-08-10T11:35:52Z</time>
        <speed>4.669000</speed>
      </trkpt>
      <trkpt lat="59.477894213" lon="25.636020675">
        <ele>76.400</ele>
        <time>2026-08-10T11:35:54Z</time>
        <speed>4.695000</speed>
      </trkpt>
      <trkpt lat="59.477945091" lon="25.636286298">
        <ele>76.000</ele>
        <time>2026-08-10T11:35:57Z</time>
        <speed>5.435000</speed>
      </trkpt>
      <trkpt lat="59.477961436" lon="25.636384534">
        <ele>76.000</ele>
        <time>2026-08-10T11:35:58Z</time>
        <speed>5.623000</speed>
      </trkpt>
      <trkpt lat="59.478022540" lon="25.636798013">
        <ele>76.400</ele>
        <time>2026-08-10T11:36:02Z</time>
        <speed>5.962000</speed>
      </trkpt>
      <trkpt lat="59.478055146" lon="25.636978811">
        <ele>76.400</ele>
        <time>2026-08-10T11:36:04Z</time>
        <speed>5.258000</speed>
      </trkpt>
      <trkpt lat="59.478147263" lon="25.637626145">
        <ele>76.800</ele>
        <time>2026-08-10T11:36:12Z</time>
        <speed>4.645000</speed>
      </trkpt>
      <trkpt lat="59.478235608" lon="25.638230899">
        <ele>77.400</ele>
        <time>2026-08-10T11:36:20Z</time>
        <speed>4.383000</speed>
      </trkpt>
      <trkpt lat="59.478314146" lon="25.638762312">
        <ele>77.800</ele>
        <time>2026-08-10T11:36:27Z</time>
        <speed>4.408000</speed>
      </trkpt>
      <trkpt lat="59.478348596" lon="25.638991054">
        <ele>78.000</ele>
        <time>2026-08-10T11:36:30Z</time>
        <speed>4.384000</speed>
      </trkpt>
      <trkpt lat="59.478427470" lon="25.639514253">
        <ele>77.800</ele>
        <time>2026-08-10T11:36:37Z</time>
        <speed>4.284000</speed>
      </trkpt>
      <trkpt lat="59.478521012" lon="25.640116660">
        <ele>78.400</ele>
        <time>2026-08-10T11:36:45Z</time>
        <speed>4.324000</speed>
      </trkpt>
      <trkpt lat="59.478623858" lon="25.640723594">
        <ele>78.400</ele>
        <time>2026-08-10T11:36:53Z</time>
        <speed>4.586000</speed>
      </trkpt>
      <trkpt lat="59.478701558" lon="25.641214354">
        <ele>78.800</ele>
        <time>2026-08-10T11:36:59Z</time>
        <speed>4.782000</speed>
      </trkpt>
      <trkpt lat="59.478734499" lon="25.641373191">
        <ele>79.000</ele>
        <time>2026-08-10T11:37:01Z</time>
        <speed>4.810000</speed>
      </trkpt>
      <trkpt lat="59.478866095" lon="25.641986579">
        <ele>78.200</ele>
        <time>2026-08-10T11:37:09Z</time>
        <speed>4.681000</speed>
      </trkpt>
      <trkpt lat="59.479003139" lon="25.642612372">
        <ele>78.000</ele>
        <time>2026-08-10T11:37:17Z</time>
        <speed>4.522000</speed>
      </trkpt>
      <trkpt lat="59.479120485" lon="25.643109083">
        <ele>78.000</ele>
        <time>2026-08-10T11:37:24Z</time>
        <speed>4.366000</speed>
      </trkpt>
      <trkpt lat="59.479258787" lon="25.643748958">
        <ele>78.400</ele>
        <time>2026-08-10T11:37:33Z</time>
        <speed>4.261000</speed>
      </trkpt>
      <trkpt lat="59.479390718" lon="25.644374248">
        <ele>79.200</ele>
        <time>2026-08-10T11:37:42Z</time>
        <speed>4.082000</speed>
      </trkpt>
      <trkpt lat="59.479527259" lon="25.644989144">
        <ele>78.800</ele>
        <time>2026-08-10T11:37:51Z</time>
        <speed>4.114000</speed>
      </trkpt>
      <trkpt lat="59.479666818" lon="25.645545619">
        <ele>78.600</ele>
        <time>2026-08-10T11:37:59Z</time>
        <speed>4.343000</speed>
      </trkpt>
      <trkpt lat="59.479681235" lon="25.645621894">
        <ele>77.400</ele>
        <time>2026-08-10T11:38:00Z</time>
        <speed>4.390000</speed>
      </trkpt>
      <trkpt lat="59.479695149" lon="25.645689536">
        <ele>79.200</ele>
        <time>2026-08-10T11:38:01Z</time>
        <speed>4.130000</speed>
      </trkpt>
      <trkpt lat="59.479729682" lon="25.645843763">
        <ele>80.200</ele>
        <time>2026-08-10T11:38:03Z</time>
        <speed>4.603000</speed>
      </trkpt>
      <trkpt lat="59.479748793" lon="25.645919032">
        <ele>78.600</ele>
        <time>2026-08-10T11:38:04Z</time>
        <speed>4.641000</speed>
      </trkpt>
      <trkpt lat="59.479766227" lon="25.645995224">
        <ele>78.400</ele>
        <time>2026-08-10T11:38:05Z</time>
        <speed>4.610000</speed>
      </trkpt>
      <trkpt lat="59.479921879" lon="25.646699890">
        <ele>78.200</ele>
        <time>2026-08-10T11:38:14Z</time>
        <speed>4.800000</speed>
      </trkpt>
      <trkpt lat="59.479943337" lon="25.646775747">
        <ele>78.400</ele>
        <time>2026-08-10T11:38:15Z</time>
        <speed>4.808000</speed>
      </trkpt>
      <trkpt lat="59.480068143" lon="25.647328617">
        <ele>78.600</ele>
        <time>2026-08-10T11:38:22Z</time>
        <speed>4.931000</speed>
      </trkpt>
      <trkpt lat="59.480145089" lon="25.647650650">
        <ele>76.400</ele>
        <time>2026-08-10T11:38:26Z</time>
        <speed>4.861000</speed>
      </trkpt>
      <trkpt lat="59.480174845" lon="25.647790628">
        <ele>78.200</ele>
        <time>2026-08-10T11:38:28Z</time>
        <speed>4.352000</speed>
      </trkpt>
      <trkpt lat="59.480196387" lon="25.647860281">
        <ele>80.800</ele>
        <time>2026-08-10T11:38:29Z</time>
        <speed>4.441000</speed>
      </trkpt>
      <trkpt lat="59.480211642" lon="25.647927923">
        <ele>81.400</ele>
        <time>2026-08-10T11:38:30Z</time>
        <speed>4.196000</speed>
      </trkpt>
      <trkpt lat="59.480237290" lon="25.647982238">
        <ele>78.800</ele>
        <time>2026-08-10T11:38:31Z</time>
        <speed>4.080000</speed>
      </trkpt>
      <trkpt lat="59.480312057" lon="25.648270827">
        <ele>78.400</ele>
        <time>2026-08-10T11:38:35Z</time>
        <speed>4.470000</speed>
      </trkpt>
      <trkpt lat="59.480398558" lon="25.648633847">
        <ele>77.600</ele>
        <time>2026-08-10T11:38:40Z</time>
        <speed>4.472000</speed>
      </trkpt>
      <trkpt lat="59.480432337" lon="25.648775669">
        <ele>77.200</ele>
        <time>2026-08-10T11:38:42Z</time>
        <speed>4.291000</speed>
      </trkpt>
      <trkpt lat="59.480595700" lon="25.649442617">
        <ele>78.000</ele>
        <time>2026-08-10T11:38:51Z</time>
        <speed>4.698000</speed>
      </trkpt>
      <trkpt lat="59.480736349" lon="25.650059525">
        <ele>78.000</ele>
        <time>2026-08-10T11:38:59Z</time>
        <speed>4.781000</speed>
      </trkpt>
      <trkpt lat="59.480866855" lon="25.650591189">
        <ele>78.400</ele>
        <time>2026-08-10T11:39:06Z</time>
        <speed>4.718000</speed>
      </trkpt>
      <trkpt lat="59.481018735" lon="25.651293006">
        <ele>78.200</ele>
        <time>2026-08-10T11:39:15Z</time>
        <speed>4.555000</speed>
      </trkpt>
      <trkpt lat="59.481125018" lon="25.651947130">
        <ele>77.600</ele>
        <time>2026-08-10T11:39:23Z</time>
        <speed>4.978000</speed>
      </trkpt>
      <trkpt lat="59.481191067" lon="25.652633775">
        <ele>77.200</ele>
        <time>2026-08-10T11:39:31Z</time>
        <speed>4.644000</speed>
      </trkpt>
      <trkpt lat="59.481222499" lon="25.653225956">
        <ele>76.600</ele>
        <time>2026-08-10T11:39:38Z</time>
        <speed>4.681000</speed>
      </trkpt>
      <trkpt lat="59.481231635" lon="25.653486382">
        <ele>76.200</ele>
        <time>2026-08-10T11:39:41Z</time>
        <speed>4.857000</speed>
      </trkpt>
      <trkpt lat="59.481241945" lon="25.653742282">
        <ele>76.400</ele>
        <time>2026-08-10T11:39:44Z</time>
        <speed>4.739000</speed>
      </trkpt>
      <trkpt lat="59.481270947" lon="25.654170094">
        <ele>76.800</ele>
        <time>2026-08-10T11:39:49Z</time>
        <speed>4.669000</speed>
      </trkpt>
      <trkpt lat="59.481299277" lon="25.654763868">
        <ele>76.800</ele>
        <time>2026-08-10T11:39:56Z</time>
        <speed>4.495000</speed>
      </trkpt>
      <trkpt lat="59.481317634" lon="25.655089002">
        <ele>77.600</ele>
        <time>2026-08-10T11:40:00Z</time>
        <speed>4.518000</speed>
      </trkpt>
      <trkpt lat="59.481333811" lon="25.655249516">
        <ele>77.600</ele>
        <time>2026-08-10T11:40:02Z</time>
        <speed>4.474000</speed>
      </trkpt>
      <trkpt lat="59.481335236" lon="25.655339705">
        <ele>77.600</ele>
        <time>2026-08-10T11:40:03Z</time>
        <speed>4.727000</speed>
      </trkpt>
      <trkpt lat="59.481344623" lon="25.655517485">
        <ele>77.200</ele>
        <time>2026-08-10T11:40:05Z</time>
        <speed>4.734000</speed>
      </trkpt>
      <trkpt lat="59.481365159" lon="25.655862149">
        <ele>77.200</ele>
        <time>2026-08-10T11:40:09Z</time>
        <speed>4.548000</speed>
      </trkpt>
      <trkpt lat="59.481393322" lon="25.656353915">
        <ele>76.600</ele>
        <time>2026-08-10T11:40:15Z</time>
        <speed>4.613000</speed>
      </trkpt>
      <trkpt lat="59.481404219" lon="25.656527588">
        <ele>76.400</ele>
        <time>2026-08-10T11:40:17Z</time>
        <speed>4.680000</speed>
      </trkpt>
      <trkpt lat="59.481444201" lon="25.657042908">
        <ele>76.400</ele>
        <time>2026-08-10T11:40:23Z</time>
        <speed>4.689000</speed>
      </trkpt>
      <trkpt lat="59.481489128" lon="25.657704826">
        <ele>76.200</ele>
        <time>2026-08-10T11:40:31Z</time>
        <speed>4.312000</speed>
      </trkpt>
      <trkpt lat="59.481532965" lon="25.658387030">
        <ele>76.400</ele>
        <time>2026-08-10T11:40:40Z</time>
        <speed>4.026000</speed>
      </trkpt>
      <trkpt lat="59.481565068" lon="25.658943169">
        <ele>76.800</ele>
        <time>2026-08-10T11:40:48Z</time>
        <speed>3.977000</speed>
      </trkpt>
      <trkpt lat="59.481628351" lon="25.659743138">
        <ele>76.600</ele>
        <time>2026-08-10T11:40:58Z</time>
        <speed>4.419000</speed>
      </trkpt>
      <trkpt lat="59.481655089" lon="25.660222583">
        <ele>77.800</ele>
        <time>2026-08-10T11:41:04Z</time>
        <speed>4.309000</speed>
      </trkpt>
      <trkpt lat="59.481657604" lon="25.660300953">
        <ele>78.200</ele>
        <time>2026-08-10T11:41:05Z</time>
        <speed>4.309000</speed>
      </trkpt>
      <trkpt lat="59.481665567" lon="25.660449062">
        <ele>79.000</ele>
        <time>2026-08-10T11:41:07Z</time>
        <speed>4.045000</speed>
      </trkpt>
      <trkpt lat="59.481675960" lon="25.660839491">
        <ele>78.200</ele>
        <time>2026-08-10T11:41:12Z</time>
        <speed>4.371000</speed>
      </trkpt>
      <trkpt lat="59.481682414" lon="25.660917610">
        <ele>78.000</ele>
        <time>2026-08-10T11:41:13Z</time>
        <speed>4.248000</speed>
      </trkpt>
      <trkpt lat="59.481718373" lon="25.661306279">
        <ele>77.600</ele>
        <time>2026-08-10T11:41:18Z</time>
        <speed>4.279000</speed>
      </trkpt>
      <trkpt lat="59.481751397" lon="25.661896029">
        <ele>78.000</ele>
        <time>2026-08-10T11:41:26Z</time>
        <speed>3.759000</speed>
      </trkpt>
      <trkpt lat="59.481786685" lon="25.662489720">
        <ele>78.200</ele>
        <time>2026-08-10T11:41:35Z</time>
        <speed>3.639000</speed>
      </trkpt>
      <trkpt lat="59.481801772" lon="25.663019707">
        <ele>78.000</ele>
        <time>2026-08-10T11:41:43Z</time>
        <speed>3.028000</speed>
      </trkpt>
      <trkpt lat="59.481823063" lon="25.663560005">
        <ele>78.200</ele>
        <time>2026-08-10T11:41:50Z</time>
        <speed>4.525000</speed>
      </trkpt>
      <trkpt lat="59.481867654" lon="25.664270958">
        <ele>78.200</ele>
        <time>2026-08-10T11:41:58Z</time>
        <speed>4.681000</speed>
      </trkpt>
      <trkpt lat="59.481894560" lon="25.664622914">
        <ele>79.000</ele>
        <time>2026-08-10T11:42:02Z</time>
        <speed>4.673000</speed>
      </trkpt>
      <trkpt lat="59.481902942" lon="25.664716540">
        <ele>79.000</ele>
        <time>2026-08-10T11:42:03Z</time>
        <speed>4.860000</speed>
      </trkpt>
      <trkpt lat="59.481904032" lon="25.664807651">
        <ele>79.000</ele>
        <time>2026-08-10T11:42:04Z</time>
        <speed>4.573000</speed>
      </trkpt>
      <trkpt lat="59.481909899" lon="25.664978391">
        <ele>79.000</ele>
        <time>2026-08-10T11:42:06Z</time>
        <speed>4.547000</speed>
      </trkpt>
      <trkpt lat="59.481934709" lon="25.665529165">
        <ele>79.600</ele>
        <time>2026-08-10T11:42:13Z</time>
        <speed>3.730000</speed>
      </trkpt>
      <trkpt lat="59.481945271" lon="25.665729325">
        <ele>80.000</ele>
        <time>2026-08-10T11:42:16Z</time>
        <speed>3.430000</speed>
      </trkpt>
      <trkpt lat="59.481959101" lon="25.665981537">
        <ele>81.000</ele>
        <time>2026-08-10T11:42:20Z</time>
        <speed>3.080000</speed>
      </trkpt>
      <trkpt lat="59.481964801" lon="25.666039959">
        <ele>81.200</ele>
        <time>2026-08-10T11:42:21Z</time>
        <speed>3.099000</speed>
      </trkpt>
      <trkpt lat="59.481977038" lon="25.666373810">
        <ele>81.400</ele>
        <time>2026-08-10T11:42:28Z</time>
        <speed>1.956000</speed>
      </trkpt>
      <trkpt lat="59.482022300" lon="25.666666841">
        <ele>79.000</ele>
        <time>2026-08-10T11:42:34Z</time>
        <speed>3.213000</speed>
      </trkpt>
      <trkpt lat="59.482031437" lon="25.666730795">
        <ele>77.600</ele>
        <time>2026-08-10T11:42:35Z</time>
        <speed>3.443000</speed>
      </trkpt>
      <trkpt lat="59.482048117" lon="25.666871527">
        <ele>80.400</ele>
        <time>2026-08-10T11:42:37Z</time>
        <speed>3.771000</speed>
      </trkpt>
      <trkpt lat="59.482057001" lon="25.666948641">
        <ele>81.400</ele>
        <time>2026-08-10T11:42:38Z</time>
        <speed>3.965000</speed>
      </trkpt>
      <trkpt lat="59.482075274" lon="25.667109992">
        <ele>80.200</ele>
        <time>2026-08-10T11:42:40Z</time>
        <speed>4.361000</speed>
      </trkpt>
      <trkpt lat="59.482136630" lon="25.667764284">
        <ele>78.800</ele>
        <time>2026-08-10T11:42:47Z</time>
        <speed>5.659000</speed>
      </trkpt>
      <trkpt lat="59.482162865" lon="25.668092268">
        <ele>78.200</ele>
        <time>2026-08-10T11:42:50Z</time>
        <speed>5.955000</speed>
      </trkpt>
      <trkpt lat="59.482194632" lon="25.668317238">
        <ele>77.800</ele>
        <time>2026-08-10T11:42:52Z</time>
        <speed>6.334000</speed>
      </trkpt>
      <trkpt lat="59.482216090" lon="25.668429639">
        <ele>77.600</ele>
        <time>2026-08-10T11:42:53Z</time>
        <speed>6.390000</speed>
      </trkpt>
      <trkpt lat="59.482284738" lon="25.668877820">
        <ele>76.400</ele>
        <time>2026-08-10T11:42:57Z</time>
        <speed>6.107000</speed>
      </trkpt>
      <trkpt lat="59.482300496" lon="25.668981588">
        <ele>76.600</ele>
        <time>2026-08-10T11:42:58Z</time>
        <speed>6.073000</speed>
      </trkpt>
      <trkpt lat="59.482388003" lon="25.669825478">
        <ele>77.000</ele>
        <time>2026-08-10T11:43:06Z</time>
        <speed>5.323000</speed>
      </trkpt>
      <trkpt lat="59.482435361" lon="25.670221858">
        <ele>76.800</ele>
        <time>2026-08-10T11:43:10Z</time>
        <speed>5.545000</speed>
      </trkpt>
      <trkpt lat="59.482466625" lon="25.670410367">
        <ele>76.600</ele>
        <time>2026-08-10T11:43:12Z</time>
        <speed>5.366000</speed>
      </trkpt>
      <trkpt lat="59.482641891" lon="25.671110842">
        <ele>77.000</ele>
        <time>2026-08-10T11:43:20Z</time>
        <speed>5.435000</speed>
      </trkpt>
      <trkpt lat="59.482820593" lon="25.671888515">
        <ele>76.600</ele>
        <time>2026-08-10T11:43:28Z</time>
        <speed>6.023000</speed>
      </trkpt>
      <trkpt lat="59.482859485" lon="25.672546830">
        <ele>76.600</ele>
        <time>2026-08-10T11:43:34Z</time>
        <speed>6.216000</speed>
      </trkpt>
      <trkpt lat="59.482829813" lon="25.673083188">
        <ele>77.400</ele>
        <time>2026-08-10T11:43:39Z</time>
        <speed>5.715000</speed>
      </trkpt>
      <trkpt lat="59.482812965" lon="25.673386697">
        <ele>77.200</ele>
        <time>2026-08-10T11:43:42Z</time>
        <speed>5.597000</speed>
      </trkpt>
      <trkpt lat="59.482751945" lon="25.674173255">
        <ele>77.000</ele>
        <time>2026-08-10T11:43:50Z</time>
        <speed>6.036000</speed>
      </trkpt>
      <trkpt lat="59.482692685" lon="25.674854284">
        <ele>76.400</ele>
        <time>2026-08-10T11:43:56Z</time>
        <speed>6.398000</speed>
      </trkpt>
      <trkpt lat="59.482670305" lon="25.674967524">
        <ele>76.400</ele>
        <time>2026-08-10T11:43:57Z</time>
        <speed>6.536000</speed>
      </trkpt>
      <trkpt lat="59.482474420" lon="25.675601028">
        <ele>75.800</ele>
        <time>2026-08-10T11:44:03Z</time>
        <speed>6.463000</speed>
      </trkpt>
      <trkpt lat="59.482316757" lon="25.675931610">
        <ele>76.200</ele>
        <time>2026-08-10T11:44:07Z</time>
        <speed>5.737000</speed>
      </trkpt>
      <trkpt lat="59.482231345" lon="25.676056333">
        <ele>76.400</ele>
        <time>2026-08-10T11:44:09Z</time>
        <speed>5.575000</speed>
      </trkpt>
      <trkpt lat="59.482111065" lon="25.676231179">
        <ele>77.000</ele>
        <time>2026-08-10T11:44:12Z</time>
        <speed>5.193000</speed>
      </trkpt>
      <trkpt lat="59.481958430" lon="25.676435698">
        <ele>77.400</ele>
        <time>2026-08-10T11:44:16Z</time>
        <speed>4.874000</speed>
      </trkpt>
      <trkpt lat="59.481684426" lon="25.676807771">
        <ele>77.000</ele>
        <time>2026-08-10T11:44:23Z</time>
        <speed>5.198000</speed>
      </trkpt>
      <trkpt lat="59.481526427" lon="25.677036177">
        <ele>77.000</ele>
        <time>2026-08-10T11:44:27Z</time>
        <speed>5.154000</speed>
      </trkpt>
      <trkpt lat="59.481374966" lon="25.677273637">
        <ele>76.800</ele>
        <time>2026-08-10T11:44:31Z</time>
        <speed>4.841000</speed>
      </trkpt>
      <trkpt lat="59.481127197" lon="25.677593071">
        <ele>76.400</ele>
        <time>2026-08-10T11:44:38Z</time>
        <speed>3.445000</speed>
      </trkpt>
      <trkpt lat="59.480988057" lon="25.677803708">
        <ele>76.000</ele>
        <time>2026-08-10T11:44:44Z</time>
        <speed>3.497000</speed>
      </trkpt>
      <trkpt lat="59.480782198" lon="25.678045275">
        <ele>77.600</ele>
        <time>2026-08-10T11:44:51Z</time>
        <speed>2.855000</speed>
      </trkpt>
      <trkpt lat="59.480754286" lon="25.678073773">
        <ele>77.800</ele>
        <time>2026-08-10T11:44:52Z</time>
        <speed>2.976000</speed>
      </trkpt>
      <trkpt lat="59.480560161" lon="25.678273262">
        <ele>77.400</ele>
        <time>2026-08-10T11:44:58Z</time>
        <speed>2.982000</speed>
      </trkpt>
      <trkpt lat="59.480387075" lon="25.678465292">
        <ele>77.400</ele>
        <time>2026-08-10T11:45:04Z</time>
        <speed>3.264000</speed>
      </trkpt>
      <trkpt lat="59.480136959" lon="25.678695794">
        <ele>77.400</ele>
        <time>2026-08-10T11:45:11Z</time>
        <speed>3.319000</speed>
      </trkpt>
      <trkpt lat="59.479890279" lon="25.678855889">
        <ele>77.000</ele>
        <time>2026-08-10T11:45:18Z</time>
        <speed>3.506000</speed>
      </trkpt>
      <trkpt lat="59.479757678" lon="25.678909197">
        <ele>76.800</ele>
        <time>2026-08-10T11:45:21Z</time>
        <speed>4.716000</speed>
      </trkpt>
      <trkpt lat="59.479662040" lon="25.678935936">
        <ele>76.800</ele>
        <time>2026-08-10T11:45:23Z</time>
        <speed>4.580000</speed>
      </trkpt>
      <trkpt lat="59.479517369" lon="25.678961333">
        <ele>76.600</ele>
        <time>2026-08-10T11:45:26Z</time>
        <speed>4.733000</speed>
      </trkpt>
      <trkpt lat="59.479318885" lon="25.678945743">
        <ele>76.800</ele>
        <time>2026-08-10T11:45:30Z</time>
        <speed>4.887000</speed>
      </trkpt>
      <trkpt lat="59.478922756" lon="25.678932918">
        <ele>78.800</ele>
        <time>2026-08-10T11:45:37Z</time>
        <speed>5.211000</speed>
      </trkpt>
      <trkpt lat="59.478864837" lon="25.678939205">
        <ele>79.200</ele>
        <time>2026-08-10T11:45:38Z</time>
        <speed>5.154000</speed>
      </trkpt>
      <trkpt lat="59.478550516" lon="25.678931242">
        <ele>78.000</ele>
        <time>2026-08-10T11:45:44Z</time>
        <speed>4.415000</speed>
      </trkpt>
      <trkpt lat="59.478466697" lon="25.678917579">
        <ele>77.600</ele>
        <time>2026-08-10T11:45:46Z</time>
        <speed>4.026000</speed>
      </trkpt>
      <trkpt lat="59.478342393" lon="25.678856475">
        <ele>77.400</ele>
        <time>2026-08-10T11:45:49Z</time>
        <speed>4.178000</speed>
      </trkpt>
      <trkpt lat="59.478192944" lon="25.678715408">
        <ele>77.400</ele>
        <time>2026-08-10T11:45:53Z</time>
        <speed>4.559000</speed>
      </trkpt>
      <trkpt lat="59.478161680" lon="25.678660506">
        <ele>77.600</ele>
        <time>2026-08-10T11:45:54Z</time>
        <speed>4.404000</speed>
      </trkpt>
      <trkpt lat="59.477994544" lon="25.678342078">
        <ele>77.600</ele>
        <time>2026-08-10T11:46:00Z</time>
        <speed>4.493000</speed>
      </trkpt>
      <trkpt lat="59.477774017" lon="25.677721649">
        <ele>77.400</ele>
        <time>2026-08-10T11:46:09Z</time>
        <speed>4.616000</speed>
      </trkpt>
      <trkpt lat="59.477700507" lon="25.677518472">
        <ele>77.400</ele>
        <time>2026-08-10T11:46:12Z</time>
        <speed>4.590000</speed>
      </trkpt>
      <trkpt lat="59.477641163" lon="25.677400287">
        <ele>77.400</ele>
        <time>2026-08-10T11:46:14Z</time>
        <speed>4.495000</speed>
      </trkpt>
      <trkpt lat="59.477578551" lon="25.677298615">
        <ele>77.400</ele>
        <time>2026-08-10T11:46:16Z</time>
        <speed>4.241000</speed>
      </trkpt>
      <trkpt lat="59.477393562" lon="25.677095102">
        <ele>77.600</ele>
        <time>2026-08-10T11:46:21Z</time>
        <speed>4.594000</speed>
      </trkpt>
      <trkpt lat="59.477351652" lon="25.677071381">
        <ele>77.800</ele>
        <time>2026-08-10T11:46:22Z</time>
        <speed>4.725000</speed>
      </trkpt>
      <trkpt lat="59.477219218" lon="25.677040201">
        <ele>77.400</ele>
        <time>2026-08-10T11:46:25Z</time>
        <speed>4.803000</speed>
      </trkpt>
      <trkpt lat="59.477097513" lon="25.677046319">
        <ele>77.400</ele>
        <time>2026-08-10T11:46:28Z</time>
        <speed>3.867000</speed>
      </trkpt>
      <trkpt lat="59.476919062" lon="25.677227871">
        <ele>77.600</ele>
        <time>2026-08-10T11:46:33Z</time>
        <speed>3.832000</speed>
      </trkpt>
      <trkpt lat="59.476661738" lon="25.677542444">
        <ele>77.600</ele>
        <time>2026-08-10T11:46:40Z</time>
        <speed>4.439000</speed>
      </trkpt>
      <trkpt lat="59.476588899" lon="25.677652331">
        <ele>77.600</ele>
        <time>2026-08-10T11:46:42Z</time>
        <speed>4.487000</speed>
      </trkpt>
      <trkpt lat="59.476436684" lon="25.677934885">
        <ele>77.600</ele>
        <time>2026-08-10T11:46:47Z</time>
        <speed>4.302000</speed>
      </trkpt>
      <trkpt lat="59.476215737" lon="25.678248871">
        <ele>78.000</ele>
        <time>2026-08-10T11:46:53Z</time>
        <speed>4.784000</speed>
      </trkpt>
      <trkpt lat="59.476033514" lon="25.678564282">
        <ele>77.800</ele>
        <time>2026-08-10T11:46:59Z</time>
        <speed>4.298000</speed>
      </trkpt>
      <trkpt lat="59.475963274" lon="25.678660590">
        <ele>77.800</ele>
        <time>2026-08-10T11:47:01Z</time>
        <speed>4.558000</speed>
      </trkpt>
      <trkpt lat="59.475788428" lon="25.678936690">
        <ele>77.600</ele>
        <time>2026-08-10T11:47:06Z</time>
        <speed>4.920000</speed>
      </trkpt>
      <trkpt lat="59.475684240" lon="25.679119248">
        <ele>77.800</ele>
        <time>2026-08-10T11:47:09Z</time>
        <speed>4.983000</speed>
      </trkpt>
      <trkpt lat="59.475590196" lon="25.679333992">
        <ele>77.800</ele>
        <time>2026-08-10T11:47:12Z</time>
        <speed>5.197000</speed>
      </trkpt>
      <trkpt lat="59.475379977" lon="25.679962467">
        <ele>77.400</ele>
        <time>2026-08-10T11:47:20Z</time>
        <speed>5.122000</speed>
      </trkpt>
      <trkpt lat="59.475259613" lon="25.680507543">
        <ele>77.200</ele>
        <time>2026-08-10T11:47:27Z</time>
        <speed>4.637000</speed>
      </trkpt>
      <trkpt lat="59.475085521" lon="25.681227716">
        <ele>77.200</ele>
        <time>2026-08-10T11:47:36Z</time>
        <speed>5.070000</speed>
      </trkpt>
      <trkpt lat="59.474986112" lon="25.681750244">
        <ele>77.000</ele>
        <time>2026-08-10T11:47:42Z</time>
        <speed>5.042000</speed>
      </trkpt>
      <trkpt lat="59.474888043" lon="25.682335803">
        <ele>76.800</ele>
        <time>2026-08-10T11:47:49Z</time>
        <speed>4.720000</speed>
      </trkpt>
      <trkpt lat="59.474856192" lon="25.682490952">
        <ele>76.800</ele>
        <time>2026-08-10T11:47:51Z</time>
        <speed>4.549000</speed>
      </trkpt>
      <trkpt lat="59.474779498" lon="25.682706870">
        <ele>77.200</ele>
        <time>2026-08-10T11:47:54Z</time>
        <speed>4.919000</speed>
      </trkpt>
      <trkpt lat="59.474525694" lon="25.683468366">
        <ele>76.800</ele>
        <time>2026-08-10T11:48:04Z</time>
        <speed>4.916000</speed>
      </trkpt>
      <trkpt lat="59.474394936" lon="25.683942027">
        <ele>76.800</ele>
        <time>2026-08-10T11:48:10Z</time>
        <speed>4.816000</speed>
      </trkpt>
      <trkpt lat="59.474328635" lon="25.684391381">
        <ele>76.600</ele>
        <time>2026-08-10T11:48:16Z</time>
        <speed>4.314000</speed>
      </trkpt>
      <trkpt lat="59.474303238" lon="25.684547704">
        <ele>76.600</ele>
        <time>2026-08-10T11:48:18Z</time>
        <speed>4.542000</speed>
      </trkpt>
      <trkpt lat="59.474246660" lon="25.684948610">
        <ele>76.600</ele>
        <time>2026-08-10T11:48:23Z</time>
        <speed>4.874000</speed>
      </trkpt>
      <trkpt lat="59.474159321" lon="25.685655205">
        <ele>76.600</ele>
        <time>2026-08-10T11:48:31Z</time>
        <speed>5.127000</speed>
      </trkpt>
      <trkpt lat="59.474128475" lon="25.685930466">
        <ele>77.800</ele>
        <time>2026-08-10T11:48:34Z</time>
        <speed>5.164000</speed>
      </trkpt>
      <trkpt lat="59.474078100" lon="25.686289882">
        <ele>76.400</ele>
        <time>2026-08-10T11:48:38Z</time>
        <speed>5.163000</speed>
      </trkpt>
      <trkpt lat="59.474065360" lon="25.686379150">
        <ele>76.400</ele>
        <time>2026-08-10T11:48:39Z</time>
        <speed>5.077000</speed>
      </trkpt>
      <trkpt lat="59.473976009" lon="25.687100161">
        <ele>76.000</ele>
        <time>2026-08-10T11:48:47Z</time>
        <speed>4.561000</speed>
      </trkpt>
      <trkpt lat="59.473874085" lon="25.687706256">
        <ele>76.200</ele>
        <time>2026-08-10T11:48:55Z</time>
        <speed>4.323000</speed>
      </trkpt>
      <trkpt lat="59.473776435" lon="25.688155694">
        <ele>76.600</ele>
        <time>2026-08-10T11:49:02Z</time>
        <speed>3.665000</speed>
      </trkpt>
      <trkpt lat="59.473679708" lon="25.688527012">
        <ele>75.800</ele>
        <time>2026-08-10T11:49:09Z</time>
        <speed>3.002000</speed>
      </trkpt>
      <trkpt lat="59.473607540" lon="25.688800346">
        <ele>76.000</ele>
        <time>2026-08-10T11:49:15Z</time>
        <speed>2.677000</speed>
      </trkpt>
      <trkpt lat="59.473503102" lon="25.689123636">
        <ele>76.000</ele>
        <time>2026-08-10T11:49:22Z</time>
        <speed>3.499000</speed>
      </trkpt>
      <trkpt lat="59.473400842" lon="25.689444663">
        <ele>76.400</ele>
        <time>2026-08-10T11:49:28Z</time>
        <speed>3.498000</speed>
      </trkpt>
      <trkpt lat="59.473266983" lon="25.689815059">
        <ele>76.600</ele>
        <time>2026-08-10T11:49:35Z</time>
        <speed>3.448000</speed>
      </trkpt>
      <trkpt lat="59.473155839" lon="25.690091662">
        <ele>76.800</ele>
        <time>2026-08-10T11:49:41Z</time>
        <speed>3.466000</speed>
      </trkpt>
      <trkpt lat="59.473089790" lon="25.690227449">
        <ele>77.600</ele>
        <time>2026-08-10T11:49:44Z</time>
        <speed>3.572000</speed>
      </trkpt>
      <trkpt lat="59.472950650" lon="25.690512853">
        <ele>78.600</ele>
        <time>2026-08-10T11:49:50Z</time>
        <speed>3.686000</speed>
      </trkpt>
      <trkpt lat="59.472809248" lon="25.690727346">
        <ele>78.000</ele>
        <time>2026-08-10T11:49:56Z</time>
        <speed>3.277000</speed>
      </trkpt>
      <trkpt lat="59.472760716" lon="25.690803956">
        <ele>77.400</ele>
        <time>2026-08-10T11:49:58Z</time>
        <speed>3.507000</speed>
      </trkpt>
      <trkpt lat="59.472631887" lon="25.690990034">
        <ele>77.200</ele>
        <time>2026-08-10T11:50:03Z</time>
        <speed>3.716000</speed>
      </trkpt>
      <trkpt lat="59.472465087" lon="25.691252975">
        <ele>76.600</ele>
        <time>2026-08-10T11:50:10Z</time>
        <speed>3.397000</speed>
      </trkpt>
      <trkpt lat="59.472330725" lon="25.691435700">
        <ele>76.600</ele>
        <time>2026-08-10T11:50:15Z</time>
        <speed>3.708000</speed>
      </trkpt>
      <trkpt lat="59.472176079" lon="25.691659078">
        <ele>77.200</ele>
        <time>2026-08-10T11:50:21Z</time>
        <speed>3.355000</speed>
      </trkpt>
      <trkpt lat="59.472049009" lon="25.691782041">
        <ele>78.000</ele>
        <time>2026-08-10T11:50:26Z</time>
        <speed>3.069000</speed>
      </trkpt>
      <trkpt lat="59.471908277" lon="25.691970550">
        <ele>78.200</ele>
        <time>2026-08-10T11:50:32Z</time>
        <speed>3.084000</speed>
      </trkpt>
      <trkpt lat="59.471859830" lon="25.692033414">
        <ele>78.400</ele>
        <time>2026-08-10T11:50:34Z</time>
        <speed>3.197000</speed>
      </trkpt>
      <trkpt lat="59.471746925" lon="25.692192502">
        <ele>78.400</ele>
        <time>2026-08-10T11:50:39Z</time>
        <speed>3.079000</speed>
      </trkpt>
      <trkpt lat="59.471589178" lon="25.692319991">
        <ele>79.200</ele>
        <time>2026-08-10T11:50:45Z</time>
        <speed>3.968000</speed>
      </trkpt>
      <trkpt lat="59.471426737" lon="25.692478493">
        <ele>79.400</ele>
        <time>2026-08-10T11:50:50Z</time>
        <speed>3.852000</speed>
      </trkpt>
      <trkpt lat="59.471229762" lon="25.692647221">
        <ele>78.800</ele>
        <time>2026-08-10T11:50:57Z</time>
        <speed>3.481000</speed>
      </trkpt>
      <trkpt lat="59.471086515" lon="25.692757107">
        <ele>78.600</ele>
        <time>2026-08-10T11:51:02Z</time>
        <speed>3.472000</speed>
      </trkpt>
      <trkpt lat="59.470917620" lon="25.692889625">
        <ele>78.000</ele>
        <time>2026-08-10T11:51:08Z</time>
        <speed>3.346000</speed>
      </trkpt>
      <trkpt lat="59.470686698" lon="25.693006888">
        <ele>78.600</ele>
        <time>2026-08-10T11:51:15Z</time>
        <speed>4.127000</speed>
      </trkpt>
      <trkpt lat="59.470487712" lon="25.693191541">
        <ele>78.000</ele>
        <time>2026-08-10T11:51:21Z</time>
        <speed>3.950000</speed>
      </trkpt>
      <trkpt lat="59.470222173" lon="25.693444591">
        <ele>78.600</ele>
        <time>2026-08-10T11:51:29Z</time>
        <speed>4.268000</speed>
      </trkpt>
      <trkpt lat="59.469993599" lon="25.693714572">
        <ele>78.600</ele>
        <time>2026-08-10T11:51:36Z</time>
        <speed>4.180000</speed>
      </trkpt>
      <trkpt lat="59.469804335" lon="25.693967035">
        <ele>79.000</ele>
        <time>2026-08-10T11:51:42Z</time>
        <speed>4.077000</speed>
      </trkpt>
      <trkpt lat="59.469624627" lon="25.694253277">
        <ele>78.800</ele>
        <time>2026-08-10T11:51:48Z</time>
        <speed>4.213000</speed>
      </trkpt>
      <trkpt lat="59.469424970" lon="25.694683101">
        <ele>78.800</ele>
        <time>2026-08-10T11:51:56Z</time>
        <speed>4.124000</speed>
      </trkpt>
      <trkpt lat="59.469288513" lon="25.695132706">
        <ele>79.200</ele>
        <time>2026-08-10T11:52:03Z</time>
        <speed>4.258000</speed>
      </trkpt>
      <trkpt lat="59.469119953" lon="25.695814239">
        <ele>79.400</ele>
        <time>2026-08-10T11:52:13Z</time>
        <speed>4.406000</speed>
      </trkpt>
      <trkpt lat="59.469102435" lon="25.695882132">
        <ele>79.600</ele>
        <time>2026-08-10T11:52:14Z</time>
        <speed>4.367000</speed>
      </trkpt>
      <trkpt lat="59.468993219" lon="25.696298210">
        <ele>79.400</ele>
        <time>2026-08-10T11:52:20Z</time>
        <speed>4.348000</speed>
      </trkpt>
      <trkpt lat="59.468842680" lon="25.696906988">
        <ele>79.600</ele>
        <time>2026-08-10T11:52:29Z</time>
        <speed>4.033000</speed>
      </trkpt>
      <trkpt lat="59.468747461" lon="25.697271852">
        <ele>80.000</ele>
        <time>2026-08-10T11:52:35Z</time>
        <speed>3.640000</speed>
      </trkpt>
      <trkpt lat="59.468651908" lon="25.697673345">
        <ele>80.000</ele>
        <time>2026-08-10T11:52:42Z</time>
        <speed>3.646000</speed>
      </trkpt>
      <trkpt lat="59.468530370" lon="25.698270220">
        <ele>79.400</ele>
        <time>2026-08-10T11:52:51Z</time>
        <speed>3.720000</speed>
      </trkpt>
      <trkpt lat="59.468452753" lon="25.698542381">
        <ele>78.800</ele>
        <time>2026-08-10T11:52:56Z</time>
        <speed>3.626000</speed>
      </trkpt>
      <trkpt lat="59.468361391" lon="25.698944964">
        <ele>79.400</ele>
        <time>2026-08-10T11:53:03Z</time>
        <speed>3.486000</speed>
      </trkpt>
      <trkpt lat="59.468251001" lon="25.699347714">
        <ele>78.600</ele>
        <time>2026-08-10T11:53:10Z</time>
        <speed>3.690000</speed>
      </trkpt>
      <trkpt lat="59.468202554" lon="25.699533876">
        <ele>78.400</ele>
        <time>2026-08-10T11:53:13Z</time>
        <speed>3.847000</speed>
      </trkpt>
      <trkpt lat="59.468124015" lon="25.699832020">
        <ele>78.600</ele>
        <time>2026-08-10T11:53:18Z</time>
        <speed>3.782000</speed>
      </trkpt>
      <trkpt lat="59.468001975" lon="25.700283302">
        <ele>79.400</ele>
        <time>2026-08-10T11:53:25Z</time>
        <speed>4.310000</speed>
      </trkpt>
      <trkpt lat="59.467981942" lon="25.700351363">
        <ele>79.800</ele>
        <time>2026-08-10T11:53:26Z</time>
        <speed>4.473000</speed>
      </trkpt>
      <trkpt lat="59.467800306" lon="25.700814296">
        <ele>79.400</ele>
        <time>2026-08-10T11:53:34Z</time>
        <speed>3.699000</speed>
      </trkpt>
      <trkpt lat="59.467625292" lon="25.701139262">
        <ele>79.600</ele>
        <time>2026-08-10T11:53:41Z</time>
        <speed>3.864000</speed>
      </trkpt>
      <trkpt lat="59.467375344" lon="25.701515274">
        <ele>80.000</ele>
        <time>2026-08-10T11:53:51Z</time>
        <speed>3.340000</speed>
      </trkpt>
      <trkpt lat="59.467168897" lon="25.701789949">
        <ele>79.600</ele>
        <time>2026-08-10T11:53:59Z</time>
        <speed>3.382000</speed>
      </trkpt>
      <trkpt lat="59.466984915" lon="25.702067055">
        <ele>79.800</ele>
        <time>2026-08-10T11:54:06Z</time>
        <speed>3.486000</speed>
      </trkpt>
      <trkpt lat="59.466780061" lon="25.702350698">
        <ele>80.000</ele>
        <time>2026-08-10T11:54:14Z</time>
        <speed>3.221000</speed>
      </trkpt>
      <trkpt lat="59.466647711" lon="25.702544237">
        <ele>80.400</ele>
        <time>2026-08-10T11:54:20Z</time>
        <speed>2.942000</speed>
      </trkpt>
      <trkpt lat="59.466445372" lon="25.702847494">
        <ele>80.600</ele>
        <time>2026-08-10T11:54:28Z</time>
        <speed>3.485000</speed>
      </trkpt>
      <trkpt lat="59.466417376" lon="25.702890996">
        <ele>80.600</ele>
        <time>2026-08-10T11:54:29Z</time>
        <speed>3.506000</speed>
      </trkpt>
      <trkpt lat="59.466215204" lon="25.703120911">
        <ele>81.600</ele>
        <time>2026-08-10T11:54:36Z</time>
        <speed>3.268000</speed>
      </trkpt>
      <trkpt lat="59.465989899" lon="25.703359544">
        <ele>80.600</ele>
        <time>2026-08-10T11:54:44Z</time>
        <speed>3.413000</speed>
      </trkpt>
      <trkpt lat="59.465868026" lon="25.703503797">
        <ele>81.600</ele>
        <time>2026-08-10T11:54:49Z</time>
        <speed>3.042000</speed>
      </trkpt>
      <trkpt lat="59.465819243" lon="25.703565907">
        <ele>81.600</ele>
        <time>2026-08-10T11:54:51Z</time>
        <speed>3.234000</speed>
      </trkpt>
      <trkpt lat="59.465654707" lon="25.703718290">
        <ele>80.800</ele>
        <time>2026-08-10T11:54:57Z</time>
        <speed>3.481000</speed>
      </trkpt>
      <trkpt lat="59.465442309" lon="25.703965472">
        <ele>82.000</ele>
        <time>2026-08-10T11:55:05Z</time>
        <speed>3.367000</speed>
      </trkpt>
      <trkpt lat="59.465421941" lon="25.704215672">
        <ele>81.800</ele>
        <time>2026-08-10T11:55:09Z</time>
        <speed>3.831000</speed>
      </trkpt>
      <trkpt lat="59.465472903" lon="25.704702996">
        <ele>81.200</ele>
        <time>2026-08-10T11:55:16Z</time>
        <speed>3.938000</speed>
      </trkpt>
      <trkpt lat="59.465511627" lon="25.705068111">
        <ele>81.000</ele>
        <time>2026-08-10T11:55:21Z</time>
        <speed>4.325000</speed>
      </trkpt>
      <trkpt lat="59.465550436" lon="25.705464240">
        <ele>80.600</ele>
        <time>2026-08-10T11:55:26Z</time>
        <speed>4.754000</speed>
      </trkpt>
      <trkpt lat="59.465566361" lon="25.705631543">
        <ele>80.400</ele>
        <time>2026-08-10T11:55:28Z</time>
        <speed>4.787000</speed>
      </trkpt>
      <trkpt lat="59.465641212" lon="25.706215762">
        <ele>80.000</ele>
        <time>2026-08-10T11:55:36Z</time>
        <speed>3.691000</speed>
      </trkpt>
      <trkpt lat="59.465768281" lon="25.706501752">
        <ele>80.400</ele>
        <time>2026-08-10T11:55:42Z</time>
        <speed>3.528000</speed>
      </trkpt>
      <trkpt lat="59.465971375" lon="25.706644831">
        <ele>81.200</ele>
        <time>2026-08-10T11:55:48Z</time>
        <speed>4.331000</speed>
      </trkpt>
      <trkpt lat="59.466092242" lon="25.706611890">
        <ele>81.600</ele>
        <time>2026-08-10T11:55:51Z</time>
        <speed>4.657000</speed>
      </trkpt>
      <trkpt lat="59.466207745" lon="25.706550200">
        <ele>81.200</ele>
        <time>2026-08-10T11:55:54Z</time>
        <speed>4.471000</speed>
      </trkpt>
      <trkpt lat="59.466511421" lon="25.706362361">
        <ele>80.600</ele>
        <time>2026-08-10T11:56:02Z</time>
        <speed>4.506000</speed>
      </trkpt>
      <trkpt lat="59.466848457" lon="25.706180725">
        <ele>81.000</ele>
        <time>2026-08-10T11:56:10Z</time>
        <speed>4.655000</speed>
      </trkpt>
      <trkpt lat="59.467172418" lon="25.706031946">
        <ele>80.600</ele>
        <time>2026-08-10T11:56:18Z</time>
        <speed>4.770000</speed>
      </trkpt>
      <trkpt lat="59.467563266" lon="25.705963885">
        <ele>79.600</ele>
        <time>2026-08-10T11:56:27Z</time>
        <speed>4.967000</speed>
      </trkpt>
      <trkpt lat="59.467901308" lon="25.706009567">
        <ele>79.400</ele>
        <time>2026-08-10T11:56:35Z</time>
        <speed>4.707000</speed>
      </trkpt>
      <trkpt lat="59.468233818" lon="25.706116017">
        <ele>78.800</ele>
        <time>2026-08-10T11:56:43Z</time>
        <speed>4.677000</speed>
      </trkpt>
      <trkpt lat="59.468563814" lon="25.706188437">
        <ele>79.600</ele>
        <time>2026-08-10T11:56:50Z</time>
        <speed>5.351000</speed>
      </trkpt>
      <trkpt lat="59.468992464" lon="25.706221294">
        <ele>79.800</ele>
        <time>2026-08-10T11:56:59Z</time>
        <speed>5.248000</speed>
      </trkpt>
      <trkpt lat="59.469270073" lon="25.706131021">
        <ele>79.800</ele>
        <time>2026-08-10T11:57:05Z</time>
        <speed>5.277000</speed>
      </trkpt>
      <trkpt lat="59.469312150" lon="25.706092296">
        <ele>79.600</ele>
        <time>2026-08-10T11:57:06Z</time>
        <speed>5.122000</speed>
      </trkpt>
      <trkpt lat="59.469649605" lon="25.705790212">
        <ele>79.000</ele>
        <time>2026-08-10T11:57:14Z</time>
        <speed>5.573000</speed>
      </trkpt>
      <trkpt lat="59.469901398" lon="25.705705052">
        <ele>79.200</ele>
        <time>2026-08-10T11:57:19Z</time>
        <speed>5.475000</speed>
      </trkpt>
      <trkpt lat="59.469948756" lon="25.705707986">
        <ele>79.200</ele>
        <time>2026-08-10T11:57:20Z</time>
        <speed>5.215000</speed>
      </trkpt>
      <trkpt lat="59.470119663" lon="25.705736484">
        <ele>79.200</ele>
        <time>2026-08-10T11:57:24Z</time>
        <speed>4.491000</speed>
      </trkpt>
      <trkpt lat="59.470240781" lon="25.705787279">
        <ele>78.800</ele>
        <time>2026-08-10T11:57:27Z</time>
        <speed>4.642000</speed>
      </trkpt>
      <trkpt lat="59.470415711" lon="25.705870008">
        <ele>78.600</ele>
        <time>2026-08-10T11:57:31Z</time>
        <speed>5.166000</speed>
      </trkpt>
      <trkpt lat="59.470458375" lon="25.705904374">
        <ele>78.600</ele>
        <time>2026-08-10T11:57:32Z</time>
        <speed>5.187000</speed>
      </trkpt>
      <trkpt lat="59.470544038" lon="25.705973692">
        <ele>78.400</ele>
        <time>2026-08-10T11:57:34Z</time>
        <speed>5.129000</speed>
      </trkpt>
      <trkpt lat="59.470841177" lon="25.706246356">
        <ele>78.200</ele>
        <time>2026-08-10T11:57:41Z</time>
        <speed>5.301000</speed>
      </trkpt>
      <trkpt lat="59.471143261" lon="25.706558246">
        <ele>79.600</ele>
        <time>2026-08-10T11:57:49Z</time>
        <speed>4.448000</speed>
      </trkpt>
      <trkpt lat="59.471298745" lon="25.706823785">
        <ele>79.600</ele>
        <time>2026-08-10T11:57:54Z</time>
        <speed>4.814000</speed>
      </trkpt>
      <trkpt lat="59.471351048" lon="25.706962254">
        <ele>79.400</ele>
        <time>2026-08-10T11:57:56Z</time>
        <speed>4.880000</speed>
      </trkpt>
      <trkpt lat="59.471437298" lon="25.707159564">
        <ele>79.200</ele>
        <time>2026-08-10T11:57:59Z</time>
        <speed>4.910000</speed>
      </trkpt>
      <trkpt lat="59.471523045" lon="25.707366010">
        <ele>79.000</ele>
        <time>2026-08-10T11:58:02Z</time>
        <speed>5.059000</speed>
      </trkpt>
      <trkpt lat="59.471684899" lon="25.707700197">
        <ele>78.800</ele>
        <time>2026-08-10T11:58:07Z</time>
        <speed>5.381000</speed>
      </trkpt>
      <trkpt lat="59.471759750" lon="25.707834726">
        <ele>78.600</ele>
        <time>2026-08-10T11:58:09Z</time>
        <speed>5.611000</speed>
      </trkpt>
      <trkpt lat="59.472011626" lon="25.708187269">
        <ele>78.000</ele>
        <time>2026-08-10T11:58:15Z</time>
        <speed>5.919000</speed>
      </trkpt>
      <trkpt lat="59.472061163" lon="25.708231190">
        <ele>78.000</ele>
        <time>2026-08-10T11:58:16Z</time>
        <speed>6.091000</speed>
      </trkpt>
      <trkpt lat="59.472208433" lon="25.708392961">
        <ele>77.400</ele>
        <time>2026-08-10T11:58:19Z</time>
        <speed>6.245000</speed>
      </trkpt>
      <trkpt lat="59.472261658" lon="25.708435541">
        <ele>77.400</ele>
        <time>2026-08-10T11:58:20Z</time>
        <speed>6.310000</speed>
      </trkpt>
      <trkpt lat="59.472316056" lon="25.708476612">
        <ele>77.200</ele>
        <time>2026-08-10T11:58:21Z</time>
        <speed>6.482000</speed>
      </trkpt>
      <trkpt lat="59.472479504" lon="25.708593959">
        <ele>77.200</ele>
        <time>2026-08-10T11:58:24Z</time>
        <speed>6.633000</speed>
      </trkpt>
      <trkpt lat="59.472593246" lon="25.708658583">
        <ele>76.400</ele>
        <time>2026-08-10T11:58:26Z</time>
        <speed>6.578000</speed>
      </trkpt>
      <trkpt lat="59.472647728" lon="25.708701415">
        <ele>76.400</ele>
        <time>2026-08-10T11:58:27Z</time>
        <speed>6.496000</speed>
      </trkpt>
      <trkpt lat="59.472703384" lon="25.708736368">
        <ele>76.200</ele>
        <time>2026-08-10T11:58:28Z</time>
        <speed>6.553000</speed>
      </trkpt>
      <trkpt lat="59.472813942" lon="25.708810380">
        <ele>76.200</ele>
        <time>2026-08-10T11:58:30Z</time>
        <speed>6.242000</speed>
      </trkpt>
      <trkpt lat="59.472917207" lon="25.708894953">
        <ele>76.400</ele>
        <time>2026-08-10T11:58:32Z</time>
        <speed>6.030000</speed>
      </trkpt>
      <trkpt lat="59.473010330" lon="25.708986567">
        <ele>76.200</ele>
        <time>2026-08-10T11:58:34Z</time>
        <speed>5.758000</speed>
      </trkpt>
      <trkpt lat="59.473128179" lon="25.709157139">
        <ele>76.400</ele>
        <time>2026-08-10T11:58:37Z</time>
        <speed>5.306000</speed>
      </trkpt>
      <trkpt lat="59.473192887" lon="25.709279682">
        <ele>76.800</ele>
        <time>2026-08-10T11:58:39Z</time>
        <speed>4.933000</speed>
      </trkpt>
      <trkpt lat="59.473269247" lon="25.709461570">
        <ele>77.000</ele>
        <time>2026-08-10T11:58:42Z</time>
        <speed>4.389000</speed>
      </trkpt>
      <trkpt lat="59.473457588" lon="25.709878318">
        <ele>77.400</ele>
        <time>2026-08-10T11:58:49Z</time>
        <speed>4.554000</speed>
      </trkpt>
      <trkpt lat="59.473484075" lon="25.709937746">
        <ele>77.400</ele>
        <time>2026-08-10T11:58:50Z</time>
        <speed>4.484000</speed>
      </trkpt>
      <trkpt lat="59.473673254" lon="25.710427333">
        <ele>77.600</ele>
        <time>2026-08-10T11:58:58Z</time>
        <speed>4.575000</speed>
      </trkpt>
      <trkpt lat="59.473851118" lon="25.710987579">
        <ele>76.800</ele>
        <time>2026-08-10T11:59:06Z</time>
        <speed>4.909000</speed>
      </trkpt>
      <trkpt lat="59.473915659" lon="25.711228056">
        <ele>76.400</ele>
        <time>2026-08-10T11:59:09Z</time>
        <speed>5.400000</speed>
      </trkpt>
      <trkpt lat="59.473984642" lon="25.711513879">
        <ele>76.600</ele>
        <time>2026-08-10T11:59:12Z</time>
        <speed>6.274000</speed>
      </trkpt>
      <trkpt lat="59.474170804" lon="25.712076137">
        <ele>77.200</ele>
        <time>2026-08-10T11:59:18Z</time>
        <speed>5.986000</speed>
      </trkpt>
      <trkpt lat="59.474332407" lon="25.712557426">
        <ele>76.800</ele>
        <time>2026-08-10T11:59:24Z</time>
        <speed>5.158000</speed>
      </trkpt>
      <trkpt lat="59.474380352" lon="25.712698074">
        <ele>76.600</ele>
        <time>2026-08-10T11:59:26Z</time>
        <speed>4.984000</speed>
      </trkpt>
      <trkpt lat="59.474477498" lon="25.712993955">
        <ele>77.000</ele>
        <time>2026-08-10T11:59:30Z</time>
        <speed>5.062000</speed>
      </trkpt>
      <trkpt lat="59.474601969" lon="25.713385977">
        <ele>77.200</ele>
        <time>2026-08-10T11:59:35Z</time>
        <speed>5.426000</speed>
      </trkpt>
      <trkpt lat="59.474660475" lon="25.713542802">
        <ele>77.200</ele>
        <time>2026-08-10T11:59:37Z</time>
        <speed>5.522000</speed>
      </trkpt>
      <trkpt lat="59.474743707" lon="25.713793924">
        <ele>77.600</ele>
        <time>2026-08-10T11:59:40Z</time>
        <speed>5.683000</speed>
      </trkpt>
      <trkpt lat="59.474843200" lon="25.714019816">
        <ele>77.400</ele>
        <time>2026-08-10T11:59:43Z</time>
        <speed>5.630000</speed>
      </trkpt>
      <trkpt lat="59.475009330" lon="25.714368336">
        <ele>76.800</ele>
        <time>2026-08-10T11:59:48Z</time>
        <speed>5.206000</speed>
      </trkpt>
      <trkpt lat="59.475047048" lon="25.714430865">
        <ele>76.800</ele>
        <time>2026-08-10T11:59:49Z</time>
        <speed>5.389000</speed>
      </trkpt>
      <trkpt lat="59.475207562" lon="25.714665726">
        <ele>76.400</ele>
        <time>2026-08-10T11:59:53Z</time>
        <speed>5.539000</speed>
      </trkpt>
      <trkpt lat="59.475328932" lon="25.714834034">
        <ele>76.200</ele>
        <time>2026-08-10T11:59:56Z</time>
        <speed>5.623000</speed>
      </trkpt>
      <trkpt lat="59.475557171" lon="25.715189679">
        <ele>76.000</ele>
        <time>2026-08-10T12:00:02Z</time>
        <speed>5.244000</speed>
      </trkpt>
      <trkpt lat="59.475624226" lon="25.715312976">
        <ele>75.800</ele>
        <time>2026-08-10T12:00:04Z</time>
        <speed>5.050000</speed>
      </trkpt>
      <trkpt lat="59.475809550" lon="25.715610785">
        <ele>76.400</ele>
        <time>2026-08-10T12:00:10Z</time>
        <speed>4.196000</speed>
      </trkpt>
      <trkpt lat="59.475966543" lon="25.715912953">
        <ele>76.200</ele>
        <time>2026-08-10T12:00:16Z</time>
        <speed>4.481000</speed>
      </trkpt>
      <trkpt lat="59.476189585" lon="25.716311261">
        <ele>76.400</ele>
        <time>2026-08-10T12:00:23Z</time>
        <speed>5.019000</speed>
      </trkpt>
      <trkpt lat="59.476436768" lon="25.716782659">
        <ele>77.000</ele>
        <time>2026-08-10T12:00:31Z</time>
        <speed>4.656000</speed>
      </trkpt>
      <trkpt lat="59.476526538" lon="25.716974353">
        <ele>77.400</ele>
        <time>2026-08-10T12:00:34Z</time>
        <speed>4.913000</speed>
      </trkpt>
      <trkpt lat="59.476655284" lon="25.717214243">
        <ele>77.600</ele>
        <time>2026-08-10T12:00:38Z</time>
        <speed>5.062000</speed>
      </trkpt>
      <trkpt lat="59.476953764" lon="25.717686312">
        <ele>77.400</ele>
        <time>2026-08-10T12:00:46Z</time>
        <speed>5.377000</speed>
      </trkpt>
      <trkpt lat="59.477234138" lon="25.718100294">
        <ele>78.200</ele>
        <time>2026-08-10T12:00:54Z</time>
        <speed>4.293000</speed>
      </trkpt>
      <trkpt lat="59.477427006" lon="25.718407072">
        <ele>78.800</ele>
        <time>2026-08-10T12:01:00Z</time>
        <speed>4.992000</speed>
      </trkpt>
      <trkpt lat="59.477463383" lon="25.718463818">
        <ele>79.200</ele>
        <time>2026-08-10T12:01:01Z</time>
        <speed>5.197000</speed>
      </trkpt>
      <trkpt lat="59.477716768" lon="25.718938401">
        <ele>78.800</ele>
        <time>2026-08-10T12:01:08Z</time>
        <speed>5.686000</speed>
      </trkpt>
      <trkpt lat="59.477826906" lon="25.719246101">
        <ele>78.400</ele>
        <time>2026-08-10T12:01:12Z</time>
        <speed>5.206000</speed>
      </trkpt>
      <trkpt lat="59.477875857" lon="25.719395299">
        <ele>77.600</ele>
        <time>2026-08-10T12:01:14Z</time>
        <speed>5.135000</speed>
      </trkpt>
      <trkpt lat="59.478013236" lon="25.719926041">
        <ele>77.000</ele>
        <time>2026-08-10T12:01:21Z</time>
        <speed>4.928000</speed>
      </trkpt>
      <trkpt lat="59.478055649" lon="25.720083620">
        <ele>76.400</ele>
        <time>2026-08-10T12:01:23Z</time>
        <speed>5.176000</speed>
      </trkpt>
      <trkpt lat="59.478170229" lon="25.720510678">
        <ele>76.400</ele>
        <time>2026-08-10T12:01:28Z</time>
        <speed>5.555000</speed>
      </trkpt>
      <trkpt lat="59.478312386" lon="25.721094478">
        <ele>76.400</ele>
        <time>2026-08-10T12:01:35Z</time>
        <speed>4.991000</speed>
      </trkpt>
      <trkpt lat="59.478347423" lon="25.721259015">
        <ele>76.800</ele>
        <time>2026-08-10T12:01:37Z</time>
        <speed>5.074000</speed>
      </trkpt>
      <trkpt lat="59.478469128" lon="25.721753547">
        <ele>76.800</ele>
        <time>2026-08-10T12:01:43Z</time>
        <speed>5.252000</speed>
      </trkpt>
      <trkpt lat="59.478509445" lon="25.721912216">
        <ele>76.800</ele>
        <time>2026-08-10T12:01:45Z</time>
        <speed>4.944000</speed>
      </trkpt>
      <trkpt lat="59.478665097" lon="25.722430721">
        <ele>77.200</ele>
        <time>2026-08-10T12:01:52Z</time>
        <speed>4.840000</speed>
      </trkpt>
      <trkpt lat="59.478707006" lon="25.722576482">
        <ele>77.400</ele>
        <time>2026-08-10T12:01:54Z</time>
        <speed>4.688000</speed>
      </trkpt>
      <trkpt lat="59.478826365" lon="25.722917207">
        <ele>76.600</ele>
        <time>2026-08-10T12:01:59Z</time>
        <speed>4.689000</speed>
      </trkpt>
      <trkpt lat="59.479026357" lon="25.723537803">
        <ele>77.400</ele>
        <time>2026-08-10T12:02:08Z</time>
        <speed>4.435000</speed>
      </trkpt>
      <trkpt lat="59.479168765" lon="25.723943571">
        <ele>77.400</ele>
        <time>2026-08-10T12:02:14Z</time>
        <speed>4.876000</speed>
      </trkpt>
      <trkpt lat="59.479191564" lon="25.724021019">
        <ele>77.200</ele>
        <time>2026-08-10T12:02:15Z</time>
        <speed>4.864000</speed>
      </trkpt>
      <trkpt lat="59.479322070" lon="25.724446066">
        <ele>77.200</ele>
        <time>2026-08-10T12:02:21Z</time>
        <speed>4.522000</speed>
      </trkpt>
      <trkpt lat="59.479357861" lon="25.724587636">
        <ele>77.600</ele>
        <time>2026-08-10T12:02:23Z</time>
        <speed>4.572000</speed>
      </trkpt>
      <trkpt lat="59.479453331" lon="25.724848565">
        <ele>76.600</ele>
        <time>2026-08-10T12:02:27Z</time>
        <speed>4.677000</speed>
      </trkpt>
      <trkpt lat="59.479497336" lon="25.724989297">
        <ele>76.200</ele>
        <time>2026-08-10T12:02:29Z</time>
        <speed>4.748000</speed>
      </trkpt>
      <trkpt lat="59.479559027" lon="25.725202700">
        <ele>75.800</ele>
        <time>2026-08-10T12:02:32Z</time>
        <speed>4.564000</speed>
      </trkpt>
      <trkpt lat="59.479623400" lon="25.725396825">
        <ele>75.600</ele>
        <time>2026-08-10T12:02:35Z</time>
        <speed>4.426000</speed>
      </trkpt>
      <trkpt lat="59.479810903" lon="25.725878365">
        <ele>76.400</ele>
        <time>2026-08-10T12:02:43Z</time>
        <speed>3.765000</speed>
      </trkpt>
      <trkpt lat="59.479906289" lon="25.725897141">
        <ele>76.400</ele>
        <time>2026-08-10T12:02:47Z</time>
        <speed>2.403000</speed>
      </trkpt>
      <trkpt lat="59.480004190" lon="25.725855315">
        <ele>77.000</ele>
        <time>2026-08-10T12:02:53Z</time>
        <speed>1.505000</speed>
      </trkpt>
      <trkpt lat="59.480038388" lon="25.725830169">
        <ele>77.200</ele>
        <time>2026-08-10T12:02:56Z</time>
        <speed>1.180000</speed>
      </trkpt>
      <trkpt lat="59.480022127" lon="25.725776693">
        <ele>77.000</ele>
        <time>2026-08-10T12:02:59Z</time>
        <speed>1.236000</speed>
      </trkpt>
      <trkpt lat="59.479974182" lon="25.725820027">
        <ele>77.400</ele>
        <time>2026-08-10T12:03:02Z</time>
        <speed>2.087000</speed>
      </trkpt>
      <trkpt lat="59.479933027" lon="25.725865876">
        <ele>77.400</ele>
        <time>2026-08-10T12:03:04Z</time>
        <speed>2.293000</speed>
      </trkpt>
      <trkpt lat="59.479892123" lon="25.725958580">
        <ele>77.400</ele>
        <time>2026-08-10T12:03:07Z</time>
        <speed>1.897000</speed>
      </trkpt>
      <trkpt lat="59.479868319" lon="25.726061678">
        <ele>77.000</ele>
        <time>2026-08-10T12:03:10Z</time>
        <speed>2.009000</speed>
      </trkpt>
      <trkpt lat="59.479886759" lon="25.726283882">
        <ele>77.600</ele>
        <time>2026-08-10T12:03:16Z</time>
        <speed>1.822000</speed>
      </trkpt>
      <trkpt lat="59.479902266" lon="25.726370635">
        <ele>78.600</ele>
        <time>2026-08-10T12:03:19Z</time>
        <speed>1.620000</speed>
      </trkpt>
    </trkseg>
    <trkseg>
      <trkpt lat="59.479883155" lon="25.726332329">
        <ele>78.800</ele>
        <time>2026-08-10T12:11:44Z</time>
        <speed>1.764000</speed>
      </trkpt>
      <trkpt lat="59.479864966" lon="25.726215653">
        <ele>79.000</ele>
        <time>2026-08-10T12:11:47Z</time>
        <speed>2.136000</speed>
      </trkpt>
      <trkpt lat="59.479905451" lon="25.725986408">
        <ele>78.800</ele>
        <time>2026-08-10T12:11:51Z</time>
        <speed>3.568000</speed>
      </trkpt>
      <trkpt lat="59.479947947" lon="25.725880209">
        <ele>79.000</ele>
        <time>2026-08-10T12:11:53Z</time>
        <speed>3.760000</speed>
      </trkpt>
      <trkpt lat="59.480029671" lon="25.725767137">
        <ele>78.600</ele>
        <time>2026-08-10T12:11:56Z</time>
        <speed>3.784000</speed>
      </trkpt>
      <trkpt lat="59.480248773" lon="25.725607043">
        <ele>78.800</ele>
        <time>2026-08-10T12:12:03Z</time>
        <speed>3.686000</speed>
      </trkpt>
      <trkpt lat="59.480496543" lon="25.725390958">
        <ele>78.800</ele>
        <time>2026-08-10T12:12:11Z</time>
        <speed>3.544000</speed>
      </trkpt>
      <trkpt lat="59.480704330" lon="25.725240586">
        <ele>78.800</ele>
        <time>2026-08-10T12:12:17Z</time>
        <speed>4.299000</speed>
      </trkpt>
      <trkpt lat="59.480746407" lon="25.725240922">
        <ele>79.000</ele>
        <time>2026-08-10T12:12:18Z</time>
        <speed>4.484000</speed>
      </trkpt>
      <trkpt lat="59.480996188" lon="25.725241005">
        <ele>79.200</ele>
        <time>2026-08-10T12:12:24Z</time>
        <speed>4.443000</speed>
      </trkpt>
      <trkpt lat="59.481307408" lon="25.725206891">
        <ele>78.200</ele>
        <time>2026-08-10T12:12:32Z</time>
        <speed>4.274000</speed>
      </trkpt>
      <trkpt lat="59.481673529" lon="25.725177722">
        <ele>78.200</ele>
        <time>2026-08-10T12:12:41Z</time>
        <speed>4.650000</speed>
      </trkpt>
      <trkpt lat="59.481914761" lon="25.725134136">
        <ele>78.000</ele>
        <time>2026-08-10T12:12:46Z</time>
        <speed>5.668000</speed>
      </trkpt>
      <trkpt lat="59.481966225" lon="25.725123240">
        <ele>77.800</ele>
        <time>2026-08-10T12:12:47Z</time>
        <speed>5.704000</speed>
      </trkpt>
      <trkpt lat="59.482176611" lon="25.725127179">
        <ele>77.600</ele>
        <time>2026-08-10T12:12:51Z</time>
        <speed>5.920000</speed>
      </trkpt>
      <trkpt lat="59.482338130" lon="25.725119300">
        <ele>77.600</ele>
        <time>2026-08-10T12:12:54Z</time>
        <speed>5.958000</speed>
      </trkpt>
      <trkpt lat="59.482912710" lon="25.725052329">
        <ele>77.400</ele>
        <time>2026-08-10T12:13:05Z</time>
        <speed>5.704000</speed>
      </trkpt>
      <trkpt lat="59.483184703" lon="25.725042941">
        <ele>77.600</ele>
        <time>2026-08-10T12:13:11Z</time>
        <speed>4.858000</speed>
      </trkpt>
      <trkpt lat="59.483497096" lon="25.724999607">
        <ele>78.600</ele>
        <time>2026-08-10T12:13:18Z</time>
        <speed>5.000000</speed>
      </trkpt>
      <trkpt lat="59.483541017" lon="25.724990638">
        <ele>78.600</ele>
        <time>2026-08-10T12:13:19Z</time>
        <speed>4.862000</speed>
      </trkpt>
      <trkpt lat="59.483831618" lon="25.724862479">
        <ele>78.800</ele>
        <time>2026-08-10T12:13:26Z</time>
        <speed>4.866000</speed>
      </trkpt>
      <trkpt lat="59.484043848" lon="25.724694505">
        <ele>78.400</ele>
        <time>2026-08-10T12:13:31Z</time>
        <speed>5.118000</speed>
      </trkpt>
      <trkpt lat="59.484127583" lon="25.724603981">
        <ele>78.400</ele>
        <time>2026-08-10T12:13:33Z</time>
        <speed>5.332000</speed>
      </trkpt>
      <trkpt lat="59.484460345" lon="25.724270968">
        <ele>77.800</ele>
        <time>2026-08-10T12:13:41Z</time>
        <speed>4.863000</speed>
      </trkpt>
      <trkpt lat="59.484697385" lon="25.724028060">
        <ele>78.000</ele>
        <time>2026-08-10T12:13:47Z</time>
        <speed>5.038000</speed>
      </trkpt>
      <trkpt lat="59.485070212" lon="25.723648947">
        <ele>78.200</ele>
        <time>2026-08-10T12:13:56Z</time>
        <speed>5.170000</speed>
      </trkpt>
      <trkpt lat="59.485356957" lon="25.723333787">
        <ele>77.400</ele>
        <time>2026-08-10T12:14:03Z</time>
        <speed>5.363000</speed>
      </trkpt>
      <trkpt lat="59.485657364" lon="25.723050898">
        <ele>77.400</ele>
        <time>2026-08-10T12:14:10Z</time>
        <speed>5.479000</speed>
      </trkpt>
      <trkpt lat="59.485998424" lon="25.722696511">
        <ele>78.000</ele>
        <time>2026-08-10T12:14:18Z</time>
        <speed>4.955000</speed>
      </trkpt>
      <trkpt lat="59.486042429" lon="25.722676981">
        <ele>78.200</ele>
        <time>2026-08-10T12:14:19Z</time>
        <speed>5.008000</speed>
      </trkpt>
      <trkpt lat="59.486259520" lon="25.722511858">
        <ele>78.200</ele>
        <time>2026-08-10T12:14:24Z</time>
        <speed>5.149000</speed>
      </trkpt>
      <trkpt lat="59.486419279" lon="25.722383782">
        <ele>78.400</ele>
        <time>2026-08-10T12:14:28Z</time>
        <speed>4.549000</speed>
      </trkpt>
      <trkpt lat="59.486494632" lon="25.722342711">
        <ele>78.800</ele>
        <time>2026-08-10T12:14:30Z</time>
        <speed>4.301000</speed>
      </trkpt>
      <trkpt lat="59.486566801" lon="25.722279176">
        <ele>79.600</ele>
        <time>2026-08-10T12:14:32Z</time>
        <speed>4.501000</speed>
      </trkpt>
      <trkpt lat="59.486719938" lon="25.722112209">
        <ele>79.600</ele>
        <time>2026-08-10T12:14:36Z</time>
        <speed>4.973000</speed>
      </trkpt>
      <trkpt lat="59.486979106" lon="25.721737789">
        <ele>79.400</ele>
        <time>2026-08-10T12:14:43Z</time>
        <speed>5.372000</speed>
      </trkpt>
      <trkpt lat="59.487259565" lon="25.721185422">
        <ele>80.200</ele>
        <time>2026-08-10T12:14:51Z</time>
        <speed>5.412000</speed>
      </trkpt>
      <trkpt lat="59.487288566" lon="25.721113337">
        <ele>80.400</ele>
        <time>2026-08-10T12:14:52Z</time>
        <speed>5.232000</speed>
      </trkpt>
      <trkpt lat="59.487445559" lon="25.720808823">
        <ele>79.200</ele>
        <time>2026-08-10T12:14:57Z</time>
        <speed>4.978000</speed>
      </trkpt>
      <trkpt lat="59.487756528" lon="25.720141036">
        <ele>79.000</ele>
        <time>2026-08-10T12:15:07Z</time>
        <speed>5.275000</speed>
      </trkpt>
      <trkpt lat="59.488010332" lon="25.719477860">
        <ele>79.800</ele>
        <time>2026-08-10T12:15:16Z</time>
        <speed>5.009000</speed>
      </trkpt>
      <trkpt lat="59.488205882" lon="25.718902443">
        <ele>80.000</ele>
        <time>2026-08-10T12:15:24Z</time>
        <speed>4.919000</speed>
      </trkpt>
      <trkpt lat="59.488296909" lon="25.718604214">
        <ele>79.600</ele>
        <time>2026-08-10T12:15:28Z</time>
        <speed>4.787000</speed>
      </trkpt>
      <trkpt lat="59.488372346" lon="25.718404809">
        <ele>80.600</ele>
        <time>2026-08-10T12:15:31Z</time>
        <speed>4.709000</speed>
      </trkpt>
      <trkpt lat="59.488397408" lon="25.718339598">
        <ele>80.600</ele>
        <time>2026-08-10T12:15:32Z</time>
        <speed>4.659000</speed>
      </trkpt>
      <trkpt lat="59.488512408" lon="25.718089147">
        <ele>79.400</ele>
        <time>2026-08-10T12:15:36Z</time>
        <speed>4.853000</speed>
      </trkpt>
      <trkpt lat="59.488632018" lon="25.717852442">
        <ele>79.600</ele>
        <time>2026-08-10T12:15:40Z</time>
        <speed>4.694000</speed>
      </trkpt>
      <trkpt lat="59.488720531" lon="25.717681032">
        <ele>80.200</ele>
        <time>2026-08-10T12:15:43Z</time>
        <speed>4.490000</speed>
      </trkpt>
      <trkpt lat="59.488839386" lon="25.717468886">
        <ele>79.200</ele>
        <time>2026-08-10T12:15:47Z</time>
        <speed>4.555000</speed>
      </trkpt>
      <trkpt lat="59.489094699" lon="25.717040403">
        <ele>79.400</ele>
        <time>2026-08-10T12:15:55Z</time>
        <speed>4.795000</speed>
      </trkpt>
      <trkpt lat="59.489130322" lon="25.716991704">
        <ele>79.200</ele>
        <time>2026-08-10T12:15:56Z</time>
        <speed>4.799000</speed>
      </trkpt>
      <trkpt lat="59.489383120" lon="25.716654668">
        <ele>79.800</ele>
        <time>2026-08-10T12:16:03Z</time>
        <speed>4.908000</speed>
      </trkpt>
      <trkpt lat="59.489664920" lon="25.716386614">
        <ele>78.600</ele>
        <time>2026-08-10T12:16:10Z</time>
        <speed>4.919000</speed>
      </trkpt>
      <trkpt lat="59.489970021" lon="25.716060558">
        <ele>78.400</ele>
        <time>2026-08-10T12:16:18Z</time>
        <speed>5.097000</speed>
      </trkpt>
      <trkpt lat="59.490241762" lon="25.715785548">
        <ele>78.200</ele>
        <time>2026-08-10T12:16:24Z</time>
        <speed>5.676000</speed>
      </trkpt>
      <trkpt lat="59.490557425" lon="25.715451948">
        <ele>78.000</ele>
        <time>2026-08-10T12:16:32Z</time>
        <speed>4.553000</speed>
      </trkpt>
      <trkpt lat="59.490772253" lon="25.715053724">
        <ele>78.400</ele>
        <time>2026-08-10T12:16:39Z</time>
        <speed>4.826000</speed>
      </trkpt>
      <trkpt lat="59.490826149" lon="25.714623397">
        <ele>79.200</ele>
        <time>2026-08-10T12:16:44Z</time>
        <speed>5.151000</speed>
      </trkpt>
      <trkpt lat="59.490834111" lon="25.714441929">
        <ele>79.000</ele>
        <time>2026-08-10T12:16:46Z</time>
        <speed>5.177000</speed>
      </trkpt>
      <trkpt lat="59.490834782" lon="25.713984780">
        <ele>78.600</ele>
        <time>2026-08-10T12:16:51Z</time>
        <speed>5.054000</speed>
      </trkpt>
      <trkpt lat="59.490834028" lon="25.713153128">
        <ele>79.000</ele>
        <time>2026-08-10T12:17:01Z</time>
        <speed>4.557000</speed>
      </trkpt>
      <trkpt lat="59.490840901" lon="25.712471930">
        <ele>79.200</ele>
        <time>2026-08-10T12:17:10Z</time>
        <speed>4.090000</speed>
      </trkpt>
      <trkpt lat="59.490851713" lon="25.711957868">
        <ele>79.000</ele>
        <time>2026-08-10T12:17:17Z</time>
        <speed>4.038000</speed>
      </trkpt>
      <trkpt lat="59.490863867" lon="25.711284969">
        <ele>79.000</ele>
        <time>2026-08-10T12:17:26Z</time>
        <speed>4.358000</speed>
      </trkpt>
      <trkpt lat="59.490856994" lon="25.710906694">
        <ele>79.400</ele>
        <time>2026-08-10T12:17:31Z</time>
        <speed>4.095000</speed>
      </trkpt>
      <trkpt lat="59.490862694" lon="25.710705696">
        <ele>80.000</ele>
        <time>2026-08-10T12:17:34Z</time>
        <speed>3.822000</speed>
      </trkpt>
      <trkpt lat="59.490870321" lon="25.710097253">
        <ele>79.600</ele>
        <time>2026-08-10T12:17:42Z</time>
        <speed>4.450000</speed>
      </trkpt>
      <trkpt lat="59.490881469" lon="25.709399125">
        <ele>79.600</ele>
        <time>2026-08-10T12:17:51Z</time>
        <speed>4.566000</speed>
      </trkpt>
      <trkpt lat="59.490879541" lon="25.708737709">
        <ele>79.800</ele>
        <time>2026-08-10T12:17:59Z</time>
        <speed>4.600000</speed>
      </trkpt>
      <trkpt lat="59.490880128" lon="25.708289361">
        <ele>79.800</ele>
        <time>2026-08-10T12:18:05Z</time>
        <speed>4.375000</speed>
      </trkpt>
      <trkpt lat="59.490897981" lon="25.708062798">
        <ele>80.800</ele>
        <time>2026-08-10T12:18:08Z</time>
        <speed>4.274000</speed>
      </trkpt>
      <trkpt lat="59.490891863" lon="25.707836905">
        <ele>80.400</ele>
        <time>2026-08-10T12:18:11Z</time>
        <speed>4.255000</speed>
      </trkpt>
      <trkpt lat="59.490893790" lon="25.707310271">
        <ele>79.600</ele>
        <time>2026-08-10T12:18:18Z</time>
        <speed>4.303000</speed>
      </trkpt>
      <trkpt lat="59.490900245" lon="25.706636366">
        <ele>79.600</ele>
        <time>2026-08-10T12:18:27Z</time>
        <speed>4.228000</speed>
      </trkpt>
      <trkpt lat="59.490904519" lon="25.706115849">
        <ele>79.400</ele>
        <time>2026-08-10T12:18:34Z</time>
        <speed>4.348000</speed>
      </trkpt>
      <trkpt lat="59.490909046" lon="25.705483267">
        <ele>79.000</ele>
        <time>2026-08-10T12:18:42Z</time>
        <speed>4.442000</speed>
      </trkpt>
      <trkpt lat="59.490918014" lon="25.705398442">
        <ele>78.800</ele>
        <time>2026-08-10T12:18:43Z</time>
        <speed>4.797000</speed>
      </trkpt>
      <trkpt lat="59.490938215" lon="25.705019161">
        <ele>78.800</ele>
        <time>2026-08-10T12:18:47Z</time>
        <speed>5.507000</speed>
      </trkpt>
      <trkpt lat="59.490944333" lon="25.704628062">
        <ele>78.600</ele>
        <time>2026-08-10T12:18:51Z</time>
        <speed>5.523000</speed>
      </trkpt>
      <trkpt lat="59.490952967" lon="25.703891627">
        <ele>78.600</ele>
        <time>2026-08-10T12:18:59Z</time>
        <speed>5.050000</speed>
      </trkpt>
      <trkpt lat="59.490944166" lon="25.703622987">
        <ele>78.400</ele>
        <time>2026-08-10T12:19:02Z</time>
        <speed>5.010000</speed>
      </trkpt>
      <trkpt lat="59.490942992" lon="25.703375805">
        <ele>78.600</ele>
        <time>2026-08-10T12:19:05Z</time>
        <speed>4.541000</speed>
      </trkpt>
      <trkpt lat="59.490951709" lon="25.702737523">
        <ele>79.000</ele>
        <time>2026-08-10T12:19:14Z</time>
        <speed>4.142000</speed>
      </trkpt>
      <trkpt lat="59.490961768" lon="25.702177444">
        <ele>79.200</ele>
        <time>2026-08-10T12:19:22Z</time>
        <speed>3.680000</speed>
      </trkpt>
      <trkpt lat="59.490968976" lon="25.701774862">
        <ele>79.000</ele>
        <time>2026-08-10T12:19:28Z</time>
        <speed>3.801000</speed>
      </trkpt>
      <trkpt lat="59.490976604" lon="25.701276306">
        <ele>79.000</ele>
        <time>2026-08-10T12:19:35Z</time>
        <speed>4.203000</speed>
      </trkpt>
      <trkpt lat="59.490983812" lon="25.700692674">
        <ele>79.200</ele>
        <time>2026-08-10T12:19:43Z</time>
        <speed>4.178000</speed>
      </trkpt>
      <trkpt lat="59.490988506" lon="25.700241560">
        <ele>79.600</ele>
        <time>2026-08-10T12:19:49Z</time>
        <speed>4.338000</speed>
      </trkpt>
      <trkpt lat="59.490983393" lon="25.699830931">
        <ele>79.800</ele>
        <time>2026-08-10T12:19:54Z</time>
        <speed>4.866000</speed>
      </trkpt>
      <trkpt lat="59.490984483" lon="25.699476376">
        <ele>78.200</ele>
        <time>2026-08-10T12:19:58Z</time>
        <speed>5.058000</speed>
      </trkpt>
      <trkpt lat="59.490986075" lon="25.699303038">
        <ele>76.200</ele>
        <time>2026-08-10T12:20:00Z</time>
        <speed>4.980000</speed>
      </trkpt>
      <trkpt lat="59.490995044" lon="25.699204467">
        <ele>80.000</ele>
        <time>2026-08-10T12:20:01Z</time>
        <speed>5.238000</speed>
      </trkpt>
      <trkpt lat="59.490997894" lon="25.699107908">
        <ele>80.600</ele>
        <time>2026-08-10T12:20:02Z</time>
        <speed>5.208000</speed>
      </trkpt>
      <trkpt lat="59.491021363" lon="25.698510865">
        <ele>79.000</ele>
        <time>2026-08-10T12:20:09Z</time>
        <speed>4.687000</speed>
      </trkpt>
      <trkpt lat="59.491021447" lon="25.698420173">
        <ele>79.000</ele>
        <time>2026-08-10T12:20:10Z</time>
        <speed>4.971000</speed>
      </trkpt>
      <trkpt lat="59.491021615" lon="25.698328307">
        <ele>78.800</ele>
        <time>2026-08-10T12:20:11Z</time>
        <speed>5.057000</speed>
      </trkpt>
      <trkpt lat="59.491019771" lon="25.697954223">
        <ele>78.600</ele>
        <time>2026-08-10T12:20:15Z</time>
        <speed>5.230000</speed>
      </trkpt>
      <trkpt lat="59.491029577" lon="25.697864117">
        <ele>78.600</ele>
        <time>2026-08-10T12:20:16Z</time>
        <speed>5.240000</speed>
      </trkpt>
      <trkpt lat="59.491046425" lon="25.697481232">
        <ele>78.600</ele>
        <time>2026-08-10T12:20:20Z</time>
        <speed>5.424000</speed>
      </trkpt>
      <trkpt lat="59.491077689" lon="25.697189458">
        <ele>78.400</ele>
        <time>2026-08-10T12:20:23Z</time>
        <speed>5.575000</speed>
      </trkpt>
      <trkpt lat="59.491144158" lon="25.696829287">
        <ele>78.400</ele>
        <time>2026-08-10T12:20:27Z</time>
        <speed>5.155000</speed>
      </trkpt>
      <trkpt lat="59.491264690" lon="25.696411114">
        <ele>78.600</ele>
        <time>2026-08-10T12:20:33Z</time>
        <speed>4.404000</speed>
      </trkpt>
      <trkpt lat="59.491293607" lon="25.696352273">
        <ele>78.400</ele>
        <time>2026-08-10T12:20:34Z</time>
        <speed>4.556000</speed>
      </trkpt>
      <trkpt lat="59.491391424" lon="25.696051111">
        <ele>78.400</ele>
        <time>2026-08-10T12:20:38Z</time>
        <speed>5.050000</speed>
      </trkpt>
      <trkpt lat="59.491520924" lon="25.695558591">
        <ele>78.600</ele>
        <time>2026-08-10T12:20:44Z</time>
        <speed>5.041000</speed>
      </trkpt>
      <trkpt lat="59.491555961" lon="25.695387684">
        <ele>78.600</ele>
        <time>2026-08-10T12:20:46Z</time>
        <speed>5.056000</speed>
      </trkpt>
      <trkpt lat="59.491632152" lon="25.695048133">
        <ele>78.200</ele>
        <time>2026-08-10T12:20:50Z</time>
        <speed>5.236000</speed>
      </trkpt>
      <trkpt lat="59.491695687" lon="25.694804052">
        <ele>78.200</ele>
        <time>2026-08-10T12:20:53Z</time>
        <speed>5.112000</speed>
      </trkpt>
      <trkpt lat="59.491781686" lon="25.694504818">
        <ele>78.000</ele>
        <time>2026-08-10T12:20:57Z</time>
        <speed>4.713000</speed>
      </trkpt>
      <trkpt lat="59.491865421" lon="25.694214385">
        <ele>78.000</ele>
        <time>2026-08-10T12:21:02Z</time>
        <speed>3.700000</speed>
      </trkpt>
      <trkpt lat="59.491897440" lon="25.693896376">
        <ele>78.000</ele>
        <time>2026-08-10T12:21:07Z</time>
        <speed>3.432000</speed>
      </trkpt>
      <trkpt lat="59.491938008" lon="25.693740137">
        <ele>77.800</ele>
        <time>2026-08-10T12:21:10Z</time>
        <speed>3.198000</speed>
      </trkpt>
      <trkpt lat="59.491978409" lon="25.693643996">
        <ele>77.800</ele>
        <time>2026-08-10T12:21:12Z</time>
        <speed>3.430000</speed>
      </trkpt>
      <trkpt lat="59.492107155" lon="25.693297824">
        <ele>77.800</ele>
        <time>2026-08-10T12:21:18Z</time>
        <speed>4.408000</speed>
      </trkpt>
      <trkpt lat="59.492246294" lon="25.692921393">
        <ele>78.800</ele>
        <time>2026-08-10T12:21:24Z</time>
        <speed>4.100000</speed>
      </trkpt>
      <trkpt lat="59.492294993" lon="25.692821145">
        <ele>79.200</ele>
        <time>2026-08-10T12:21:26Z</time>
        <speed>4.035000</speed>
      </trkpt>
      <trkpt lat="59.492443856" lon="25.692499029">
        <ele>80.000</ele>
        <time>2026-08-10T12:21:32Z</time>
        <speed>3.457000</speed>
      </trkpt>
      <trkpt lat="59.492634377" lon="25.692164088">
        <ele>80.000</ele>
        <time>2026-08-10T12:21:39Z</time>
        <speed>4.081000</speed>
      </trkpt>
      <trkpt lat="59.492801344" lon="25.691868206">
        <ele>79.600</ele>
        <time>2026-08-10T12:21:44Z</time>
        <speed>4.646000</speed>
      </trkpt>
      <trkpt lat="59.492861191" lon="25.691758655">
        <ele>79.400</ele>
        <time>2026-08-10T12:21:46Z</time>
        <speed>4.461000</speed>
      </trkpt>
      <trkpt lat="59.493057327" lon="25.691480376">
        <ele>79.000</ele>
        <time>2026-08-10T12:21:52Z</time>
        <speed>4.572000</speed>
      </trkpt>
      <trkpt lat="59.493090604" lon="25.691421283">
        <ele>78.800</ele>
        <time>2026-08-10T12:21:53Z</time>
        <speed>4.656000</speed>
      </trkpt>
      <trkpt lat="59.493128993" lon="25.691366130">
        <ele>78.600</ele>
        <time>2026-08-10T12:21:54Z</time>
        <speed>4.941000</speed>
      </trkpt>
      <trkpt lat="59.493217170" lon="25.691281557">
        <ele>78.400</ele>
        <time>2026-08-10T12:21:56Z</time>
        <speed>5.203000</speed>
      </trkpt>
      <trkpt lat="59.493303839" lon="25.691171922">
        <ele>78.200</ele>
        <time>2026-08-10T12:21:58Z</time>
        <speed>5.301000</speed>
      </trkpt>
      <trkpt lat="59.493506597" lon="25.690850476">
        <ele>77.800</ele>
        <time>2026-08-10T12:22:03Z</time>
        <speed>5.291000</speed>
      </trkpt>
      <trkpt lat="59.493619250" lon="25.690687615">
        <ele>77.600</ele>
        <time>2026-08-10T12:22:06Z</time>
        <speed>5.069000</speed>
      </trkpt>
      <trkpt lat="59.493691754" lon="25.690579908">
        <ele>77.400</ele>
        <time>2026-08-10T12:22:08Z</time>
        <speed>4.866000</speed>
      </trkpt>
      <trkpt lat="59.493853692" lon="25.690324930">
        <ele>77.600</ele>
        <time>2026-08-10T12:22:12Z</time>
        <speed>5.707000</speed>
      </trkpt>
      <trkpt lat="59.494150328" lon="25.689786142">
        <ele>77.400</ele>
        <time>2026-08-10T12:22:19Z</time>
        <speed>6.337000</speed>
      </trkpt>
      <trkpt lat="59.494361803" lon="25.689277360">
        <ele>77.400</ele>
        <time>2026-08-10T12:22:25Z</time>
        <speed>5.753000</speed>
      </trkpt>
      <trkpt lat="59.494613595" lon="25.688653244">
        <ele>77.400</ele>
        <time>2026-08-10T12:22:33Z</time>
        <speed>5.541000</speed>
      </trkpt>
      <trkpt lat="59.494932527" lon="25.687953020">
        <ele>76.800</ele>
        <time>2026-08-10T12:22:42Z</time>
        <speed>5.696000</speed>
      </trkpt>
      <trkpt lat="59.495066134" lon="25.687675662">
        <ele>76.800</ele>
        <time>2026-08-10T12:22:46Z</time>
        <speed>5.187000</speed>
      </trkpt>
      <trkpt lat="59.495167136" lon="25.687515736">
        <ele>76.600</ele>
        <time>2026-08-10T12:22:49Z</time>
        <speed>4.869000</speed>
      </trkpt>
      <trkpt lat="59.495416749" lon="25.687111728">
        <ele>76.800</ele>
        <time>2026-08-10T12:22:56Z</time>
        <speed>4.497000</speed>
      </trkpt>
      <trkpt lat="59.495625123" lon="25.686814338">
        <ele>76.200</ele>
        <time>2026-08-10T12:23:03Z</time>
        <speed>3.567000</speed>
      </trkpt>
      <trkpt lat="59.495802987" lon="25.686553409">
        <ele>76.000</ele>
        <time>2026-08-10T12:23:10Z</time>
        <speed>3.239000</speed>
      </trkpt>
      <trkpt lat="59.496010439" lon="25.686278231">
        <ele>76.000</ele>
        <time>2026-08-10T12:23:17Z</time>
        <speed>3.805000</speed>
      </trkpt>
      <trkpt lat="59.496264746" lon="25.685912948">
        <ele>76.200</ele>
        <time>2026-08-10T12:23:24Z</time>
        <speed>4.579000</speed>
      </trkpt>
      <trkpt lat="59.496535314" lon="25.685505923">
        <ele>76.200</ele>
        <time>2026-08-10T12:23:31Z</time>
        <speed>4.489000</speed>
      </trkpt>
      <trkpt lat="59.496569512" lon="25.685449680">
        <ele>76.200</ele>
        <time>2026-08-10T12:23:32Z</time>
        <speed>4.427000</speed>
      </trkpt>
      <trkpt lat="59.496806972" lon="25.685110716">
        <ele>76.000</ele>
        <time>2026-08-10T12:23:39Z</time>
        <speed>4.391000</speed>
      </trkpt>
      <trkpt lat="59.497084245" lon="25.684714587">
        <ele>76.200</ele>
        <time>2026-08-10T12:23:46Z</time>
        <speed>4.766000</speed>
      </trkpt>
      <trkpt lat="59.497292954" lon="25.684481403">
        <ele>76.200</ele>
        <time>2026-08-10T12:23:51Z</time>
        <speed>4.960000</speed>
      </trkpt>
      <trkpt lat="59.497624459" lon="25.684138164">
        <ele>76.400</ele>
        <time>2026-08-10T12:23:59Z</time>
        <speed>4.831000</speed>
      </trkpt>
      <trkpt lat="59.497914473" lon="25.683847647">
        <ele>75.800</ele>
        <time>2026-08-10T12:24:06Z</time>
        <speed>5.072000</speed>
      </trkpt>
      <trkpt lat="59.498002566" lon="25.683774641">
        <ele>75.600</ele>
        <time>2026-08-10T12:24:08Z</time>
        <speed>5.115000</speed>
      </trkpt>
      <trkpt lat="59.498274308" lon="25.683562579">
        <ele>75.600</ele>
        <time>2026-08-10T12:24:14Z</time>
        <speed>5.576000</speed>
      </trkpt>
      <trkpt lat="59.498595838" lon="25.683257896">
        <ele>75.800</ele>
        <time>2026-08-10T12:24:21Z</time>
        <speed>5.809000</speed>
      </trkpt>
      <trkpt lat="59.498917116" lon="25.683009708">
        <ele>76.000</ele>
        <time>2026-08-10T12:24:28Z</time>
        <speed>4.926000</speed>
      </trkpt>
      <trkpt lat="59.499207046" lon="25.682791779">
        <ele>76.200</ele>
        <time>2026-08-10T12:24:34Z</time>
        <speed>4.002000</speed>
      </trkpt>
      <trkpt lat="59.499499742" lon="25.682691615">
        <ele>76.600</ele>
        <time>2026-08-10T12:24:41Z</time>
        <speed>4.937000</speed>
      </trkpt>
      <trkpt lat="59.499645336" lon="25.682678875">
        <ele>76.600</ele>
        <time>2026-08-10T12:24:44Z</time>
        <speed>5.190000</speed>
      </trkpt>
      <trkpt lat="59.499694621" lon="25.682680383">
        <ele>76.800</ele>
        <time>2026-08-10T12:24:45Z</time>
        <speed>5.029000</speed>
      </trkpt>
      <trkpt lat="59.499788079" lon="25.682696560">
        <ele>76.800</ele>
        <time>2026-08-10T12:24:47Z</time>
        <speed>4.835000</speed>
      </trkpt>
      <trkpt lat="59.500100557" lon="25.682785409">
        <ele>77.000</ele>
        <time>2026-08-10T12:24:54Z</time>
        <speed>4.593000</speed>
      </trkpt>
      <trkpt lat="59.500336926" lon="25.682825893">
        <ele>76.800</ele>
        <time>2026-08-10T12:25:00Z</time>
        <speed>3.785000</speed>
      </trkpt>
      <trkpt lat="59.500509677" lon="25.682790689">
        <ele>76.800</ele>
        <time>2026-08-10T12:25:05Z</time>
        <speed>3.665000</speed>
      </trkpt>
      <trkpt lat="59.500740515" lon="25.682761772">
        <ele>76.800</ele>
        <time>2026-08-10T12:25:11Z</time>
        <speed>4.165000</speed>
      </trkpt>
      <trkpt lat="59.501036815" lon="25.682723718">
        <ele>76.400</ele>
        <time>2026-08-10T12:25:18Z</time>
        <speed>4.385000</speed>
      </trkpt>
      <trkpt lat="59.501342755" lon="25.682675522">
        <ele>76.400</ele>
        <time>2026-08-10T12:25:25Z</time>
        <speed>4.520000</speed>
      </trkpt>
      <trkpt lat="59.501574012" lon="25.682653813">
        <ele>76.400</ele>
        <time>2026-08-10T12:25:31Z</time>
        <speed>3.693000</speed>
      </trkpt>
      <trkpt lat="59.501817422" lon="25.682686083">
        <ele>76.200</ele>
        <time>2026-08-10T12:25:37Z</time>
        <speed>4.354000</speed>
      </trkpt>
      <trkpt lat="59.502129732" lon="25.682728328">
        <ele>75.800</ele>
        <time>2026-08-10T12:25:45Z</time>
        <speed>3.818000</speed>
      </trkpt>
      <trkpt lat="59.502201397" lon="25.682752719">
        <ele>75.600</ele>
        <time>2026-08-10T12:25:47Z</time>
        <speed>4.137000</speed>
      </trkpt>
      <trkpt lat="59.502396360" lon="25.682791779">
        <ele>75.800</ele>
        <time>2026-08-10T12:25:52Z</time>
        <speed>4.272000</speed>
      </trkpt>
      <trkpt lat="59.502702300" lon="25.682867132">
        <ele>75.600</ele>
        <time>2026-08-10T12:25:59Z</time>
        <speed>4.877000</speed>
      </trkpt>
      <trkpt lat="59.503091639" lon="25.683021611">
        <ele>75.400</ele>
        <time>2026-08-10T12:26:08Z</time>
        <speed>4.670000</speed>
      </trkpt>
      <trkpt lat="59.503249722" lon="25.683092102">
        <ele>75.600</ele>
        <time>2026-08-10T12:26:12Z</time>
        <speed>4.651000</speed>
      </trkpt>
      <trkpt lat="59.503332367" lon="25.683132587">
        <ele>75.600</ele>
        <time>2026-08-10T12:26:14Z</time>
        <speed>4.681000</speed>
      </trkpt>
      <trkpt lat="59.503658004" lon="25.683293603">
        <ele>75.600</ele>
        <time>2026-08-10T12:26:22Z</time>
        <speed>4.109000</speed>
      </trkpt>
      <trkpt lat="59.503889428" lon="25.683438526">
        <ele>75.600</ele>
        <time>2026-08-10T12:26:28Z</time>
        <speed>4.301000</speed>
      </trkpt>
      <trkpt lat="59.504207270" lon="25.683606332">
        <ele>76.000</ele>
        <time>2026-08-10T12:26:36Z</time>
        <speed>4.340000</speed>
      </trkpt>
      <trkpt lat="59.504426960" lon="25.683682356">
        <ele>76.600</ele>
        <time>2026-08-10T12:26:42Z</time>
        <speed>4.012000</speed>
      </trkpt>
      <trkpt lat="59.504585462" lon="25.683709010">
        <ele>77.000</ele>
        <time>2026-08-10T12:26:46Z</time>
        <speed>4.301000</speed>
      </trkpt>
      <trkpt lat="59.504704820" lon="25.683735833">
        <ele>77.000</ele>
        <time>2026-08-10T12:26:49Z</time>
        <speed>4.360000</speed>
      </trkpt>
      <trkpt lat="59.504978741" lon="25.683749160">
        <ele>77.000</ele>
        <time>2026-08-10T12:26:56Z</time>
        <speed>4.280000</speed>
      </trkpt>
      <trkpt lat="59.505292643" lon="25.683838930">
        <ele>77.000</ele>
        <time>2026-08-10T12:27:04Z</time>
        <speed>4.247000</speed>
      </trkpt>
      <trkpt lat="59.505553823" lon="25.683896430">
        <ele>77.000</ele>
        <time>2026-08-10T12:27:11Z</time>
        <speed>4.450000</speed>
      </trkpt>
      <trkpt lat="59.505901253" lon="25.683994163">
        <ele>76.800</ele>
        <time>2026-08-10T12:27:19Z</time>
        <speed>4.783000</speed>
      </trkpt>
      <trkpt lat="59.506229823" lon="25.684070187">
        <ele>76.800</ele>
        <time>2026-08-10T12:27:27Z</time>
        <speed>4.040000</speed>
      </trkpt>
      <trkpt lat="59.506574320" lon="25.684185857">
        <ele>77.000</ele>
        <time>2026-08-10T12:27:36Z</time>
        <speed>4.099000</speed>
      </trkpt>
      <trkpt lat="59.506844468" lon="25.684224917">
        <ele>77.000</ele>
        <time>2026-08-10T12:27:43Z</time>
        <speed>4.130000</speed>
      </trkpt>
      <trkpt lat="59.507174464" lon="25.684276968">
        <ele>76.800</ele>
        <time>2026-08-10T12:27:51Z</time>
        <speed>4.631000</speed>
      </trkpt>
      <trkpt lat="59.507492390" lon="25.684324913">
        <ele>76.800</ele>
        <time>2026-08-10T12:27:58Z</time>
        <speed>4.787000</speed>
      </trkpt>
      <trkpt lat="59.507688442" lon="25.684346873">
        <ele>76.400</ele>
        <time>2026-08-10T12:28:03Z</time>
        <speed>4.334000</speed>
      </trkpt>
      <trkpt lat="59.507861361" lon="25.684379479">
        <ele>76.200</ele>
        <time>2026-08-10T12:28:07Z</time>
        <speed>4.497000</speed>
      </trkpt>
      <trkpt lat="59.507949706" lon="25.684388615">
        <ele>76.200</ele>
        <time>2026-08-10T12:28:09Z</time>
        <speed>4.537000</speed>
      </trkpt>
      <trkpt lat="59.508210216" lon="25.684393896">
        <ele>76.000</ele>
        <time>2026-08-10T12:28:15Z</time>
        <speed>4.406000</speed>
      </trkpt>
      <trkpt lat="59.508292358" lon="25.684406050">
        <ele>75.800</ele>
        <time>2026-08-10T12:28:17Z</time>
        <speed>4.411000</speed>
      </trkpt>
      <trkpt lat="59.508597627" lon="25.684378725">
        <ele>76.200</ele>
        <time>2026-08-10T12:28:24Z</time>
        <speed>4.558000</speed>
      </trkpt>
      <trkpt lat="59.508972466" lon="25.684327595">
        <ele>76.600</ele>
        <time>2026-08-10T12:28:32Z</time>
        <speed>5.086000</speed>
      </trkpt>
      <trkpt lat="59.509313609" lon="25.684258780">
        <ele>76.400</ele>
        <time>2026-08-10T12:28:39Z</time>
        <speed>4.770000</speed>
      </trkpt>
      <trkpt lat="59.509660956" lon="25.684198430">
        <ele>75.600</ele>
        <time>2026-08-10T12:28:47Z</time>
        <speed>4.746000</speed>
      </trkpt>
      <trkpt lat="59.509984916" lon="25.684159873">
        <ele>75.600</ele>
        <time>2026-08-10T12:28:54Z</time>
        <speed>4.725000</speed>
      </trkpt>
      <trkpt lat="59.510364952" lon="25.684102541">
        <ele>76.200</ele>
        <time>2026-08-10T12:29:02Z</time>
        <speed>4.922000</speed>
      </trkpt>
      <trkpt lat="59.510783041" lon="25.683997516">
        <ele>76.400</ele>
        <time>2026-08-10T12:29:11Z</time>
        <speed>5.066000</speed>
      </trkpt>
      <trkpt lat="59.511233903" lon="25.683884947">
        <ele>76.400</ele>
        <time>2026-08-10T12:29:21Z</time>
        <speed>4.249000</speed>
      </trkpt>
      <trkpt lat="59.511518888" lon="25.683823004">
        <ele>76.400</ele>
        <time>2026-08-10T12:29:29Z</time>
        <speed>3.736000</speed>
      </trkpt>
      <trkpt lat="59.511691388" lon="25.683810599">
        <ele>76.200</ele>
        <time>2026-08-10T12:29:34Z</time>
        <speed>4.008000</speed>
      </trkpt>
      <trkpt lat="59.511951813" lon="25.683762319">
        <ele>76.200</ele>
        <time>2026-08-10T12:29:41Z</time>
        <speed>4.137000</speed>
      </trkpt>
      <trkpt lat="59.512180975" lon="25.683742454">
        <ele>75.800</ele>
        <time>2026-08-10T12:29:47Z</time>
        <speed>4.212000</speed>
      </trkpt>
      <trkpt lat="59.512446932" lon="25.683762655">
        <ele>75.000</ele>
        <time>2026-08-10T12:29:54Z</time>
        <speed>4.255000</speed>
      </trkpt>
      <trkpt lat="59.512493033" lon="25.683767768">
        <ele>74.800</ele>
        <time>2026-08-10T12:29:55Z</time>
        <speed>4.662000</speed>
      </trkpt>
      <trkpt lat="59.512680536" lon="25.683802804">
        <ele>74.600</ele>
        <time>2026-08-10T12:29:59Z</time>
        <speed>5.145000</speed>
      </trkpt>
      <trkpt lat="59.512775671" lon="25.683817808">
        <ele>74.400</ele>
        <time>2026-08-10T12:30:01Z</time>
        <speed>5.102000</speed>
      </trkpt>
      <trkpt lat="59.512921600" lon="25.683840103">
        <ele>74.200</ele>
        <time>2026-08-10T12:30:04Z</time>
        <speed>5.237000</speed>
      </trkpt>
      <trkpt lat="59.513061661" lon="25.683891149">
        <ele>73.800</ele>
        <time>2026-08-10T12:30:07Z</time>
        <speed>5.022000</speed>
      </trkpt>
      <trkpt lat="59.513112204" lon="25.683893831">
        <ele>73.800</ele>
        <time>2026-08-10T12:30:08Z</time>
        <speed>5.148000</speed>
      </trkpt>
      <trkpt lat="59.513163166" lon="25.683909841">
        <ele>73.600</ele>
        <time>2026-08-10T12:30:09Z</time>
        <speed>5.082000</speed>
      </trkpt>
      <trkpt lat="59.513672199" lon="25.684187030">
        <ele>73.000</ele>
        <time>2026-08-10T12:30:19Z</time>
        <speed>5.089000</speed>
      </trkpt>
      <trkpt lat="59.513724921" lon="25.684235143">
        <ele>72.800</ele>
        <time>2026-08-10T12:30:20Z</time>
        <speed>5.318000</speed>
      </trkpt>
      <trkpt lat="59.514008816" lon="25.684535047">
        <ele>72.400</ele>
        <time>2026-08-10T12:30:26Z</time>
        <speed>5.375000</speed>
      </trkpt>
      <trkpt lat="59.514131695" lon="25.684691789">
        <ele>72.000</ele>
        <time>2026-08-10T12:30:29Z</time>
        <speed>5.278000</speed>
      </trkpt>
      <trkpt lat="59.514257340" lon="25.684850710">
        <ele>72.200</ele>
        <time>2026-08-10T12:30:32Z</time>
        <speed>5.299000</speed>
      </trkpt>
      <trkpt lat="59.514300004" lon="25.684906114">
        <ele>72.000</ele>
        <time>2026-08-10T12:30:33Z</time>
        <speed>5.206000</speed>
      </trkpt>
      <trkpt lat="59.514447525" lon="25.685117170">
        <ele>71.800</ele>
        <time>2026-08-10T12:30:37Z</time>
        <speed>4.548000</speed>
      </trkpt>
      <trkpt lat="59.514577109" lon="25.685261590">
        <ele>71.400</ele>
        <time>2026-08-10T12:30:40Z</time>
        <speed>4.761000</speed>
      </trkpt>
      <trkpt lat="59.514727565" lon="25.685472479">
        <ele>71.400</ele>
        <time>2026-08-10T12:30:44Z</time>
        <speed>4.595000</speed>
      </trkpt>
      <trkpt lat="59.514861004" lon="25.685671549">
        <ele>71.400</ele>
        <time>2026-08-10T12:30:47Z</time>
        <speed>5.332000</speed>
      </trkpt>
      <trkpt lat="59.514898974" lon="25.685725696">
        <ele>71.400</ele>
        <time>2026-08-10T12:30:48Z</time>
        <speed>5.332000</speed>
      </trkpt>
      <trkpt lat="59.515159065" lon="25.686119227">
        <ele>71.000</ele>
        <time>2026-08-10T12:30:54Z</time>
        <speed>5.454000</speed>
      </trkpt>
      <trkpt lat="59.515294097" lon="25.686294241">
        <ele>70.600</ele>
        <time>2026-08-10T12:30:57Z</time>
        <speed>5.304000</speed>
      </trkpt>
      <trkpt lat="59.515469028" lon="25.686502783">
        <ele>70.400</ele>
        <time>2026-08-10T12:31:01Z</time>
        <speed>5.335000</speed>
      </trkpt>
      <trkpt lat="59.515764238" lon="25.686833281">
        <ele>71.000</ele>
        <time>2026-08-10T12:31:08Z</time>
        <speed>4.548000</speed>
      </trkpt>
      <trkpt lat="59.516071016" lon="25.687236702">
        <ele>70.600</ele>
        <time>2026-08-10T12:31:16Z</time>
        <speed>4.780000</speed>
      </trkpt>
      <trkpt lat="59.516177801" lon="25.687426552">
        <ele>72.400</ele>
        <time>2026-08-10T12:31:19Z</time>
        <speed>4.595000</speed>
      </trkpt>
      <trkpt lat="59.516275031" lon="25.687587066">
        <ele>70.600</ele>
        <time>2026-08-10T12:31:22Z</time>
        <speed>4.378000</speed>
      </trkpt>
      <trkpt lat="59.516345691" lon="25.687667867">
        <ele>69.600</ele>
        <time>2026-08-10T12:31:24Z</time>
        <speed>4.076000</speed>
      </trkpt>
      <trkpt lat="59.516504779" lon="25.687738275">
        <ele>69.400</ele>
        <time>2026-08-10T12:31:29Z</time>
        <speed>2.776000</speed>
      </trkpt>
    </trkseg>
    <trkseg>
      <trkpt lat="59.516591867" lon="25.687704664">
        <ele>71.000</ele>
        <time>2026-08-10T12:33:30Z</time>
        <speed>1.481000</speed>
      </trkpt>
      <trkpt lat="59.516640231" lon="25.687642973">
        <ele>71.000</ele>
        <time>2026-08-10T12:33:33Z</time>
        <speed>1.888000</speed>
      </trkpt>
      <trkpt lat="59.516672669" lon="25.687602237">
        <ele>71.000</ele>
        <time>2026-08-10T12:33:35Z</time>
        <speed>1.666000</speed>
      </trkpt>
      <trkpt lat="59.516733186" lon="25.687485980">
        <ele>70.800</ele>
        <time>2026-08-10T12:33:39Z</time>
        <speed>1.283000</speed>
      </trkpt>
      <trkpt lat="59.516755063" lon="25.687461589">
        <ele>70.600</ele>
        <time>2026-08-10T12:33:40Z</time>
        <speed>2.334000</speed>
      </trkpt>
      <trkpt lat="59.516831674" lon="25.687353127">
        <ele>70.400</ele>
        <time>2026-08-10T12:33:43Z</time>
        <speed>2.523000</speed>
      </trkpt>
      <trkpt lat="59.516903590" lon="25.687210551">
        <ele>70.200</ele>
        <time>2026-08-10T12:33:46Z</time>
        <speed>2.983000</speed>
      </trkpt>
      <trkpt lat="59.516954385" lon="25.687105022">
        <ele>70.000</ele>
        <time>2026-08-10T12:33:48Z</time>
        <speed>3.268000</speed>
      </trkpt>
      <trkpt lat="59.516982296" lon="25.687053557">
        <ele>70.000</ele>
        <time>2026-08-10T12:33:49Z</time>
        <speed>3.211000</speed>
      </trkpt>
      <trkpt lat="59.517186899" lon="25.686638989">
        <ele>70.200</ele>
        <time>2026-08-10T12:33:56Z</time>
        <speed>2.954000</speed>
      </trkpt>
      <trkpt lat="59.517328972" lon="25.686298516">
        <ele>69.600</ele>
        <time>2026-08-10T12:34:02Z</time>
        <speed>4.190000</speed>
      </trkpt>
      <trkpt lat="59.517462160" lon="25.686122160">
        <ele>70.200</ele>
        <time>2026-08-10T12:34:06Z</time>
        <speed>4.753000</speed>
      </trkpt>
      <trkpt lat="59.517502142" lon="25.686121825">
        <ele>70.000</ele>
        <time>2026-08-10T12:34:07Z</time>
        <speed>4.416000</speed>
      </trkpt>
      <trkpt lat="59.517646478" lon="25.686291056">
        <ele>69.000</ele>
        <time>2026-08-10T12:34:11Z</time>
        <speed>4.947000</speed>
      </trkpt>
      <trkpt lat="59.517958453" lon="25.686765304">
        <ele>68.800</ele>
        <time>2026-08-10T12:34:19Z</time>
        <speed>5.680000</speed>
      </trkpt>
      <trkpt lat="59.518304626" lon="25.687288838">
        <ele>69.200</ele>
        <time>2026-08-10T12:34:27Z</time>
        <speed>6.102000</speed>
      </trkpt>
      <trkpt lat="59.518655911" lon="25.687770126">
        <ele>69.200</ele>
        <time>2026-08-10T12:34:35Z</time>
        <speed>5.973000</speed>
      </trkpt>
      <trkpt lat="59.519011220" lon="25.688247392">
        <ele>69.200</ele>
        <time>2026-08-10T12:34:43Z</time>
        <speed>5.796000</speed>
      </trkpt>
      <trkpt lat="59.519373151" lon="25.688783666">
        <ele>69.400</ele>
        <time>2026-08-10T12:34:52Z</time>
        <speed>5.477000</speed>
      </trkpt>
      <trkpt lat="59.519744888" lon="25.689344835">
        <ele>70.200</ele>
        <time>2026-08-10T12:35:02Z</time>
        <speed>4.712000</speed>
      </trkpt>
      <trkpt lat="59.519777410" lon="25.689392360">
        <ele>70.400</ele>
        <time>2026-08-10T12:35:03Z</time>
        <speed>4.551000</speed>
      </trkpt>
      <trkpt lat="59.520004559" lon="25.689712549">
        <ele>71.200</ele>
        <time>2026-08-10T12:35:10Z</time>
        <speed>4.520000</speed>
      </trkpt>
      <trkpt lat="59.520036746" lon="25.689755715">
        <ele>71.200</ele>
        <time>2026-08-10T12:35:11Z</time>
        <speed>4.455000</speed>
      </trkpt>
      <trkpt lat="59.520291639" lon="25.690144049">
        <ele>71.000</ele>
        <time>2026-08-10T12:35:19Z</time>
        <speed>4.325000</speed>
      </trkpt>
      <trkpt lat="59.520573691" lon="25.690596169">
        <ele>71.200</ele>
        <time>2026-08-10T12:35:28Z</time>
        <speed>4.692000</speed>
      </trkpt>
      <trkpt lat="59.520902513" lon="25.691145686">
        <ele>71.600</ele>
        <time>2026-08-10T12:35:38Z</time>
        <speed>5.043000</speed>
      </trkpt>
      <trkpt lat="59.521243153" lon="25.691719344">
        <ele>72.400</ele>
        <time>2026-08-10T12:35:48Z</time>
        <speed>4.893000</speed>
      </trkpt>
      <trkpt lat="59.521276094" lon="25.691776341">
        <ele>72.400</ele>
        <time>2026-08-10T12:35:49Z</time>
        <speed>4.882000</speed>
      </trkpt>
      <trkpt lat="59.521546913" lon="25.692211613">
        <ele>72.600</ele>
        <time>2026-08-10T12:35:57Z</time>
        <speed>5.011000</speed>
      </trkpt>
      <trkpt lat="59.521849249" lon="25.692730118">
        <ele>73.000</ele>
        <time>2026-08-10T12:36:06Z</time>
        <speed>4.909000</speed>
      </trkpt>
      <trkpt lat="59.522021580" lon="25.693027759">
        <ele>73.400</ele>
        <time>2026-08-10T12:36:11Z</time>
        <speed>5.092000</speed>
      </trkpt>
      <trkpt lat="59.522196678" lon="25.693313163">
        <ele>73.400</ele>
        <time>2026-08-10T12:36:16Z</time>
        <speed>5.151000</speed>
      </trkpt>
      <trkpt lat="59.522550311" lon="25.693924455">
        <ele>74.000</ele>
        <time>2026-08-10T12:36:26Z</time>
        <speed>5.286000</speed>
      </trkpt>
      <trkpt lat="59.522687690" lon="25.694145653">
        <ele>74.400</ele>
        <time>2026-08-10T12:36:30Z</time>
        <speed>4.687000</speed>
      </trkpt>
      <trkpt lat="59.522814928" lon="25.694372887">
        <ele>74.600</ele>
        <time>2026-08-10T12:36:34Z</time>
        <speed>4.799000</speed>
      </trkpt>
      <trkpt lat="59.523094632" lon="25.694861971">
        <ele>75.400</ele>
        <time>2026-08-10T12:36:43Z</time>
        <speed>4.571000</speed>
      </trkpt>
      <trkpt lat="59.523219606" lon="25.695065735">
        <ele>75.400</ele>
        <time>2026-08-10T12:36:47Z</time>
        <speed>4.631000</speed>
      </trkpt>
      <trkpt lat="59.523407277" lon="25.695384918">
        <ele>76.000</ele>
        <time>2026-08-10T12:36:53Z</time>
        <speed>4.653000</speed>
      </trkpt>
      <trkpt lat="59.523699386" lon="25.695874924">
        <ele>76.000</ele>
        <time>2026-08-10T12:37:02Z</time>
        <speed>4.851000</speed>
      </trkpt>
      <trkpt lat="59.523895355" lon="25.696214978">
        <ele>76.400</ele>
        <time>2026-08-10T12:37:08Z</time>
        <speed>4.747000</speed>
      </trkpt>
      <trkpt lat="59.523927290" lon="25.696268706">
        <ele>76.600</ele>
        <time>2026-08-10T12:37:09Z</time>
        <speed>4.827000</speed>
      </trkpt>
      <trkpt lat="59.524237672" lon="25.696795341">
        <ele>77.800</ele>
        <time>2026-08-10T12:37:18Z</time>
        <speed>5.200000</speed>
      </trkpt>
      <trkpt lat="59.524271535" lon="25.696854433">
        <ele>78.000</ele>
        <time>2026-08-10T12:37:19Z</time>
        <speed>5.151000</speed>
      </trkpt>
      <trkpt lat="59.524503211" lon="25.697252573">
        <ele>78.800</ele>
        <time>2026-08-10T12:37:26Z</time>
        <speed>4.504000</speed>
      </trkpt>
      <trkpt lat="59.524530955" lon="25.697310828">
        <ele>79.000</ele>
        <time>2026-08-10T12:37:27Z</time>
        <speed>4.612000</speed>
      </trkpt>
      <trkpt lat="59.524712423" lon="25.697646523">
        <ele>79.400</ele>
        <time>2026-08-10T12:37:33Z</time>
        <speed>4.839000</speed>
      </trkpt>
      <trkpt lat="59.524747878" lon="25.697700586">
        <ele>79.400</ele>
        <time>2026-08-10T12:37:34Z</time>
        <speed>4.913000</speed>
      </trkpt>
      <trkpt lat="59.524849132" lon="25.697877277">
        <ele>79.800</ele>
        <time>2026-08-10T12:37:37Z</time>
        <speed>5.010000</speed>
      </trkpt>
      <trkpt lat="59.525025152" lon="25.698169973">
        <ele>79.800</ele>
        <time>2026-08-10T12:37:42Z</time>
        <speed>5.170000</speed>
      </trkpt>
      <trkpt lat="59.525334025" lon="25.698677916">
        <ele>79.200</ele>
        <time>2026-08-10T12:37:51Z</time>
        <speed>4.786000</speed>
      </trkpt>
      <trkpt lat="59.525669469" lon="25.699233050">
        <ele>79.400</ele>
        <time>2026-08-10T12:38:01Z</time>
        <speed>4.961000</speed>
      </trkpt>
      <trkpt lat="59.525995022" lon="25.699781310">
        <ele>79.400</ele>
        <time>2026-08-10T12:38:11Z</time>
        <speed>4.787000</speed>
      </trkpt>
      <trkpt lat="59.526216807" lon="25.700133434">
        <ele>79.400</ele>
        <time>2026-08-10T12:38:18Z</time>
        <speed>4.844000</speed>
      </trkpt>
      <trkpt lat="59.526518974" lon="25.700641712">
        <ele>79.800</ele>
        <time>2026-08-10T12:38:27Z</time>
        <speed>4.944000</speed>
      </trkpt>
      <trkpt lat="59.526662640" lon="25.700888224">
        <ele>79.400</ele>
        <time>2026-08-10T12:38:31Z</time>
        <speed>5.590000</speed>
      </trkpt>
      <trkpt lat="59.526778730" lon="25.701079918">
        <ele>79.400</ele>
        <time>2026-08-10T12:38:34Z</time>
        <speed>5.674000</speed>
      </trkpt>
      <trkpt lat="59.527047956" lon="25.701518795">
        <ele>79.000</ele>
        <time>2026-08-10T12:38:41Z</time>
        <speed>5.521000</speed>
      </trkpt>
      <trkpt lat="59.527084082" lon="25.701588113">
        <ele>78.800</ele>
        <time>2026-08-10T12:38:42Z</time>
        <speed>5.610000</speed>
      </trkpt>
      <trkpt lat="59.527186509" lon="25.701787602">
        <ele>78.800</ele>
        <time>2026-08-10T12:38:45Z</time>
        <speed>4.755000</speed>
      </trkpt>
      <trkpt lat="59.527243674" lon="25.701898159">
        <ele>78.800</ele>
        <time>2026-08-10T12:38:47Z</time>
        <speed>4.514000</speed>
      </trkpt>
      <trkpt lat="59.527442744" lon="25.702290349">
        <ele>78.000</ele>
        <time>2026-08-10T12:38:53Z</time>
        <speed>5.849000</speed>
      </trkpt>
      <trkpt lat="59.527512817" lon="25.702444743">
        <ele>77.600</ele>
        <time>2026-08-10T12:38:55Z</time>
        <speed>6.008000</speed>
      </trkpt>
      <trkpt lat="59.527709372" lon="25.702858390">
        <ele>76.800</ele>
        <time>2026-08-10T12:39:00Z</time>
        <speed>6.621000</speed>
      </trkpt>
      <trkpt lat="59.527749689" lon="25.702946484">
        <ele>76.600</ele>
        <time>2026-08-10T12:39:01Z</time>
        <speed>6.746000</speed>
      </trkpt>
      <trkpt lat="59.527913053" lon="25.703315791">
        <ele>75.400</ele>
        <time>2026-08-10T12:39:05Z</time>
        <speed>7.216000</speed>
      </trkpt>
      <trkpt lat="59.528042134" lon="25.703625418">
        <ele>74.800</ele>
        <time>2026-08-10T12:39:08Z</time>
        <speed>7.861000</speed>
      </trkpt>
      <trkpt lat="59.528176831" lon="25.703971507">
        <ele>74.000</ele>
        <time>2026-08-10T12:39:11Z</time>
        <speed>8.443000</speed>
      </trkpt>
      <trkpt lat="59.528261907" lon="25.704231765">
        <ele>73.000</ele>
        <time>2026-08-10T12:39:13Z</time>
        <speed>9.143000</speed>
      </trkpt>
      <trkpt lat="59.528302560" lon="25.704373252">
        <ele>72.600</ele>
        <time>2026-08-10T12:39:14Z</time>
        <speed>9.278000</speed>
      </trkpt>
      <trkpt lat="59.528423930" lon="25.704825539">
        <ele>71.400</ele>
        <time>2026-08-10T12:39:17Z</time>
        <speed>9.835000</speed>
      </trkpt>
      <trkpt lat="59.528532811" lon="25.705323257">
        <ele>70.000</ele>
        <time>2026-08-10T12:39:20Z</time>
        <speed>10.520000</speed>
      </trkpt>
      <trkpt lat="59.528641272" lon="25.705857016">
        <ele>69.000</ele>
        <time>2026-08-10T12:39:23Z</time>
        <speed>10.829000</speed>
      </trkpt>
      <trkpt lat="59.528743699" lon="25.706413072">
        <ele>67.800</ele>
        <time>2026-08-10T12:39:26Z</time>
        <speed>11.208000</speed>
      </trkpt>
      <trkpt lat="59.528807737" lon="25.706791598">
        <ele>67.200</ele>
        <time>2026-08-10T12:39:28Z</time>
        <speed>11.255000</speed>
      </trkpt>
      <trkpt lat="59.528836403" lon="25.706981281">
        <ele>66.800</ele>
        <time>2026-08-10T12:39:29Z</time>
        <speed>11.139000</speed>
      </trkpt>
      <trkpt lat="59.528932711" lon="25.707730455">
        <ele>65.600</ele>
        <time>2026-08-10T12:39:33Z</time>
        <speed>10.809000</speed>
      </trkpt>
      <trkpt lat="59.528981494" lon="25.708090542">
        <ele>64.800</ele>
        <time>2026-08-10T12:39:35Z</time>
        <speed>10.519000</speed>
      </trkpt>
      <trkpt lat="59.529026505" lon="25.708445515">
        <ele>64.200</ele>
        <time>2026-08-10T12:39:37Z</time>
        <speed>10.316000</speed>
      </trkpt>
      <trkpt lat="59.529093644" lon="25.708967289">
        <ele>63.000</ele>
        <time>2026-08-10T12:39:40Z</time>
        <speed>9.954000</speed>
      </trkpt>
      <trkpt lat="59.529115604" lon="25.709136100">
        <ele>62.000</ele>
        <time>2026-08-10T12:39:41Z</time>
        <speed>9.794000</speed>
      </trkpt>
      <trkpt lat="59.529156424" lon="25.709469700">
        <ele>61.400</ele>
        <time>2026-08-10T12:39:43Z</time>
        <speed>9.713000</speed>
      </trkpt>
      <trkpt lat="59.529199591" lon="25.709791398">
        <ele>60.600</ele>
        <time>2026-08-10T12:39:45Z</time>
        <speed>9.276000</speed>
      </trkpt>
      <trkpt lat="59.529304616" lon="25.710425740">
        <ele>59.600</ele>
        <time>2026-08-10T12:39:49Z</time>
        <speed>9.674000</speed>
      </trkpt>
      <trkpt lat="59.529333115" lon="25.710586002">
        <ele>59.400</ele>
        <time>2026-08-10T12:39:50Z</time>
        <speed>9.500000</speed>
      </trkpt>
      <trkpt lat="59.529541237" lon="25.711525781">
        <ele>58.400</ele>
        <time>2026-08-10T12:39:56Z</time>
        <speed>9.620000</speed>
      </trkpt>
      <trkpt lat="59.529620027" lon="25.711823255">
        <ele>57.600</ele>
        <time>2026-08-10T12:39:58Z</time>
        <speed>9.449000</speed>
      </trkpt>
      <trkpt lat="59.529659674" lon="25.711970525">
        <ele>57.400</ele>
        <time>2026-08-10T12:39:59Z</time>
        <speed>9.361000</speed>
      </trkpt>
      <trkpt lat="59.529844159" lon="25.712519204">
        <ele>56.400</ele>
        <time>2026-08-10T12:40:03Z</time>
        <speed>9.225000</speed>
      </trkpt>
      <trkpt lat="59.529892188" lon="25.712651052">
        <ele>56.200</ele>
        <time>2026-08-10T12:40:04Z</time>
        <speed>9.072000</speed>
      </trkpt>
      <trkpt lat="59.530237522" lon="25.713526877">
        <ele>55.000</ele>
        <time>2026-08-10T12:40:11Z</time>
        <speed>8.545000</speed>
      </trkpt>
      <trkpt lat="59.530286305" lon="25.713645983">
        <ele>54.800</ele>
        <time>2026-08-10T12:40:12Z</time>
        <speed>8.561000</speed>
      </trkpt>
      <trkpt lat="59.530480681" lon="25.714115873">
        <ele>53.600</ele>
        <time>2026-08-10T12:40:16Z</time>
        <speed>8.513000</speed>
      </trkpt>
      <trkpt lat="59.530754937" lon="25.714814588">
        <ele>53.400</ele>
        <time>2026-08-10T12:40:22Z</time>
        <speed>7.897000</speed>
      </trkpt>
      <trkpt lat="59.531004215" lon="25.715425629">
        <ele>52.600</ele>
        <time>2026-08-10T12:40:28Z</time>
        <speed>6.887000</speed>
      </trkpt>
      <trkpt lat="59.531043107" lon="25.715520596">
        <ele>52.400</ele>
        <time>2026-08-10T12:40:29Z</time>
        <speed>6.750000</speed>
      </trkpt>
      <trkpt lat="59.531391459" lon="25.716362558">
        <ele>52.400</ele>
        <time>2026-08-10T12:40:38Z</time>
        <speed>7.057000</speed>
      </trkpt>
      <trkpt lat="59.531430183" lon="25.716460627">
        <ele>52.400</ele>
        <time>2026-08-10T12:40:39Z</time>
        <speed>7.029000</speed>
      </trkpt>
      <trkpt lat="59.531719694" lon="25.717178285">
        <ele>52.200</ele>
        <time>2026-08-10T12:40:46Z</time>
        <speed>7.689000</speed>
      </trkpt>
      <trkpt lat="59.531984394" lon="25.717865098">
        <ele>52.000</ele>
        <time>2026-08-10T12:40:53Z</time>
        <speed>6.551000</speed>
      </trkpt>
      <trkpt lat="59.532163180" lon="25.718346890">
        <ele>51.600</ele>
        <time>2026-08-10T12:40:58Z</time>
        <speed>6.840000</speed>
      </trkpt>
      <trkpt lat="59.532297375" lon="25.718753999">
        <ele>51.400</ele>
        <time>2026-08-10T12:41:02Z</time>
        <speed>7.000000</speed>
      </trkpt>
      <trkpt lat="59.532546652" lon="25.719627896">
        <ele>51.400</ele>
        <time>2026-08-10T12:41:10Z</time>
        <speed>6.927000</speed>
      </trkpt>
      <trkpt lat="59.532803725" lon="25.720603634">
        <ele>51.000</ele>
        <time>2026-08-10T12:41:19Z</time>
        <speed>6.806000</speed>
      </trkpt>
      <trkpt lat="59.532857537" lon="25.720823994">
        <ele>50.800</ele>
        <time>2026-08-10T12:41:21Z</time>
        <speed>6.867000</speed>
      </trkpt>
      <trkpt lat="59.533109916" lon="25.721756900">
        <ele>50.800</ele>
        <time>2026-08-10T12:41:30Z</time>
        <speed>6.456000</speed>
      </trkpt>
      <trkpt lat="59.533320470" lon="25.722452682">
        <ele>50.600</ele>
        <time>2026-08-10T12:41:37Z</time>
        <speed>6.777000</speed>
      </trkpt>
      <trkpt lat="59.533558600" lon="25.723159695">
        <ele>50.800</ele>
        <time>2026-08-10T12:41:44Z</time>
        <speed>6.629000</speed>
      </trkpt>
      <trkpt lat="59.533591876" lon="25.723253824">
        <ele>50.400</ele>
        <time>2026-08-10T12:41:45Z</time>
        <speed>6.405000</speed>
      </trkpt>
      <trkpt lat="59.533855319" lon="25.723969555">
        <ele>50.200</ele>
        <time>2026-08-10T12:41:53Z</time>
        <speed>6.203000</speed>
      </trkpt>
      <trkpt lat="59.534127982" lon="25.724711102">
        <ele>49.800</ele>
        <time>2026-08-10T12:42:01Z</time>
        <speed>6.261000</speed>
      </trkpt>
      <trkpt lat="59.534316910" lon="25.725231366">
        <ele>50.000</ele>
        <time>2026-08-10T12:42:07Z</time>
        <speed>6.053000</speed>
      </trkpt>
      <trkpt lat="59.534553029" lon="25.725831343">
        <ele>49.600</ele>
        <time>2026-08-10T12:42:14Z</time>
        <speed>5.761000</speed>
      </trkpt>
      <trkpt lat="59.534584209" lon="25.725915246">
        <ele>49.600</ele>
        <time>2026-08-10T12:42:15Z</time>
        <speed>5.757000</speed>
      </trkpt>
      <trkpt lat="59.534878163" lon="25.726674646">
        <ele>49.600</ele>
        <time>2026-08-10T12:42:24Z</time>
        <speed>5.967000</speed>
      </trkpt>
      <trkpt lat="59.535143366" lon="25.727292560">
        <ele>50.400</ele>
        <time>2026-08-10T12:42:32Z</time>
        <speed>5.231000</speed>
      </trkpt>
      <trkpt lat="59.535346208" lon="25.727771083">
        <ele>51.400</ele>
        <time>2026-08-10T12:42:39Z</time>
        <speed>4.625000</speed>
      </trkpt>
      <trkpt lat="59.535358278" lon="25.727841994">
        <ele>51.600</ele>
        <time>2026-08-10T12:42:40Z</time>
        <speed>4.116000</speed>
      </trkpt>
      <trkpt lat="59.535339335" lon="25.727966884">
        <ele>51.000</ele>
        <time>2026-08-10T12:42:43Z</time>
        <speed>1.621000</speed>
      </trkpt>
    </trkseg>
    <trkseg>
      <trkpt lat="59.535362888" lon="25.728045423">
        <ele>49.600</ele>
        <time>2026-08-10T12:43:53Z</time>
        <speed>1.698000</speed>
      </trkpt>
      <trkpt lat="59.535383256" lon="25.728066210">
        <ele>49.600</ele>
        <time>2026-08-10T12:43:54Z</time>
        <speed>2.184000</speed>
      </trkpt>
      <trkpt lat="59.535527676" lon="25.728181209">
        <ele>49.800</ele>
        <time>2026-08-10T12:43:59Z</time>
        <speed>3.937000</speed>
      </trkpt>
      <trkpt lat="59.535645945" lon="25.728400396">
        <ele>49.800</ele>
        <time>2026-08-10T12:44:03Z</time>
        <speed>4.915000</speed>
      </trkpt>
      <trkpt lat="59.535677126" lon="25.728470134">
        <ele>49.800</ele>
        <time>2026-08-10T12:44:04Z</time>
        <speed>5.290000</speed>
      </trkpt>
      <trkpt lat="59.535936294" lon="25.729004731">
        <ele>49.600</ele>
        <time>2026-08-10T12:44:11Z</time>
        <speed>6.142000</speed>
      </trkpt>
      <trkpt lat="59.536213987" lon="25.729524828">
        <ele>49.400</ele>
        <time>2026-08-10T12:44:18Z</time>
        <speed>5.197000</speed>
      </trkpt>
      <trkpt lat="59.536280287" lon="25.729661537">
        <ele>49.000</ele>
        <time>2026-08-10T12:44:20Z</time>
        <speed>5.352000</speed>
      </trkpt>
      <trkpt lat="59.536436526" lon="25.729935374">
        <ele>49.000</ele>
        <time>2026-08-10T12:44:24Z</time>
        <speed>6.003000</speed>
      </trkpt>
      <trkpt lat="59.536812957" lon="25.730565693">
        <ele>49.200</ele>
        <time>2026-08-10T12:44:33Z</time>
        <speed>6.010000</speed>
      </trkpt>
      <trkpt lat="59.537173463" lon="25.731121581">
        <ele>49.200</ele>
        <time>2026-08-10T12:44:41Z</time>
        <speed>6.341000</speed>
      </trkpt>
      <trkpt lat="59.537637988" lon="25.731785847">
        <ele>49.200</ele>
        <time>2026-08-10T12:44:51Z</time>
        <speed>6.316000</speed>
      </trkpt>
      <trkpt lat="59.538079798" lon="25.732360259">
        <ele>49.000</ele>
        <time>2026-08-10T12:45:00Z</time>
        <speed>6.426000</speed>
      </trkpt>
      <trkpt lat="59.538576175" lon="25.732977586">
        <ele>48.800</ele>
        <time>2026-08-10T12:45:10Z</time>
        <speed>6.364000</speed>
      </trkpt>
      <trkpt lat="59.539002730" lon="25.733499359">
        <ele>49.200</ele>
        <time>2026-08-10T12:45:19Z</time>
        <speed>6.014000</speed>
      </trkpt>
      <trkpt lat="59.539405899" lon="25.733998837">
        <ele>49.400</ele>
        <time>2026-08-10T12:45:28Z</time>
        <speed>5.758000</speed>
      </trkpt>
      <trkpt lat="59.539848967" lon="25.734516587">
        <ele>49.400</ele>
        <time>2026-08-10T12:45:38Z</time>
        <speed>5.724000</speed>
      </trkpt>
      <trkpt lat="59.540204359" lon="25.734936520">
        <ele>49.800</ele>
        <time>2026-08-10T12:45:46Z</time>
        <speed>5.567000</speed>
      </trkpt>
      <trkpt lat="59.540487751" lon="25.735322926">
        <ele>49.600</ele>
        <time>2026-08-10T12:45:53Z</time>
        <speed>5.585000</speed>
      </trkpt>
      <trkpt lat="59.540760666" lon="25.735679241">
        <ele>49.400</ele>
        <time>2026-08-10T12:46:00Z</time>
        <speed>4.896000</speed>
      </trkpt>
      <trkpt lat="59.540792014" lon="25.735741016">
        <ele>49.400</ele>
        <time>2026-08-10T12:46:01Z</time>
        <speed>4.981000</speed>
      </trkpt>
      <trkpt lat="59.540902739" lon="25.736161703">
        <ele>49.800</ele>
        <time>2026-08-10T12:46:06Z</time>
        <speed>5.547000</speed>
      </trkpt>
      <trkpt lat="59.540905338" lon="25.736438558">
        <ele>49.200</ele>
        <time>2026-08-10T12:46:09Z</time>
        <speed>5.273000</speed>
      </trkpt>
      <trkpt lat="59.540899890" lon="25.736627234">
        <ele>49.000</ele>
        <time>2026-08-10T12:46:11Z</time>
        <speed>5.536000</speed>
      </trkpt>
      <trkpt lat="59.540865105" lon="25.737260738">
        <ele>48.600</ele>
        <time>2026-08-10T12:46:17Z</time>
        <speed>6.285000</speed>
      </trkpt>
      <trkpt lat="59.540861417" lon="25.737372218">
        <ele>48.400</ele>
        <time>2026-08-10T12:46:18Z</time>
        <speed>6.352000</speed>
      </trkpt>
      <trkpt lat="59.540828811" lon="25.738043273">
        <ele>47.600</ele>
        <time>2026-08-10T12:46:24Z</time>
        <speed>6.362000</speed>
      </trkpt>
      <trkpt lat="59.540813807" lon="25.738267321">
        <ele>47.200</ele>
        <time>2026-08-10T12:46:26Z</time>
        <speed>6.550000</speed>
      </trkpt>
      <trkpt lat="59.540777849" lon="25.739104170">
        <ele>47.000</ele>
        <time>2026-08-10T12:46:33Z</time>
        <speed>6.532000</speed>
      </trkpt>
      <trkpt lat="59.540748596" lon="25.739722839">
        <ele>47.000</ele>
        <time>2026-08-10T12:46:39Z</time>
        <speed>5.803000</speed>
      </trkpt>
      <trkpt lat="59.540718505" lon="25.740361959">
        <ele>47.000</ele>
        <time>2026-08-10T12:46:46Z</time>
        <speed>4.847000</speed>
      </trkpt>
      <trkpt lat="59.540673662" lon="25.740973670">
        <ele>47.400</ele>
        <time>2026-08-10T12:46:53Z</time>
        <speed>4.912000</speed>
      </trkpt>
      <trkpt lat="59.540601661" lon="25.741738519">
        <ele>48.400</ele>
        <time>2026-08-10T12:47:02Z</time>
        <speed>4.580000</speed>
      </trkpt>
      <trkpt lat="59.540589927" lon="25.741891656">
        <ele>48.600</ele>
        <time>2026-08-10T12:47:04Z</time>
        <speed>4.304000</speed>
      </trkpt>
      <trkpt lat="59.540565116" lon="25.742331455">
        <ele>49.000</ele>
        <time>2026-08-10T12:47:10Z</time>
        <speed>4.175000</speed>
      </trkpt>
      <trkpt lat="59.540554974" lon="25.742846355">
        <ele>49.600</ele>
        <time>2026-08-10T12:47:17Z</time>
        <speed>4.128000</speed>
      </trkpt>
      <trkpt lat="59.540545419" lon="25.742992871">
        <ele>49.600</ele>
        <time>2026-08-10T12:47:19Z</time>
        <speed>4.098000</speed>
      </trkpt>
      <trkpt lat="59.540527817" lon="25.743575832">
        <ele>50.000</ele>
        <time>2026-08-10T12:47:27Z</time>
        <speed>4.004000</speed>
      </trkpt>
      <trkpt lat="59.540506778" lon="25.744089223">
        <ele>50.400</ele>
        <time>2026-08-10T12:47:34Z</time>
        <speed>3.986000</speed>
      </trkpt>
      <trkpt lat="59.540503761" lon="25.744307907">
        <ele>50.600</ele>
        <time>2026-08-10T12:47:37Z</time>
        <speed>4.124000</speed>
      </trkpt>
      <trkpt lat="59.540507533" lon="25.744694313">
        <ele>51.000</ele>
        <time>2026-08-10T12:47:42Z</time>
        <speed>4.203000</speed>
      </trkpt>
      <trkpt lat="59.540511891" lon="25.745229414">
        <ele>51.200</ele>
        <time>2026-08-10T12:47:49Z</time>
        <speed>4.124000</speed>
      </trkpt>
      <trkpt lat="59.540519770" lon="25.745595703">
        <ele>50.800</ele>
        <time>2026-08-10T12:47:55Z</time>
        <speed>1.888000</speed>
      </trkpt>
    </trkseg>
    <trkseg>
      <trkpt lat="59.540532678" lon="25.745732915">
        <ele>51.800</ele>
        <time>2026-08-10T12:49:50Z</time>
        <speed>1.868000</speed>
      </trkpt>
      <trkpt lat="59.540573247" lon="25.746059809">
        <ele>52.000</ele>
        <time>2026-08-10T12:49:57Z</time>
        <speed>3.177000</speed>
      </trkpt>
      <trkpt lat="59.540593699" lon="25.746530956">
        <ele>52.200</ele>
        <time>2026-08-10T12:50:05Z</time>
        <speed>3.057000</speed>
      </trkpt>
      <trkpt lat="59.540613228" lon="25.746910488">
        <ele>52.400</ele>
        <time>2026-08-10T12:50:12Z</time>
        <speed>2.589000</speed>
      </trkpt>
      <trkpt lat="59.540648432" lon="25.747274430">
        <ele>52.400</ele>
        <time>2026-08-10T12:50:19Z</time>
        <speed>2.827000</speed>
      </trkpt>
      <trkpt lat="59.540680367" lon="25.747590177">
        <ele>52.400</ele>
        <time>2026-08-10T12:50:25Z</time>
        <speed>3.038000</speed>
      </trkpt>
      <trkpt lat="59.540706938" lon="25.747921681">
        <ele>52.800</ele>
        <time>2026-08-10T12:50:31Z</time>
        <speed>3.057000</speed>
      </trkpt>
      <trkpt lat="59.540713895" lon="25.747979013">
        <ele>52.800</ele>
        <time>2026-08-10T12:50:32Z</time>
        <speed>3.203000</speed>
      </trkpt>
      <trkpt lat="59.540768880" lon="25.748507325">
        <ele>53.200</ele>
        <time>2026-08-10T12:50:41Z</time>
        <speed>3.289000</speed>
      </trkpt>
      <trkpt lat="59.540857980" lon="25.749047622">
        <ele>53.400</ele>
        <time>2026-08-10T12:50:50Z</time>
        <speed>3.503000</speed>
      </trkpt>
      <trkpt lat="59.540917072" lon="25.749491947">
        <ele>53.400</ele>
        <time>2026-08-10T12:50:57Z</time>
        <speed>3.668000</speed>
      </trkpt>
      <trkpt lat="59.541002819" lon="25.750028891">
        <ele>53.600</ele>
        <time>2026-08-10T12:51:05Z</time>
        <speed>3.985000</speed>
      </trkpt>
      <trkpt lat="59.541082447" lon="25.750417896">
        <ele>53.800</ele>
        <time>2026-08-10T12:51:11Z</time>
        <speed>2.964000</speed>
      </trkpt>
      <trkpt lat="59.541101558" lon="25.750508923">
        <ele>53.800</ele>
        <time>2026-08-10T12:51:13Z</time>
        <speed>2.622000</speed>
      </trkpt>
      <trkpt lat="59.541188898" lon="25.750939669">
        <ele>54.200</ele>
        <time>2026-08-10T12:51:20Z</time>
        <speed>4.162000</speed>
      </trkpt>
      <trkpt lat="59.541290822" lon="25.751412408">
        <ele>54.200</ele>
        <time>2026-08-10T12:51:27Z</time>
        <speed>3.722000</speed>
      </trkpt>
      <trkpt lat="59.541372797" lon="25.751759335">
        <ele>54.200</ele>
        <time>2026-08-10T12:51:33Z</time>
        <speed>3.439000</speed>
      </trkpt>
      <trkpt lat="59.541522497" lon="25.752326204">
        <ele>54.400</ele>
        <time>2026-08-10T12:51:42Z</time>
        <speed>3.923000</speed>
      </trkpt>
      <trkpt lat="59.541652668" lon="25.752838086">
        <ele>54.600</ele>
        <time>2026-08-10T12:51:50Z</time>
        <speed>3.855000</speed>
      </trkpt>
      <trkpt lat="59.541794658" lon="25.753343683">
        <ele>54.600</ele>
        <time>2026-08-10T12:51:58Z</time>
        <speed>3.854000</speed>
      </trkpt>
      <trkpt lat="59.541952405" lon="25.753843328">
        <ele>54.600</ele>
        <time>2026-08-10T12:52:06Z</time>
        <speed>3.905000</speed>
      </trkpt>
      <trkpt lat="59.542081989" lon="25.754216155">
        <ele>54.800</ele>
        <time>2026-08-10T12:52:12Z</time>
        <speed>4.180000</speed>
      </trkpt>
      <trkpt lat="59.542173268" lon="25.754480772">
        <ele>54.800</ele>
        <time>2026-08-10T12:52:16Z</time>
        <speed>4.210000</speed>
      </trkpt>
      <trkpt lat="59.542296734" lon="25.754890144">
        <ele>54.800</ele>
        <time>2026-08-10T12:52:23Z</time>
        <speed>3.611000</speed>
      </trkpt>
      <trkpt lat="59.542453224" lon="25.755373193">
        <ele>55.000</ele>
        <time>2026-08-10T12:52:31Z</time>
        <speed>4.008000</speed>
      </trkpt>
      <trkpt lat="59.542590100" lon="25.755786672">
        <ele>55.200</ele>
        <time>2026-08-10T12:52:38Z</time>
        <speed>3.910000</speed>
      </trkpt>
      <trkpt lat="59.542730246" lon="25.756270308">
        <ele>55.600</ele>
        <time>2026-08-10T12:52:46Z</time>
        <speed>3.796000</speed>
      </trkpt>
      <trkpt lat="59.542826973" lon="25.756562166">
        <ele>56.000</ele>
        <time>2026-08-10T12:52:51Z</time>
        <speed>3.821000</speed>
      </trkpt>
      <trkpt lat="59.542884137" lon="25.756739862">
        <ele>56.600</ele>
        <time>2026-08-10T12:52:54Z</time>
        <speed>3.876000</speed>
      </trkpt>
      <trkpt lat="59.543079939" lon="25.757349897">
        <ele>55.800</ele>
        <time>2026-08-10T12:53:04Z</time>
        <speed>3.989000</speed>
      </trkpt>
      <trkpt lat="59.543230981" lon="25.757748038">
        <ele>55.800</ele>
        <time>2026-08-10T12:53:11Z</time>
        <speed>4.199000</speed>
      </trkpt>
      <trkpt lat="59.543299293" lon="25.757952807">
        <ele>55.600</ele>
        <time>2026-08-10T12:53:14Z</time>
        <speed>4.581000</speed>
      </trkpt>
      <trkpt lat="59.543419238" lon="25.758311804">
        <ele>55.800</ele>
        <time>2026-08-10T12:53:19Z</time>
        <speed>4.756000</speed>
      </trkpt>
      <trkpt lat="59.543590145" lon="25.758895269">
        <ele>55.600</ele>
        <time>2026-08-10T12:53:27Z</time>
        <speed>4.225000</speed>
      </trkpt>
      <trkpt lat="59.543739427" lon="25.759396506">
        <ele>55.600</ele>
        <time>2026-08-10T12:53:35Z</time>
        <speed>4.576000</speed>
      </trkpt>
      <trkpt lat="59.543848308" lon="25.759758437">
        <ele>55.200</ele>
        <time>2026-08-10T12:53:41Z</time>
        <speed>3.991000</speed>
      </trkpt>
      <trkpt lat="59.544037906" lon="25.760319689">
        <ele>55.200</ele>
        <time>2026-08-10T12:53:49Z</time>
        <speed>5.233000</speed>
      </trkpt>
      <trkpt lat="59.544196576" lon="25.760796033">
        <ele>55.200</ele>
        <time>2026-08-10T12:53:54Z</time>
        <speed>6.563000</speed>
      </trkpt>
      <trkpt lat="59.544424061" lon="25.761541100">
        <ele>55.000</ele>
        <time>2026-08-10T12:54:02Z</time>
        <speed>5.121000</speed>
      </trkpt>
      <trkpt lat="59.544477621" lon="25.761697926">
        <ele>54.800</ele>
        <time>2026-08-10T12:54:06Z</time>
        <speed>0.910000</speed>
      </trkpt>
    </trkseg>
    <trkseg>
      <trkpt lat="59.544524141" lon="25.761828264">
        <ele>54.400</ele>
        <time>2026-08-10T12:55:03Z</time>
        <speed>2.422000</speed>
      </trkpt>
      <trkpt lat="59.544534534" lon="25.761876963">
        <ele>54.400</ele>
        <time>2026-08-10T12:55:04Z</time>
        <speed>2.552000</speed>
      </trkpt>
      <trkpt lat="59.544625562" lon="25.762176868">
        <ele>54.200</ele>
        <time>2026-08-10T12:55:09Z</time>
        <speed>4.093000</speed>
      </trkpt>
      <trkpt lat="59.544755900" lon="25.762485657">
        <ele>54.200</ele>
        <time>2026-08-10T12:55:15Z</time>
        <speed>1.808000</speed>
      </trkpt>
      <trkpt lat="59.544761181" lon="25.762499571">
        <ele>54.000</ele>
        <time>2026-08-10T12:55:16Z</time>
        <speed>0.944000</speed>
      </trkpt>
    </trkseg>
    <trkseg>
      <trkpt lat="59.544792529" lon="25.762575511">
        <ele>54.200</ele>
        <time>2026-08-10T12:57:56Z</time>
        <speed>1.829000</speed>
      </trkpt>
      <trkpt lat="59.544894453" lon="25.762806516">
        <ele>54.200</ele>
        <time>2026-08-10T12:58:00Z</time>
        <speed>3.795000</speed>
      </trkpt>
      <trkpt lat="59.545058571" lon="25.763291577">
        <ele>54.000</ele>
        <time>2026-08-10T12:58:07Z</time>
        <speed>4.888000</speed>
      </trkpt>
      <trkpt lat="59.545279518" lon="25.763852661">
        <ele>54.200</ele>
        <time>2026-08-10T12:58:15Z</time>
        <speed>4.487000</speed>
      </trkpt>
      <trkpt lat="59.545460315" lon="25.764318947">
        <ele>53.800</ele>
        <time>2026-08-10T12:58:22Z</time>
        <speed>5.044000</speed>
      </trkpt>
      <trkpt lat="59.545699283" lon="25.764908865">
        <ele>53.600</ele>
        <time>2026-08-10T12:58:30Z</time>
        <speed>5.313000</speed>
      </trkpt>
      <trkpt lat="59.545934983" lon="25.765450085">
        <ele>53.600</ele>
        <time>2026-08-10T12:58:38Z</time>
        <speed>4.827000</speed>
      </trkpt>
      <trkpt lat="59.546125755" lon="25.765921148">
        <ele>53.400</ele>
        <time>2026-08-10T12:58:45Z</time>
        <speed>4.683000</speed>
      </trkpt>
      <trkpt lat="59.546372602" lon="25.766500505">
        <ele>53.000</ele>
        <time>2026-08-10T12:58:55Z</time>
        <speed>2.500000</speed>
      </trkpt>
    </trkseg>
    <trkseg>
      <trkpt lat="59.546413422" lon="25.766626401">
        <ele>52.800</ele>
        <time>2026-08-10T12:59:19Z</time>
        <speed>2.154000</speed>
      </trkpt>
      <trkpt lat="59.546455415" lon="25.766712651">
        <ele>53.000</ele>
        <time>2026-08-10T12:59:21Z</time>
        <speed>3.193000</speed>
      </trkpt>
      <trkpt lat="59.546585334" lon="25.767010879">
        <ele>53.000</ele>
        <time>2026-08-10T12:59:26Z</time>
        <speed>5.051000</speed>
      </trkpt>
      <trkpt lat="59.546869481" lon="25.767642455">
        <ele>52.400</ele>
        <time>2026-08-10T12:59:35Z</time>
        <speed>5.450000</speed>
      </trkpt>
      <trkpt lat="59.547107192" lon="25.768147632">
        <ele>52.200</ele>
        <time>2026-08-10T12:59:42Z</time>
        <speed>4.861000</speed>
      </trkpt>
      <trkpt lat="59.547357559" lon="25.768695809">
        <ele>51.800</ele>
        <time>2026-08-10T12:59:50Z</time>
        <speed>5.176000</speed>
      </trkpt>
      <trkpt lat="59.547385555" lon="25.768767726">
        <ele>51.800</ele>
        <time>2026-08-10T12:59:51Z</time>
        <speed>5.184000</speed>
      </trkpt>
      <trkpt lat="59.547628043" lon="25.769337695">
        <ele>51.400</ele>
        <time>2026-08-10T12:59:59Z</time>
        <speed>5.264000</speed>
      </trkpt>
      <trkpt lat="59.547932306" lon="25.769978575">
        <ele>50.800</ele>
        <time>2026-08-10T13:00:08Z</time>
        <speed>5.223000</speed>
      </trkpt>
      <trkpt lat="59.548095753" lon="25.770343607">
        <ele>50.800</ele>
        <time>2026-08-10T13:00:13Z</time>
        <speed>5.377000</speed>
      </trkpt>
      <trkpt lat="59.548161635" lon="25.770495236">
        <ele>50.600</ele>
        <time>2026-08-10T13:00:15Z</time>
        <speed>5.632000</speed>
      </trkpt>
      <trkpt lat="59.548470927" lon="25.771180792">
        <ele>50.600</ele>
        <time>2026-08-10T13:00:24Z</time>
        <speed>5.899000</speed>
      </trkpt>
      <trkpt lat="59.548775023" lon="25.771856373">
        <ele>50.600</ele>
        <time>2026-08-10T13:00:33Z</time>
        <speed>5.716000</speed>
      </trkpt>
      <trkpt lat="59.549046932" lon="25.772471856">
        <ele>50.600</ele>
        <time>2026-08-10T13:00:41Z</time>
        <speed>5.668000</speed>
      </trkpt>
      <trkpt lat="59.549348345" lon="25.773159340">
        <ele>50.400</ele>
        <time>2026-08-10T13:00:50Z</time>
        <speed>5.846000</speed>
      </trkpt>
      <trkpt lat="59.549660822" lon="25.773866940">
        <ele>49.800</ele>
        <time>2026-08-10T13:00:59Z</time>
        <speed>5.569000</speed>
      </trkpt>
      <trkpt lat="59.549833238" lon="25.774270110">
        <ele>49.800</ele>
        <time>2026-08-10T13:01:04Z</time>
        <speed>6.083000</speed>
      </trkpt>
      <trkpt lat="59.549969779" lon="25.774603207">
        <ele>49.800</ele>
        <time>2026-08-10T13:01:08Z</time>
        <speed>6.059000</speed>
      </trkpt>
      <trkpt lat="59.550181506" lon="25.775198489">
        <ele>49.000</ele>
        <time>2026-08-10T13:01:15Z</time>
        <speed>5.849000</speed>
      </trkpt>
      <trkpt lat="59.550245963" lon="25.775375850">
        <ele>48.600</ele>
        <time>2026-08-10T13:01:17Z</time>
        <speed>6.169000</speed>
      </trkpt>
      <trkpt lat="59.550407734" lon="25.775833335">
        <ele>48.200</ele>
        <time>2026-08-10T13:01:22Z</time>
        <speed>6.144000</speed>
      </trkpt>
      <trkpt lat="59.550588196" lon="25.776431048">
        <ele>48.000</ele>
        <time>2026-08-10T13:01:28Z</time>
        <speed>6.627000</speed>
      </trkpt>
      <trkpt lat="59.550794559" lon="25.777190784">
        <ele>47.600</ele>
        <time>2026-08-10T13:01:36Z</time>
        <speed>5.723000</speed>
      </trkpt>
      <trkpt lat="59.550843928" lon="25.777366972">
        <ele>47.600</ele>
        <time>2026-08-10T13:01:38Z</time>
        <speed>5.744000</speed>
      </trkpt>
      <trkpt lat="59.550937135" lon="25.777746001">
        <ele>47.800</ele>
        <time>2026-08-10T13:01:42Z</time>
        <speed>5.999000</speed>
      </trkpt>
      <trkpt lat="59.551115669" lon="25.778582850">
        <ele>47.600</ele>
        <time>2026-08-10T13:01:51Z</time>
        <speed>5.342000</speed>
      </trkpt>
      <trkpt lat="59.551225808" lon="25.779208895">
        <ele>46.600</ele>
        <time>2026-08-10T13:01:58Z</time>
        <speed>5.524000</speed>
      </trkpt>
      <trkpt lat="59.551326307" lon="25.779852541">
        <ele>46.800</ele>
        <time>2026-08-10T13:02:04Z</time>
        <speed>6.435000</speed>
      </trkpt>
      <trkpt lat="59.551338293" lon="25.779967541">
        <ele>46.600</ele>
        <time>2026-08-10T13:02:05Z</time>
        <speed>6.524000</speed>
      </trkpt>
      <trkpt lat="59.551367797" lon="25.780201312">
        <ele>46.400</ele>
        <time>2026-08-10T13:02:07Z</time>
        <speed>6.843000</speed>
      </trkpt>
      <trkpt lat="59.551414819" lon="25.780558549">
        <ele>46.600</ele>
        <time>2026-08-10T13:02:10Z</time>
        <speed>6.839000</speed>
      </trkpt>
      <trkpt lat="59.551432002" lon="25.780678745">
        <ele>46.600</ele>
        <time>2026-08-10T13:02:11Z</time>
        <speed>6.945000</speed>
      </trkpt>
      <trkpt lat="59.551521940" lon="25.781439152">
        <ele>46.000</ele>
        <time>2026-08-10T13:02:17Z</time>
        <speed>7.381000</speed>
      </trkpt>
      <trkpt lat="59.551639203" lon="25.782538773">
        <ele>45.800</ele>
        <time>2026-08-10T13:02:26Z</time>
        <speed>6.669000</speed>
      </trkpt>
      <trkpt lat="59.551685136" lon="25.783270178">
        <ele>45.000</ele>
        <time>2026-08-10T13:02:32Z</time>
        <speed>7.215000</speed>
      </trkpt>
      <trkpt lat="59.551692428" lon="25.783400852">
        <ele>45.000</ele>
        <time>2026-08-10T13:02:33Z</time>
        <speed>7.309000</speed>
      </trkpt>
      <trkpt lat="59.551744815" lon="25.784386564">
        <ele>44.200</ele>
        <time>2026-08-10T13:02:41Z</time>
        <speed>6.683000</speed>
      </trkpt>
      <trkpt lat="59.551751185" lon="25.784504414">
        <ele>44.000</ele>
        <time>2026-08-10T13:02:42Z</time>
        <speed>6.697000</speed>
      </trkpt>
      <trkpt lat="59.551810529" lon="25.785616776">
        <ele>43.600</ele>
        <time>2026-08-10T13:02:51Z</time>
        <speed>7.080000</speed>
      </trkpt>
      <trkpt lat="59.551864676" lon="25.786701562">
        <ele>43.600</ele>
        <time>2026-08-10T13:03:00Z</time>
        <speed>6.470000</speed>
      </trkpt>
      <trkpt lat="59.551870124" lon="25.786814969">
        <ele>43.800</ele>
        <time>2026-08-10T13:03:01Z</time>
        <speed>6.448000</speed>
      </trkpt>
      <trkpt lat="59.551893175" lon="25.787762795">
        <ele>44.400</ele>
        <time>2026-08-10T13:03:10Z</time>
        <speed>5.548000</speed>
      </trkpt>
      <trkpt lat="59.551920248" lon="25.788610959">
        <ele>44.600</ele>
        <time>2026-08-10T13:03:19Z</time>
        <speed>5.143000</speed>
      </trkpt>
      <trkpt lat="59.551942628" lon="25.788884880">
        <ele>44.800</ele>
        <time>2026-08-10T13:03:22Z</time>
        <speed>5.177000</speed>
      </trkpt>
      <trkpt lat="59.551969031" lon="25.789159806">
        <ele>44.800</ele>
        <time>2026-08-10T13:03:25Z</time>
        <speed>5.157000</speed>
      </trkpt>
      <trkpt lat="59.551976742" lon="25.789249409">
        <ele>44.800</ele>
        <time>2026-08-10T13:03:26Z</time>
        <speed>5.031000</speed>
      </trkpt>
      <trkpt lat="59.551990069" lon="25.789429285">
        <ele>45.000</ele>
        <time>2026-08-10T13:03:28Z</time>
        <speed>5.087000</speed>
      </trkpt>
      <trkpt lat="59.552030470" lon="25.790047031">
        <ele>45.000</ele>
        <time>2026-08-10T13:03:35Z</time>
        <speed>5.051000</speed>
      </trkpt>
      <trkpt lat="59.552050252" lon="25.790502755">
        <ele>44.600</ele>
        <time>2026-08-10T13:03:40Z</time>
        <speed>5.196000</speed>
      </trkpt>
      <trkpt lat="59.552073721" lon="25.790870721">
        <ele>44.800</ele>
        <time>2026-08-10T13:03:44Z</time>
        <speed>5.283000</speed>
      </trkpt>
      <trkpt lat="59.552117977" lon="25.791728441">
        <ele>45.000</ele>
        <time>2026-08-10T13:03:53Z</time>
        <speed>5.610000</speed>
      </trkpt>
      <trkpt lat="59.552146392" lon="25.792541066">
        <ele>45.000</ele>
        <time>2026-08-10T13:04:01Z</time>
        <speed>5.762000</speed>
      </trkpt>
      <trkpt lat="59.552203221" lon="25.793473385">
        <ele>44.800</ele>
        <time>2026-08-10T13:04:10Z</time>
        <speed>5.885000</speed>
      </trkpt>
      <trkpt lat="59.552261224" lon="25.794627238">
        <ele>44.400</ele>
        <time>2026-08-10T13:04:21Z</time>
        <speed>6.001000</speed>
      </trkpt>
      <trkpt lat="59.552263655" lon="25.794733604">
        <ele>44.400</ele>
        <time>2026-08-10T13:04:22Z</time>
        <speed>5.995000</speed>
      </trkpt>
      <trkpt lat="59.552322663" lon="25.795771955">
        <ele>44.600</ele>
        <time>2026-08-10T13:04:32Z</time>
        <speed>5.795000</speed>
      </trkpt>
      <trkpt lat="59.552362226" lon="25.796620119">
        <ele>44.600</ele>
        <time>2026-08-10T13:04:40Z</time>
        <speed>5.974000</speed>
      </trkpt>
      <trkpt lat="59.552372200" lon="25.796830589">
        <ele>44.400</ele>
        <time>2026-08-10T13:04:42Z</time>
        <speed>5.919000</speed>
      </trkpt>
      <trkpt lat="59.552395586" lon="25.797230992">
        <ele>44.400</ele>
        <time>2026-08-10T13:04:46Z</time>
        <speed>5.478000</speed>
      </trkpt>
      <trkpt lat="59.552452667" lon="25.798053006">
        <ele>44.400</ele>
        <time>2026-08-10T13:04:55Z</time>
        <speed>5.165000</speed>
      </trkpt>
      <trkpt lat="59.552495917" lon="25.798911564">
        <ele>44.200</ele>
        <time>2026-08-10T13:05:04Z</time>
        <speed>5.362000</speed>
      </trkpt>
      <trkpt lat="59.552570013" lon="25.799916638">
        <ele>44.200</ele>
        <time>2026-08-10T13:05:15Z</time>
        <speed>5.159000</speed>
      </trkpt>
      <trkpt lat="59.552623155" lon="25.800642427">
        <ele>44.000</ele>
        <time>2026-08-10T13:05:23Z</time>
        <speed>4.971000</speed>
      </trkpt>
      <trkpt lat="59.552693814" lon="25.801498471">
        <ele>44.400</ele>
        <time>2026-08-10T13:05:33Z</time>
        <speed>4.911000</speed>
      </trkpt>
      <trkpt lat="59.552751230" lon="25.802170113">
        <ele>44.400</ele>
        <time>2026-08-10T13:05:41Z</time>
        <speed>4.797000</speed>
      </trkpt>
      <trkpt lat="59.552830774" lon="25.802921550">
        <ele>44.400</ele>
        <time>2026-08-10T13:05:50Z</time>
        <speed>4.601000</speed>
      </trkpt>
      <trkpt lat="59.552900344" lon="25.803400492">
        <ele>44.200</ele>
        <time>2026-08-10T13:05:57Z</time>
        <speed>3.940000</speed>
      </trkpt>
      <trkpt lat="59.552952396" lon="25.803996110">
        <ele>44.200</ele>
        <time>2026-08-10T13:06:05Z</time>
        <speed>4.368000</speed>
      </trkpt>
      <trkpt lat="59.553035125" lon="25.804723995">
        <ele>44.400</ele>
        <time>2026-08-10T13:06:14Z</time>
        <speed>4.823000</speed>
      </trkpt>
      <trkpt lat="59.553131768" lon="25.805447269">
        <ele>44.400</ele>
        <time>2026-08-10T13:06:23Z</time>
        <speed>4.711000</speed>
      </trkpt>
      <trkpt lat="59.553209636" lon="25.806044647">
        <ele>44.400</ele>
        <time>2026-08-10T13:06:30Z</time>
        <speed>5.060000</speed>
      </trkpt>
      <trkpt lat="59.553311141" lon="25.806721486">
        <ele>44.400</ele>
        <time>2026-08-10T13:06:38Z</time>
        <speed>4.857000</speed>
      </trkpt>
      <trkpt lat="59.553408455" lon="25.807499243">
        <ele>44.800</ele>
        <time>2026-08-10T13:06:47Z</time>
        <speed>4.825000</speed>
      </trkpt>
      <trkpt lat="59.553509708" lon="25.808185637">
        <ele>44.800</ele>
        <time>2026-08-10T13:06:55Z</time>
        <speed>4.636000</speed>
      </trkpt>
      <trkpt lat="59.553642645" lon="25.809017960">
        <ele>44.800</ele>
        <time>2026-08-10T13:07:05Z</time>
        <speed>4.789000</speed>
      </trkpt>
      <trkpt lat="59.553667875" lon="25.809184760">
        <ele>45.000</ele>
        <time>2026-08-10T13:07:07Z</time>
        <speed>4.812000</speed>
      </trkpt>
      <trkpt lat="59.553774074" lon="25.809739809">
        <ele>45.000</ele>
        <time>2026-08-10T13:07:14Z</time>
        <speed>4.614000</speed>
      </trkpt>
      <trkpt lat="59.553882368" lon="25.810338277">
        <ele>45.000</ele>
        <time>2026-08-10T13:07:21Z</time>
        <speed>5.115000</speed>
      </trkpt>
      <trkpt lat="59.553978341" lon="25.810794504">
        <ele>44.000</ele>
        <time>2026-08-10T13:07:26Z</time>
        <speed>5.444000</speed>
      </trkpt>
      <trkpt lat="59.554059645" lon="25.811171187">
        <ele>44.200</ele>
        <time>2026-08-10T13:07:30Z</time>
        <speed>5.686000</speed>
      </trkpt>
      <trkpt lat="59.554239772" lon="25.812040223">
        <ele>43.400</ele>
        <time>2026-08-10T13:07:39Z</time>
        <speed>5.641000</speed>
      </trkpt>
      <trkpt lat="59.554405147" lon="25.812881682">
        <ele>43.800</ele>
        <time>2026-08-10T13:07:48Z</time>
        <speed>5.482000</speed>
      </trkpt>
      <trkpt lat="59.554547137" lon="25.813577045">
        <ele>44.400</ele>
        <time>2026-08-10T13:07:56Z</time>
        <speed>5.123000</speed>
      </trkpt>
      <trkpt lat="59.554689461" lon="25.814192025">
        <ele>44.600</ele>
        <time>2026-08-10T13:08:03Z</time>
        <speed>5.660000</speed>
      </trkpt>
      <trkpt lat="59.554827092" lon="25.814924017">
        <ele>44.400</ele>
        <time>2026-08-10T13:08:10Z</time>
        <speed>6.323000</speed>
      </trkpt>
      <trkpt lat="59.555005627" lon="25.815895898">
        <ele>44.400</ele>
        <time>2026-08-10T13:08:19Z</time>
        <speed>6.009000</speed>
      </trkpt>
      <trkpt lat="59.555188268" lon="25.816861745">
        <ele>44.200</ele>
        <time>2026-08-10T13:08:29Z</time>
        <speed>5.523000</speed>
      </trkpt>
      <trkpt lat="59.555316428" lon="25.817499859">
        <ele>44.600</ele>
        <time>2026-08-10T13:08:36Z</time>
        <speed>5.422000</speed>
      </trkpt>
      <trkpt lat="59.555409886" lon="25.818057004">
        <ele>44.400</ele>
        <time>2026-08-10T13:08:42Z</time>
        <speed>5.606000</speed>
      </trkpt>
      <trkpt lat="59.555541985" lon="25.818725880">
        <ele>44.400</ele>
        <time>2026-08-10T13:08:49Z</time>
        <speed>5.867000</speed>
      </trkpt>
      <trkpt lat="59.555601077" lon="25.819015810">
        <ele>44.400</ele>
        <time>2026-08-10T13:08:52Z</time>
        <speed>5.654000</speed>
      </trkpt>
      <trkpt lat="59.555676598" lon="25.819412693">
        <ele>44.400</ele>
        <time>2026-08-10T13:08:56Z</time>
        <speed>5.895000</speed>
      </trkpt>
      <trkpt lat="59.555819593" lon="25.820190953">
        <ele>44.600</ele>
        <time>2026-08-10T13:09:04Z</time>
        <speed>5.856000</speed>
      </trkpt>
      <trkpt lat="59.555971473" lon="25.820965357">
        <ele>44.600</ele>
        <time>2026-08-10T13:09:12Z</time>
        <speed>5.774000</speed>
      </trkpt>
      <trkpt lat="59.556069793" lon="25.821440443">
        <ele>44.400</ele>
        <time>2026-08-10T13:09:17Z</time>
        <speed>5.906000</speed>
      </trkpt>
      <trkpt lat="59.556272384" lon="25.822464377">
        <ele>44.200</ele>
        <time>2026-08-10T13:09:27Z</time>
        <speed>6.290000</speed>
      </trkpt>
      <trkpt lat="59.556476986" lon="25.823448831">
        <ele>44.600</ele>
        <time>2026-08-10T13:09:36Z</time>
        <speed>6.738000</speed>
      </trkpt>
      <trkpt lat="59.556609755" lon="25.824076636">
        <ele>43.800</ele>
        <time>2026-08-10T13:09:42Z</time>
        <speed>5.941000</speed>
      </trkpt>
      <trkpt lat="59.556753086" lon="25.824844502">
        <ele>42.800</ele>
        <time>2026-08-10T13:09:49Z</time>
        <speed>6.341000</speed>
      </trkpt>
      <trkpt lat="59.556905637" lon="25.825664839">
        <ele>43.400</ele>
        <time>2026-08-10T13:09:57Z</time>
        <speed>5.739000</speed>
      </trkpt>
      <trkpt lat="59.557075789" lon="25.826546699">
        <ele>43.600</ele>
        <time>2026-08-10T13:10:06Z</time>
        <speed>5.731000</speed>
      </trkpt>
      <trkpt lat="59.557262789" lon="25.827456471">
        <ele>42.400</ele>
        <time>2026-08-10T13:10:15Z</time>
        <speed>6.269000</speed>
      </trkpt>
      <trkpt lat="59.557466386" lon="25.828433130">
        <ele>42.600</ele>
        <time>2026-08-10T13:10:24Z</time>
        <speed>6.531000</speed>
      </trkpt>
      <trkpt lat="59.557643747" lon="25.829225555">
        <ele>42.600</ele>
        <time>2026-08-10T13:10:32Z</time>
        <speed>6.081000</speed>
      </trkpt>
      <trkpt lat="59.557753382" lon="25.829718746">
        <ele>41.600</ele>
        <time>2026-08-10T13:10:37Z</time>
        <speed>6.172000</speed>
      </trkpt>
      <trkpt lat="59.557772661" lon="25.829818156">
        <ele>41.800</ele>
        <time>2026-08-10T13:10:38Z</time>
        <speed>6.015000</speed>
      </trkpt>
      <trkpt lat="59.557919512" lon="25.830570431">
        <ele>41.800</ele>
        <time>2026-08-10T13:10:46Z</time>
        <speed>5.471000</speed>
      </trkpt>
      <trkpt lat="59.558081618" lon="25.831347350">
        <ele>41.800</ele>
        <time>2026-08-10T13:10:54Z</time>
        <speed>5.901000</speed>
      </trkpt>
      <trkpt lat="59.558244646" lon="25.832113205">
        <ele>41.800</ele>
        <time>2026-08-10T13:11:02Z</time>
        <speed>5.599000</speed>
      </trkpt>
      <trkpt lat="59.558377583" lon="25.832653753">
        <ele>41.400</ele>
        <time>2026-08-10T13:11:08Z</time>
        <speed>5.555000</speed>
      </trkpt>
      <trkpt lat="59.558513369" lon="25.833245767">
        <ele>41.600</ele>
        <time>2026-08-10T13:11:15Z</time>
        <speed>5.044000</speed>
      </trkpt>
      <trkpt lat="59.558687713" lon="25.834057303">
        <ele>42.600</ele>
        <time>2026-08-10T13:11:25Z</time>
        <speed>4.532000</speed>
      </trkpt>
      <trkpt lat="59.558722246" lon="25.834205244">
        <ele>42.800</ele>
        <time>2026-08-10T13:11:27Z</time>
        <speed>4.368000</speed>
      </trkpt>
      <trkpt lat="59.558814615" lon="25.834663231">
        <ele>43.000</ele>
        <time>2026-08-10T13:11:33Z</time>
        <speed>4.505000</speed>
      </trkpt>
      <trkpt lat="59.558919556" lon="25.835168576">
        <ele>43.600</ele>
        <time>2026-08-10T13:11:40Z</time>
        <speed>4.242000</speed>
      </trkpt>
      <trkpt lat="59.559079735" lon="25.835892521">
        <ele>43.600</ele>
        <time>2026-08-10T13:11:50Z</time>
        <speed>4.310000</speed>
      </trkpt>
      <trkpt lat="59.559157602" lon="25.836248165">
        <ele>43.800</ele>
        <time>2026-08-10T13:11:55Z</time>
        <speed>4.179000</speed>
      </trkpt>
      <trkpt lat="59.559228932" lon="25.836584028">
        <ele>44.400</ele>
        <time>2026-08-10T13:12:00Z</time>
        <speed>4.127000</speed>
      </trkpt>
      <trkpt lat="59.559333036" lon="25.837143352">
        <ele>44.800</ele>
        <time>2026-08-10T13:12:08Z</time>
        <speed>4.135000</speed>
      </trkpt>
      <trkpt lat="59.559378801" lon="25.837344686">
        <ele>45.400</ele>
        <time>2026-08-10T13:12:11Z</time>
        <speed>4.083000</speed>
      </trkpt>
      <trkpt lat="59.559493382" lon="25.837814156">
        <ele>45.600</ele>
        <time>2026-08-10T13:12:19Z</time>
        <speed>3.448000</speed>
      </trkpt>
      <trkpt lat="59.559566723" lon="25.838116491">
        <ele>46.000</ele>
        <time>2026-08-10T13:12:24Z</time>
        <speed>3.557000</speed>
      </trkpt>
      <trkpt lat="59.559580050" lon="25.838175751">
        <ele>46.200</ele>
        <time>2026-08-10T13:12:25Z</time>
        <speed>3.532000</speed>
      </trkpt>
      <trkpt lat="59.559658505" lon="25.838561403">
        <ele>47.000</ele>
        <time>2026-08-10T13:12:32Z</time>
        <speed>3.017000</speed>
      </trkpt>
      <trkpt lat="59.559674095" lon="25.838612448">
        <ele>47.200</ele>
        <time>2026-08-10T13:12:33Z</time>
        <speed>3.097000</speed>
      </trkpt>
      <trkpt lat="59.559748862" lon="25.839011176">
        <ele>47.800</ele>
        <time>2026-08-10T13:12:40Z</time>
        <speed>3.410000</speed>
      </trkpt>
      <trkpt lat="59.559814073" lon="25.839308063">
        <ele>48.000</ele>
        <time>2026-08-10T13:12:45Z</time>
        <speed>3.300000</speed>
      </trkpt>
      <trkpt lat="59.559848523" lon="25.839486262">
        <ele>48.200</ele>
        <time>2026-08-10T13:12:48Z</time>
        <speed>3.318000</speed>
      </trkpt>
      <trkpt lat="59.559937203" lon="25.839917427">
        <ele>49.000</ele>
        <time>2026-08-10T13:12:55Z</time>
        <speed>3.049000</speed>
      </trkpt>
      <trkpt lat="59.559947932" lon="25.839975765">
        <ele>49.800</ele>
        <time>2026-08-10T13:12:56Z</time>
        <speed>2.957000</speed>
      </trkpt>
      <trkpt lat="59.560027644" lon="25.840378599">
        <ele>50.200</ele>
        <time>2026-08-10T13:13:03Z</time>
        <speed>2.801000</speed>
      </trkpt>
      <trkpt lat="59.560096795" lon="25.840697028">
        <ele>50.200</ele>
        <time>2026-08-10T13:13:09Z</time>
        <speed>3.502000</speed>
      </trkpt>
      <trkpt lat="59.560178518" lon="25.841120817">
        <ele>50.600</ele>
        <time>2026-08-10T13:13:16Z</time>
        <speed>3.403000</speed>
      </trkpt>
      <trkpt lat="59.560263762" lon="25.841563968">
        <ele>51.000</ele>
        <time>2026-08-10T13:13:23Z</time>
        <speed>3.337000</speed>
      </trkpt>
      <trkpt lat="59.560298128" lon="25.841672765">
        <ele>51.200</ele>
        <time>2026-08-10T13:13:25Z</time>
        <speed>3.398000</speed>
      </trkpt>
      <trkpt lat="59.560367111" lon="25.841883989">
        <ele>51.400</ele>
        <time>2026-08-10T13:13:29Z</time>
        <speed>3.305000</speed>
      </trkpt>
      <trkpt lat="59.560454618" lon="25.842311969">
        <ele>52.000</ele>
        <time>2026-08-10T13:13:36Z</time>
        <speed>3.485000</speed>
      </trkpt>
      <trkpt lat="59.560523350" lon="25.842738776">
        <ele>52.200</ele>
        <time>2026-08-10T13:13:42Z</time>
        <speed>4.000000</speed>
      </trkpt>
      <trkpt lat="59.560536342" lon="25.842810441">
        <ele>52.200</ele>
        <time>2026-08-10T13:13:43Z</time>
        <speed>4.025000</speed>
      </trkpt>
      <trkpt lat="59.560651341" lon="25.843249988">
        <ele>52.800</ele>
        <time>2026-08-10T13:13:50Z</time>
        <speed>3.892000</speed>
      </trkpt>
      <trkpt lat="59.560751421" lon="25.843722224">
        <ele>52.800</ele>
        <time>2026-08-10T13:13:57Z</time>
        <speed>3.897000</speed>
      </trkpt>
      <trkpt lat="59.560841611" lon="25.844120197">
        <ele>53.400</ele>
        <time>2026-08-10T13:14:03Z</time>
        <speed>3.971000</speed>
      </trkpt>
      <trkpt lat="59.560867175" lon="25.844258834">
        <ele>53.200</ele>
        <time>2026-08-10T13:14:05Z</time>
        <speed>3.909000</speed>
      </trkpt>
      <trkpt lat="59.560967004" lon="25.844748756">
        <ele>53.200</ele>
        <time>2026-08-10T13:14:11Z</time>
        <speed>4.676000</speed>
      </trkpt>
      <trkpt lat="59.561081585" lon="25.845440514">
        <ele>53.200</ele>
        <time>2026-08-10T13:14:19Z</time>
        <speed>4.679000</speed>
      </trkpt>
      <trkpt lat="59.561203206" lon="25.846073767">
        <ele>52.600</ele>
        <time>2026-08-10T13:14:27Z</time>
        <speed>4.370000</speed>
      </trkpt>
      <trkpt lat="59.561287360" lon="25.846477356">
        <ele>52.400</ele>
        <time>2026-08-10T13:14:32Z</time>
        <speed>4.739000</speed>
      </trkpt>
      <trkpt lat="59.561325666" lon="25.846650023">
        <ele>52.200</ele>
        <time>2026-08-10T13:14:34Z</time>
        <speed>5.147000</speed>
      </trkpt>
      <trkpt lat="59.561422560" lon="25.847092168">
        <ele>51.200</ele>
        <time>2026-08-10T13:14:39Z</time>
        <speed>5.145000</speed>
      </trkpt>
      <trkpt lat="59.561474780" lon="25.847350331">
        <ele>51.200</ele>
        <time>2026-08-10T13:14:42Z</time>
        <speed>5.112000</speed>
      </trkpt>
      <trkpt lat="59.561528759" lon="25.847623665">
        <ele>51.000</ele>
        <time>2026-08-10T13:14:45Z</time>
        <speed>5.258000</speed>
      </trkpt>
      <trkpt lat="59.561581062" lon="25.847886773">
        <ele>51.000</ele>
        <time>2026-08-10T13:14:48Z</time>
        <speed>5.345000</speed>
      </trkpt>
      <trkpt lat="59.561705198" lon="25.848547183">
        <ele>50.200</ele>
        <time>2026-08-10T13:14:55Z</time>
        <speed>5.583000</speed>
      </trkpt>
      <trkpt lat="59.561842913" lon="25.849361820">
        <ele>49.200</ele>
        <time>2026-08-10T13:15:03Z</time>
        <speed>6.112000</speed>
      </trkpt>
      <trkpt lat="59.561859425" lon="25.849469109">
        <ele>49.000</ele>
        <time>2026-08-10T13:15:04Z</time>
        <speed>6.128000</speed>
      </trkpt>
      <trkpt lat="59.561882727" lon="25.849569440">
        <ele>48.600</ele>
        <time>2026-08-10T13:15:05Z</time>
        <speed>6.023000</speed>
      </trkpt>
      <trkpt lat="59.561952632" lon="25.849999432">
        <ele>48.200</ele>
        <time>2026-08-10T13:15:09Z</time>
        <speed>6.205000</speed>
      </trkpt>
      <trkpt lat="59.561985238" lon="25.850210572">
        <ele>47.800</ele>
        <time>2026-08-10T13:15:11Z</time>
        <speed>6.086000</speed>
      </trkpt>
      <trkpt lat="59.562066458" lon="25.850760173">
        <ele>47.400</ele>
        <time>2026-08-10T13:15:16Z</time>
        <speed>6.254000</speed>
      </trkpt>
      <trkpt lat="59.562183050" lon="25.851512281">
        <ele>47.000</ele>
        <time>2026-08-10T13:15:23Z</time>
        <speed>5.750000</speed>
      </trkpt>
      <trkpt lat="59.562194869" lon="25.851612864">
        <ele>46.200</ele>
        <time>2026-08-10T13:15:24Z</time>
        <speed>5.623000</speed>
      </trkpt>
      <trkpt lat="59.562209705" lon="25.851722835">
        <ele>44.000</ele>
        <time>2026-08-10T13:15:25Z</time>
        <speed>6.039000</speed>
      </trkpt>
      <trkpt lat="59.562225128" lon="25.851828363">
        <ele>45.600</ele>
        <time>2026-08-10T13:15:26Z</time>
        <speed>6.049000</speed>
      </trkpt>
      <trkpt lat="59.562259577" lon="25.852041515">
        <ele>48.200</ele>
        <time>2026-08-10T13:15:28Z</time>
        <speed>6.015000</speed>
      </trkpt>
      <trkpt lat="59.562279694" lon="25.852148468">
        <ele>46.600</ele>
        <time>2026-08-10T13:15:29Z</time>
        <speed>6.070000</speed>
      </trkpt>
      <trkpt lat="59.562309533" lon="25.852361368">
        <ele>46.600</ele>
        <time>2026-08-10T13:15:31Z</time>
        <speed>6.038000</speed>
      </trkpt>
      <trkpt lat="59.562414726" lon="25.853245743">
        <ele>46.600</ele>
        <time>2026-08-10T13:15:39Z</time>
        <speed>6.057000</speed>
      </trkpt>
      <trkpt lat="59.562521763" lon="25.854093824">
        <ele>45.800</ele>
        <time>2026-08-10T13:15:47Z</time>
        <speed>6.147000</speed>
      </trkpt>
      <trkpt lat="59.562579431" lon="25.854517613">
        <ele>45.400</ele>
        <time>2026-08-10T13:15:51Z</time>
        <speed>5.953000</speed>
      </trkpt>
      <trkpt lat="59.562604493" lon="25.854725316">
        <ele>44.200</ele>
        <time>2026-08-10T13:15:53Z</time>
        <speed>5.844000</speed>
      </trkpt>
      <trkpt lat="59.562631985" lon="25.854932098">
        <ele>41.800</ele>
        <time>2026-08-10T13:15:55Z</time>
        <speed>5.857000</speed>
      </trkpt>
      <trkpt lat="59.562647995" lon="25.855025891">
        <ele>43.400</ele>
        <time>2026-08-10T13:15:56Z</time>
        <speed>5.584000</speed>
      </trkpt>
      <trkpt lat="59.562663250" lon="25.855124295">
        <ele>43.000</ele>
        <time>2026-08-10T13:15:57Z</time>
        <speed>5.616000</speed>
      </trkpt>
      <trkpt lat="59.562677415" lon="25.855222866">
        <ele>44.600</ele>
        <time>2026-08-10T13:15:58Z</time>
        <speed>5.703000</speed>
      </trkpt>
      <trkpt lat="59.562692754" lon="25.855322108">
        <ele>43.200</ele>
        <time>2026-08-10T13:15:59Z</time>
        <speed>5.759000</speed>
      </trkpt>
      <trkpt lat="59.562696358" lon="25.855428642">
        <ele>42.400</ele>
        <time>2026-08-10T13:16:00Z</time>
        <speed>5.884000</speed>
      </trkpt>
      <trkpt lat="59.562719492" lon="25.855640788">
        <ele>42.200</ele>
        <time>2026-08-10T13:16:02Z</time>
        <speed>5.975000</speed>
      </trkpt>
      <trkpt lat="59.562733741" lon="25.855745897">
        <ele>42.200</ele>
        <time>2026-08-10T13:16:03Z</time>
        <speed>5.931000</speed>
      </trkpt>
      <trkpt lat="59.562848909" lon="25.856628343">
        <ele>41.200</ele>
        <time>2026-08-10T13:16:12Z</time>
        <speed>5.421000</speed>
      </trkpt>
      <trkpt lat="59.562863158" lon="25.856723227">
        <ele>41.200</ele>
        <time>2026-08-10T13:16:13Z</time>
        <speed>5.476000</speed>
      </trkpt>
      <trkpt lat="59.562953683" lon="25.857443819">
        <ele>40.600</ele>
        <time>2026-08-10T13:16:20Z</time>
        <speed>5.767000</speed>
      </trkpt>
      <trkpt lat="59.562998610" lon="25.857772641">
        <ele>40.000</ele>
        <time>2026-08-10T13:16:23Z</time>
        <speed>6.263000</speed>
      </trkpt>
      <trkpt lat="59.563057283" lon="25.858353004">
        <ele>39.800</ele>
        <time>2026-08-10T13:16:28Z</time>
        <speed>6.598000</speed>
      </trkpt>
      <trkpt lat="59.563080836" lon="25.858594906">
        <ele>39.000</ele>
        <time>2026-08-10T13:16:30Z</time>
        <speed>6.630000</speed>
      </trkpt>
      <trkpt lat="59.563148981" lon="25.859432425">
        <ele>38.600</ele>
        <time>2026-08-10T13:16:37Z</time>
        <speed>6.375000</speed>
      </trkpt>
      <trkpt lat="59.563213270" lon="25.860231053">
        <ele>38.200</ele>
        <time>2026-08-10T13:16:44Z</time>
        <speed>6.364000</speed>
      </trkpt>
      <trkpt lat="59.563271273" lon="25.860829018">
        <ele>38.000</ele>
        <time>2026-08-10T13:16:49Z</time>
        <speed>6.367000</speed>
      </trkpt>
      <trkpt lat="59.563313685" lon="25.861151554">
        <ele>38.000</ele>
        <time>2026-08-10T13:16:52Z</time>
        <speed>5.991000</speed>
      </trkpt>
      <trkpt lat="59.563415442" lon="25.861988235">
        <ele>37.600</ele>
        <time>2026-08-10T13:17:00Z</time>
        <speed>5.398000</speed>
      </trkpt>
      <trkpt lat="59.563530274" lon="25.862923739">
        <ele>37.800</ele>
        <time>2026-08-10T13:17:09Z</time>
        <speed>6.250000</speed>
      </trkpt>
      <trkpt lat="59.563652147" lon="25.863911128">
        <ele>37.800</ele>
        <time>2026-08-10T13:17:18Z</time>
        <speed>6.231000</speed>
      </trkpt>
      <trkpt lat="59.563760692" lon="25.864719730">
        <ele>37.800</ele>
        <time>2026-08-10T13:17:26Z</time>
        <speed>5.272000</speed>
      </trkpt>
      <trkpt lat="59.563817941" lon="25.865505030">
        <ele>37.800</ele>
        <time>2026-08-10T13:17:34Z</time>
        <speed>5.402000</speed>
      </trkpt>
      <trkpt lat="59.563892959" lon="25.866344897">
        <ele>38.200</ele>
        <time>2026-08-10T13:17:43Z</time>
        <speed>4.989000</speed>
      </trkpt>
      <trkpt lat="59.563967055" lon="25.867067082">
        <ele>38.000</ele>
        <time>2026-08-10T13:17:51Z</time>
        <speed>4.679000</speed>
      </trkpt>
      <trkpt lat="59.564029835" lon="25.867758170">
        <ele>38.200</ele>
        <time>2026-08-10T13:17:59Z</time>
        <speed>4.926000</speed>
      </trkpt>
      <trkpt lat="59.564122120" lon="25.868712282">
        <ele>38.200</ele>
        <time>2026-08-10T13:18:10Z</time>
        <speed>4.311000</speed>
      </trkpt>
      <trkpt lat="59.564182386" lon="25.869327765">
        <ele>38.400</ele>
        <time>2026-08-10T13:18:17Z</time>
        <speed>4.777000</speed>
      </trkpt>
      <trkpt lat="59.564251872" lon="25.869905194">
        <ele>38.800</ele>
        <time>2026-08-10T13:18:24Z</time>
        <speed>4.490000</speed>
      </trkpt>
      <trkpt lat="59.564327896" lon="25.870504668">
        <ele>38.600</ele>
        <time>2026-08-10T13:18:31Z</time>
        <speed>4.622000</speed>
      </trkpt>
      <trkpt lat="59.564376343" lon="25.870940695">
        <ele>39.000</ele>
        <time>2026-08-10T13:18:36Z</time>
        <speed>4.489000</speed>
      </trkpt>
      <trkpt lat="59.564393191" lon="25.871171113">
        <ele>39.000</ele>
        <time>2026-08-10T13:18:39Z</time>
        <speed>4.133000</speed>
      </trkpt>
      <trkpt lat="59.564516321" lon="25.871958006">
        <ele>39.200</ele>
        <time>2026-08-10T13:18:48Z</time>
        <speed>4.616000</speed>
      </trkpt>
      <trkpt lat="59.564625286" lon="25.872647082">
        <ele>39.200</ele>
        <time>2026-08-10T13:18:56Z</time>
        <speed>4.678000</speed>
      </trkpt>
      <trkpt lat="59.564675493" lon="25.873196097">
        <ele>39.600</ele>
        <time>2026-08-10T13:19:03Z</time>
        <speed>4.321000</speed>
      </trkpt>
      <trkpt lat="59.564747158" lon="25.873947283">
        <ele>39.600</ele>
        <time>2026-08-10T13:19:12Z</time>
        <speed>4.383000</speed>
      </trkpt>
      <trkpt lat="59.564823015" lon="25.874506189">
        <ele>39.600</ele>
        <time>2026-08-10T13:19:19Z</time>
        <speed>4.469000</speed>
      </trkpt>
      <trkpt lat="59.564938853" lon="25.875189146">
        <ele>39.600</ele>
        <time>2026-08-10T13:19:27Z</time>
        <speed>4.622000</speed>
      </trkpt>
      <trkpt lat="59.565006914" lon="25.875912337">
        <ele>39.600</ele>
        <time>2026-08-10T13:19:36Z</time>
        <speed>3.657000</speed>
      </trkpt>
      <trkpt lat="59.565043878" lon="25.876252810">
        <ele>39.600</ele>
        <time>2026-08-10T13:19:42Z</time>
        <speed>2.681000</speed>
      </trkpt>
      <trkpt lat="59.565090733" lon="25.876618177">
        <ele>40.000</ele>
        <time>2026-08-10T13:19:48Z</time>
        <speed>3.309000</speed>
      </trkpt>
      <trkpt lat="59.565088889" lon="25.876679029">
        <ele>40.000</ele>
        <time>2026-08-10T13:19:49Z</time>
        <speed>3.180000</speed>
      </trkpt>
      <trkpt lat="59.565136749" lon="25.877077756">
        <ele>40.000</ele>
        <time>2026-08-10T13:19:55Z</time>
        <speed>3.667000</speed>
      </trkpt>
      <trkpt lat="59.565199697" lon="25.877645379">
        <ele>40.200</ele>
        <time>2026-08-10T13:20:03Z</time>
        <speed>3.933000</speed>
      </trkpt>
      <trkpt lat="59.565261221" lon="25.878274273">
        <ele>40.200</ele>
        <time>2026-08-10T13:20:11Z</time>
        <speed>4.324000</speed>
      </trkpt>
      <trkpt lat="59.565332467" lon="25.879055215">
        <ele>40.600</ele>
        <time>2026-08-10T13:20:21Z</time>
        <speed>4.069000</speed>
      </trkpt>
      <trkpt lat="59.565391727" lon="25.879628370">
        <ele>40.200</ele>
        <time>2026-08-10T13:20:28Z</time>
        <speed>4.664000</speed>
      </trkpt>
      <trkpt lat="59.565465655" lon="25.880275285">
        <ele>40.600</ele>
        <time>2026-08-10T13:20:36Z</time>
        <speed>4.528000</speed>
      </trkpt>
      <trkpt lat="59.565522820" lon="25.880753808">
        <ele>40.400</ele>
        <time>2026-08-10T13:20:42Z</time>
        <speed>4.640000</speed>
      </trkpt>
      <trkpt lat="59.565590629" lon="25.881399047">
        <ele>40.800</ele>
        <time>2026-08-10T13:20:50Z</time>
        <speed>4.203000</speed>
      </trkpt>
      <trkpt lat="59.565690374" lon="25.882187113">
        <ele>40.800</ele>
        <time>2026-08-10T13:21:00Z</time>
        <speed>4.388000</speed>
      </trkpt>
      <trkpt lat="59.565709317" lon="25.882349638">
        <ele>41.000</ele>
        <time>2026-08-10T13:21:02Z</time>
        <speed>4.611000</speed>
      </trkpt>
      <trkpt lat="59.565794477" lon="25.882922290">
        <ele>40.800</ele>
        <time>2026-08-10T13:21:09Z</time>
        <speed>4.501000</speed>
      </trkpt>
      <trkpt lat="59.565885589" lon="25.883653611">
        <ele>41.000</ele>
        <time>2026-08-10T13:21:18Z</time>
        <speed>4.669000</speed>
      </trkpt>
      <trkpt lat="59.565898748" lon="25.883737681">
        <ele>41.000</ele>
        <time>2026-08-10T13:21:19Z</time>
        <speed>4.477000</speed>
      </trkpt>
      <trkpt lat="59.565994218" lon="25.884216204">
        <ele>41.000</ele>
        <time>2026-08-10T13:21:25Z</time>
        <speed>4.120000</speed>
      </trkpt>
      <trkpt lat="59.566088179" lon="25.884772679">
        <ele>41.000</ele>
        <time>2026-08-10T13:21:32Z</time>
        <speed>4.488000</speed>
      </trkpt>
      <trkpt lat="59.566210387" lon="25.885525960">
        <ele>41.000</ele>
        <time>2026-08-10T13:21:41Z</time>
        <speed>4.260000</speed>
      </trkpt>
      <trkpt lat="59.566352796" lon="25.886201458">
        <ele>41.000</ele>
        <time>2026-08-10T13:21:49Z</time>
        <speed>4.711000</speed>
      </trkpt>
      <trkpt lat="59.566521775" lon="25.886983825">
        <ele>41.000</ele>
        <time>2026-08-10T13:21:58Z</time>
        <speed>4.993000</speed>
      </trkpt>
      <trkpt lat="59.566636775" lon="25.887547843">
        <ele>41.000</ele>
        <time>2026-08-10T13:22:05Z</time>
        <speed>4.600000</speed>
      </trkpt>
      <trkpt lat="59.566744566" lon="25.888203140">
        <ele>41.200</ele>
        <time>2026-08-10T13:22:13Z</time>
        <speed>4.977000</speed>
      </trkpt>
      <trkpt lat="59.566916227" lon="25.888920128">
        <ele>41.000</ele>
        <time>2026-08-10T13:22:21Z</time>
        <speed>5.039000</speed>
      </trkpt>
      <trkpt lat="59.567073807" lon="25.889548520">
        <ele>41.000</ele>
        <time>2026-08-10T13:22:29Z</time>
        <speed>4.286000</speed>
      </trkpt>
      <trkpt lat="59.567177994" lon="25.890073813">
        <ele>41.000</ele>
        <time>2026-08-10T13:22:36Z</time>
        <speed>4.964000</speed>
      </trkpt>
      <trkpt lat="59.567347141" lon="25.890924325">
        <ele>41.000</ele>
        <time>2026-08-10T13:22:46Z</time>
        <speed>5.254000</speed>
      </trkpt>
      <trkpt lat="59.567516958" lon="25.891688587">
        <ele>41.000</ele>
        <time>2026-08-10T13:22:55Z</time>
        <speed>4.963000</speed>
      </trkpt>
      <trkpt lat="59.567677472" lon="25.892390655">
        <ele>40.800</ele>
        <time>2026-08-10T13:23:03Z</time>
        <speed>5.212000</speed>
      </trkpt>
      <trkpt lat="59.567843936" lon="25.893079899">
        <ele>41.000</ele>
        <time>2026-08-10T13:23:11Z</time>
        <speed>4.788000</speed>
      </trkpt>
      <trkpt lat="59.567989111" lon="25.893811975">
        <ele>40.800</ele>
        <time>2026-08-10T13:23:20Z</time>
        <speed>4.936000</speed>
      </trkpt>
      <trkpt lat="59.568153732" lon="25.894485209">
        <ele>41.000</ele>
        <time>2026-08-10T13:23:28Z</time>
        <speed>5.104000</speed>
      </trkpt>
      <trkpt lat="59.568343582" lon="25.895376457">
        <ele>40.800</ele>
        <time>2026-08-10T13:23:38Z</time>
        <speed>5.404000</speed>
      </trkpt>
      <trkpt lat="59.568505855" lon="25.896118674">
        <ele>41.200</ele>
        <time>2026-08-10T13:23:47Z</time>
        <speed>4.693000</speed>
      </trkpt>
      <trkpt lat="59.568598978" lon="25.896518491">
        <ele>41.200</ele>
        <time>2026-08-10T13:23:52Z</time>
        <speed>4.921000</speed>
      </trkpt>
      <trkpt lat="59.568633847" lon="25.896686213">
        <ele>41.200</ele>
        <time>2026-08-10T13:23:54Z</time>
        <speed>4.888000</speed>
      </trkpt>
      <trkpt lat="59.568823026" lon="25.897515602">
        <ele>41.600</ele>
        <time>2026-08-10T13:24:04Z</time>
        <speed>4.621000</speed>
      </trkpt>
      <trkpt lat="59.568981109" lon="25.898169475">
        <ele>41.400</ele>
        <time>2026-08-10T13:24:13Z</time>
        <speed>4.469000</speed>
      </trkpt>
      <trkpt lat="59.569131229" lon="25.898842374">
        <ele>41.600</ele>
        <time>2026-08-10T13:24:22Z</time>
        <speed>4.386000</speed>
      </trkpt>
      <trkpt lat="59.569257544" lon="25.899522314">
        <ele>41.600</ele>
        <time>2026-08-10T13:24:31Z</time>
        <speed>4.743000</speed>
      </trkpt>
      <trkpt lat="59.569387464" lon="25.900169564">
        <ele>41.600</ele>
        <time>2026-08-10T13:24:39Z</time>
        <speed>4.852000</speed>
      </trkpt>
      <trkpt lat="59.569550576" lon="25.900863502">
        <ele>41.600</ele>
        <time>2026-08-10T13:24:47Z</time>
        <speed>5.140000</speed>
      </trkpt>
      <trkpt lat="59.569715448" lon="25.901564229">
        <ele>41.600</ele>
        <time>2026-08-10T13:24:55Z</time>
        <speed>5.214000</speed>
      </trkpt>
      <trkpt lat="59.569762722" lon="25.901734633">
        <ele>41.800</ele>
        <time>2026-08-10T13:24:57Z</time>
        <speed>5.488000</speed>
      </trkpt>
      <trkpt lat="59.569877973" lon="25.902253306">
        <ele>42.000</ele>
        <time>2026-08-10T13:25:03Z</time>
        <speed>5.080000</speed>
      </trkpt>
      <trkpt lat="59.570043935" lon="25.902941041">
        <ele>41.800</ele>
        <time>2026-08-10T13:25:11Z</time>
        <speed>5.527000</speed>
      </trkpt>
      <trkpt lat="59.570211656" lon="25.903642522">
        <ele>41.800</ele>
        <time>2026-08-10T13:25:19Z</time>
        <speed>4.949000</speed>
      </trkpt>
      <trkpt lat="59.570349120" lon="25.904330174">
        <ele>41.600</ele>
        <time>2026-08-10T13:25:27Z</time>
        <speed>5.298000</speed>
      </trkpt>
      <trkpt lat="59.570528828" lon="25.905100051">
        <ele>41.600</ele>
        <time>2026-08-10T13:25:36Z</time>
        <speed>5.276000</speed>
      </trkpt>
      <trkpt lat="59.570707949" lon="25.905883173">
        <ele>41.200</ele>
        <time>2026-08-10T13:25:45Z</time>
        <speed>5.557000</speed>
      </trkpt>
      <trkpt lat="59.570897967" lon="25.906778695">
        <ele>41.200</ele>
        <time>2026-08-10T13:25:55Z</time>
        <speed>5.046000</speed>
      </trkpt>
      <trkpt lat="59.570917161" lon="25.906859497">
        <ele>41.000</ele>
        <time>2026-08-10T13:25:56Z</time>
        <speed>4.980000</speed>
      </trkpt>
      <trkpt lat="59.571069125" lon="25.907512363">
        <ele>41.000</ele>
        <time>2026-08-10T13:26:04Z</time>
        <speed>5.157000</speed>
      </trkpt>
      <trkpt lat="59.571270877" lon="25.908442000">
        <ele>41.000</ele>
        <time>2026-08-10T13:26:15Z</time>
        <speed>5.362000</speed>
      </trkpt>
      <trkpt lat="59.571479671" lon="25.909437854">
        <ele>40.800</ele>
        <time>2026-08-10T13:26:26Z</time>
        <speed>5.287000</speed>
      </trkpt>
      <trkpt lat="59.571628869" lon="25.910122572">
        <ele>40.800</ele>
        <time>2026-08-10T13:26:34Z</time>
        <speed>5.185000</speed>
      </trkpt>
      <trkpt lat="59.571821652" lon="25.910809720">
        <ele>40.800</ele>
        <time>2026-08-10T13:26:42Z</time>
        <speed>5.237000</speed>
      </trkpt>
      <trkpt lat="59.571968922" lon="25.911430819">
        <ele>41.200</ele>
        <time>2026-08-10T13:26:49Z</time>
        <speed>5.453000</speed>
      </trkpt>
      <trkpt lat="59.572154498" lon="25.912346710">
        <ele>41.200</ele>
        <time>2026-08-10T13:26:59Z</time>
        <speed>4.916000</speed>
      </trkpt>
      <trkpt lat="59.572248040" lon="25.912796566">
        <ele>41.200</ele>
        <time>2026-08-10T13:27:05Z</time>
        <speed>4.373000</speed>
      </trkpt>
      <trkpt lat="59.572365219" lon="25.913361171">
        <ele>41.000</ele>
        <time>2026-08-10T13:27:13Z</time>
        <speed>3.683000</speed>
      </trkpt>
      <trkpt lat="59.572452893" lon="25.913809100">
        <ele>41.000</ele>
        <time>2026-08-10T13:27:20Z</time>
        <speed>3.327000</speed>
      </trkpt>
      <trkpt lat="59.572564457" lon="25.914281756">
        <ele>40.800</ele>
        <time>2026-08-10T13:27:27Z</time>
        <speed>4.556000</speed>
      </trkpt>
      <trkpt lat="59.572678031" lon="25.914828004">
        <ele>41.000</ele>
        <time>2026-08-10T13:27:35Z</time>
        <speed>4.019000</speed>
      </trkpt>
      <trkpt lat="59.572837036" lon="25.915576760">
        <ele>40.800</ele>
        <time>2026-08-10T13:27:45Z</time>
        <speed>4.374000</speed>
      </trkpt>
      <trkpt lat="59.572952874" lon="25.916116387">
        <ele>40.800</ele>
        <time>2026-08-10T13:27:52Z</time>
        <speed>4.699000</speed>
      </trkpt>
      <trkpt lat="59.573086901" lon="25.916772773">
        <ele>41.000</ele>
        <time>2026-08-10T13:28:00Z</time>
        <speed>4.858000</speed>
      </trkpt>
      <trkpt lat="59.573249593" lon="25.917404350">
        <ele>40.800</ele>
        <time>2026-08-10T13:28:08Z</time>
        <speed>4.579000</speed>
      </trkpt>
      <trkpt lat="59.573367359" lon="25.917887902">
        <ele>40.800</ele>
        <time>2026-08-10T13:28:15Z</time>
        <speed>3.607000</speed>
      </trkpt>
      <trkpt lat="59.573457967" lon="25.918309009">
        <ele>40.600</ele>
        <time>2026-08-10T13:28:22Z</time>
        <speed>3.445000</speed>
      </trkpt>
      <trkpt lat="59.573566345" lon="25.918724919">
        <ele>40.800</ele>
        <time>2026-08-10T13:28:28Z</time>
        <speed>4.512000</speed>
      </trkpt>
      <trkpt lat="59.573683525" lon="25.919185253">
        <ele>40.800</ele>
        <time>2026-08-10T13:28:35Z</time>
        <speed>3.692000</speed>
      </trkpt>
      <trkpt lat="59.573794585" lon="25.919657825">
        <ele>40.600</ele>
        <time>2026-08-10T13:28:43Z</time>
        <speed>3.545000</speed>
      </trkpt>
      <trkpt lat="59.573926600" lon="25.920148417">
        <ele>40.800</ele>
        <time>2026-08-10T13:28:51Z</time>
        <speed>3.345000</speed>
      </trkpt>
      <trkpt lat="59.573990721" lon="25.920465924">
        <ele>40.600</ele>
        <time>2026-08-10T13:28:57Z</time>
        <speed>3.261000</speed>
      </trkpt>
      <trkpt lat="59.574078815" lon="25.920921145">
        <ele>40.600</ele>
        <time>2026-08-10T13:29:04Z</time>
        <speed>3.923000</speed>
      </trkpt>
      <trkpt lat="59.574202197" lon="25.921489606">
        <ele>40.600</ele>
        <time>2026-08-10T13:29:12Z</time>
        <speed>4.368000</speed>
      </trkpt>
      <trkpt lat="59.574356675" lon="25.922249844">
        <ele>40.600</ele>
        <time>2026-08-10T13:29:22Z</time>
        <speed>4.677000</speed>
      </trkpt>
      <trkpt lat="59.574526493" lon="25.922994493">
        <ele>40.400</ele>
        <time>2026-08-10T13:29:31Z</time>
        <speed>4.880000</speed>
      </trkpt>
      <trkpt lat="59.574632272" lon="25.923498329">
        <ele>40.200</ele>
        <time>2026-08-10T13:29:37Z</time>
        <speed>4.630000</speed>
      </trkpt>
      <trkpt lat="59.574760012" lon="25.923914071">
        <ele>40.000</ele>
        <time>2026-08-10T13:29:43Z</time>
        <speed>4.252000</speed>
      </trkpt>
      <trkpt lat="59.574848944" lon="25.924289245">
        <ele>40.000</ele>
        <time>2026-08-10T13:29:49Z</time>
        <speed>3.659000</speed>
      </trkpt>
      <trkpt lat="59.574918598" lon="25.924648745">
        <ele>38.800</ele>
        <time>2026-08-10T13:29:55Z</time>
        <speed>3.005000</speed>
      </trkpt>
      <trkpt lat="59.574929746" lon="25.924683278">
        <ele>38.000</ele>
        <time>2026-08-10T13:29:56Z</time>
        <speed>2.097000</speed>
      </trkpt>
      <trkpt lat="59.574950533" lon="25.924787130">
        <ele>41.000</ele>
        <time>2026-08-10T13:29:58Z</time>
        <speed>2.885000</speed>
      </trkpt>
      <trkpt lat="59.574983809" lon="25.924904225">
        <ele>40.000</ele>
        <time>2026-08-10T13:30:00Z</time>
        <speed>3.252000</speed>
      </trkpt>
      <trkpt lat="59.575001327" lon="25.924970023">
        <ele>40.000</ele>
        <time>2026-08-10T13:30:01Z</time>
        <speed>3.510000</speed>
      </trkpt>
      <trkpt lat="59.575091349" lon="25.925289793">
        <ele>40.000</ele>
        <time>2026-08-10T13:30:06Z</time>
        <speed>3.598000</speed>
      </trkpt>
      <trkpt lat="59.575192602" lon="25.925713750">
        <ele>40.000</ele>
        <time>2026-08-10T13:30:13Z</time>
        <speed>3.484000</speed>
      </trkpt>
      <trkpt lat="59.575319001" lon="25.926316492">
        <ele>39.800</ele>
        <time>2026-08-10T13:30:24Z</time>
        <speed>3.186000</speed>
      </trkpt>
      <trkpt lat="59.575412208" lon="25.926677166">
        <ele>39.600</ele>
        <time>2026-08-10T13:30:32Z</time>
        <speed>2.393000</speed>
      </trkpt>
      <trkpt lat="59.575467026" lon="25.926913116">
        <ele>39.600</ele>
        <time>2026-08-10T13:30:38Z</time>
        <speed>2.402000</speed>
      </trkpt>
      <trkpt lat="59.575549336" lon="25.927246632">
        <ele>39.400</ele>
        <time>2026-08-10T13:30:46Z</time>
        <speed>3.136000</speed>
      </trkpt>
      <trkpt lat="59.575623097" lon="25.927638318">
        <ele>39.000</ele>
        <time>2026-08-10T13:30:52Z</time>
        <speed>4.156000</speed>
      </trkpt>
      <trkpt lat="59.575658385" lon="25.927950796">
        <ele>39.000</ele>
        <time>2026-08-10T13:30:56Z</time>
        <speed>4.580000</speed>
      </trkpt>
      <trkpt lat="59.575685877" lon="25.928201331">
        <ele>38.800</ele>
        <time>2026-08-10T13:30:59Z</time>
        <speed>4.818000</speed>
      </trkpt>
      <trkpt lat="59.575709431" lon="25.928361677">
        <ele>39.000</ele>
        <time>2026-08-10T13:31:01Z</time>
        <speed>4.480000</speed>
      </trkpt>
      <trkpt lat="59.575773301" lon="25.928570973">
        <ele>38.600</ele>
        <time>2026-08-10T13:31:04Z</time>
        <speed>4.375000</speed>
      </trkpt>
      <trkpt lat="59.575812109" lon="25.928717153">
        <ele>38.400</ele>
        <time>2026-08-10T13:31:06Z</time>
        <speed>4.471000</speed>
      </trkpt>
      <trkpt lat="59.575867346" lon="25.929011023">
        <ele>38.200</ele>
        <time>2026-08-10T13:31:10Z</time>
        <speed>4.107000</speed>
      </trkpt>
      <trkpt lat="59.575879499" lon="25.929215122">
        <ele>38.800</ele>
        <time>2026-08-10T13:31:14Z</time>
        <speed>1.606000</speed>
      </trkpt>
    </trkseg>
    <trkseg>
      <trkpt lat="59.575969269" lon="25.929235825">
        <ele>39.000</ele>
        <time>2026-08-10T13:32:16Z</time>
        <speed>1.433000</speed>
      </trkpt>
      <trkpt lat="59.575983686" lon="25.929234149">
        <ele>38.800</ele>
        <time>2026-08-10T13:32:17Z</time>
        <speed>0.920000</speed>
      </trkpt>
      <trkpt lat="59.576049820" lon="25.929324087">
        <ele>38.800</ele>
        <time>2026-08-10T13:32:23Z</time>
        <speed>0.962000</speed>
      </trkpt>
    </trkseg>
    <trkseg>
      <trkpt lat="59.576054681" lon="25.929530030">
        <ele>39.000</ele>
        <time>2026-08-10T13:34:19Z</time>
        <speed>1.922000</speed>
      </trkpt>
      <trkpt lat="59.576039426" lon="25.929647293">
        <ele>39.000</ele>
        <time>2026-08-10T13:34:22Z</time>
        <speed>1.873000</speed>
      </trkpt>
      <trkpt lat="59.576040432" lon="25.929833958">
        <ele>39.000</ele>
        <time>2026-08-10T13:34:28Z</time>
        <speed>1.564000</speed>
      </trkpt>
      <trkpt lat="59.576041354" lon="25.929909311">
        <ele>39.000</ele>
        <time>2026-08-10T13:34:30Z</time>
        <speed>1.509000</speed>
      </trkpt>
      <trkpt lat="59.576032218" lon="25.930031603">
        <ele>39.000</ele>
        <time>2026-08-10T13:34:33Z</time>
        <speed>2.000000</speed>
      </trkpt>
      <trkpt lat="59.576042360" lon="25.930328490">
        <ele>38.800</ele>
        <time>2026-08-10T13:34:39Z</time>
        <speed>2.050000</speed>
      </trkpt>
      <trkpt lat="59.576043868" lon="25.930621102">
        <ele>38.800</ele>
        <time>2026-08-10T13:34:45Z</time>
        <speed>1.785000</speed>
      </trkpt>
      <trkpt lat="59.576031379" lon="25.930663012">
        <ele>38.800</ele>
        <time>2026-08-10T13:34:46Z</time>
        <speed>2.149000</speed>
      </trkpt>
      <trkpt lat="59.575997097" lon="25.930847079">
        <ele>39.000</ele>
        <time>2026-08-10T13:34:49Z</time>
        <speed>2.701000</speed>
      </trkpt>
      <trkpt lat="59.575941693" lon="25.931103649">
        <ele>39.000</ele>
        <time>2026-08-10T13:34:53Z</time>
        <speed>3.193000</speed>
      </trkpt>
      <trkpt lat="59.575791154" lon="25.931596337">
        <ele>38.800</ele>
        <time>2026-08-10T13:35:00Z</time>
        <speed>3.899000</speed>
      </trkpt>
      <trkpt lat="59.575689733" lon="25.932047032">
        <ele>39.000</ele>
        <time>2026-08-10T13:35:06Z</time>
        <speed>4.058000</speed>
      </trkpt>
      <trkpt lat="59.575606165" lon="25.932566039">
        <ele>38.800</ele>
        <time>2026-08-10T13:35:13Z</time>
        <speed>4.300000</speed>
      </trkpt>
      <trkpt lat="59.575567357" lon="25.933018075">
        <ele>38.800</ele>
        <time>2026-08-10T13:35:19Z</time>
        <speed>3.742000</speed>
      </trkpt>
      <trkpt lat="59.575538356" lon="25.933458880">
        <ele>38.800</ele>
        <time>2026-08-10T13:35:25Z</time>
        <speed>3.731000</speed>
      </trkpt>
      <trkpt lat="59.575547911" lon="25.933908233">
        <ele>39.000</ele>
        <time>2026-08-10T13:35:31Z</time>
        <speed>3.874000</speed>
      </trkpt>
      <trkpt lat="59.575531986" lon="25.934651792">
        <ele>38.800</ele>
        <time>2026-08-10T13:35:40Z</time>
        <speed>4.261000</speed>
      </trkpt>
      <trkpt lat="59.575477587" lon="25.935207428">
        <ele>39.000</ele>
        <time>2026-08-10T13:35:47Z</time>
        <speed>3.764000</speed>
      </trkpt>
      <trkpt lat="59.575489657" lon="25.935644712">
        <ele>39.600</ele>
        <time>2026-08-10T13:35:53Z</time>
        <speed>4.195000</speed>
      </trkpt>
      <trkpt lat="59.575533075" lon="25.936157852">
        <ele>39.400</ele>
        <time>2026-08-10T13:36:00Z</time>
        <speed>3.929000</speed>
      </trkpt>
      <trkpt lat="59.575560987" lon="25.936719691">
        <ele>39.200</ele>
        <time>2026-08-10T13:36:08Z</time>
        <speed>3.741000</speed>
      </trkpt>
      <trkpt lat="59.575588983" lon="25.937226042">
        <ele>39.200</ele>
        <time>2026-08-10T13:36:15Z</time>
        <speed>4.165000</speed>
      </trkpt>
      <trkpt lat="59.575613961" lon="25.937747480">
        <ele>39.600</ele>
        <time>2026-08-10T13:36:22Z</time>
        <speed>4.315000</speed>
      </trkpt>
      <trkpt lat="59.575625611" lon="25.938310912">
        <ele>39.600</ele>
        <time>2026-08-10T13:36:29Z</time>
        <speed>4.337000</speed>
      </trkpt>
      <trkpt lat="59.575640699" lon="25.938859424">
        <ele>39.400</ele>
        <time>2026-08-10T13:36:36Z</time>
        <speed>3.752000</speed>
      </trkpt>
      <trkpt lat="59.575653942" lon="25.939430818">
        <ele>39.400</ele>
        <time>2026-08-10T13:36:44Z</time>
        <speed>4.301000</speed>
      </trkpt>
      <trkpt lat="59.575693170" lon="25.940021323">
        <ele>39.200</ele>
        <time>2026-08-10T13:36:52Z</time>
        <speed>3.890000</speed>
      </trkpt>
      <trkpt lat="59.575721836" lon="25.940589532">
        <ele>39.200</ele>
        <time>2026-08-10T13:36:59Z</time>
        <speed>4.261000</speed>
      </trkpt>
      <trkpt lat="59.575795680" lon="25.940858256">
        <ele>39.200</ele>
        <time>2026-08-10T13:37:03Z</time>
        <speed>4.155000</speed>
      </trkpt>
      <trkpt lat="59.575915374" lon="25.941128740">
        <ele>39.000</ele>
        <time>2026-08-10T13:37:08Z</time>
        <speed>3.406000</speed>
      </trkpt>
      <trkpt lat="59.576015957" lon="25.941575076">
        <ele>38.800</ele>
        <time>2026-08-10T13:37:14Z</time>
        <speed>2.802000</speed>
      </trkpt>
      <trkpt lat="59.576058704" lon="25.941963159">
        <ele>39.000</ele>
        <time>2026-08-10T13:37:19Z</time>
        <speed>3.836000</speed>
      </trkpt>
      <trkpt lat="59.576084353" lon="25.942489794">
        <ele>39.000</ele>
        <time>2026-08-10T13:37:26Z</time>
        <speed>3.655000</speed>
      </trkpt>
      <trkpt lat="59.576096172" lon="25.943044173">
        <ele>38.800</ele>
        <time>2026-08-10T13:37:32Z</time>
        <speed>4.285000</speed>
      </trkpt>
      <trkpt lat="59.576125173" lon="25.943470811">
        <ele>38.800</ele>
        <time>2026-08-10T13:37:37Z</time>
        <speed>4.050000</speed>
      </trkpt>
      <trkpt lat="59.576175967" lon="25.943841878">
        <ele>39.000</ele>
        <time>2026-08-10T13:37:42Z</time>
        <speed>3.261000</speed>
      </trkpt>
      <trkpt lat="59.576263474" lon="25.944299363">
        <ele>39.200</ele>
        <time>2026-08-10T13:37:48Z</time>
        <speed>3.094000</speed>
      </trkpt>
      <trkpt lat="59.576325081" lon="25.944708986">
        <ele>39.000</ele>
        <time>2026-08-10T13:37:54Z</time>
        <speed>3.087000</speed>
      </trkpt>
      <trkpt lat="59.576361962" lon="25.944987349">
        <ele>39.000</ele>
        <time>2026-08-10T13:37:58Z</time>
        <speed>3.446000</speed>
      </trkpt>
      <trkpt lat="59.576446954" lon="25.945420191">
        <ele>38.800</ele>
        <time>2026-08-10T13:38:04Z</time>
        <speed>3.556000</speed>
      </trkpt>
      <trkpt lat="59.576484086" lon="25.945865605">
        <ele>39.000</ele>
        <time>2026-08-10T13:38:10Z</time>
        <speed>2.891000</speed>
      </trkpt>
      <trkpt lat="59.576440249" lon="25.946441106">
        <ele>39.600</ele>
        <time>2026-08-10T13:38:17Z</time>
        <speed>3.692000</speed>
      </trkpt>
      <trkpt lat="59.576351484" lon="25.946950978">
        <ele>39.000</ele>
        <time>2026-08-10T13:38:23Z</time>
        <speed>3.880000</speed>
      </trkpt>
      <trkpt lat="59.576258445" lon="25.947565539">
        <ele>39.200</ele>
        <time>2026-08-10T13:38:31Z</time>
        <speed>3.813000</speed>
      </trkpt>
      <trkpt lat="59.576234808" lon="25.948054623">
        <ele>39.800</ele>
        <time>2026-08-10T13:38:38Z</time>
        <speed>3.507000</speed>
      </trkpt>
      <trkpt lat="59.576236652" lon="25.948112961">
        <ele>40.000</ele>
        <time>2026-08-10T13:38:39Z</time>
        <speed>3.174000</speed>
      </trkpt>
      <trkpt lat="59.576269509" lon="25.948369280">
        <ele>40.000</ele>
        <time>2026-08-10T13:38:43Z</time>
        <speed>3.226000</speed>
      </trkpt>
      <trkpt lat="59.576332038" lon="25.948876804">
        <ele>39.600</ele>
        <time>2026-08-10T13:38:50Z</time>
        <speed>3.455000</speed>
      </trkpt>
      <trkpt lat="59.576399932" lon="25.949299084">
        <ele>39.800</ele>
        <time>2026-08-10T13:38:57Z</time>
        <speed>2.995000</speed>
      </trkpt>
      <trkpt lat="59.576484170" lon="25.949762939">
        <ele>39.800</ele>
        <time>2026-08-10T13:39:04Z</time>
        <speed>3.861000</speed>
      </trkpt>
      <trkpt lat="59.576529432" lon="25.949883303">
        <ele>40.200</ele>
        <time>2026-08-10T13:39:06Z</time>
        <speed>3.446000</speed>
      </trkpt>
      <trkpt lat="59.576572431" lon="25.950006098">
        <ele>40.200</ele>
        <time>2026-08-10T13:39:08Z</time>
        <speed>3.261000</speed>
      </trkpt>
      <trkpt lat="59.576688018" lon="25.950301057">
        <ele>40.600</ele>
        <time>2026-08-10T13:39:14Z</time>
        <speed>2.682000</speed>
      </trkpt>
      <trkpt lat="59.576853560" lon="25.950548155">
        <ele>39.600</ele>
        <time>2026-08-10T13:39:20Z</time>
        <speed>4.430000</speed>
      </trkpt>
      <trkpt lat="59.576918939" lon="25.950658461">
        <ele>39.000</ele>
        <time>2026-08-10T13:39:22Z</time>
        <speed>4.473000</speed>
      </trkpt>
      <trkpt lat="59.576951712" lon="25.950803887">
        <ele>39.000</ele>
        <time>2026-08-10T13:39:24Z</time>
        <speed>3.948000</speed>
      </trkpt>
      <trkpt lat="59.576986246" lon="25.951131452">
        <ele>39.200</ele>
        <time>2026-08-10T13:39:29Z</time>
        <speed>2.972000</speed>
      </trkpt>
      <trkpt lat="59.577042237" lon="25.951358601">
        <ele>39.200</ele>
        <time>2026-08-10T13:39:33Z</time>
        <speed>3.465000</speed>
      </trkpt>
      <trkpt lat="59.577098479" lon="25.951688010">
        <ele>39.400</ele>
        <time>2026-08-10T13:39:38Z</time>
        <speed>3.428000</speed>
      </trkpt>
      <trkpt lat="59.577143071" lon="25.952076847">
        <ele>39.400</ele>
        <time>2026-08-10T13:39:44Z</time>
        <speed>3.195000</speed>
      </trkpt>
      <trkpt lat="59.577174336" lon="25.952495104">
        <ele>39.400</ele>
        <time>2026-08-10T13:39:50Z</time>
        <speed>2.735000</speed>
      </trkpt>
      <trkpt lat="59.577224040" lon="25.952867595">
        <ele>39.800</ele>
        <time>2026-08-10T13:39:56Z</time>
        <speed>3.240000</speed>
      </trkpt>
      <trkpt lat="59.577242564" lon="25.953266490">
        <ele>39.600</ele>
        <time>2026-08-10T13:40:02Z</time>
        <speed>3.627000</speed>
      </trkpt>
      <trkpt lat="59.577270644" lon="25.953655243">
        <ele>39.400</ele>
        <time>2026-08-10T13:40:08Z</time>
        <speed>3.697000</speed>
      </trkpt>
      <trkpt lat="59.577310625" lon="25.953890188">
        <ele>39.600</ele>
        <time>2026-08-10T13:40:12Z</time>
        <speed>2.546000</speed>
      </trkpt>
      <trkpt lat="59.577382626" lon="25.954341469">
        <ele>39.400</ele>
        <time>2026-08-10T13:40:19Z</time>
        <speed>3.293000</speed>
      </trkpt>
      <trkpt lat="59.577448675" lon="25.954846647">
        <ele>39.800</ele>
        <time>2026-08-10T13:40:27Z</time>
        <speed>3.136000</speed>
      </trkpt>
      <trkpt lat="59.577514222" lon="25.955254342">
        <ele>40.000</ele>
        <time>2026-08-10T13:40:34Z</time>
        <speed>2.526000</speed>
      </trkpt>
      <trkpt lat="59.577622432" lon="25.955524156">
        <ele>40.400</ele>
        <time>2026-08-10T13:40:41Z</time>
        <speed>1.914000</speed>
      </trkpt>
      <trkpt lat="59.577733912" lon="25.955801345">
        <ele>39.600</ele>
        <time>2026-08-10T13:40:47Z</time>
        <speed>3.650000</speed>
      </trkpt>
      <trkpt lat="59.577785209" lon="25.956029668">
        <ele>38.600</ele>
        <time>2026-08-10T13:40:50Z</time>
        <speed>4.518000</speed>
      </trkpt>
      <trkpt lat="59.577798620" lon="25.956177190">
        <ele>38.600</ele>
        <time>2026-08-10T13:40:52Z</time>
        <speed>3.336000</speed>
      </trkpt>
      <trkpt lat="59.577821167" lon="25.956455553">
        <ele>39.000</ele>
        <time>2026-08-10T13:40:57Z</time>
        <speed>2.453000</speed>
      </trkpt>
      <trkpt lat="59.577850588" lon="25.956715643">
        <ele>39.000</ele>
        <time>2026-08-10T13:41:02Z</time>
        <speed>2.256000</speed>
      </trkpt>
      <trkpt lat="59.577846983" lon="25.957060559">
        <ele>39.200</ele>
        <time>2026-08-10T13:41:09Z</time>
        <speed>2.592000</speed>
      </trkpt>
      <trkpt lat="59.577805074" lon="25.957235238">
        <ele>39.000</ele>
        <time>2026-08-10T13:41:13Z</time>
        <speed>1.980000</speed>
      </trkpt>
      <trkpt lat="59.577755872" lon="25.957380580">
        <ele>39.800</ele>
        <time>2026-08-10T13:41:17Z</time>
        <speed>2.217000</speed>
      </trkpt>
      <trkpt lat="59.577706587" lon="25.957487030">
        <ele>40.000</ele>
        <time>2026-08-10T13:41:20Z</time>
        <speed>2.749000</speed>
      </trkpt>
      <trkpt lat="59.577531070" lon="25.957701271">
        <ele>40.400</ele>
        <time>2026-08-10T13:41:27Z</time>
        <speed>3.125000</speed>
      </trkpt>
      <trkpt lat="59.577437695" lon="25.957796406">
        <ele>40.800</ele>
        <time>2026-08-10T13:41:31Z</time>
        <speed>2.696000</speed>
      </trkpt>
      <trkpt lat="59.577351781" lon="25.957901431">
        <ele>41.200</ele>
        <time>2026-08-10T13:41:35Z</time>
        <speed>3.063000</speed>
      </trkpt>
      <trkpt lat="59.577204511" lon="25.958044259">
        <ele>40.800</ele>
        <time>2026-08-10T13:41:41Z</time>
        <speed>3.110000</speed>
      </trkpt>
      <trkpt lat="59.576981300" lon="25.958288759">
        <ele>40.600</ele>
        <time>2026-08-10T13:41:49Z</time>
        <speed>3.257000</speed>
      </trkpt>
      <trkpt lat="59.576816093" lon="25.958434269">
        <ele>40.400</ele>
        <time>2026-08-10T13:41:55Z</time>
        <speed>3.001000</speed>
      </trkpt>
      <trkpt lat="59.576707380" lon="25.958548430">
        <ele>40.400</ele>
        <time>2026-08-10T13:42:01Z</time>
        <speed>2.684000</speed>
      </trkpt>
      <trkpt lat="59.576528007" lon="25.958733670">
        <ele>40.800</ele>
        <time>2026-08-10T13:42:08Z</time>
        <speed>3.093000</speed>
      </trkpt>
      <trkpt lat="59.576333296" lon="25.958922599">
        <ele>40.800</ele>
        <time>2026-08-10T13:42:15Z</time>
        <speed>3.377000</speed>
      </trkpt>
      <trkpt lat="59.576151744" lon="25.959116723">
        <ele>41.000</ele>
        <time>2026-08-10T13:42:22Z</time>
        <speed>3.022000</speed>
      </trkpt>
      <trkpt lat="59.576007994" lon="25.959322248">
        <ele>41.200</ele>
        <time>2026-08-10T13:42:28Z</time>
        <speed>2.718000</speed>
      </trkpt>
      <trkpt lat="59.575996930" lon="25.959521402">
        <ele>41.400</ele>
        <time>2026-08-10T13:42:32Z</time>
        <speed>2.373000</speed>
      </trkpt>
      <trkpt lat="59.576042444" lon="25.959701445">
        <ele>41.600</ele>
        <time>2026-08-10T13:42:36Z</time>
        <speed>2.838000</speed>
      </trkpt>
      <trkpt lat="59.576109080" lon="25.959977293">
        <ele>42.000</ele>
        <time>2026-08-10T13:42:42Z</time>
        <speed>2.695000</speed>
      </trkpt>
      <trkpt lat="59.576152163" lon="25.960233528">
        <ele>41.600</ele>
        <time>2026-08-10T13:42:49Z</time>
        <speed>1.083000</speed>
      </trkpt>
    </trkseg>
    <trkseg>
      <trkpt lat="59.576206477" lon="25.960398316">
        <ele>41.800</ele>
        <time>2026-08-10T13:43:33Z</time>
        <speed>1.958000</speed>
      </trkpt>
      <trkpt lat="59.576214105" lon="25.960432850">
        <ele>41.800</ele>
        <time>2026-08-10T13:43:34Z</time>
        <speed>1.748000</speed>
      </trkpt>
      <trkpt lat="59.576241430" lon="25.960578527">
        <ele>41.800</ele>
        <time>2026-08-10T13:43:39Z</time>
        <speed>1.005000</speed>
      </trkpt>
      <trkpt lat="59.576242771" lon="25.960604679">
        <ele>41.800</ele>
        <time>2026-08-10T13:43:40Z</time>
        <speed>0.871000</speed>
      </trkpt>
      <trkpt lat="59.576212177" lon="25.960761672">
        <ele>41.000</ele>
        <time>2026-08-10T13:43:45Z</time>
        <speed>1.587000</speed>
      </trkpt>
      <trkpt lat="59.576180410" lon="25.960829901">
        <ele>41.200</ele>
        <time>2026-08-10T13:43:48Z</time>
        <speed>1.981000</speed>
      </trkpt>
      <trkpt lat="59.576136656" lon="25.960853705">
        <ele>41.400</ele>
        <time>2026-08-10T13:43:50Z</time>
        <speed>1.891000</speed>
      </trkpt>
      <trkpt lat="59.576026099" lon="25.960887903">
        <ele>41.600</ele>
        <time>2026-08-10T13:43:56Z</time>
        <speed>1.463000</speed>
      </trkpt>
    </trkseg>
  </trk>
</gpx>
