<?xml version="1.0" encoding="UTF-8"?>
<gpx version="1.0" creator="GPSBabel - https://www.gpsbabel.org" xmlns="http://www.topografix.com/GPX/1/0">
  <time>2026-08-26T13:00:14.418Z</time>
  <bounds minlat="59.541910328" minlon="25.907137776" maxlat="59.617678709" maxlon="26.183181340"/>
  <wpt lat="59.547652183" lon="26.183147142">
    <name>LAP001</name>
    <cmt>LAP001</cmt>
    <desc>LAP001</desc>
  </wpt>
  <trk>
    <trkseg>
      <trkpt lat="59.575948147" lon="25.960842138">
        <ele>24.600</ele>
        <time>2026-08-11T07:23:44Z</time>
        <speed>0.925000</speed>
      </trkpt>
    </trkseg>
    <trkseg>
      <trkpt lat="59.576038588" lon="25.960837444">
        <ele>24.200</ele>
        <time>2026-08-11T07:24:29Z</time>
        <speed>2.507000</speed>
      </trkpt>
      <trkpt lat="59.576159539" lon="25.960690342">
        <ele>23.600</ele>
        <time>2026-08-11T07:24:33Z</time>
        <speed>3.503000</speed>
      </trkpt>
      <trkpt lat="59.576235730" lon="25.960440477">
        <ele>23.800</ele>
        <time>2026-08-11T07:24:38Z</time>
        <speed>2.660000</speed>
      </trkpt>
      <trkpt lat="59.576196335" lon="25.960139651">
        <ele>23.200</ele>
        <time>2026-08-11T07:24:43Z</time>
        <speed>3.920000</speed>
      </trkpt>
      <trkpt lat="59.576112516" lon="25.959774200">
        <ele>23.000</ele>
        <time>2026-08-11T07:24:48Z</time>
        <speed>4.477000</speed>
      </trkpt>
      <trkpt lat="59.576092819" lon="25.959699182">
        <ele>23.000</ele>
        <time>2026-08-11T07:24:49Z</time>
        <speed>4.492000</speed>
      </trkpt>
      <trkpt lat="59.575993912" lon="25.959318979">
        <ele>23.800</ele>
        <time>2026-08-11T07:24:55Z</time>
        <speed>2.650000</speed>
      </trkpt>
      <trkpt lat="59.576006485" lon="25.959286708">
        <ele>24.000</ele>
        <time>2026-08-11T07:24:56Z</time>
        <speed>2.143000</speed>
      </trkpt>
      <trkpt lat="59.576037498" lon="25.959230717">
        <ele>24.000</ele>
        <time>2026-08-11T07:24:59Z</time>
        <speed>0.917000</speed>
      </trkpt>
      <trkpt lat="59.576070858" lon="25.959199620">
        <ele>24.000</ele>
        <time>2026-08-11T07:25:01Z</time>
        <speed>1.970000</speed>
      </trkpt>
      <trkpt lat="59.576125676" lon="25.959162908">
        <ele>24.000</ele>
        <time>2026-08-11T07:25:04Z</time>
        <speed>1.929000</speed>
      </trkpt>
      <trkpt lat="59.576235898" lon="25.959061151">
        <ele>23.800</ele>
        <time>2026-08-11T07:25:10Z</time>
        <speed>2.201000</speed>
      </trkpt>
      <trkpt lat="59.576338325" lon="25.958956042">
        <ele>23.800</ele>
        <time>2026-08-11T07:25:15Z</time>
        <speed>2.467000</speed>
      </trkpt>
      <trkpt lat="59.576467490" lon="25.958837438">
        <ele>23.600</ele>
        <time>2026-08-11T07:25:22Z</time>
        <speed>2.298000</speed>
      </trkpt>
      <trkpt lat="59.576580646" lon="25.958747920">
        <ele>23.800</ele>
        <time>2026-08-11T07:25:28Z</time>
        <speed>2.177000</speed>
      </trkpt>
      <trkpt lat="59.576688269" lon="25.958613977">
        <ele>24.000</ele>
        <time>2026-08-11T07:25:35Z</time>
        <speed>1.616000</speed>
      </trkpt>
      <trkpt lat="59.576807711" lon="25.958474753">
        <ele>23.600</ele>
        <time>2026-08-11T07:25:42Z</time>
        <speed>2.311000</speed>
      </trkpt>
      <trkpt lat="59.576987922" lon="25.958286580">
        <ele>23.200</ele>
        <time>2026-08-11T07:25:49Z</time>
        <speed>3.407000</speed>
      </trkpt>
      <trkpt lat="59.577162517" lon="25.958103435">
        <ele>23.800</ele>
        <time>2026-08-11T07:25:56Z</time>
        <speed>2.771000</speed>
      </trkpt>
      <trkpt lat="59.577294113" lon="25.957991453">
        <ele>23.400</ele>
        <time>2026-08-11T07:26:01Z</time>
        <speed>3.190000</speed>
      </trkpt>
      <trkpt lat="59.577499554" lon="25.957791712">
        <ele>23.000</ele>
        <time>2026-08-11T07:26:09Z</time>
        <speed>2.962000</speed>
      </trkpt>
      <trkpt lat="59.577610949" lon="25.957676042">
        <ele>22.400</ele>
        <time>2026-08-11T07:26:13Z</time>
        <speed>3.179000</speed>
      </trkpt>
      <trkpt lat="59.577668617" lon="25.957623823">
        <ele>22.400</ele>
        <time>2026-08-11T07:26:15Z</time>
        <speed>3.473000</speed>
      </trkpt>
      <trkpt lat="59.577848073" lon="25.957431961">
        <ele>21.400</ele>
        <time>2026-08-11T07:26:22Z</time>
        <speed>3.085000</speed>
      </trkpt>
      <trkpt lat="59.577870537" lon="25.957403881">
        <ele>21.400</ele>
        <time>2026-08-11T07:26:23Z</time>
        <speed>2.880000</speed>
      </trkpt>
      <trkpt lat="59.577928707" lon="25.957166841">
        <ele>20.400</ele>
        <time>2026-08-11T07:26:28Z</time>
        <speed>3.006000</speed>
      </trkpt>
      <trkpt lat="59.577929629" lon="25.956777837">
        <ele>20.400</ele>
        <time>2026-08-11T07:26:35Z</time>
        <speed>2.498000</speed>
      </trkpt>
      <trkpt lat="59.577900628" lon="25.956513975">
        <ele>20.800</ele>
        <time>2026-08-11T07:26:40Z</time>
        <speed>2.427000</speed>
      </trkpt>
      <trkpt lat="59.577861149" lon="25.956227398">
        <ele>21.200</ele>
        <time>2026-08-11T07:26:46Z</time>
        <speed>2.638000</speed>
      </trkpt>
      <trkpt lat="59.577798201" lon="25.955923889">
        <ele>21.200</ele>
        <time>2026-08-11T07:26:52Z</time>
        <speed>2.269000</speed>
      </trkpt>
      <trkpt lat="59.577719327" lon="25.955729345">
        <ele>22.000</ele>
        <time>2026-08-11T07:26:58Z</time>
        <speed>2.223000</speed>
      </trkpt>
      <trkpt lat="59.577653194" lon="25.955579560">
        <ele>22.200</ele>
        <time>2026-08-11T07:27:02Z</time>
        <speed>2.714000</speed>
      </trkpt>
      <trkpt lat="59.577565854" lon="25.955217378">
        <ele>21.800</ele>
        <time>2026-08-11T07:27:09Z</time>
        <speed>3.064000</speed>
      </trkpt>
      <trkpt lat="59.577511288" lon="25.954883276">
        <ele>21.800</ele>
        <time>2026-08-11T07:27:15Z</time>
        <speed>3.261000</speed>
      </trkpt>
      <trkpt lat="59.577447670" lon="25.954383295">
        <ele>21.800</ele>
        <time>2026-08-11T07:27:23Z</time>
        <speed>3.123000</speed>
      </trkpt>
      <trkpt lat="59.577393858" lon="25.954005355">
        <ele>21.600</ele>
        <time>2026-08-11T07:27:30Z</time>
        <speed>2.636000</speed>
      </trkpt>
      <trkpt lat="59.577345159" lon="25.953744929">
        <ele>22.000</ele>
        <time>2026-08-11T07:27:34Z</time>
        <speed>2.823000</speed>
      </trkpt>
      <trkpt lat="59.577318253" lon="25.953412000">
        <ele>21.800</ele>
        <time>2026-08-11T07:27:40Z</time>
        <speed>2.817000</speed>
      </trkpt>
      <trkpt lat="59.577309117" lon="25.953099187">
        <ele>22.000</ele>
        <time>2026-08-11T07:27:46Z</time>
        <speed>2.563000</speed>
      </trkpt>
      <trkpt lat="59.577289168" lon="25.952788973">
        <ele>22.000</ele>
        <time>2026-08-11T07:27:51Z</time>
        <speed>2.929000</speed>
      </trkpt>
      <trkpt lat="59.577282127" lon="25.952730719">
        <ele>22.200</ele>
        <time>2026-08-11T07:27:52Z</time>
        <speed>2.928000</speed>
      </trkpt>
      <trkpt lat="59.577228148" lon="25.952242725">
        <ele>21.600</ele>
        <time>2026-08-11T07:28:00Z</time>
        <speed>2.667000</speed>
      </trkpt>
      <trkpt lat="59.577185232" lon="25.951991938">
        <ele>21.800</ele>
        <time>2026-08-11T07:28:05Z</time>
        <speed>3.050000</speed>
      </trkpt>
      <trkpt lat="59.577119937" lon="25.951666636">
        <ele>21.800</ele>
        <time>2026-08-11T07:28:11Z</time>
        <speed>2.487000</speed>
      </trkpt>
      <trkpt lat="59.577061767" lon="25.951372264">
        <ele>21.200</ele>
        <time>2026-08-11T07:28:17Z</time>
        <speed>2.517000</speed>
      </trkpt>
      <trkpt lat="59.577018768" lon="25.951147461">
        <ele>21.000</ele>
        <time>2026-08-11T07:28:22Z</time>
        <speed>2.343000</speed>
      </trkpt>
      <trkpt lat="59.577009715" lon="25.950977225">
        <ele>21.400</ele>
        <time>2026-08-11T07:28:27Z</time>
        <speed>1.531000</speed>
      </trkpt>
      <trkpt lat="59.576977026" lon="25.950835487">
        <ele>21.400</ele>
        <time>2026-08-11T07:28:32Z</time>
        <speed>1.112000</speed>
      </trkpt>
      <trkpt lat="59.576966548" lon="25.950807324">
        <ele>21.400</ele>
        <time>2026-08-11T07:28:33Z</time>
        <speed>1.298000</speed>
      </trkpt>
      <trkpt lat="59.576836126" lon="25.950635411">
        <ele>21.200</ele>
        <time>2026-08-11T07:28:38Z</time>
        <speed>2.872000</speed>
      </trkpt>
      <trkpt lat="59.576674104" lon="25.950404909">
        <ele>21.800</ele>
        <time>2026-08-11T07:28:45Z</time>
        <speed>2.634000</speed>
      </trkpt>
      <trkpt lat="59.576535383" lon="25.950005343">
        <ele>21.200</ele>
        <time>2026-08-11T07:28:51Z</time>
        <speed>4.332000</speed>
      </trkpt>
      <trkpt lat="59.576466149" lon="25.949672833">
        <ele>21.000</ele>
        <time>2026-08-11T07:28:55Z</time>
        <speed>3.994000</speed>
      </trkpt>
      <trkpt lat="59.576385682" lon="25.949231777">
        <ele>21.200</ele>
        <time>2026-08-11T07:29:01Z</time>
        <speed>3.974000</speed>
      </trkpt>
      <trkpt lat="59.576324495" lon="25.948817460">
        <ele>21.600</ele>
        <time>2026-08-11T07:29:07Z</time>
        <speed>3.624000</speed>
      </trkpt>
      <trkpt lat="59.576283926" lon="25.948392330">
        <ele>21.800</ele>
        <time>2026-08-11T07:29:13Z</time>
        <speed>3.722000</speed>
      </trkpt>
      <trkpt lat="59.576280322" lon="25.948060909">
        <ele>21.800</ele>
        <time>2026-08-11T07:29:18Z</time>
        <speed>3.105000</speed>
      </trkpt>
      <trkpt lat="59.576305468" lon="25.947765028">
        <ele>21.400</ele>
        <time>2026-08-11T07:29:22Z</time>
        <speed>4.356000</speed>
      </trkpt>
      <trkpt lat="59.576366656" lon="25.947338138">
        <ele>21.800</ele>
        <time>2026-08-11T07:29:28Z</time>
        <speed>3.606000</speed>
      </trkpt>
      <trkpt lat="59.576429268" lon="25.946872020">
        <ele>21.600</ele>
        <time>2026-08-11T07:29:34Z</time>
        <speed>4.242000</speed>
      </trkpt>
      <trkpt lat="59.576509316" lon="25.946318731">
        <ele>21.200</ele>
        <time>2026-08-11T07:29:41Z</time>
        <speed>4.000000</speed>
      </trkpt>
      <trkpt lat="59.576510824" lon="25.945926541">
        <ele>20.800</ele>
        <time>2026-08-11T07:29:46Z</time>
        <speed>3.456000</speed>
      </trkpt>
      <trkpt lat="59.576461203" lon="25.945629403">
        <ele>20.800</ele>
        <time>2026-08-11T07:29:49Z</time>
        <speed>4.587000</speed>
      </trkpt>
      <trkpt lat="59.576442763" lon="25.945535107">
        <ele>20.800</ele>
        <time>2026-08-11T07:29:50Z</time>
        <speed>4.661000</speed>
      </trkpt>
      <trkpt lat="59.576349976" lon="25.945000341">
        <ele>20.800</ele>
        <time>2026-08-11T07:29:57Z</time>
        <speed>3.468000</speed>
      </trkpt>
      <trkpt lat="59.576304965" lon="25.944637908">
        <ele>21.000</ele>
        <time>2026-08-11T07:30:03Z</time>
        <speed>3.020000</speed>
      </trkpt>
      <trkpt lat="59.576258026" lon="25.944279665">
        <ele>20.800</ele>
        <time>2026-08-11T07:30:09Z</time>
        <speed>2.930000</speed>
      </trkpt>
      <trkpt lat="59.576223157" lon="25.944027286">
        <ele>20.200</ele>
        <time>2026-08-11T07:30:13Z</time>
        <speed>3.333000</speed>
      </trkpt>
      <trkpt lat="59.576210082" lon="25.943900384">
        <ele>20.000</ele>
        <time>2026-08-11T07:30:15Z</time>
        <speed>3.416000</speed>
      </trkpt>
      <trkpt lat="59.576174458" lon="25.943389256">
        <ele>20.800</ele>
        <time>2026-08-11T07:30:22Z</time>
        <speed>3.034000</speed>
      </trkpt>
      <trkpt lat="59.576147301" lon="25.943054315">
        <ele>20.200</ele>
        <time>2026-08-11T07:30:26Z</time>
        <speed>3.786000</speed>
      </trkpt>
      <trkpt lat="59.576161550" lon="25.942676291">
        <ele>20.200</ele>
        <time>2026-08-11T07:30:31Z</time>
        <speed>4.186000</speed>
      </trkpt>
      <trkpt lat="59.576071110" lon="25.941981012">
        <ele>20.400</ele>
        <time>2026-08-11T07:30:38Z</time>
        <speed>3.805000</speed>
      </trkpt>
      <trkpt lat="59.575989554" lon="25.941508105">
        <ele>20.200</ele>
        <time>2026-08-11T07:30:43Z</time>
        <speed>4.408000</speed>
      </trkpt>
      <trkpt lat="59.575880002" lon="25.941134691">
        <ele>19.800</ele>
        <time>2026-08-11T07:30:48Z</time>
        <speed>3.971000</speed>
      </trkpt>
      <trkpt lat="59.575766176" lon="25.940653905">
        <ele>20.000</ele>
        <time>2026-08-11T07:30:54Z</time>
        <speed>4.079000</speed>
      </trkpt>
      <trkpt lat="59.575743629" lon="25.940226931">
        <ele>21.200</ele>
        <time>2026-08-11T07:31:00Z</time>
        <speed>3.198000</speed>
      </trkpt>
      <trkpt lat="59.575729882" lon="25.939914035">
        <ele>21.400</ele>
        <time>2026-08-11T07:31:06Z</time>
        <speed>1.831000</speed>
      </trkpt>
    </trkseg>
    <trkseg>
      <trkpt lat="59.575722171" lon="25.939799203">
        <ele>21.400</ele>
        <time>2026-08-11T07:31:12Z</time>
        <speed>1.571000</speed>
      </trkpt>
      <trkpt lat="59.575718902" lon="25.939758550">
        <ele>21.200</ele>
        <time>2026-08-11T07:31:13Z</time>
        <speed>1.886000</speed>
      </trkpt>
      <trkpt lat="59.575704234" lon="25.939487144">
        <ele>20.800</ele>
        <time>2026-08-11T07:31:18Z</time>
        <speed>3.270000</speed>
      </trkpt>
      <trkpt lat="59.575681351" lon="25.938974507">
        <ele>20.800</ele>
        <time>2026-08-11T07:31:25Z</time>
        <speed>4.014000</speed>
      </trkpt>
      <trkpt lat="59.575671628" lon="25.938747609">
        <ele>20.200</ele>
        <time>2026-08-11T07:31:28Z</time>
        <speed>4.012000</speed>
      </trkpt>
      <trkpt lat="59.575657044" lon="25.938372687">
        <ele>20.400</ele>
        <time>2026-08-11T07:31:33Z</time>
        <speed>3.925000</speed>
      </trkpt>
      <trkpt lat="59.575638603" lon="25.937804896">
        <ele>20.800</ele>
        <time>2026-08-11T07:31:41Z</time>
        <speed>3.940000</speed>
      </trkpt>
      <trkpt lat="59.575621840" lon="25.937387981">
        <ele>21.000</ele>
        <time>2026-08-11T07:31:47Z</time>
        <speed>3.728000</speed>
      </trkpt>
      <trkpt lat="59.575609770" lon="25.936923455">
        <ele>20.800</ele>
        <time>2026-08-11T07:31:54Z</time>
        <speed>3.689000</speed>
      </trkpt>
      <trkpt lat="59.575591665" lon="25.936484914">
        <ele>21.200</ele>
        <time>2026-08-11T07:32:01Z</time>
        <speed>3.387000</speed>
      </trkpt>
      <trkpt lat="59.575586468" lon="25.936428504">
        <ele>21.400</ele>
        <time>2026-08-11T07:32:02Z</time>
        <speed>3.268000</speed>
      </trkpt>
      <trkpt lat="59.575576829" lon="25.936055761">
        <ele>21.000</ele>
        <time>2026-08-11T07:32:08Z</time>
        <speed>3.276000</speed>
      </trkpt>
      <trkpt lat="59.575556628" lon="25.935635073">
        <ele>21.000</ele>
        <time>2026-08-11T07:32:15Z</time>
        <speed>3.267000</speed>
      </trkpt>
      <trkpt lat="59.575538943" lon="25.935276663">
        <ele>21.200</ele>
        <time>2026-08-11T07:32:21Z</time>
        <speed>3.081000</speed>
      </trkpt>
      <trkpt lat="59.575545229" lon="25.934826639">
        <ele>21.000</ele>
        <time>2026-08-11T07:32:28Z</time>
        <speed>3.863000</speed>
      </trkpt>
      <trkpt lat="59.575547157" lon="25.934374770">
        <ele>21.000</ele>
        <time>2026-08-11T07:32:35Z</time>
        <speed>3.119000</speed>
      </trkpt>
      <trkpt lat="59.575564591" lon="25.934272343">
        <ele>21.000</ele>
        <time>2026-08-11T07:32:37Z</time>
        <speed>2.953000</speed>
      </trkpt>
      <trkpt lat="59.575602310" lon="25.934134545">
        <ele>21.000</ele>
        <time>2026-08-11T07:32:40Z</time>
        <speed>3.185000</speed>
      </trkpt>
      <trkpt lat="59.575604824" lon="25.933981575">
        <ele>21.000</ele>
        <time>2026-08-11T07:32:43Z</time>
        <speed>2.814000</speed>
      </trkpt>
      <trkpt lat="59.575581187" lon="25.933857774">
        <ele>20.800</ele>
        <time>2026-08-11T07:32:45Z</time>
        <speed>3.333000</speed>
      </trkpt>
      <trkpt lat="59.575566435" lon="25.933430884">
        <ele>20.800</ele>
        <time>2026-08-11T07:32:51Z</time>
        <speed>3.592000</speed>
      </trkpt>
      <trkpt lat="59.575592922" lon="25.932999719">
        <ele>20.800</ele>
        <time>2026-08-11T07:32:57Z</time>
        <speed>3.522000</speed>
      </trkpt>
      <trkpt lat="59.575657463" lon="25.932457661">
        <ele>20.800</ele>
        <time>2026-08-11T07:33:05Z</time>
        <speed>3.511000</speed>
      </trkpt>
      <trkpt lat="59.575686296" lon="25.932214921">
        <ele>20.400</ele>
        <time>2026-08-11T07:33:09Z</time>
        <speed>3.200000</speed>
      </trkpt>
      <trkpt lat="59.575729882" lon="25.931834634">
        <ele>20.600</ele>
        <time>2026-08-11T07:33:15Z</time>
        <speed>3.489000</speed>
      </trkpt>
      <trkpt lat="59.575757794" lon="25.931522576">
        <ele>20.800</ele>
        <time>2026-08-11T07:33:20Z</time>
        <speed>3.710000</speed>
      </trkpt>
      <trkpt lat="59.575821999" lon="25.931066768">
        <ele>21.000</ele>
        <time>2026-08-11T07:33:27Z</time>
        <speed>3.326000</speed>
      </trkpt>
      <trkpt lat="59.575917553" lon="25.930785304">
        <ele>20.800</ele>
        <time>2026-08-11T07:33:32Z</time>
        <speed>3.753000</speed>
      </trkpt>
      <trkpt lat="59.575993409" lon="25.930428151">
        <ele>20.600</ele>
        <time>2026-08-11T07:33:38Z</time>
        <speed>3.559000</speed>
      </trkpt>
      <trkpt lat="59.575978154" lon="25.930062532">
        <ele>20.600</ele>
        <time>2026-08-11T07:33:43Z</time>
        <speed>3.636000</speed>
      </trkpt>
      <trkpt lat="59.575987039" lon="25.929694651">
        <ele>20.800</ele>
        <time>2026-08-11T07:33:48Z</time>
        <speed>3.642000</speed>
      </trkpt>
      <trkpt lat="59.576047808" lon="25.929339593">
        <ele>20.600</ele>
        <time>2026-08-11T07:33:54Z</time>
        <speed>3.424000</speed>
      </trkpt>
      <trkpt lat="59.576094411" lon="25.928944638">
        <ele>20.600</ele>
        <time>2026-08-11T07:34:00Z</time>
        <speed>3.441000</speed>
      </trkpt>
      <trkpt lat="59.576154761" lon="25.928492099">
        <ele>20.600</ele>
        <time>2026-08-11T07:34:07Z</time>
        <speed>3.478000</speed>
      </trkpt>
      <trkpt lat="59.576251572" lon="25.928231087">
        <ele>20.200</ele>
        <time>2026-08-11T07:34:12Z</time>
        <speed>3.650000</speed>
      </trkpt>
      <trkpt lat="59.576289626" lon="25.927872425">
        <ele>20.000</ele>
        <time>2026-08-11T07:34:17Z</time>
        <speed>4.214000</speed>
      </trkpt>
      <trkpt lat="59.576360034" lon="25.927554248">
        <ele>20.400</ele>
        <time>2026-08-11T07:34:22Z</time>
        <speed>3.542000</speed>
      </trkpt>
      <trkpt lat="59.576405631" lon="25.927122999">
        <ele>20.000</ele>
        <time>2026-08-11T07:34:28Z</time>
        <speed>3.828000</speed>
      </trkpt>
      <trkpt lat="59.576466484" lon="25.926751597">
        <ele>20.200</ele>
        <time>2026-08-11T07:34:33Z</time>
        <speed>3.481000</speed>
      </trkpt>
      <trkpt lat="59.576514093" lon="25.926494524">
        <ele>20.200</ele>
        <time>2026-08-11T07:34:37Z</time>
        <speed>3.437000</speed>
      </trkpt>
      <trkpt lat="59.576533623" lon="25.926127899">
        <ele>20.000</ele>
        <time>2026-08-11T07:34:42Z</time>
        <speed>3.938000</speed>
      </trkpt>
      <trkpt lat="59.576619370" lon="25.925707128">
        <ele>20.000</ele>
        <time>2026-08-11T07:34:48Z</time>
        <speed>3.354000</speed>
      </trkpt>
      <trkpt lat="59.576689526" lon="25.925584165">
        <ele>20.200</ele>
        <time>2026-08-11T07:34:51Z</time>
        <speed>3.086000</speed>
      </trkpt>
      <trkpt lat="59.576689443" lon="25.925546279">
        <ele>20.200</ele>
        <time>2026-08-11T07:34:52Z</time>
        <speed>1.578000</speed>
      </trkpt>
      <trkpt lat="59.576740991" lon="25.925297840">
        <ele>20.600</ele>
        <time>2026-08-11T07:34:57Z</time>
        <speed>2.513000</speed>
      </trkpt>
      <trkpt lat="59.576809388" lon="25.925007742">
        <ele>20.800</ele>
        <time>2026-08-11T07:35:02Z</time>
        <speed>2.963000</speed>
      </trkpt>
      <trkpt lat="59.576903768" lon="25.924702892">
        <ele>20.200</ele>
        <time>2026-08-11T07:35:07Z</time>
        <speed>3.638000</speed>
      </trkpt>
      <trkpt lat="59.576992113" lon="25.924346745">
        <ele>20.000</ele>
        <time>2026-08-11T07:35:13Z</time>
        <speed>3.417000</speed>
      </trkpt>
      <trkpt lat="59.577096216" lon="25.924062515">
        <ele>19.800</ele>
        <time>2026-08-11T07:35:18Z</time>
        <speed>3.642000</speed>
      </trkpt>
      <trkpt lat="59.577162014" lon="25.923800999">
        <ele>19.800</ele>
        <time>2026-08-11T07:35:22Z</time>
        <speed>3.988000</speed>
      </trkpt>
      <trkpt lat="59.577269051" lon="25.923504699">
        <ele>19.800</ele>
        <time>2026-08-11T07:35:27Z</time>
        <speed>3.025000</speed>
      </trkpt>
      <trkpt lat="59.577367036" lon="25.923173614">
        <ele>19.600</ele>
        <time>2026-08-11T07:35:32Z</time>
        <speed>4.351000</speed>
      </trkpt>
      <trkpt lat="59.577505169" lon="25.922712693">
        <ele>19.600</ele>
        <time>2026-08-11T07:35:38Z</time>
        <speed>4.074000</speed>
      </trkpt>
      <trkpt lat="59.577578092" lon="25.922448914">
        <ele>19.400</ele>
        <time>2026-08-11T07:35:42Z</time>
        <speed>3.644000</speed>
      </trkpt>
      <trkpt lat="59.577682195" lon="25.922053708">
        <ele>20.000</ele>
        <time>2026-08-11T07:35:48Z</time>
        <speed>3.018000</speed>
      </trkpt>
      <trkpt lat="59.577710191" lon="25.921909874">
        <ele>20.000</ele>
        <time>2026-08-11T07:35:50Z</time>
        <speed>3.783000</speed>
      </trkpt>
      <trkpt lat="59.577742545" lon="25.921795294">
        <ele>19.600</ele>
        <time>2026-08-11T07:35:52Z</time>
        <speed>3.799000</speed>
      </trkpt>
      <trkpt lat="59.577764506" lon="25.921732094">
        <ele>19.400</ele>
        <time>2026-08-11T07:35:53Z</time>
        <speed>3.798000</speed>
      </trkpt>
      <trkpt lat="59.577857126" lon="25.921356585">
        <ele>18.800</ele>
        <time>2026-08-11T07:35:59Z</time>
        <speed>3.756000</speed>
      </trkpt>
      <trkpt lat="59.577971874" lon="25.920932041">
        <ele>18.800</ele>
        <time>2026-08-11T07:36:04Z</time>
        <speed>4.164000</speed>
      </trkpt>
      <trkpt lat="59.578093579" lon="25.920572877">
        <ele>18.600</ele>
        <time>2026-08-11T07:36:09Z</time>
        <speed>4.527000</speed>
      </trkpt>
      <trkpt lat="59.578119731" lon="25.920500625">
        <ele>18.400</ele>
        <time>2026-08-11T07:36:10Z</time>
        <speed>4.610000</speed>
      </trkpt>
      <trkpt lat="59.578252584" lon="25.920160823">
        <ele>18.600</ele>
        <time>2026-08-11T07:36:15Z</time>
        <speed>4.146000</speed>
      </trkpt>
      <trkpt lat="59.578387784" lon="25.919806603">
        <ele>18.800</ele>
        <time>2026-08-11T07:36:20Z</time>
        <speed>4.518000</speed>
      </trkpt>
      <trkpt lat="59.578545950" lon="25.919459257">
        <ele>18.600</ele>
        <time>2026-08-11T07:36:25Z</time>
        <speed>4.824000</speed>
      </trkpt>
      <trkpt lat="59.578573024" lon="25.919391867">
        <ele>18.400</ele>
        <time>2026-08-11T07:36:26Z</time>
        <speed>4.689000</speed>
      </trkpt>
      <trkpt lat="59.578626668" lon="25.919251218">
        <ele>18.200</ele>
        <time>2026-08-11T07:36:28Z</time>
        <speed>4.635000</speed>
      </trkpt>
      <trkpt lat="59.578733370" lon="25.919002444">
        <ele>18.000</ele>
        <time>2026-08-11T07:36:32Z</time>
        <speed>3.922000</speed>
      </trkpt>
      <trkpt lat="59.578771926" lon="25.918982914">
        <ele>18.200</ele>
        <time>2026-08-11T07:36:33Z</time>
        <speed>3.836000</speed>
      </trkpt>
      <trkpt lat="59.578886675" lon="25.918918289">
        <ele>18.000</ele>
        <time>2026-08-11T07:36:36Z</time>
        <speed>4.245000</speed>
      </trkpt>
      <trkpt lat="59.579082560" lon="25.918754842">
        <ele>18.000</ele>
        <time>2026-08-11T07:36:42Z</time>
        <speed>2.936000</speed>
      </trkpt>
      <trkpt lat="59.579254473" lon="25.918588629">
        <ele>17.400</ele>
        <time>2026-08-11T07:36:47Z</time>
        <speed>4.094000</speed>
      </trkpt>
      <trkpt lat="59.579478605" lon="25.918339351">
        <ele>17.600</ele>
        <time>2026-08-11T07:36:53Z</time>
        <speed>4.075000</speed>
      </trkpt>
      <trkpt lat="59.579580696" lon="25.918229045">
        <ele>17.200</ele>
        <time>2026-08-11T07:36:56Z</time>
        <speed>3.432000</speed>
      </trkpt>
      <trkpt lat="59.579610955" lon="25.918197697">
        <ele>17.400</ele>
        <time>2026-08-11T07:36:57Z</time>
        <speed>3.186000</speed>
      </trkpt>
      <trkpt lat="59.579802733" lon="25.918007595">
        <ele>17.200</ele>
        <time>2026-08-11T07:37:03Z</time>
        <speed>2.876000</speed>
      </trkpt>
      <trkpt lat="59.580064416" lon="25.917729735">
        <ele>16.400</ele>
        <time>2026-08-11T07:37:10Z</time>
        <speed>4.075000</speed>
      </trkpt>
      <trkpt lat="59.580273544" lon="25.917426059">
        <ele>16.600</ele>
        <time>2026-08-11T07:37:15Z</time>
        <speed>4.769000</speed>
      </trkpt>
      <trkpt lat="59.580314700" lon="25.917351209">
        <ele>16.600</ele>
        <time>2026-08-11T07:37:16Z</time>
        <speed>4.787000</speed>
      </trkpt>
      <trkpt lat="59.580408325" lon="25.917169238">
        <ele>17.200</ele>
        <time>2026-08-11T07:37:19Z</time>
        <speed>3.797000</speed>
      </trkpt>
      <trkpt lat="59.580606390" lon="25.916771013">
        <ele>16.400</ele>
        <time>2026-08-11T07:37:26Z</time>
        <speed>4.573000</speed>
      </trkpt>
      <trkpt lat="59.580798671" lon="25.916442275">
        <ele>16.400</ele>
        <time>2026-08-11T07:37:31Z</time>
        <speed>5.117000</speed>
      </trkpt>
      <trkpt lat="59.580843514" lon="25.916395336">
        <ele>16.400</ele>
        <time>2026-08-11T07:37:32Z</time>
        <speed>5.078000</speed>
      </trkpt>
      <trkpt lat="59.581063204" lon="25.916210935">
        <ele>16.200</ele>
        <time>2026-08-11T07:37:37Z</time>
        <speed>4.994000</speed>
      </trkpt>
      <trkpt lat="59.581274344" lon="25.915981606">
        <ele>16.600</ele>
        <time>2026-08-11T07:37:42Z</time>
        <speed>4.803000</speed>
      </trkpt>
      <trkpt lat="59.581344165" lon="25.915869372">
        <ele>16.200</ele>
        <time>2026-08-11T07:37:44Z</time>
        <speed>4.877000</speed>
      </trkpt>
      <trkpt lat="59.581471654" lon="25.915596792">
        <ele>15.600</ele>
        <time>2026-08-11T07:37:48Z</time>
        <speed>4.934000</speed>
      </trkpt>
      <trkpt lat="59.581728140" lon="25.915001007">
        <ele>16.800</ele>
        <time>2026-08-11T07:37:57Z</time>
        <speed>4.681000</speed>
      </trkpt>
      <trkpt lat="59.582006084" lon="25.914361468">
        <ele>17.000</ele>
        <time>2026-08-11T07:38:07Z</time>
        <speed>4.262000</speed>
      </trkpt>
      <trkpt lat="59.582187720" lon="25.913940612">
        <ele>17.000</ele>
        <time>2026-08-11T07:38:15Z</time>
        <speed>3.298000</speed>
      </trkpt>
      <trkpt lat="59.582207249" lon="25.913895098">
        <ele>17.200</ele>
        <time>2026-08-11T07:38:16Z</time>
        <speed>3.141000</speed>
      </trkpt>
      <trkpt lat="59.582349155" lon="25.913580693">
        <ele>17.200</ele>
        <time>2026-08-11T07:38:23Z</time>
        <speed>3.710000</speed>
      </trkpt>
      <trkpt lat="59.582532132" lon="25.913022710">
        <ele>16.800</ele>
        <time>2026-08-11T07:38:32Z</time>
        <speed>4.452000</speed>
      </trkpt>
      <trkpt lat="59.582643947" lon="25.912520215">
        <ele>16.400</ele>
        <time>2026-08-11T07:38:39Z</time>
        <speed>4.118000</speed>
      </trkpt>
      <trkpt lat="59.582711421" lon="25.912204636">
        <ele>16.800</ele>
        <time>2026-08-11T07:38:44Z</time>
        <speed>4.235000</speed>
      </trkpt>
      <trkpt lat="59.582782583" lon="25.911993915">
        <ele>16.000</ele>
        <time>2026-08-11T07:38:47Z</time>
        <speed>4.417000</speed>
      </trkpt>
      <trkpt lat="59.582864642" lon="25.911810687">
        <ele>15.800</ele>
        <time>2026-08-11T07:38:50Z</time>
        <speed>3.995000</speed>
      </trkpt>
      <trkpt lat="59.583010739" lon="25.911499886">
        <ele>16.200</ele>
        <time>2026-08-11T07:38:56Z</time>
        <speed>3.068000</speed>
      </trkpt>
      <trkpt lat="59.583124146" lon="25.911295703">
        <ele>16.000</ele>
        <time>2026-08-11T07:39:01Z</time>
        <speed>3.165000</speed>
      </trkpt>
      <trkpt lat="59.583286336" lon="25.910988841">
        <ele>16.600</ele>
        <time>2026-08-11T07:39:08Z</time>
        <speed>3.672000</speed>
      </trkpt>
      <trkpt lat="59.583408292" lon="25.910791699">
        <ele>17.200</ele>
        <time>2026-08-11T07:39:12Z</time>
        <speed>3.964000</speed>
      </trkpt>
      <trkpt lat="59.583509713" lon="25.910648536">
        <ele>16.800</ele>
        <time>2026-08-11T07:39:15Z</time>
        <speed>4.119000</speed>
      </trkpt>
      <trkpt lat="59.583638711" lon="25.910446281">
        <ele>16.600</ele>
        <time>2026-08-11T07:39:19Z</time>
        <speed>3.196000</speed>
      </trkpt>
      <trkpt lat="59.583809366" lon="25.910179904">
        <ele>16.800</ele>
        <time>2026-08-11T07:39:24Z</time>
        <speed>4.064000</speed>
      </trkpt>
      <trkpt lat="59.583991170" lon="25.909955939">
        <ele>16.800</ele>
        <time>2026-08-11T07:39:29Z</time>
        <speed>3.863000</speed>
      </trkpt>
      <trkpt lat="59.584022937" lon="25.909911431">
        <ele>16.800</ele>
        <time>2026-08-11T07:39:30Z</time>
        <speed>3.143000</speed>
      </trkpt>
      <trkpt lat="59.584117485" lon="25.909764832">
        <ele>16.600</ele>
        <time>2026-08-11T07:39:33Z</time>
        <speed>3.789000</speed>
      </trkpt>
      <trkpt lat="59.584297780" lon="25.909465346">
        <ele>17.200</ele>
        <time>2026-08-11T07:39:39Z</time>
        <speed>2.875000</speed>
      </trkpt>
      <trkpt lat="59.584425017" lon="25.909281531">
        <ele>16.800</ele>
        <time>2026-08-11T07:39:43Z</time>
        <speed>3.536000</speed>
      </trkpt>
      <trkpt lat="59.584612604" lon="25.908965282">
        <ele>16.800</ele>
        <time>2026-08-11T07:39:49Z</time>
        <speed>3.804000</speed>
      </trkpt>
      <trkpt lat="59.584814357" lon="25.908660516">
        <ele>16.800</ele>
        <time>2026-08-11T07:39:55Z</time>
        <speed>3.512000</speed>
      </trkpt>
      <trkpt lat="59.585064305" lon="25.908350386">
        <ele>17.000</ele>
        <time>2026-08-11T07:40:02Z</time>
        <speed>3.555000</speed>
      </trkpt>
      <trkpt lat="59.585262034" lon="25.908157518">
        <ele>17.000</ele>
        <time>2026-08-11T07:40:08Z</time>
        <speed>3.855000</speed>
      </trkpt>
      <trkpt lat="59.585509887" lon="25.907937996">
        <ele>16.600</ele>
        <time>2026-08-11T07:40:15Z</time>
        <speed>4.257000</speed>
      </trkpt>
      <trkpt lat="59.585776851" lon="25.907759629">
        <ele>16.800</ele>
        <time>2026-08-11T07:40:22Z</time>
        <speed>4.400000</speed>
      </trkpt>
      <trkpt lat="59.586023279" lon="25.907531641">
        <ele>17.000</ele>
        <time>2026-08-11T07:40:28Z</time>
        <speed>4.636000</speed>
      </trkpt>
      <trkpt lat="59.586336762" lon="25.907297283">
        <ele>16.800</ele>
        <time>2026-08-11T07:40:36Z</time>
        <speed>4.326000</speed>
      </trkpt>
      <trkpt lat="59.586593919" lon="25.907160323">
        <ele>16.800</ele>
        <time>2026-08-11T07:40:43Z</time>
        <speed>3.730000</speed>
      </trkpt>
      <trkpt lat="59.586774632" lon="25.907137776">
        <ele>17.200</ele>
        <time>2026-08-11T07:40:48Z</time>
        <speed>4.482000</speed>
      </trkpt>
      <trkpt lat="59.587007817" lon="25.907250429">
        <ele>17.400</ele>
        <time>2026-08-11T07:40:54Z</time>
        <speed>3.917000</speed>
      </trkpt>
      <trkpt lat="59.587256173" lon="25.907394262">
        <ele>17.400</ele>
        <time>2026-08-11T07:41:01Z</time>
        <speed>4.215000</speed>
      </trkpt>
      <trkpt lat="59.587561022" lon="25.907514123">
        <ele>17.400</ele>
        <time>2026-08-11T07:41:09Z</time>
        <speed>4.462000</speed>
      </trkpt>
      <trkpt lat="59.587716842" lon="25.907601379">
        <ele>17.600</ele>
        <time>2026-08-11T07:41:13Z</time>
        <speed>4.554000</speed>
      </trkpt>
      <trkpt lat="59.587752633" lon="25.907634655">
        <ele>17.600</ele>
        <time>2026-08-11T07:41:14Z</time>
        <speed>4.113000</speed>
      </trkpt>
      <trkpt lat="59.587990344" lon="25.907876557">
        <ele>17.800</ele>
        <time>2026-08-11T07:41:21Z</time>
        <speed>4.380000</speed>
      </trkpt>
      <trkpt lat="59.588162592" lon="25.908081662">
        <ele>17.800</ele>
        <time>2026-08-11T07:41:27Z</time>
        <speed>3.281000</speed>
      </trkpt>
      <trkpt lat="59.588356130" lon="25.908269500">
        <ele>17.800</ele>
        <time>2026-08-11T07:41:33Z</time>
        <speed>4.239000</speed>
      </trkpt>
      <trkpt lat="59.588522008" lon="25.908473264">
        <ele>17.200</ele>
        <time>2026-08-11T07:41:38Z</time>
        <speed>4.132000</speed>
      </trkpt>
      <trkpt lat="59.588711942" lon="25.908642411">
        <ele>17.400</ele>
        <time>2026-08-11T07:41:44Z</time>
        <speed>3.176000</speed>
      </trkpt>
      <trkpt lat="59.588916628" lon="25.908704940">
        <ele>18.000</ele>
        <time>2026-08-11T07:41:50Z</time>
        <speed>3.491000</speed>
      </trkpt>
      <trkpt lat="59.588944539" lon="25.908727320">
        <ele>18.200</ele>
        <time>2026-08-11T07:41:51Z</time>
        <speed>3.411000</speed>
      </trkpt>
      <trkpt lat="59.589100359" lon="25.908894204">
        <ele>17.800</ele>
        <time>2026-08-11T07:41:56Z</time>
        <speed>3.863000</speed>
      </trkpt>
      <trkpt lat="59.589273026" lon="25.909129819">
        <ele>17.400</ele>
        <time>2026-08-11T07:42:02Z</time>
        <speed>3.827000</speed>
      </trkpt>
      <trkpt lat="59.589443430" lon="25.909284046">
        <ele>17.800</ele>
        <time>2026-08-11T07:42:07Z</time>
        <speed>3.573000</speed>
      </trkpt>
      <trkpt lat="59.589661695" lon="25.909336517">
        <ele>17.800</ele>
        <time>2026-08-11T07:42:13Z</time>
        <speed>3.400000</speed>
      </trkpt>
      <trkpt lat="59.589879373" lon="25.909346910">
        <ele>17.200</ele>
        <time>2026-08-11T07:42:19Z</time>
        <speed>4.514000</speed>
      </trkpt>
      <trkpt lat="59.589924468" lon="25.909355208">
        <ele>17.000</ele>
        <time>2026-08-11T07:42:20Z</time>
        <speed>4.978000</speed>
      </trkpt>
      <trkpt lat="59.590141475" lon="25.909367697">
        <ele>16.800</ele>
        <time>2026-08-11T07:42:25Z</time>
        <speed>4.571000</speed>
      </trkpt>
      <trkpt lat="59.590185732" lon="25.909375409">
        <ele>17.000</ele>
        <time>2026-08-11T07:42:26Z</time>
        <speed>4.967000</speed>
      </trkpt>
      <trkpt lat="59.590271479" lon="25.909400471">
        <ele>17.000</ele>
        <time>2026-08-11T07:42:28Z</time>
        <speed>4.777000</speed>
      </trkpt>
      <trkpt lat="59.590355046" lon="25.909427879">
        <ele>17.400</ele>
        <time>2026-08-11T07:42:30Z</time>
        <speed>4.106000</speed>
      </trkpt>
      <trkpt lat="59.590534838" lon="25.909462748">
        <ele>18.000</ele>
        <time>2026-08-11T07:42:35Z</time>
        <speed>3.995000</speed>
      </trkpt>
      <trkpt lat="59.590572808" lon="25.909470962">
        <ele>18.000</ele>
        <time>2026-08-11T07:42:36Z</time>
        <speed>4.127000</speed>
      </trkpt>
      <trkpt lat="59.590817979" lon="25.909456043">
        <ele>17.600</ele>
        <time>2026-08-11T07:42:42Z</time>
        <speed>3.792000</speed>
      </trkpt>
      <trkpt lat="59.591065077" lon="25.909382366">
        <ele>17.600</ele>
        <time>2026-08-11T07:42:49Z</time>
        <speed>3.228000</speed>
      </trkpt>
      <trkpt lat="59.591272613" lon="25.909359315">
        <ele>17.800</ele>
        <time>2026-08-11T07:42:55Z</time>
        <speed>3.392000</speed>
      </trkpt>
      <trkpt lat="59.591495069" lon="25.909335595">
        <ele>18.000</ele>
        <time>2026-08-11T07:43:01Z</time>
        <speed>4.126000</speed>
      </trkpt>
      <trkpt lat="59.591705203" lon="25.909390664">
        <ele>17.800</ele>
        <time>2026-08-11T07:43:07Z</time>
        <speed>3.563000</speed>
      </trkpt>
      <trkpt lat="59.591901759" lon="25.909457551">
        <ele>17.400</ele>
        <time>2026-08-11T07:43:13Z</time>
        <speed>3.332000</speed>
      </trkpt>
      <trkpt lat="59.592088088" lon="25.909525277">
        <ele>17.200</ele>
        <time>2026-08-11T07:43:18Z</time>
        <speed>3.560000</speed>
      </trkpt>
      <trkpt lat="59.592238376" lon="25.909694005">
        <ele>17.000</ele>
        <time>2026-08-11T07:43:23Z</time>
        <speed>3.640000</speed>
      </trkpt>
      <trkpt lat="59.592270227" lon="25.909728203">
        <ele>17.000</ele>
        <time>2026-08-11T07:43:24Z</time>
        <speed>3.645000</speed>
      </trkpt>
      <trkpt lat="59.592400733" lon="25.909807663">
        <ele>17.200</ele>
        <time>2026-08-11T07:43:28Z</time>
        <speed>3.392000</speed>
      </trkpt>
      <trkpt lat="59.592464687" lon="25.909853429">
        <ele>17.200</ele>
        <time>2026-08-11T07:43:30Z</time>
        <speed>3.008000</speed>
      </trkpt>
      <trkpt lat="59.592525205" lon="25.909917047">
        <ele>17.400</ele>
        <time>2026-08-11T07:43:32Z</time>
        <speed>3.630000</speed>
      </trkpt>
      <trkpt lat="59.592729136" lon="25.910046129">
        <ele>17.800</ele>
        <time>2026-08-11T07:43:37Z</time>
        <speed>3.278000</speed>
      </trkpt>
      <trkpt lat="59.592880597" lon="25.910197757">
        <ele>17.400</ele>
        <time>2026-08-11T07:43:41Z</time>
        <speed>3.647000</speed>
      </trkpt>
      <trkpt lat="59.593042871" lon="25.910392217">
        <ele>17.400</ele>
        <time>2026-08-11T07:43:46Z</time>
        <speed>3.358000</speed>
      </trkpt>
      <trkpt lat="59.593237583" lon="25.910578966">
        <ele>17.000</ele>
        <time>2026-08-11T07:43:51Z</time>
        <speed>3.882000</speed>
      </trkpt>
      <trkpt lat="59.593446460" lon="25.910788933">
        <ele>17.000</ele>
        <time>2026-08-11T07:43:57Z</time>
        <speed>3.639000</speed>
      </trkpt>
      <trkpt lat="59.593627928" lon="25.910946010">
        <ele>17.000</ele>
        <time>2026-08-11T07:44:02Z</time>
        <speed>4.491000</speed>
      </trkpt>
      <trkpt lat="59.593692888" lon="25.911047179">
        <ele>17.000</ele>
        <time>2026-08-11T07:44:04Z</time>
        <speed>4.396000</speed>
      </trkpt>
      <trkpt lat="59.593847953" lon="25.911324117">
        <ele>16.600</ele>
        <time>2026-08-11T07:44:10Z</time>
        <speed>2.316000</speed>
      </trkpt>
      <trkpt lat="59.593971921" lon="25.911480440">
        <ele>17.000</ele>
        <time>2026-08-11T07:44:15Z</time>
        <speed>2.980000</speed>
      </trkpt>
      <trkpt lat="59.594152384" lon="25.911778500">
        <ele>16.800</ele>
        <time>2026-08-11T07:44:22Z</time>
        <speed>3.157000</speed>
      </trkpt>
      <trkpt lat="59.594327481" lon="25.912064491">
        <ele>17.000</ele>
        <time>2026-08-11T07:44:29Z</time>
        <speed>3.480000</speed>
      </trkpt>
      <trkpt lat="59.594579609" lon="25.912342938">
        <ele>17.400</ele>
        <time>2026-08-11T07:44:36Z</time>
        <speed>3.910000</speed>
      </trkpt>
      <trkpt lat="59.594609365" lon="25.912389038">
        <ele>17.400</ele>
        <time>2026-08-11T07:44:37Z</time>
        <speed>3.750000</speed>
      </trkpt>
      <trkpt lat="59.594720760" lon="25.912578385">
        <ele>17.200</ele>
        <time>2026-08-11T07:44:41Z</time>
        <speed>3.754000</speed>
      </trkpt>
      <trkpt lat="59.594882028" lon="25.912751807">
        <ele>17.400</ele>
        <time>2026-08-11T07:44:46Z</time>
        <speed>3.005000</speed>
      </trkpt>
      <trkpt lat="59.594984706" lon="25.912878793">
        <ele>17.800</ele>
        <time>2026-08-11T07:44:51Z</time>
        <speed>0.902000</speed>
      </trkpt>
    </trkseg>
    <trkseg>
      <trkpt lat="59.595034411" lon="25.912924642">
        <ele>18.000</ele>
        <time>2026-08-11T07:46:15Z</time>
        <speed>2.090000</speed>
      </trkpt>
      <trkpt lat="59.595058719" lon="25.912951296">
        <ele>17.800</ele>
        <time>2026-08-11T07:46:16Z</time>
        <speed>2.262000</speed>
      </trkpt>
      <trkpt lat="59.595214203" lon="25.912982225">
        <ele>17.800</ele>
        <time>2026-08-11T07:46:21Z</time>
        <speed>2.818000</speed>
      </trkpt>
      <trkpt lat="59.595279247" lon="25.912991529">
        <ele>18.200</ele>
        <time>2026-08-11T07:46:23Z</time>
        <speed>2.101000</speed>
      </trkpt>
      <trkpt lat="59.595332053" lon="25.913010137">
        <ele>18.400</ele>
        <time>2026-08-11T07:46:25Z</time>
        <speed>1.505000</speed>
      </trkpt>
    </trkseg>
    <trkseg>
      <trkpt lat="59.595461637" lon="25.913063446">
        <ele>18.400</ele>
        <time>2026-08-11T07:46:46Z</time>
        <speed>2.134000</speed>
      </trkpt>
      <trkpt lat="59.595598262" lon="25.913230330">
        <ele>18.000</ele>
        <time>2026-08-11T07:46:51Z</time>
        <speed>3.777000</speed>
      </trkpt>
      <trkpt lat="59.595841672" lon="25.913579185">
        <ele>18.000</ele>
        <time>2026-08-11T07:46:59Z</time>
        <speed>3.564000</speed>
      </trkpt>
      <trkpt lat="59.596047951" lon="25.913857045">
        <ele>17.800</ele>
        <time>2026-08-11T07:47:07Z</time>
        <speed>3.305000</speed>
      </trkpt>
      <trkpt lat="59.596227743" lon="25.914083272">
        <ele>17.400</ele>
        <time>2026-08-11T07:47:13Z</time>
        <speed>4.019000</speed>
      </trkpt>
      <trkpt lat="59.596342407" lon="25.914246216">
        <ele>17.000</ele>
        <time>2026-08-11T07:47:17Z</time>
        <speed>4.082000</speed>
      </trkpt>
      <trkpt lat="59.596470566" lon="25.914393738">
        <ele>17.400</ele>
        <time>2026-08-11T07:47:21Z</time>
        <speed>4.360000</speed>
      </trkpt>
      <trkpt lat="59.596718587" lon="25.914677298">
        <ele>17.400</ele>
        <time>2026-08-11T07:47:28Z</time>
        <speed>4.521000</speed>
      </trkpt>
      <trkpt lat="59.596870719" lon="25.914867902">
        <ele>18.200</ele>
        <time>2026-08-11T07:47:32Z</time>
        <speed>4.689000</speed>
      </trkpt>
      <trkpt lat="59.596987143" lon="25.915008383">
        <ele>18.200</ele>
        <time>2026-08-11T07:47:35Z</time>
        <speed>5.029000</speed>
      </trkpt>
      <trkpt lat="59.597270535" lon="25.915370062">
        <ele>17.800</ele>
        <time>2026-08-11T07:47:43Z</time>
        <speed>4.029000</speed>
      </trkpt>
      <trkpt lat="59.597502546" lon="25.915725958">
        <ele>18.400</ele>
        <time>2026-08-11T07:47:50Z</time>
        <speed>4.714000</speed>
      </trkpt>
      <trkpt lat="59.597673537" lon="25.916021504">
        <ele>17.200</ele>
        <time>2026-08-11T07:47:55Z</time>
        <speed>4.960000</speed>
      </trkpt>
      <trkpt lat="59.597770683" lon="25.916207498">
        <ele>17.000</ele>
        <time>2026-08-11T07:47:58Z</time>
        <speed>4.864000</speed>
      </trkpt>
      <trkpt lat="59.597969921" lon="25.916644614">
        <ele>17.000</ele>
        <time>2026-08-11T07:48:05Z</time>
        <speed>4.169000</speed>
      </trkpt>
      <trkpt lat="59.598099506" lon="25.916862292">
        <ele>17.800</ele>
        <time>2026-08-11T07:48:10Z</time>
        <speed>3.512000</speed>
      </trkpt>
      <trkpt lat="59.598301174" lon="25.917179547">
        <ele>17.600</ele>
        <time>2026-08-11T07:48:18Z</time>
        <speed>3.638000</speed>
      </trkpt>
      <trkpt lat="59.598391447" lon="25.917255571">
        <ele>17.400</ele>
        <time>2026-08-11T07:48:21Z</time>
        <speed>3.729000</speed>
      </trkpt>
      <trkpt lat="59.598497311" lon="25.917329751">
        <ele>17.400</ele>
        <time>2026-08-11T07:48:24Z</time>
        <speed>4.144000</speed>
      </trkpt>
      <trkpt lat="59.598613987" lon="25.917390017">
        <ele>18.200</ele>
        <time>2026-08-11T07:48:27Z</time>
        <speed>4.223000</speed>
      </trkpt>
      <trkpt lat="59.598787995" lon="25.917480541">
        <ele>18.000</ele>
        <time>2026-08-11T07:48:32Z</time>
        <speed>3.159000</speed>
      </trkpt>
      <trkpt lat="59.598973570" lon="25.917601744">
        <ele>19.200</ele>
        <time>2026-08-11T07:48:38Z</time>
        <speed>4.121000</speed>
      </trkpt>
      <trkpt lat="59.599269032" lon="25.917781284">
        <ele>19.200</ele>
        <time>2026-08-11T07:48:46Z</time>
        <speed>4.043000</speed>
      </trkpt>
      <trkpt lat="59.599589054" lon="25.917992424">
        <ele>20.000</ele>
        <time>2026-08-11T07:48:55Z</time>
        <speed>4.071000</speed>
      </trkpt>
      <trkpt lat="59.599804888" lon="25.918119662">
        <ele>20.000</ele>
        <time>2026-08-11T07:49:01Z</time>
        <speed>3.320000</speed>
      </trkpt>
      <trkpt lat="59.599828608" lon="25.918130055">
        <ele>20.400</ele>
        <time>2026-08-11T07:49:02Z</time>
        <speed>2.494000</speed>
      </trkpt>
      <trkpt lat="59.599892981" lon="25.918158805">
        <ele>21.000</ele>
        <time>2026-08-11T07:49:06Z</time>
        <speed>1.540000</speed>
      </trkpt>
      <trkpt lat="59.600027008" lon="25.918264082">
        <ele>21.200</ele>
        <time>2026-08-11T07:49:12Z</time>
        <speed>3.200000</speed>
      </trkpt>
      <trkpt lat="59.600227168" lon="25.918400288">
        <ele>21.000</ele>
        <time>2026-08-11T07:49:19Z</time>
        <speed>3.407000</speed>
      </trkpt>
      <trkpt lat="59.600524306" lon="25.918539343">
        <ele>21.600</ele>
        <time>2026-08-11T07:49:28Z</time>
        <speed>3.425000</speed>
      </trkpt>
      <trkpt lat="59.600701500" lon="25.918649817">
        <ele>22.600</ele>
        <time>2026-08-11T07:49:34Z</time>
        <speed>3.399000</speed>
      </trkpt>
      <trkpt lat="59.600732345" lon="25.918658450">
        <ele>22.800</ele>
        <time>2026-08-11T07:49:35Z</time>
        <speed>3.204000</speed>
      </trkpt>
      <trkpt lat="59.600905683" lon="25.918746628">
        <ele>23.200</ele>
        <time>2026-08-11T07:49:41Z</time>
        <speed>3.159000</speed>
      </trkpt>
      <trkpt lat="59.601016324" lon="25.918826256">
        <ele>23.400</ele>
        <time>2026-08-11T07:49:45Z</time>
        <speed>3.358000</speed>
      </trkpt>
      <trkpt lat="59.601073489" lon="25.918867998">
        <ele>23.400</ele>
        <time>2026-08-11T07:49:47Z</time>
        <speed>3.296000</speed>
      </trkpt>
      <trkpt lat="59.601301979" lon="25.918988781">
        <ele>23.400</ele>
        <time>2026-08-11T07:49:55Z</time>
        <speed>3.189000</speed>
      </trkpt>
      <trkpt lat="59.601433659" lon="25.919074109">
        <ele>23.600</ele>
        <time>2026-08-11T07:50:01Z</time>
        <speed>1.508000</speed>
      </trkpt>
    </trkseg>
    <trkseg>
      <trkpt lat="59.601392588" lon="25.919169327">
        <ele>23.200</ele>
        <time>2026-08-11T07:50:22Z</time>
        <speed>1.969000</speed>
      </trkpt>
      <trkpt lat="59.601387056" lon="25.919214422">
        <ele>23.400</ele>
        <time>2026-08-11T07:50:23Z</time>
        <speed>2.321000</speed>
      </trkpt>
      <trkpt lat="59.601335675" lon="25.919546848">
        <ele>23.200</ele>
        <time>2026-08-11T07:50:29Z</time>
        <speed>3.451000</speed>
      </trkpt>
      <trkpt lat="59.601289909" lon="25.919915568">
        <ele>23.200</ele>
        <time>2026-08-11T07:50:35Z</time>
        <speed>3.651000</speed>
      </trkpt>
      <trkpt lat="59.601238612" lon="25.920335921">
        <ele>22.200</ele>
        <time>2026-08-11T07:50:41Z</time>
        <speed>4.687000</speed>
      </trkpt>
      <trkpt lat="59.601199720" lon="25.920607997">
        <ele>20.600</ele>
        <time>2026-08-11T07:50:44Z</time>
        <speed>5.336000</speed>
      </trkpt>
      <trkpt lat="59.601177173" lon="25.920793153">
        <ele>19.400</ele>
        <time>2026-08-11T07:50:46Z</time>
        <speed>5.353000</speed>
      </trkpt>
      <trkpt lat="59.601153033" lon="25.920982249">
        <ele>19.200</ele>
        <time>2026-08-11T07:50:48Z</time>
        <speed>5.393000</speed>
      </trkpt>
      <trkpt lat="59.601137443" lon="25.921077551">
        <ele>19.000</ele>
        <time>2026-08-11T07:50:49Z</time>
        <speed>5.436000</speed>
      </trkpt>
      <trkpt lat="59.601072902" lon="25.921500670">
        <ele>19.200</ele>
        <time>2026-08-11T07:50:54Z</time>
        <speed>4.189000</speed>
      </trkpt>
      <trkpt lat="59.601037363" lon="25.921735279">
        <ele>19.200</ele>
        <time>2026-08-11T07:50:57Z</time>
        <speed>4.803000</speed>
      </trkpt>
      <trkpt lat="59.601012468" lon="25.921895038">
        <ele>18.400</ele>
        <time>2026-08-11T07:50:59Z</time>
        <speed>4.476000</speed>
      </trkpt>
      <trkpt lat="59.601006936" lon="25.921967626">
        <ele>18.200</ele>
        <time>2026-08-11T07:51:00Z</time>
        <speed>3.989000</speed>
      </trkpt>
      <trkpt lat="59.601029148" lon="25.922185304">
        <ele>17.800</ele>
        <time>2026-08-11T07:51:03Z</time>
        <speed>4.017000</speed>
      </trkpt>
      <trkpt lat="59.601128222" lon="25.922483616">
        <ele>17.800</ele>
        <time>2026-08-11T07:51:08Z</time>
        <speed>3.890000</speed>
      </trkpt>
      <trkpt lat="59.601215143" lon="25.922815958">
        <ele>17.600</ele>
        <time>2026-08-11T07:51:14Z</time>
        <speed>3.163000</speed>
      </trkpt>
      <trkpt lat="59.601258729" lon="25.923192976">
        <ele>17.800</ele>
        <time>2026-08-11T07:51:21Z</time>
        <speed>2.690000</speed>
      </trkpt>
      <trkpt lat="59.601301393" lon="25.923416186">
        <ele>17.800</ele>
        <time>2026-08-11T07:51:27Z</time>
        <speed>1.629000</speed>
      </trkpt>
    </trkseg>
    <trkseg>
      <trkpt lat="59.601283204" lon="25.923454324">
        <ele>17.000</ele>
        <time>2026-08-11T08:08:39Z</time>
        <speed>1.444000</speed>
      </trkpt>
      <trkpt lat="59.601277169" lon="25.923350472">
        <ele>16.800</ele>
        <time>2026-08-11T08:08:43Z</time>
        <speed>1.202000</speed>
      </trkpt>
      <trkpt lat="59.601279264" lon="25.923276292">
        <ele>16.800</ele>
        <time>2026-08-11T08:08:46Z</time>
        <speed>0.983000</speed>
      </trkpt>
      <trkpt lat="59.601252694" lon="25.923071438">
        <ele>16.000</ele>
        <time>2026-08-11T08:08:53Z</time>
        <speed>1.692000</speed>
      </trkpt>
      <trkpt lat="59.601224866" lon="25.922906483">
        <ele>16.800</ele>
        <time>2026-08-11T08:08:59Z</time>
        <speed>1.493000</speed>
      </trkpt>
      <trkpt lat="59.601195026" lon="25.922713615">
        <ele>17.000</ele>
        <time>2026-08-11T08:09:05Z</time>
        <speed>1.804000</speed>
      </trkpt>
      <trkpt lat="59.601170970" lon="25.922604986">
        <ele>16.600</ele>
        <time>2026-08-11T08:09:08Z</time>
        <speed>1.940000</speed>
      </trkpt>
      <trkpt lat="59.601127636" lon="25.922471965">
        <ele>17.000</ele>
        <time>2026-08-11T08:09:12Z</time>
        <speed>2.122000</speed>
      </trkpt>
      <trkpt lat="59.601055803" lon="25.922218077">
        <ele>17.400</ele>
        <time>2026-08-11T08:09:20Z</time>
        <speed>1.630000</speed>
      </trkpt>
      <trkpt lat="59.601028562" lon="25.921978271">
        <ele>16.800</ele>
        <time>2026-08-11T08:09:27Z</time>
        <speed>1.829000</speed>
      </trkpt>
      <trkpt lat="59.601055468" lon="25.921671577">
        <ele>17.400</ele>
        <time>2026-08-11T08:09:35Z</time>
        <speed>1.822000</speed>
      </trkpt>
      <trkpt lat="59.601077512" lon="25.921535958">
        <ele>18.000</ele>
        <time>2026-08-11T08:09:39Z</time>
        <speed>1.814000</speed>
      </trkpt>
      <trkpt lat="59.601081284" lon="25.921498993">
        <ele>18.200</ele>
        <time>2026-08-11T08:09:40Z</time>
        <speed>2.008000</speed>
      </trkpt>
      <trkpt lat="59.601085559" lon="25.921409559">
        <ele>18.000</ele>
        <time>2026-08-11T08:09:42Z</time>
        <speed>2.173000</speed>
      </trkpt>
      <trkpt lat="59.601126211" lon="25.921113258">
        <ele>18.800</ele>
        <time>2026-08-11T08:09:49Z</time>
        <speed>2.333000</speed>
      </trkpt>
      <trkpt lat="59.601155128" lon="25.920829531">
        <ele>18.800</ele>
        <time>2026-08-11T08:09:56Z</time>
        <speed>2.238000</speed>
      </trkpt>
      <trkpt lat="59.601162001" lon="25.920788208">
        <ele>19.200</ele>
        <time>2026-08-11T08:09:57Z</time>
        <speed>2.229000</speed>
      </trkpt>
      <trkpt lat="59.601204414" lon="25.920487214">
        <ele>19.600</ele>
        <time>2026-08-11T08:10:05Z</time>
        <speed>2.091000</speed>
      </trkpt>
      <trkpt lat="59.601222519" lon="25.920377159">
        <ele>20.200</ele>
        <time>2026-08-11T08:10:08Z</time>
        <speed>2.076000</speed>
      </trkpt>
      <trkpt lat="59.601233583" lon="25.920263836">
        <ele>20.400</ele>
        <time>2026-08-11T08:10:11Z</time>
        <speed>2.066000</speed>
      </trkpt>
      <trkpt lat="59.601271721" lon="25.920005422">
        <ele>20.600</ele>
        <time>2026-08-11T08:10:19Z</time>
        <speed>1.656000</speed>
      </trkpt>
      <trkpt lat="59.601276414" lon="25.919919005">
        <ele>21.600</ele>
        <time>2026-08-11T08:10:21Z</time>
        <speed>2.002000</speed>
      </trkpt>
      <trkpt lat="59.601297705" lon="25.919790678">
        <ele>21.800</ele>
        <time>2026-08-11T08:10:25Z</time>
        <speed>1.801000</speed>
      </trkpt>
      <trkpt lat="59.601337519" lon="25.919546681">
        <ele>21.200</ele>
        <time>2026-08-11T08:10:32Z</time>
        <speed>2.033000</speed>
      </trkpt>
      <trkpt lat="59.601340955" lon="25.919505777">
        <ele>21.200</ele>
        <time>2026-08-11T08:10:33Z</time>
        <speed>2.027000</speed>
      </trkpt>
      <trkpt lat="59.601363000" lon="25.919210231">
        <ele>22.400</ele>
        <time>2026-08-11T08:10:41Z</time>
        <speed>1.942000</speed>
      </trkpt>
      <trkpt lat="59.601365849" lon="25.919173434">
        <ele>22.600</ele>
        <time>2026-08-11T08:10:42Z</time>
        <speed>1.828000</speed>
      </trkpt>
      <trkpt lat="59.601380182" lon="25.919090621">
        <ele>22.600</ele>
        <time>2026-08-11T08:10:45Z</time>
        <speed>1.475000</speed>
      </trkpt>
      <trkpt lat="59.601414884" lon="25.919042174">
        <ele>22.400</ele>
        <time>2026-08-11T08:10:48Z</time>
        <speed>1.679000</speed>
      </trkpt>
      <trkpt lat="59.601449836" lon="25.919068158">
        <ele>22.600</ele>
        <time>2026-08-11T08:10:50Z</time>
        <speed>2.040000</speed>
      </trkpt>
      <trkpt lat="59.601493757" lon="25.919101769">
        <ele>22.600</ele>
        <time>2026-08-11T08:10:52Z</time>
        <speed>2.484000</speed>
      </trkpt>
      <trkpt lat="59.601693498" lon="25.919224732">
        <ele>22.400</ele>
        <time>2026-08-11T08:11:00Z</time>
        <speed>2.599000</speed>
      </trkpt>
      <trkpt lat="59.601829285" lon="25.919312071">
        <ele>23.000</ele>
        <time>2026-08-11T08:11:07Z</time>
        <speed>2.014000</speed>
      </trkpt>
      <trkpt lat="59.602001365" lon="25.919417851">
        <ele>22.600</ele>
        <time>2026-08-11T08:11:15Z</time>
        <speed>2.780000</speed>
      </trkpt>
      <trkpt lat="59.602211080" lon="25.919567216">
        <ele>22.600</ele>
        <time>2026-08-11T08:11:23Z</time>
        <speed>3.067000</speed>
      </trkpt>
      <trkpt lat="59.602424484" lon="25.919704260">
        <ele>22.600</ele>
        <time>2026-08-11T08:11:31Z</time>
        <speed>3.055000</speed>
      </trkpt>
      <trkpt lat="59.602635289" lon="25.919839963">
        <ele>22.200</ele>
        <time>2026-08-11T08:11:39Z</time>
        <speed>3.247000</speed>
      </trkpt>
      <trkpt lat="59.602727406" lon="25.919872904">
        <ele>21.400</ele>
        <time>2026-08-11T08:11:42Z</time>
        <speed>3.543000</speed>
      </trkpt>
      <trkpt lat="59.602849530" lon="25.919927051">
        <ele>21.400</ele>
        <time>2026-08-11T08:11:46Z</time>
        <speed>3.293000</speed>
      </trkpt>
      <trkpt lat="59.603019850" lon="25.919972397">
        <ele>22.200</ele>
        <time>2026-08-11T08:11:52Z</time>
        <speed>3.285000</speed>
      </trkpt>
      <trkpt lat="59.603280611" lon="25.919935014">
        <ele>22.200</ele>
        <time>2026-08-11T08:12:00Z</time>
        <speed>3.807000</speed>
      </trkpt>
      <trkpt lat="59.603496110" lon="25.919765951">
        <ele>21.800</ele>
        <time>2026-08-11T08:12:07Z</time>
        <speed>3.212000</speed>
      </trkpt>
      <trkpt lat="59.603682691" lon="25.919602588">
        <ele>22.200</ele>
        <time>2026-08-11T08:12:14Z</time>
        <speed>3.277000</speed>
      </trkpt>
      <trkpt lat="59.603870614" lon="25.919504939">
        <ele>22.600</ele>
        <time>2026-08-11T08:12:20Z</time>
        <speed>3.267000</speed>
      </trkpt>
      <trkpt lat="59.603933226" lon="25.919483313">
        <ele>22.800</ele>
        <time>2026-08-11T08:12:22Z</time>
        <speed>3.425000</speed>
      </trkpt>
      <trkpt lat="59.604138918" lon="25.919466969">
        <ele>22.200</ele>
        <time>2026-08-11T08:12:29Z</time>
        <speed>3.325000</speed>
      </trkpt>
      <trkpt lat="59.604207985" lon="25.919612730">
        <ele>21.800</ele>
        <time>2026-08-11T08:12:33Z</time>
        <speed>2.310000</speed>
      </trkpt>
      <trkpt lat="59.604233718" lon="25.919774836">
        <ele>21.600</ele>
        <time>2026-08-11T08:12:39Z</time>
        <speed>1.302000</speed>
      </trkpt>
      <trkpt lat="59.604259618" lon="25.919926045">
        <ele>21.600</ele>
        <time>2026-08-11T08:12:43Z</time>
        <speed>2.272000</speed>
      </trkpt>
      <trkpt lat="59.604276549" lon="25.920012128">
        <ele>21.400</ele>
        <time>2026-08-11T08:12:45Z</time>
        <speed>2.062000</speed>
      </trkpt>
      <trkpt lat="59.604316615" lon="25.920289401">
        <ele>21.200</ele>
        <time>2026-08-11T08:12:52Z</time>
        <speed>2.221000</speed>
      </trkpt>
      <trkpt lat="59.604315106" lon="25.920548905">
        <ele>21.000</ele>
        <time>2026-08-11T08:12:58Z</time>
        <speed>2.750000</speed>
      </trkpt>
      <trkpt lat="59.604329271" lon="25.920912260">
        <ele>21.200</ele>
        <time>2026-08-11T08:13:05Z</time>
        <speed>3.173000</speed>
      </trkpt>
      <trkpt lat="59.604311585" lon="25.921264384">
        <ele>20.800</ele>
        <time>2026-08-11T08:13:11Z</time>
        <speed>3.099000</speed>
      </trkpt>
      <trkpt lat="59.604216283" lon="25.921609886">
        <ele>20.800</ele>
        <time>2026-08-11T08:13:18Z</time>
        <speed>3.223000</speed>
      </trkpt>
      <trkpt lat="59.604187282" lon="25.921713402">
        <ele>20.400</ele>
        <time>2026-08-11T08:13:20Z</time>
        <speed>3.274000</speed>
      </trkpt>
      <trkpt lat="59.604142522" lon="25.921873664">
        <ele>20.400</ele>
        <time>2026-08-11T08:13:24Z</time>
        <speed>2.000000</speed>
      </trkpt>
      <trkpt lat="59.604122322" lon="25.921951029">
        <ele>20.200</ele>
        <time>2026-08-11T08:13:27Z</time>
        <speed>1.526000</speed>
      </trkpt>
      <trkpt lat="59.604108827" lon="25.922040883">
        <ele>20.400</ele>
        <time>2026-08-11T08:13:30Z</time>
        <speed>1.772000</speed>
      </trkpt>
      <trkpt lat="59.604084268" lon="25.922149010">
        <ele>20.200</ele>
        <time>2026-08-11T08:13:33Z</time>
        <speed>2.094000</speed>
      </trkpt>
      <trkpt lat="59.604046131" lon="25.922220508">
        <ele>20.000</ele>
        <time>2026-08-11T08:13:36Z</time>
        <speed>1.524000</speed>
      </trkpt>
    </trkseg>
    <trkseg>
      <trkpt lat="59.603909506" lon="25.922219250">
        <ele>20.400</ele>
        <time>2026-08-11T08:15:07Z</time>
        <speed>1.414000</speed>
      </trkpt>
    </trkseg>
    <trkseg>
      <trkpt lat="59.604000198" lon="25.922012469">
        <ele>20.400</ele>
        <time>2026-08-11T08:15:23Z</time>
        <speed>1.578000</speed>
      </trkpt>
    </trkseg>
    <trkseg>
      <trkpt lat="59.603959126" lon="25.922211371">
        <ele>19.200</ele>
        <time>2026-08-11T08:39:31Z</time>
        <speed>1.690000</speed>
      </trkpt>
      <trkpt lat="59.603974465" lon="25.922226962">
        <ele>19.200</ele>
        <time>2026-08-11T08:39:32Z</time>
        <speed>1.638000</speed>
      </trkpt>
      <trkpt lat="59.604071360" lon="25.922244564">
        <ele>18.400</ele>
        <time>2026-08-11T08:39:38Z</time>
        <speed>2.025000</speed>
      </trkpt>
      <trkpt lat="59.604105391" lon="25.922097294">
        <ele>18.600</ele>
        <time>2026-08-11T08:39:43Z</time>
        <speed>2.056000</speed>
      </trkpt>
      <trkpt lat="59.604130872" lon="25.921872407">
        <ele>18.600</ele>
        <time>2026-08-11T08:39:49Z</time>
        <speed>1.962000</speed>
      </trkpt>
      <trkpt lat="59.604136487" lon="25.921834689">
        <ele>18.600</ele>
        <time>2026-08-11T08:39:50Z</time>
        <speed>1.963000</speed>
      </trkpt>
      <trkpt lat="59.604198681" lon="25.921611730">
        <ele>18.600</ele>
        <time>2026-08-11T08:39:56Z</time>
        <speed>2.410000</speed>
      </trkpt>
      <trkpt lat="59.604281327" lon="25.921348287">
        <ele>18.800</ele>
        <time>2026-08-11T08:40:04Z</time>
        <speed>2.348000</speed>
      </trkpt>
      <trkpt lat="59.604311083" lon="25.921005467">
        <ele>18.800</ele>
        <time>2026-08-11T08:40:11Z</time>
        <speed>2.789000</speed>
      </trkpt>
      <trkpt lat="59.604306892" lon="25.920708831">
        <ele>19.000</ele>
        <time>2026-08-11T08:40:18Z</time>
        <speed>2.384000</speed>
      </trkpt>
      <trkpt lat="59.604294822" lon="25.920443125">
        <ele>19.400</ele>
        <time>2026-08-11T08:40:24Z</time>
        <speed>2.452000</speed>
      </trkpt>
      <trkpt lat="59.604275879" lon="25.920175910">
        <ele>19.600</ele>
        <time>2026-08-11T08:40:30Z</time>
        <speed>2.609000</speed>
      </trkpt>
      <trkpt lat="59.604242519" lon="25.919907102">
        <ele>19.800</ele>
        <time>2026-08-11T08:40:36Z</time>
        <speed>1.609000</speed>
      </trkpt>
      <trkpt lat="59.604221983" lon="25.919694202">
        <ele>20.200</ele>
        <time>2026-08-11T08:40:42Z</time>
        <speed>1.616000</speed>
      </trkpt>
      <trkpt lat="59.604221731" lon="25.919457832">
        <ele>20.600</ele>
        <time>2026-08-11T08:40:48Z</time>
        <speed>1.723000</speed>
      </trkpt>
      <trkpt lat="59.604232293" lon="25.919429921">
        <ele>20.800</ele>
        <time>2026-08-11T08:40:49Z</time>
        <speed>1.987000</speed>
      </trkpt>
      <trkpt lat="59.604329104" lon="25.919352304">
        <ele>20.400</ele>
        <time>2026-08-11T08:40:54Z</time>
        <speed>2.619000</speed>
      </trkpt>
      <trkpt lat="59.604400015" lon="25.919314250">
        <ele>20.400</ele>
        <time>2026-08-11T08:40:57Z</time>
        <speed>2.298000</speed>
      </trkpt>
      <trkpt lat="59.604471428" lon="25.919305198">
        <ele>20.200</ele>
        <time>2026-08-11T08:41:00Z</time>
        <speed>2.188000</speed>
      </trkpt>
      <trkpt lat="59.604618447" lon="25.919229509">
        <ele>20.200</ele>
        <time>2026-08-11T08:41:07Z</time>
        <speed>2.186000</speed>
      </trkpt>
      <trkpt lat="59.604784576" lon="25.919125574">
        <ele>20.200</ele>
        <time>2026-08-11T08:41:14Z</time>
        <speed>2.716000</speed>
      </trkpt>
      <trkpt lat="59.604970822" lon="25.919049885">
        <ele>20.600</ele>
        <time>2026-08-11T08:41:21Z</time>
        <speed>2.282000</speed>
      </trkpt>
      <trkpt lat="59.605067046" lon="25.919000767">
        <ele>21.200</ele>
        <time>2026-08-11T08:41:25Z</time>
        <speed>2.565000</speed>
      </trkpt>
      <trkpt lat="59.605143489" lon="25.918976963">
        <ele>21.200</ele>
        <time>2026-08-11T08:41:28Z</time>
        <speed>2.303000</speed>
      </trkpt>
      <trkpt lat="59.605329651" lon="25.918876296">
        <ele>20.600</ele>
        <time>2026-08-11T08:41:35Z</time>
        <speed>2.361000</speed>
      </trkpt>
      <trkpt lat="59.605481364" lon="25.918809576">
        <ele>21.000</ele>
        <time>2026-08-11T08:41:41Z</time>
        <speed>2.476000</speed>
      </trkpt>
      <trkpt lat="59.605723182" lon="25.918739839">
        <ele>20.200</ele>
        <time>2026-08-11T08:41:50Z</time>
        <speed>3.498000</speed>
      </trkpt>
      <trkpt lat="59.605757128" lon="25.918732714">
        <ele>20.200</ele>
        <time>2026-08-11T08:41:51Z</time>
        <speed>3.412000</speed>
      </trkpt>
      <trkpt lat="59.605926778" lon="25.918671358">
        <ele>19.800</ele>
        <time>2026-08-11T08:41:56Z</time>
        <speed>3.642000</speed>
      </trkpt>
      <trkpt lat="59.606222659" lon="25.918583432">
        <ele>19.200</ele>
        <time>2026-08-11T08:42:04Z</time>
        <speed>3.981000</speed>
      </trkpt>
      <trkpt lat="59.606260378" lon="25.918578822">
        <ele>19.200</ele>
        <time>2026-08-11T08:42:05Z</time>
        <speed>3.944000</speed>
      </trkpt>
      <trkpt lat="59.606461879" lon="25.918537248">
        <ele>18.600</ele>
        <time>2026-08-11T08:42:10Z</time>
        <speed>4.451000</speed>
      </trkpt>
      <trkpt lat="59.606669750" lon="25.918496680">
        <ele>18.800</ele>
        <time>2026-08-11T08:42:16Z</time>
        <speed>3.624000</speed>
      </trkpt>
      <trkpt lat="59.606804866" lon="25.918459380">
        <ele>19.200</ele>
        <time>2026-08-11T08:42:20Z</time>
        <speed>3.597000</speed>
      </trkpt>
      <trkpt lat="59.606903102" lon="25.918435240">
        <ele>19.400</ele>
        <time>2026-08-11T08:42:23Z</time>
        <speed>3.223000</speed>
      </trkpt>
      <trkpt lat="59.607108627" lon="25.918436581">
        <ele>19.400</ele>
        <time>2026-08-11T08:42:30Z</time>
        <speed>2.943000</speed>
      </trkpt>
      <trkpt lat="59.607276935" lon="25.918472456">
        <ele>19.200</ele>
        <time>2026-08-11T08:42:36Z</time>
        <speed>3.162000</speed>
      </trkpt>
      <trkpt lat="59.607443064" lon="25.918454351">
        <ele>18.200</ele>
        <time>2026-08-11T08:42:41Z</time>
        <speed>3.269000</speed>
      </trkpt>
      <trkpt lat="59.607501151" lon="25.918410849">
        <ele>18.000</ele>
        <time>2026-08-11T08:42:43Z</time>
        <speed>3.259000</speed>
      </trkpt>
      <trkpt lat="59.607616402" lon="25.918324850">
        <ele>18.000</ele>
        <time>2026-08-11T08:42:47Z</time>
        <speed>3.070000</speed>
      </trkpt>
      <trkpt lat="59.607829051" lon="25.918088481">
        <ele>18.600</ele>
        <time>2026-08-11T08:42:54Z</time>
        <speed>3.351000</speed>
      </trkpt>
      <trkpt lat="59.607986128" lon="25.917929811">
        <ele>18.800</ele>
        <time>2026-08-11T08:42:59Z</time>
        <speed>2.908000</speed>
      </trkpt>
      <trkpt lat="59.608038263" lon="25.917887483">
        <ele>19.200</ele>
        <time>2026-08-11T08:43:01Z</time>
        <speed>2.717000</speed>
      </trkpt>
      <trkpt lat="59.608164327" lon="25.917760748">
        <ele>19.800</ele>
        <time>2026-08-11T08:43:06Z</time>
        <speed>2.800000</speed>
      </trkpt>
      <trkpt lat="59.608312268" lon="25.917618508">
        <ele>20.400</ele>
        <time>2026-08-11T08:43:12Z</time>
        <speed>2.488000</speed>
      </trkpt>
      <trkpt lat="59.608447468" lon="25.917521697">
        <ele>20.600</ele>
        <time>2026-08-11T08:43:17Z</time>
        <speed>2.716000</speed>
      </trkpt>
      <trkpt lat="59.608558193" lon="25.917460090">
        <ele>21.000</ele>
        <time>2026-08-11T08:43:21Z</time>
        <speed>2.674000</speed>
      </trkpt>
      <trkpt lat="59.608677886" lon="25.917367134">
        <ele>21.200</ele>
        <time>2026-08-11T08:43:26Z</time>
        <speed>2.797000</speed>
      </trkpt>
      <trkpt lat="59.608807052" lon="25.917210225">
        <ele>21.000</ele>
        <time>2026-08-11T08:43:32Z</time>
        <speed>2.445000</speed>
      </trkpt>
      <trkpt lat="59.608949041" lon="25.917006042">
        <ele>20.800</ele>
        <time>2026-08-11T08:43:38Z</time>
        <speed>1.849000</speed>
      </trkpt>
      <trkpt lat="59.609078793" lon="25.916911913">
        <ele>20.800</ele>
        <time>2026-08-11T08:43:43Z</time>
        <speed>2.149000</speed>
      </trkpt>
      <trkpt lat="59.609263614" lon="25.916834883">
        <ele>20.600</ele>
        <time>2026-08-11T08:43:49Z</time>
        <speed>2.703000</speed>
      </trkpt>
      <trkpt lat="59.609412979" lon="25.916776042">
        <ele>21.000</ele>
        <time>2026-08-11T08:43:54Z</time>
        <speed>2.295000</speed>
      </trkpt>
      <trkpt lat="59.609475760" lon="25.916761542">
        <ele>21.000</ele>
        <time>2026-08-11T08:43:56Z</time>
        <speed>2.944000</speed>
      </trkpt>
      <trkpt lat="59.609631496" lon="25.916738994">
        <ele>20.200</ele>
        <time>2026-08-11T08:44:01Z</time>
        <speed>3.170000</speed>
      </trkpt>
      <trkpt lat="59.609859735" lon="25.916643441">
        <ele>20.000</ele>
        <time>2026-08-11T08:44:08Z</time>
        <speed>3.394000</speed>
      </trkpt>
      <trkpt lat="59.610018153" lon="25.916525843">
        <ele>19.200</ele>
        <time>2026-08-11T08:44:13Z</time>
        <speed>3.518000</speed>
      </trkpt>
      <trkpt lat="59.610084537" lon="25.916461637">
        <ele>19.000</ele>
        <time>2026-08-11T08:44:15Z</time>
        <speed>3.873000</speed>
      </trkpt>
      <trkpt lat="59.610199369" lon="25.916357702">
        <ele>19.000</ele>
        <time>2026-08-11T08:44:20Z</time>
        <speed>1.587000</speed>
      </trkpt>
      <trkpt lat="59.610253265" lon="25.916275559">
        <ele>18.800</ele>
        <time>2026-08-11T08:44:24Z</time>
        <speed>1.339000</speed>
      </trkpt>
      <trkpt lat="59.610275812" lon="25.916238595">
        <ele>18.800</ele>
        <time>2026-08-11T08:44:26Z</time>
        <speed>1.171000</speed>
      </trkpt>
      <trkpt lat="59.610297605" lon="25.916215042">
        <ele>18.800</ele>
        <time>2026-08-11T08:44:28Z</time>
        <speed>1.190000</speed>
      </trkpt>
      <trkpt lat="59.610345047" lon="25.916183693">
        <ele>18.800</ele>
        <time>2026-08-11T08:44:32Z</time>
        <speed>1.143000</speed>
      </trkpt>
      <trkpt lat="59.610355692" lon="25.916182688">
        <ele>18.600</ele>
        <time>2026-08-11T08:44:33Z</time>
        <speed>0.970000</speed>
      </trkpt>
    </trkseg>
    <trkseg>
      <trkpt lat="59.610705804" lon="25.915650688">
        <ele>16.600</ele>
        <time>2026-08-11T08:44:59Z</time>
        <speed>1.373000</speed>
      </trkpt>
      <trkpt lat="59.610741427" lon="25.915628728">
        <ele>16.800</ele>
        <time>2026-08-11T08:45:01Z</time>
        <speed>1.071000</speed>
      </trkpt>
      <trkpt lat="59.610928427" lon="25.915466035">
        <ele>16.600</ele>
        <time>2026-08-11T08:45:09Z</time>
        <speed>1.401000</speed>
      </trkpt>
      <trkpt lat="59.611056754" lon="25.915342988">
        <ele>16.600</ele>
        <time>2026-08-11T08:45:16Z</time>
        <speed>1.431000</speed>
      </trkpt>
      <trkpt lat="59.611245263" lon="25.915243411">
        <ele>16.400</ele>
        <time>2026-08-11T08:45:25Z</time>
        <speed>1.621000</speed>
      </trkpt>
      <trkpt lat="59.611390941" lon="25.915158335">
        <ele>16.000</ele>
        <time>2026-08-11T08:45:33Z</time>
        <speed>1.509000</speed>
      </trkpt>
      <trkpt lat="59.611553382" lon="25.915114330">
        <ele>16.400</ele>
        <time>2026-08-11T08:45:40Z</time>
        <speed>2.595000</speed>
      </trkpt>
      <trkpt lat="59.611658072" lon="25.915123131">
        <ele>15.600</ele>
        <time>2026-08-11T08:45:44Z</time>
        <speed>1.681000</speed>
      </trkpt>
      <trkpt lat="59.611737868" lon="25.915118102">
        <ele>15.200</ele>
        <time>2026-08-11T08:45:47Z</time>
        <speed>2.040000</speed>
      </trkpt>
      <trkpt lat="59.611856053" lon="25.915089604">
        <ele>15.200</ele>
        <time>2026-08-11T08:45:51Z</time>
        <speed>1.287000</speed>
      </trkpt>
      <trkpt lat="59.611878349" lon="25.915084574">
        <ele>15.400</ele>
        <time>2026-08-11T08:45:52Z</time>
        <speed>1.888000</speed>
      </trkpt>
      <trkpt lat="59.612082280" lon="25.915034534">
        <ele>15.800</ele>
        <time>2026-08-11T08:46:01Z</time>
        <speed>1.275000</speed>
      </trkpt>
      <trkpt lat="59.612197783" lon="25.914991116">
        <ele>15.800</ele>
        <time>2026-08-11T08:46:08Z</time>
        <speed>0.660000</speed>
      </trkpt>
      <trkpt lat="59.612351842" lon="25.914966473">
        <ele>15.600</ele>
        <time>2026-08-11T08:46:16Z</time>
        <speed>1.229000</speed>
      </trkpt>
      <trkpt lat="59.612506405" lon="25.914948285">
        <ele>15.400</ele>
        <time>2026-08-11T08:46:25Z</time>
        <speed>1.335000</speed>
      </trkpt>
      <trkpt lat="59.612638503" lon="25.914921379">
        <ele>15.200</ele>
        <time>2026-08-11T08:46:31Z</time>
        <speed>1.924000</speed>
      </trkpt>
    </trkseg>
    <trkseg>
      <trkpt lat="59.612812847" lon="25.914833704">
        <ele>14.200</ele>
        <time>2026-08-11T09:00:21Z</time>
        <speed>2.139000</speed>
      </trkpt>
      <trkpt lat="59.612996746" lon="25.914804786">
        <ele>13.800</ele>
        <time>2026-08-11T09:00:27Z</time>
        <speed>2.353000</speed>
      </trkpt>
      <trkpt lat="59.613187853" lon="25.914706299">
        <ele>13.600</ele>
        <time>2026-08-11T09:00:34Z</time>
        <speed>2.230000</speed>
      </trkpt>
      <trkpt lat="59.613329759" lon="25.914537152">
        <ele>13.600</ele>
        <time>2026-08-11T09:00:40Z</time>
        <speed>2.488000</speed>
      </trkpt>
      <trkpt lat="59.613427240" lon="25.914366329">
        <ele>13.800</ele>
        <time>2026-08-11T09:00:46Z</time>
        <speed>1.573000</speed>
      </trkpt>
      <trkpt lat="59.613542240" lon="25.914176563">
        <ele>13.200</ele>
        <time>2026-08-11T09:00:51Z</time>
        <speed>1.998000</speed>
      </trkpt>
      <trkpt lat="59.613577696" lon="25.914080003">
        <ele>13.000</ele>
        <time>2026-08-11T09:00:53Z</time>
        <speed>2.087000</speed>
      </trkpt>
      <trkpt lat="59.613653719" lon="25.913926782">
        <ele>13.400</ele>
        <time>2026-08-11T09:00:57Z</time>
        <speed>1.480000</speed>
      </trkpt>
      <trkpt lat="59.613749525" lon="25.913712122">
        <ele>13.000</ele>
        <time>2026-08-11T09:01:04Z</time>
        <speed>1.589000</speed>
      </trkpt>
      <trkpt lat="59.613775257" lon="25.913653197">
        <ele>13.000</ele>
        <time>2026-08-11T09:01:06Z</time>
        <speed>1.508000</speed>
      </trkpt>
      <trkpt lat="59.613827812" lon="25.913597541">
        <ele>13.200</ele>
        <time>2026-08-11T09:01:09Z</time>
        <speed>1.135000</speed>
      </trkpt>
      <trkpt lat="59.613855556" lon="25.913580609">
        <ele>13.200</ele>
        <time>2026-08-11T09:01:11Z</time>
        <speed>1.023000</speed>
      </trkpt>
      <trkpt lat="59.613929400" lon="25.913507100">
        <ele>13.400</ele>
        <time>2026-08-11T09:01:16Z</time>
        <speed>0.664000</speed>
      </trkpt>
    </trkseg>
    <trkseg>
      <trkpt lat="59.616298713" lon="25.910910638">
        <ele>11.000</ele>
        <time>2026-08-11T09:14:54Z</time>
        <speed>1.829000</speed>
      </trkpt>
      <trkpt lat="59.616290582" lon="25.910930922">
        <ele>11.200</ele>
        <time>2026-08-11T09:14:55Z</time>
        <speed>1.469000</speed>
      </trkpt>
    </trkseg>
    <trkseg>
      <trkpt lat="59.613935184" lon="25.913670463">
        <ele>11.200</ele>
        <time>2026-08-11T09:25:13Z</time>
        <speed>1.449000</speed>
      </trkpt>
      <trkpt lat="59.613840804" lon="25.913839443">
        <ele>11.000</ele>
        <time>2026-08-11T09:25:21Z</time>
        <speed>1.546000</speed>
      </trkpt>
      <trkpt lat="59.613775676" lon="25.914012277">
        <ele>11.400</ele>
        <time>2026-08-11T09:25:29Z</time>
        <speed>1.418000</speed>
      </trkpt>
      <trkpt lat="59.613661598" lon="25.914298519">
        <ele>11.800</ele>
        <time>2026-08-11T09:25:39Z</time>
        <speed>1.761000</speed>
      </trkpt>
      <trkpt lat="59.613588676" lon="25.914420895">
        <ele>12.200</ele>
        <time>2026-08-11T09:25:45Z</time>
        <speed>1.279000</speed>
      </trkpt>
      <trkpt lat="59.613574343" lon="25.914443443">
        <ele>12.200</ele>
        <time>2026-08-11T09:25:46Z</time>
        <speed>1.291000</speed>
      </trkpt>
      <trkpt lat="59.613452805" lon="25.914651901">
        <ele>12.200</ele>
        <time>2026-08-11T09:25:54Z</time>
        <speed>1.938000</speed>
      </trkpt>
      <trkpt lat="59.613320455" lon="25.914813923">
        <ele>12.000</ele>
        <time>2026-08-11T09:26:01Z</time>
        <speed>2.566000</speed>
      </trkpt>
      <trkpt lat="59.613172850" lon="25.914921463">
        <ele>11.800</ele>
        <time>2026-08-11T09:26:07Z</time>
        <speed>2.236000</speed>
      </trkpt>
      <trkpt lat="59.613054078" lon="25.914988350">
        <ele>11.800</ele>
        <time>2026-08-11T09:26:12Z</time>
        <speed>2.428000</speed>
      </trkpt>
      <trkpt lat="59.612883255" lon="25.915042330">
        <ele>12.000</ele>
        <time>2026-08-11T09:26:18Z</time>
        <speed>2.472000</speed>
      </trkpt>
      <trkpt lat="59.612664403" lon="25.915108798">
        <ele>12.600</ele>
        <time>2026-08-11T09:26:26Z</time>
        <speed>2.945000</speed>
      </trkpt>
      <trkpt lat="59.612446725" lon="25.915112821">
        <ele>12.800</ele>
        <time>2026-08-11T09:26:34Z</time>
        <speed>2.533000</speed>
      </trkpt>
      <trkpt lat="59.612216391" lon="25.915136794">
        <ele>12.800</ele>
        <time>2026-08-11T09:26:42Z</time>
        <speed>2.693000</speed>
      </trkpt>
      <trkpt lat="59.612068282" lon="25.915185660">
        <ele>12.800</ele>
        <time>2026-08-11T09:26:48Z</time>
        <speed>2.392000</speed>
      </trkpt>
      <trkpt lat="59.611998545" lon="25.915214242">
        <ele>13.400</ele>
        <time>2026-08-11T09:26:51Z</time>
        <speed>2.486000</speed>
      </trkpt>
      <trkpt lat="59.611872062" lon="25.915206280">
        <ele>13.800</ele>
        <time>2026-08-11T09:26:55Z</time>
        <speed>2.072000</speed>
      </trkpt>
      <trkpt lat="59.611840714" lon="25.915204352">
        <ele>12.200</ele>
        <time>2026-08-11T09:26:56Z</time>
        <speed>2.057000</speed>
      </trkpt>
      <trkpt lat="59.611813975" lon="25.915207537">
        <ele>9.000</ele>
        <time>2026-08-11T09:26:57Z</time>
        <speed>2.091000</speed>
      </trkpt>
      <trkpt lat="59.611787070" lon="25.915212147">
        <ele>7.600</ele>
        <time>2026-08-11T09:26:58Z</time>
        <speed>2.182000</speed>
      </trkpt>
      <trkpt lat="59.611759661" lon="25.915210806">
        <ele>6.200</ele>
        <time>2026-08-11T09:26:59Z</time>
        <speed>2.170000</speed>
      </trkpt>
      <trkpt lat="59.611735437" lon="25.915206363">
        <ele>12.000</ele>
        <time>2026-08-11T09:27:00Z</time>
        <speed>2.208000</speed>
      </trkpt>
      <trkpt lat="59.611705849" lon="25.915207788">
        <ele>13.800</ele>
        <time>2026-08-11T09:27:01Z</time>
        <speed>2.347000</speed>
      </trkpt>
      <trkpt lat="59.611679614" lon="25.915212063">
        <ele>15.800</ele>
        <time>2026-08-11T09:27:02Z</time>
        <speed>1.913000</speed>
      </trkpt>
      <trkpt lat="59.611655725" lon="25.915217763">
        <ele>13.200</ele>
        <time>2026-08-11T09:27:03Z</time>
        <speed>2.012000</speed>
      </trkpt>
      <trkpt lat="59.611497056" lon="25.915258499">
        <ele>12.600</ele>
        <time>2026-08-11T09:27:10Z</time>
        <speed>2.262000</speed>
      </trkpt>
      <trkpt lat="59.611342577" lon="25.915326644">
        <ele>13.000</ele>
        <time>2026-08-11T09:27:17Z</time>
        <speed>2.241000</speed>
      </trkpt>
      <trkpt lat="59.611190362" lon="25.915422449">
        <ele>12.800</ele>
        <time>2026-08-11T09:27:24Z</time>
        <speed>2.361000</speed>
      </trkpt>
      <trkpt lat="59.611090617" lon="25.915491683">
        <ele>13.000</ele>
        <time>2026-08-11T09:27:29Z</time>
        <speed>1.670000</speed>
      </trkpt>
      <trkpt lat="59.610938570" lon="25.915577095">
        <ele>12.800</ele>
        <time>2026-08-11T09:27:35Z</time>
        <speed>2.480000</speed>
      </trkpt>
      <trkpt lat="59.610779481" lon="25.915667033">
        <ele>13.000</ele>
        <time>2026-08-11T09:27:42Z</time>
        <speed>1.927000</speed>
      </trkpt>
      <trkpt lat="59.610636821" lon="25.915775495">
        <ele>12.800</ele>
        <time>2026-08-11T09:27:49Z</time>
        <speed>1.635000</speed>
      </trkpt>
      <trkpt lat="59.610481421" lon="25.915950844">
        <ele>13.400</ele>
        <time>2026-08-11T09:27:58Z</time>
        <speed>1.507000</speed>
      </trkpt>
      <trkpt lat="59.610470524" lon="25.915981857">
        <ele>13.600</ele>
        <time>2026-08-11T09:27:59Z</time>
        <speed>1.207000</speed>
      </trkpt>
      <trkpt lat="59.610432805" lon="25.916121500">
        <ele>13.800</ele>
        <time>2026-08-11T09:28:03Z</time>
        <speed>1.520000</speed>
      </trkpt>
      <trkpt lat="59.610396847" lon="25.916156536">
        <ele>14.200</ele>
        <time>2026-08-11T09:28:06Z</time>
        <speed>1.105000</speed>
      </trkpt>
      <trkpt lat="59.610375054" lon="25.916163577">
        <ele>14.400</ele>
        <time>2026-08-11T09:28:08Z</time>
        <speed>1.167000</speed>
      </trkpt>
      <trkpt lat="59.610362314" lon="25.916176569">
        <ele>14.400</ele>
        <time>2026-08-11T09:28:09Z</time>
        <speed>1.390000</speed>
      </trkpt>
      <trkpt lat="59.610292660" lon="25.916263489">
        <ele>14.600</ele>
        <time>2026-08-11T09:28:13Z</time>
        <speed>2.279000</speed>
      </trkpt>
      <trkpt lat="59.610073138" lon="25.916481251">
        <ele>15.200</ele>
        <time>2026-08-11T09:28:23Z</time>
        <speed>2.370000</speed>
      </trkpt>
      <trkpt lat="59.610052519" lon="25.916500529">
        <ele>15.200</ele>
        <time>2026-08-11T09:28:24Z</time>
        <speed>2.216000</speed>
      </trkpt>
      <trkpt lat="59.609888317" lon="25.916643189">
        <ele>16.200</ele>
        <time>2026-08-11T09:28:32Z</time>
        <speed>2.590000</speed>
      </trkpt>
      <trkpt lat="59.609706765" lon="25.916708149">
        <ele>16.200</ele>
        <time>2026-08-11T09:28:39Z</time>
        <speed>2.902000</speed>
      </trkpt>
      <trkpt lat="59.609532673" lon="25.916702114">
        <ele>16.200</ele>
        <time>2026-08-11T09:28:46Z</time>
        <speed>2.765000</speed>
      </trkpt>
      <trkpt lat="59.609437371" lon="25.916708652">
        <ele>16.400</ele>
        <time>2026-08-11T09:28:50Z</time>
        <speed>2.555000</speed>
      </trkpt>
      <trkpt lat="59.609356569" lon="25.916736312">
        <ele>16.400</ele>
        <time>2026-08-11T09:28:53Z</time>
        <speed>3.056000</speed>
      </trkpt>
      <trkpt lat="59.609146519" lon="25.916786771">
        <ele>16.000</ele>
        <time>2026-08-11T09:29:00Z</time>
        <speed>2.633000</speed>
      </trkpt>
      <trkpt lat="59.608994639" lon="25.916911243">
        <ele>16.400</ele>
        <time>2026-08-11T09:29:06Z</time>
        <speed>2.708000</speed>
      </trkpt>
      <trkpt lat="59.608863126" lon="25.917046610">
        <ele>16.600</ele>
        <time>2026-08-11T09:29:11Z</time>
        <speed>2.707000</speed>
      </trkpt>
      <trkpt lat="59.608834796" lon="25.917081144">
        <ele>16.400</ele>
        <time>2026-08-11T09:29:12Z</time>
        <speed>2.894000</speed>
      </trkpt>
      <trkpt lat="59.608690124" lon="25.917260600">
        <ele>16.600</ele>
        <time>2026-08-11T09:29:17Z</time>
        <speed>3.049000</speed>
      </trkpt>
      <trkpt lat="59.608512176" lon="25.917402338">
        <ele>16.200</ele>
        <time>2026-08-11T09:29:23Z</time>
        <speed>3.379000</speed>
      </trkpt>
      <trkpt lat="59.608296258" lon="25.917592691">
        <ele>15.400</ele>
        <time>2026-08-11T09:29:30Z</time>
        <speed>3.433000</speed>
      </trkpt>
      <trkpt lat="59.608266670" lon="25.917619849">
        <ele>15.200</ele>
        <time>2026-08-11T09:29:31Z</time>
        <speed>3.587000</speed>
      </trkpt>
      <trkpt lat="59.608069696" lon="25.917821517">
        <ele>14.400</ele>
        <time>2026-08-11T09:29:37Z</time>
        <speed>4.399000</speed>
      </trkpt>
      <trkpt lat="59.608033737" lon="25.917861918">
        <ele>14.200</ele>
        <time>2026-08-11T09:29:38Z</time>
        <speed>4.424000</speed>
      </trkpt>
      <trkpt lat="59.607876576" lon="25.918050595">
        <ele>13.000</ele>
        <time>2026-08-11T09:29:42Z</time>
        <speed>5.265000</speed>
      </trkpt>
      <trkpt lat="59.607790913" lon="25.918146651">
        <ele>12.600</ele>
        <time>2026-08-11T09:29:44Z</time>
        <speed>5.295000</speed>
      </trkpt>
      <trkpt lat="59.607586898" lon="25.918342033">
        <ele>12.600</ele>
        <time>2026-08-11T09:29:49Z</time>
        <speed>4.696000</speed>
      </trkpt>
      <trkpt lat="59.607389336" lon="25.918426858">
        <ele>13.000</ele>
        <time>2026-08-11T09:29:54Z</time>
        <speed>3.957000</speed>
      </trkpt>
      <trkpt lat="59.607180879" lon="25.918404479">
        <ele>13.800</ele>
        <time>2026-08-11T09:30:00Z</time>
        <speed>3.653000</speed>
      </trkpt>
      <trkpt lat="59.606854403" lon="25.918451836">
        <ele>14.000</ele>
        <time>2026-08-11T09:30:09Z</time>
        <speed>3.931000</speed>
      </trkpt>
      <trkpt lat="59.606602276" lon="25.918540265">
        <ele>13.400</ele>
        <time>2026-08-11T09:30:16Z</time>
        <speed>3.999000</speed>
      </trkpt>
      <trkpt lat="59.606346879" lon="25.918608243">
        <ele>13.200</ele>
        <time>2026-08-11T09:30:23Z</time>
        <speed>3.816000</speed>
      </trkpt>
      <trkpt lat="59.606152922" lon="25.918650320">
        <ele>14.200</ele>
        <time>2026-08-11T09:30:29Z</time>
        <speed>2.925000</speed>
      </trkpt>
      <trkpt lat="59.606123921" lon="25.918642273">
        <ele>14.200</ele>
        <time>2026-08-11T09:30:30Z</time>
        <speed>3.232000</speed>
      </trkpt>
      <trkpt lat="59.606094332" lon="25.918638334">
        <ele>14.200</ele>
        <time>2026-08-11T09:30:31Z</time>
        <speed>3.222000</speed>
      </trkpt>
      <trkpt lat="59.605926778" lon="25.918671861">
        <ele>14.200</ele>
        <time>2026-08-11T09:30:37Z</time>
        <speed>2.542000</speed>
      </trkpt>
    </trkseg>
    <trkseg>
      <trkpt lat="59.605817143" lon="25.918716704">
        <ele>15.000</ele>
        <time>2026-08-11T09:30:49Z</time>
        <speed>1.855000</speed>
      </trkpt>
      <trkpt lat="59.605800295" lon="25.918718465">
        <ele>15.000</ele>
        <time>2026-08-11T09:30:50Z</time>
        <speed>1.818000</speed>
      </trkpt>
      <trkpt lat="59.605780430" lon="25.918722237">
        <ele>14.800</ele>
        <time>2026-08-11T09:30:51Z</time>
        <speed>2.149000</speed>
      </trkpt>
      <trkpt lat="59.605665933" lon="25.918753836">
        <ele>15.200</ele>
        <time>2026-08-11T09:30:56Z</time>
        <speed>2.398000</speed>
      </trkpt>
      <trkpt lat="59.605592927" lon="25.918785268">
        <ele>15.600</ele>
        <time>2026-08-11T09:30:59Z</time>
        <speed>2.666000</speed>
      </trkpt>
      <trkpt lat="59.605395282" lon="25.918883253">
        <ele>15.600</ele>
        <time>2026-08-11T09:31:07Z</time>
        <speed>2.644000</speed>
      </trkpt>
      <trkpt lat="59.605194367" lon="25.918978639">
        <ele>15.800</ele>
        <time>2026-08-11T09:31:15Z</time>
        <speed>2.738000</speed>
      </trkpt>
      <trkpt lat="59.605068387" lon="25.918987021">
        <ele>15.800</ele>
        <time>2026-08-11T09:31:21Z</time>
        <speed>2.152000</speed>
      </trkpt>
      <trkpt lat="59.605028573" lon="25.919000013">
        <ele>15.600</ele>
        <time>2026-08-11T09:31:23Z</time>
        <speed>2.377000</speed>
      </trkpt>
      <trkpt lat="59.604975684" lon="25.919020381">
        <ele>15.400</ele>
        <time>2026-08-11T09:31:25Z</time>
        <speed>2.834000</speed>
      </trkpt>
      <trkpt lat="59.604757503" lon="25.919146696">
        <ele>14.600</ele>
        <time>2026-08-11T09:31:32Z</time>
        <speed>3.523000</speed>
      </trkpt>
      <trkpt lat="59.604514847" lon="25.919260941">
        <ele>15.000</ele>
        <time>2026-08-11T09:31:40Z</time>
        <speed>3.012000</speed>
      </trkpt>
      <trkpt lat="59.604359781" lon="25.919324476">
        <ele>14.600</ele>
        <time>2026-08-11T09:31:46Z</time>
        <speed>2.836000</speed>
      </trkpt>
      <trkpt lat="59.604232209" lon="25.919443080">
        <ele>14.600</ele>
        <time>2026-08-11T09:31:52Z</time>
        <speed>2.587000</speed>
      </trkpt>
      <trkpt lat="59.604221731" lon="25.919672074">
        <ele>14.200</ele>
        <time>2026-08-11T09:31:56Z</time>
        <speed>3.470000</speed>
      </trkpt>
      <trkpt lat="59.604220893" lon="25.919734184">
        <ele>14.000</ele>
        <time>2026-08-11T09:31:57Z</time>
        <speed>3.458000</speed>
      </trkpt>
      <trkpt lat="59.604252828" lon="25.920095025">
        <ele>13.400</ele>
        <time>2026-08-11T09:32:03Z</time>
        <speed>3.354000</speed>
      </trkpt>
      <trkpt lat="59.604291888" lon="25.920555359">
        <ele>13.600</ele>
        <time>2026-08-11T09:32:11Z</time>
        <speed>2.799000</speed>
      </trkpt>
      <trkpt lat="59.604309490" lon="25.920975544">
        <ele>13.000</ele>
        <time>2026-08-11T09:32:19Z</time>
        <speed>2.719000</speed>
      </trkpt>
      <trkpt lat="59.604297252" lon="25.921327248">
        <ele>13.200</ele>
        <time>2026-08-11T09:32:26Z</time>
        <speed>2.553000</speed>
      </trkpt>
      <trkpt lat="59.604210081" lon="25.921655819">
        <ele>13.400</ele>
        <time>2026-08-11T09:32:34Z</time>
        <speed>2.789000</speed>
      </trkpt>
      <trkpt lat="59.604108827" lon="25.922014397">
        <ele>13.000</ele>
        <time>2026-08-11T09:32:42Z</time>
        <speed>2.725000</speed>
      </trkpt>
      <trkpt lat="59.604030624" lon="25.922203157">
        <ele>12.600</ele>
        <time>2026-08-11T09:32:47Z</time>
        <speed>2.008000</speed>
      </trkpt>
    </trkseg>
    <trkseg>
      <trkpt lat="59.604574945" lon="25.921778195">
        <ele>13.600</ele>
        <time>2026-08-11T09:54:30Z</time>
        <speed>1.569000</speed>
      </trkpt>
      <trkpt lat="59.604437817" lon="25.922061335">
        <ele>12.200</ele>
        <time>2026-08-11T10:13:51Z</time>
        <speed>0.934000</speed>
      </trkpt>
      <trkpt lat="59.604424071" lon="25.922141718">
        <ele>11.800</ele>
        <time>2026-08-11T10:13:55Z</time>
        <speed>1.030000</speed>
      </trkpt>
      <trkpt lat="59.604413258" lon="25.922210533">
        <ele>11.800</ele>
        <time>2026-08-11T10:14:00Z</time>
        <speed>0.926000</speed>
      </trkpt>
    </trkseg>
    <trkseg>
      <trkpt lat="59.604970906" lon="25.922679752">
        <ele>6.800</ele>
        <time>2026-08-11T10:21:19Z</time>
        <speed>1.399000</speed>
      </trkpt>
      <trkpt lat="59.604940983" lon="25.922718896">
        <ele>7.600</ele>
        <time>2026-08-11T10:21:22Z</time>
        <speed>1.253000</speed>
      </trkpt>
      <trkpt lat="59.604920615" lon="25.922734402">
        <ele>8.000</ele>
        <time>2026-08-11T10:21:24Z</time>
        <speed>1.145000</speed>
      </trkpt>
      <trkpt lat="59.604888679" lon="25.922762230">
        <ele>8.400</ele>
        <time>2026-08-11T10:21:28Z</time>
        <speed>1.028000</speed>
      </trkpt>
      <trkpt lat="59.604884237" lon="25.922778659">
        <ele>8.600</ele>
        <time>2026-08-11T10:21:29Z</time>
        <speed>1.059000</speed>
      </trkpt>
    </trkseg>
    <trkseg>
      <trkpt lat="59.604083933" lon="25.922569446">
        <ele>10.000</ele>
        <time>2026-08-11T10:24:49Z</time>
        <speed>1.361000</speed>
      </trkpt>
      <trkpt lat="59.604074797" lon="25.922555113">
        <ele>10.000</ele>
        <time>2026-08-11T10:24:50Z</time>
        <speed>1.270000</speed>
      </trkpt>
      <trkpt lat="59.604025846" lon="25.922403987">
        <ele>10.400</ele>
        <time>2026-08-11T10:24:58Z</time>
        <speed>1.130000</speed>
      </trkpt>
      <trkpt lat="59.603968598" lon="25.922282031">
        <ele>11.000</ele>
        <time>2026-08-11T10:25:06Z</time>
        <speed>1.138000</speed>
      </trkpt>
      <trkpt lat="59.603961306" lon="25.922273146">
        <ele>11.000</ele>
        <time>2026-08-11T10:25:07Z</time>
        <speed>0.980000</speed>
      </trkpt>
    </trkseg>
    <trkseg>
      <trkpt lat="59.603940519" lon="25.922216568">
        <ele>10.000</ele>
        <time>2026-08-11T10:28:11Z</time>
        <speed>2.044000</speed>
      </trkpt>
      <trkpt lat="59.603991145" lon="25.922228722">
        <ele>10.000</ele>
        <time>2026-08-11T10:28:13Z</time>
        <speed>2.490000</speed>
      </trkpt>
      <trkpt lat="59.604099942" lon="25.922104586">
        <ele>9.200</ele>
        <time>2026-08-11T10:28:18Z</time>
        <speed>2.733000</speed>
      </trkpt>
      <trkpt lat="59.604182085" lon="25.921800658">
        <ele>10.000</ele>
        <time>2026-08-11T10:28:24Z</time>
        <speed>3.206000</speed>
      </trkpt>
      <trkpt lat="59.604274789" lon="25.921474854">
        <ele>10.400</ele>
        <time>2026-08-11T10:28:31Z</time>
        <speed>3.018000</speed>
      </trkpt>
      <trkpt lat="59.604335390" lon="25.921175703">
        <ele>10.200</ele>
        <time>2026-08-11T10:28:37Z</time>
        <speed>3.299000</speed>
      </trkpt>
      <trkpt lat="59.604321895" lon="25.920760296">
        <ele>10.400</ele>
        <time>2026-08-11T10:28:44Z</time>
        <speed>3.038000</speed>
      </trkpt>
      <trkpt lat="59.604310663" lon="25.920536416">
        <ele>11.000</ele>
        <time>2026-08-11T10:28:48Z</time>
        <speed>2.947000</speed>
      </trkpt>
      <trkpt lat="59.604311753" lon="25.920398114">
        <ele>11.200</ele>
        <time>2026-08-11T10:28:51Z</time>
        <speed>2.724000</speed>
      </trkpt>
      <trkpt lat="59.604281411" lon="25.920065101">
        <ele>11.000</ele>
        <time>2026-08-11T10:28:57Z</time>
        <speed>2.973000</speed>
      </trkpt>
      <trkpt lat="59.604250314" lon="25.919781206">
        <ele>11.400</ele>
        <time>2026-08-11T10:29:04Z</time>
        <speed>2.184000</speed>
      </trkpt>
      <trkpt lat="59.604211338" lon="25.919487420">
        <ele>12.000</ele>
        <time>2026-08-11T10:29:11Z</time>
        <speed>2.224000</speed>
      </trkpt>
      <trkpt lat="59.604192059" lon="25.919457246">
        <ele>12.000</ele>
        <time>2026-08-11T10:29:12Z</time>
        <speed>2.376000</speed>
      </trkpt>
      <trkpt lat="59.604169512" lon="25.919436291">
        <ele>12.200</ele>
        <time>2026-08-11T10:29:13Z</time>
        <speed>2.502000</speed>
      </trkpt>
      <trkpt lat="59.604123412" lon="25.919408882">
        <ele>12.000</ele>
        <time>2026-08-11T10:29:15Z</time>
        <speed>2.273000</speed>
      </trkpt>
      <trkpt lat="59.604006736" lon="25.919420784">
        <ele>11.600</ele>
        <time>2026-08-11T10:29:19Z</time>
        <speed>3.039000</speed>
      </trkpt>
      <trkpt lat="59.603976477" lon="25.919433190">
        <ele>11.800</ele>
        <time>2026-08-11T10:29:20Z</time>
        <speed>3.165000</speed>
      </trkpt>
      <trkpt lat="59.603738179" lon="25.919507118">
        <ele>11.400</ele>
        <time>2026-08-11T10:29:27Z</time>
        <speed>3.610000</speed>
      </trkpt>
      <trkpt lat="59.603669029" lon="25.919568473">
        <ele>11.000</ele>
        <time>2026-08-11T10:29:29Z</time>
        <speed>4.116000</speed>
      </trkpt>
      <trkpt lat="59.603522345" lon="25.919696800">
        <ele>12.000</ele>
        <time>2026-08-11T10:29:33Z</time>
        <speed>4.349000</speed>
      </trkpt>
      <trkpt lat="59.603264686" lon="25.919882040">
        <ele>11.000</ele>
        <time>2026-08-11T10:29:40Z</time>
        <speed>4.175000</speed>
      </trkpt>
      <trkpt lat="59.603029070" lon="25.919902995">
        <ele>10.600</ele>
        <time>2026-08-11T10:29:46Z</time>
        <speed>4.515000</speed>
      </trkpt>
      <trkpt lat="59.602801921" lon="25.919844154">
        <ele>12.200</ele>
        <time>2026-08-11T10:29:52Z</time>
        <speed>3.896000</speed>
      </trkpt>
      <trkpt lat="59.602730926" lon="25.919813141">
        <ele>11.800</ele>
        <time>2026-08-11T10:29:54Z</time>
        <speed>4.075000</speed>
      </trkpt>
      <trkpt lat="59.602556499" lon="25.919729574">
        <ele>11.000</ele>
        <time>2026-08-11T10:29:59Z</time>
        <speed>3.924000</speed>
      </trkpt>
      <trkpt lat="59.602492545" lon="25.919691939">
        <ele>10.800</ele>
        <time>2026-08-11T10:30:01Z</time>
        <speed>3.675000</speed>
      </trkpt>
      <trkpt lat="59.602250056" lon="25.919502843">
        <ele>11.200</ele>
        <time>2026-08-11T10:30:08Z</time>
        <speed>3.840000</speed>
      </trkpt>
      <trkpt lat="59.601999186" lon="25.919346521">
        <ele>11.200</ele>
        <time>2026-08-11T10:30:15Z</time>
        <speed>3.816000</speed>
      </trkpt>
      <trkpt lat="59.601766840" lon="25.919202017">
        <ele>11.600</ele>
        <time>2026-08-11T10:30:23Z</time>
        <speed>2.503000</speed>
      </trkpt>
      <trkpt lat="59.601737503" lon="25.919197993">
        <ele>11.800</ele>
        <time>2026-08-11T10:30:25Z</time>
        <speed>1.562000</speed>
      </trkpt>
      <trkpt lat="59.601735575" lon="25.919259433">
        <ele>11.800</ele>
        <time>2026-08-11T10:30:27Z</time>
        <speed>1.998000</speed>
      </trkpt>
      <trkpt lat="59.601805815" lon="25.919299079">
        <ele>11.600</ele>
        <time>2026-08-11T10:30:30Z</time>
        <speed>2.794000</speed>
      </trkpt>
      <trkpt lat="59.601871865" lon="25.919353478">
        <ele>12.200</ele>
        <time>2026-08-11T10:30:33Z</time>
        <speed>2.532000</speed>
      </trkpt>
      <trkpt lat="59.601893406" lon="25.919362614">
        <ele>12.600</ele>
        <time>2026-08-11T10:30:36Z</time>
        <speed>0.000000</speed>
      </trkpt>
    </trkseg>
    <trkseg>
      <trkpt lat="59.601868847" lon="25.919265803">
        <ele>11.600</ele>
        <time>2026-08-11T10:34:13Z</time>
        <speed>2.051000</speed>
      </trkpt>
      <trkpt lat="59.601845881" lon="25.919257002">
        <ele>11.200</ele>
        <time>2026-08-11T10:34:14Z</time>
        <speed>2.443000</speed>
      </trkpt>
      <trkpt lat="59.601821741" lon="25.919244513">
        <ele>11.000</ele>
        <time>2026-08-11T10:34:15Z</time>
        <speed>2.654000</speed>
      </trkpt>
      <trkpt lat="59.601637926" lon="25.919124484">
        <ele>11.400</ele>
        <time>2026-08-11T10:34:21Z</time>
        <speed>3.708000</speed>
      </trkpt>
      <trkpt lat="59.601434581" lon="25.919011245">
        <ele>11.400</ele>
        <time>2026-08-11T10:34:27Z</time>
        <speed>3.602000</speed>
      </trkpt>
      <trkpt lat="59.601184884" lon="25.918867076">
        <ele>11.600</ele>
        <time>2026-08-11T10:34:35Z</time>
        <speed>3.913000</speed>
      </trkpt>
      <trkpt lat="59.600990508" lon="25.918752411">
        <ele>10.200</ele>
        <time>2026-08-11T10:34:41Z</time>
        <speed>3.561000</speed>
      </trkpt>
      <trkpt lat="59.600744583" lon="25.918606399">
        <ele>10.400</ele>
        <time>2026-08-11T10:34:48Z</time>
        <speed>4.400000</speed>
      </trkpt>
      <trkpt lat="59.600527156" lon="25.918486118">
        <ele>10.000</ele>
        <time>2026-08-11T10:34:54Z</time>
        <speed>4.290000</speed>
      </trkpt>
      <trkpt lat="59.600315765" lon="25.918366509">
        <ele>9.000</ele>
        <time>2026-08-11T10:34:59Z</time>
        <speed>4.641000</speed>
      </trkpt>
      <trkpt lat="59.600232616" lon="25.918318816">
        <ele>9.200</ele>
        <time>2026-08-11T10:35:01Z</time>
        <speed>4.735000</speed>
      </trkpt>
      <trkpt lat="59.599917959" lon="25.918116812">
        <ele>9.800</ele>
        <time>2026-08-11T10:35:09Z</time>
        <speed>4.446000</speed>
      </trkpt>
      <trkpt lat="59.599638339" lon="25.917965770">
        <ele>8.600</ele>
        <time>2026-08-11T10:35:16Z</time>
        <speed>4.615000</speed>
      </trkpt>
      <trkpt lat="59.599274565" lon="25.917746667">
        <ele>8.200</ele>
        <time>2026-08-11T10:35:25Z</time>
        <speed>4.657000</speed>
      </trkpt>
      <trkpt lat="59.599194266" lon="25.917708026">
        <ele>7.800</ele>
        <time>2026-08-11T10:35:27Z</time>
        <speed>4.682000</speed>
      </trkpt>
      <trkpt lat="59.598960914" lon="25.917549776">
        <ele>6.800</ele>
        <time>2026-08-11T10:35:33Z</time>
        <speed>4.440000</speed>
      </trkpt>
      <trkpt lat="59.598785983" lon="25.917463275">
        <ele>7.400</ele>
        <time>2026-08-11T10:35:38Z</time>
        <speed>3.990000</speed>
      </trkpt>
      <trkpt lat="59.598561851" lon="25.917345006">
        <ele>6.200</ele>
        <time>2026-08-11T10:35:43Z</time>
        <speed>5.058000</speed>
      </trkpt>
      <trkpt lat="59.598473925" lon="25.917283399">
        <ele>6.600</ele>
        <time>2026-08-11T10:35:45Z</time>
        <speed>5.211000</speed>
      </trkpt>
      <trkpt lat="59.598391531" lon="25.917187259">
        <ele>5.600</ele>
        <time>2026-08-11T10:35:47Z</time>
        <speed>5.336000</speed>
      </trkpt>
      <trkpt lat="59.598305533" lon="25.917097991">
        <ele>5.600</ele>
        <time>2026-08-11T10:35:49Z</time>
        <speed>5.316000</speed>
      </trkpt>
      <trkpt lat="59.598185085" lon="25.916946614">
        <ele>5.600</ele>
        <time>2026-08-11T10:35:52Z</time>
        <speed>5.103000</speed>
      </trkpt>
      <trkpt lat="59.598088274" lon="25.916751400">
        <ele>5.000</ele>
        <time>2026-08-11T10:35:55Z</time>
        <speed>5.169000</speed>
      </trkpt>
      <trkpt lat="59.597841511" lon="25.916253515">
        <ele>6.000</ele>
        <time>2026-08-11T10:36:03Z</time>
        <speed>4.424000</speed>
      </trkpt>
      <trkpt lat="59.597655348" lon="25.915854704">
        <ele>6.000</ele>
        <time>2026-08-11T10:36:10Z</time>
        <speed>4.464000</speed>
      </trkpt>
      <trkpt lat="59.597536661" lon="25.915644318">
        <ele>6.600</ele>
        <time>2026-08-11T10:36:14Z</time>
        <speed>4.122000</speed>
      </trkpt>
      <trkpt lat="59.597457200" lon="25.915505849">
        <ele>6.600</ele>
        <time>2026-08-11T10:36:17Z</time>
        <speed>3.699000</speed>
      </trkpt>
      <trkpt lat="59.597244132" lon="25.915183397">
        <ele>6.400</ele>
        <time>2026-08-11T10:36:25Z</time>
        <speed>3.953000</speed>
      </trkpt>
      <trkpt lat="59.596999800" lon="25.914851474">
        <ele>6.400</ele>
        <time>2026-08-11T10:36:33Z</time>
        <speed>4.177000</speed>
      </trkpt>
      <trkpt lat="59.596935343" lon="25.914771007">
        <ele>5.600</ele>
        <time>2026-08-11T10:36:35Z</time>
        <speed>4.183000</speed>
      </trkpt>
      <trkpt lat="59.596806010" lon="25.914614769">
        <ele>6.200</ele>
        <time>2026-08-11T10:36:39Z</time>
        <speed>4.255000</speed>
      </trkpt>
      <trkpt lat="59.596706182" lon="25.914492477">
        <ele>6.600</ele>
        <time>2026-08-11T10:36:42Z</time>
        <speed>4.452000</speed>
      </trkpt>
      <trkpt lat="59.596570395" lon="25.914325677">
        <ele>6.200</ele>
        <time>2026-08-11T10:36:46Z</time>
        <speed>4.342000</speed>
      </trkpt>
      <trkpt lat="59.596336121" lon="25.914024599">
        <ele>6.200</ele>
        <time>2026-08-11T10:36:53Z</time>
        <speed>4.211000</speed>
      </trkpt>
      <trkpt lat="59.596107965" lon="25.913682617">
        <ele>6.600</ele>
        <time>2026-08-11T10:37:00Z</time>
        <speed>4.223000</speed>
      </trkpt>
      <trkpt lat="59.595861454" lon="25.913309371">
        <ele>6.400</ele>
        <time>2026-08-11T10:37:08Z</time>
        <speed>3.768000</speed>
      </trkpt>
      <trkpt lat="59.595592730" lon="25.913005862">
        <ele>6.600</ele>
        <time>2026-08-11T10:37:17Z</time>
        <speed>3.623000</speed>
      </trkpt>
      <trkpt lat="59.595421236" lon="25.913010975">
        <ele>5.800</ele>
        <time>2026-08-11T10:37:22Z</time>
        <speed>4.097000</speed>
      </trkpt>
      <trkpt lat="59.595388547" lon="25.912984321">
        <ele>5.600</ele>
        <time>2026-08-11T10:37:23Z</time>
        <speed>3.964000</speed>
      </trkpt>
      <trkpt lat="59.595264159" lon="25.912840404">
        <ele>5.600</ele>
        <time>2026-08-11T10:37:27Z</time>
        <speed>4.020000</speed>
      </trkpt>
      <trkpt lat="59.595138682" lon="25.912666311">
        <ele>6.000</ele>
        <time>2026-08-11T10:37:32Z</time>
        <speed>3.466000</speed>
      </trkpt>
      <trkpt lat="59.594945144" lon="25.912376968">
        <ele>5.600</ele>
        <time>2026-08-11T10:37:39Z</time>
        <speed>3.243000</speed>
      </trkpt>
      <trkpt lat="59.594776668" lon="25.912141521">
        <ele>5.600</ele>
        <time>2026-08-11T10:37:44Z</time>
        <speed>4.511000</speed>
      </trkpt>
      <trkpt lat="59.594609533" lon="25.911910096">
        <ele>5.200</ele>
        <time>2026-08-11T10:37:49Z</time>
        <speed>3.579000</speed>
      </trkpt>
      <trkpt lat="59.594414653" lon="25.911629638">
        <ele>5.200</ele>
        <time>2026-08-11T10:37:55Z</time>
        <speed>3.668000</speed>
      </trkpt>
      <trkpt lat="59.594248692" lon="25.911479769">
        <ele>5.800</ele>
        <time>2026-08-11T10:37:59Z</time>
        <speed>3.466000</speed>
      </trkpt>
      <trkpt lat="59.594082814" lon="25.911269635">
        <ele>5.200</ele>
        <time>2026-08-11T10:38:04Z</time>
        <speed>3.855000</speed>
      </trkpt>
      <trkpt lat="59.593918948" lon="25.910998397">
        <ele>4.800</ele>
        <time>2026-08-11T10:38:09Z</time>
        <speed>3.045000</speed>
      </trkpt>
      <trkpt lat="59.593767403" lon="25.910807876">
        <ele>5.400</ele>
        <time>2026-08-11T10:38:14Z</time>
        <speed>3.046000</speed>
      </trkpt>
      <trkpt lat="59.593458865" lon="25.910529848">
        <ele>5.000</ele>
        <time>2026-08-11T10:38:22Z</time>
        <speed>3.667000</speed>
      </trkpt>
      <trkpt lat="59.593224172" lon="25.910287695">
        <ele>4.800</ele>
        <time>2026-08-11T10:38:29Z</time>
        <speed>3.330000</speed>
      </trkpt>
      <trkpt lat="59.593063490" lon="25.910096839">
        <ele>5.600</ele>
        <time>2026-08-11T10:38:34Z</time>
        <speed>3.367000</speed>
      </trkpt>
      <trkpt lat="59.593031136" lon="25.910096588">
        <ele>5.600</ele>
        <time>2026-08-11T10:38:35Z</time>
        <speed>2.949000</speed>
      </trkpt>
      <trkpt lat="59.592969362" lon="25.910051325">
        <ele>5.600</ele>
        <time>2026-08-11T10:38:37Z</time>
        <speed>3.098000</speed>
      </trkpt>
      <trkpt lat="59.592900546" lon="25.909982510">
        <ele>5.200</ele>
        <time>2026-08-11T10:38:39Z</time>
        <speed>3.658000</speed>
      </trkpt>
      <trkpt lat="59.592771716" lon="25.909884861">
        <ele>5.000</ele>
        <time>2026-08-11T10:38:42Z</time>
        <speed>2.763000</speed>
      </trkpt>
      <trkpt lat="59.592548171" lon="25.909761982">
        <ele>5.600</ele>
        <time>2026-08-11T10:38:47Z</time>
        <speed>3.395000</speed>
      </trkpt>
      <trkpt lat="59.592337701" lon="25.909575652">
        <ele>6.200</ele>
        <time>2026-08-11T10:38:52Z</time>
        <speed>3.443000</speed>
      </trkpt>
      <trkpt lat="59.592140391" lon="25.909464508">
        <ele>6.000</ele>
        <time>2026-08-11T10:38:58Z</time>
        <speed>2.314000</speed>
      </trkpt>
      <trkpt lat="59.592072582" lon="25.909432154">
        <ele>5.800</ele>
        <time>2026-08-11T10:39:00Z</time>
        <speed>3.124000</speed>
      </trkpt>
      <trkpt lat="59.591970742" lon="25.909379600">
        <ele>5.800</ele>
        <time>2026-08-11T10:39:03Z</time>
        <speed>2.267000</speed>
      </trkpt>
      <trkpt lat="59.591772426" lon="25.909298295">
        <ele>6.000</ele>
        <time>2026-08-11T10:39:08Z</time>
        <speed>3.004000</speed>
      </trkpt>
      <trkpt lat="59.591626246" lon="25.909291841">
        <ele>5.800</ele>
        <time>2026-08-11T10:39:13Z</time>
        <speed>2.232000</speed>
      </trkpt>
      <trkpt lat="59.591430360" lon="25.909294188">
        <ele>5.600</ele>
        <time>2026-08-11T10:39:19Z</time>
        <speed>2.926000</speed>
      </trkpt>
      <trkpt lat="59.591244282" lon="25.909314891">
        <ele>5.200</ele>
        <time>2026-08-11T10:39:24Z</time>
        <speed>2.591000</speed>
      </trkpt>
      <trkpt lat="59.591037249" lon="25.909403907">
        <ele>5.200</ele>
        <time>2026-08-11T10:39:29Z</time>
        <speed>2.221000</speed>
      </trkpt>
      <trkpt lat="59.590821583" lon="25.909413630">
        <ele>5.600</ele>
        <time>2026-08-11T10:39:34Z</time>
        <speed>3.012000</speed>
      </trkpt>
      <trkpt lat="59.590565013" lon="25.909363171">
        <ele>5.800</ele>
        <time>2026-08-11T10:39:40Z</time>
        <speed>2.981000</speed>
      </trkpt>
      <trkpt lat="59.590286901" lon="25.909356633">
        <ele>5.600</ele>
        <time>2026-08-11T10:39:46Z</time>
        <speed>3.599000</speed>
      </trkpt>
      <trkpt lat="59.590013148" lon="25.909334589">
        <ele>5.600</ele>
        <time>2026-08-11T10:39:52Z</time>
        <speed>2.909000</speed>
      </trkpt>
      <trkpt lat="59.589771163" lon="25.909309359">
        <ele>6.000</ele>
        <time>2026-08-11T10:39:58Z</time>
        <speed>2.936000</speed>
      </trkpt>
      <trkpt lat="59.589548456" lon="25.909168879">
        <ele>5.600</ele>
        <time>2026-08-11T10:40:04Z</time>
        <speed>3.866000</speed>
      </trkpt>
      <trkpt lat="59.589396911" lon="25.908985985">
        <ele>5.800</ele>
        <time>2026-08-11T10:40:09Z</time>
        <speed>3.196000</speed>
      </trkpt>
      <trkpt lat="59.589238409" lon="25.908794710">
        <ele>5.600</ele>
        <time>2026-08-11T10:40:14Z</time>
        <speed>3.388000</speed>
      </trkpt>
      <trkpt lat="59.589051325" lon="25.908660265">
        <ele>5.600</ele>
        <time>2026-08-11T10:40:19Z</time>
        <speed>2.574000</speed>
      </trkpt>
      <trkpt lat="59.588892823" lon="25.908632437">
        <ele>5.600</ele>
        <time>2026-08-11T10:40:23Z</time>
        <speed>3.988000</speed>
      </trkpt>
      <trkpt lat="59.588697525" lon="25.908470917">
        <ele>4.800</ele>
        <time>2026-08-11T10:40:28Z</time>
        <speed>4.441000</speed>
      </trkpt>
      <trkpt lat="59.588625943" lon="25.908400342">
        <ele>4.400</ele>
        <time>2026-08-11T10:40:30Z</time>
        <speed>3.697000</speed>
      </trkpt>
      <trkpt lat="59.588496275" lon="25.908243433">
        <ele>4.400</ele>
        <time>2026-08-11T10:40:34Z</time>
        <speed>3.793000</speed>
      </trkpt>
      <trkpt lat="59.588209866" lon="25.907989042">
        <ele>5.600</ele>
        <time>2026-08-11T10:40:41Z</time>
        <speed>4.202000</speed>
      </trkpt>
      <trkpt lat="59.588038959" lon="25.907853926">
        <ele>5.400</ele>
        <time>2026-08-11T10:40:45Z</time>
        <speed>3.275000</speed>
      </trkpt>
      <trkpt lat="59.587876350" lon="25.907716462">
        <ele>4.400</ele>
        <time>2026-08-11T10:40:49Z</time>
        <speed>3.837000</speed>
      </trkpt>
      <trkpt lat="59.587836200" lon="25.907683019">
        <ele>4.400</ele>
        <time>2026-08-11T10:40:50Z</time>
        <speed>3.974000</speed>
      </trkpt>
      <trkpt lat="59.587647608" lon="25.907549830">
        <ele>4.400</ele>
        <time>2026-08-11T10:40:55Z</time>
        <speed>4.156000</speed>
      </trkpt>
      <trkpt lat="59.587455662" lon="25.907460395">
        <ele>4.200</ele>
        <time>2026-08-11T10:41:00Z</time>
        <speed>3.458000</speed>
      </trkpt>
      <trkpt lat="59.587193057" lon="25.907344474">
        <ele>3.800</ele>
        <time>2026-08-11T10:41:07Z</time>
        <speed>3.175000</speed>
      </trkpt>
      <trkpt lat="59.586996837" lon="25.907204412">
        <ele>4.400</ele>
        <time>2026-08-11T10:41:12Z</time>
        <speed>4.140000</speed>
      </trkpt>
      <trkpt lat="59.586950904" lon="25.907179015">
        <ele>4.400</ele>
        <time>2026-08-11T10:41:13Z</time>
        <speed>4.107000</speed>
      </trkpt>
      <trkpt lat="59.586724928" lon="25.907148756">
        <ele>4.000</ele>
        <time>2026-08-11T10:41:18Z</time>
        <speed>3.895000</speed>
      </trkpt>
      <trkpt lat="59.586401721" lon="25.907298541">
        <ele>4.200</ele>
        <time>2026-08-11T10:41:25Z</time>
        <speed>4.350000</speed>
      </trkpt>
      <trkpt lat="59.586149761" lon="25.907489648">
        <ele>4.400</ele>
        <time>2026-08-11T10:41:32Z</time>
        <speed>3.767000</speed>
      </trkpt>
      <trkpt lat="59.585934682" lon="25.907690730">
        <ele>5.000</ele>
        <time>2026-08-11T10:41:38Z</time>
        <speed>4.287000</speed>
      </trkpt>
      <trkpt lat="59.585715747" lon="25.907808747">
        <ele>4.000</ele>
        <time>2026-08-11T10:41:44Z</time>
        <speed>3.500000</speed>
      </trkpt>
      <trkpt lat="59.585514916" lon="25.907957442">
        <ele>3.600</ele>
        <time>2026-08-11T10:41:50Z</time>
        <speed>3.540000</speed>
      </trkpt>
      <trkpt lat="59.585452806" lon="25.908012846">
        <ele>3.400</ele>
        <time>2026-08-11T10:41:52Z</time>
        <speed>3.380000</speed>
      </trkpt>
      <trkpt lat="59.585283911" lon="25.908135474">
        <ele>3.400</ele>
        <time>2026-08-11T10:41:57Z</time>
        <speed>2.702000</speed>
      </trkpt>
      <trkpt lat="59.585115602" lon="25.908285426">
        <ele>3.400</ele>
        <time>2026-08-11T10:42:02Z</time>
        <speed>3.498000</speed>
      </trkpt>
      <trkpt lat="59.584932458" lon="25.908525651">
        <ele>4.200</ele>
        <time>2026-08-11T10:42:08Z</time>
        <speed>3.398000</speed>
      </trkpt>
      <trkpt lat="59.584739758" lon="25.908846678">
        <ele>3.800</ele>
        <time>2026-08-11T10:42:14Z</time>
        <speed>4.284000</speed>
      </trkpt>
      <trkpt lat="59.584543537" lon="25.909154294">
        <ele>3.800</ele>
        <time>2026-08-11T10:42:20Z</time>
        <speed>3.924000</speed>
      </trkpt>
      <trkpt lat="59.584279926" lon="25.909496611">
        <ele>3.800</ele>
        <time>2026-08-11T10:42:27Z</time>
        <speed>4.059000</speed>
      </trkpt>
      <trkpt lat="59.584085466" lon="25.909765251">
        <ele>3.800</ele>
        <time>2026-08-11T10:42:32Z</time>
        <speed>4.429000</speed>
      </trkpt>
      <trkpt lat="59.583891761" lon="25.910040261">
        <ele>3.800</ele>
        <time>2026-08-11T10:42:38Z</time>
        <speed>4.049000</speed>
      </trkpt>
      <trkpt lat="59.583673077" lon="25.910400851">
        <ele>3.800</ele>
        <time>2026-08-11T10:42:45Z</time>
        <speed>3.614000</speed>
      </trkpt>
      <trkpt lat="59.583486496" lon="25.910683488">
        <ele>3.600</ele>
        <time>2026-08-11T10:42:51Z</time>
        <speed>3.880000</speed>
      </trkpt>
      <trkpt lat="59.583331179" lon="25.910910890">
        <ele>3.800</ele>
        <time>2026-08-11T10:42:56Z</time>
        <speed>3.186000</speed>
      </trkpt>
      <trkpt lat="59.583204444" lon="25.911126221">
        <ele>3.600</ele>
        <time>2026-08-11T10:43:01Z</time>
        <speed>3.290000</speed>
      </trkpt>
      <trkpt lat="59.583079638" lon="25.911393939">
        <ele>3.600</ele>
        <time>2026-08-11T10:43:06Z</time>
        <speed>3.740000</speed>
      </trkpt>
      <trkpt lat="59.582957430" lon="25.911630308">
        <ele>3.400</ele>
        <time>2026-08-11T10:43:11Z</time>
        <speed>3.005000</speed>
      </trkpt>
      <trkpt lat="59.582812926" lon="25.911961561">
        <ele>3.400</ele>
        <time>2026-08-11T10:43:16Z</time>
        <speed>3.914000</speed>
      </trkpt>
      <trkpt lat="59.582688119" lon="25.912375627">
        <ele>3.800</ele>
        <time>2026-08-11T10:43:22Z</time>
        <speed>4.291000</speed>
      </trkpt>
      <trkpt lat="59.582505478" lon="25.913025811">
        <ele>3.800</ele>
        <time>2026-08-11T10:43:30Z</time>
        <speed>4.364000</speed>
      </trkpt>
      <trkpt lat="59.582300875" lon="25.913627967">
        <ele>3.600</ele>
        <time>2026-08-11T10:43:38Z</time>
        <speed>4.630000</speed>
      </trkpt>
      <trkpt lat="59.582091831" lon="25.914167091">
        <ele>3.800</ele>
        <time>2026-08-11T10:43:46Z</time>
        <speed>4.359000</speed>
      </trkpt>
      <trkpt lat="59.581891084" lon="25.914664892">
        <ele>4.000</ele>
        <time>2026-08-11T10:43:54Z</time>
        <speed>4.592000</speed>
      </trkpt>
      <trkpt lat="59.581663851" lon="25.915222038">
        <ele>4.000</ele>
        <time>2026-08-11T10:44:03Z</time>
        <speed>4.400000</speed>
      </trkpt>
      <trkpt lat="59.581513144" lon="25.915570473">
        <ele>4.000</ele>
        <time>2026-08-11T10:44:09Z</time>
        <speed>4.245000</speed>
      </trkpt>
      <trkpt lat="59.581345506" lon="25.915932823">
        <ele>4.200</ele>
        <time>2026-08-11T10:44:15Z</time>
        <speed>4.665000</speed>
      </trkpt>
      <trkpt lat="59.581307368" lon="25.915972805">
        <ele>4.200</ele>
        <time>2026-08-11T10:44:16Z</time>
        <speed>4.779000</speed>
      </trkpt>
      <trkpt lat="59.580993718" lon="25.916227615">
        <ele>3.600</ele>
        <time>2026-08-11T10:44:24Z</time>
        <speed>4.518000</speed>
      </trkpt>
      <trkpt lat="59.580747792" lon="25.916468343">
        <ele>3.400</ele>
        <time>2026-08-11T10:44:31Z</time>
        <speed>4.303000</speed>
      </trkpt>
      <trkpt lat="59.580582418" lon="25.916761039">
        <ele>3.200</ele>
        <time>2026-08-11T10:44:37Z</time>
        <speed>3.317000</speed>
      </trkpt>
      <trkpt lat="59.580461802" lon="25.917019788">
        <ele>4.200</ele>
        <time>2026-08-11T10:44:42Z</time>
        <speed>3.047000</speed>
      </trkpt>
      <trkpt lat="59.580295086" lon="25.917353639">
        <ele>4.000</ele>
        <time>2026-08-11T10:44:48Z</time>
        <speed>3.289000</speed>
      </trkpt>
      <trkpt lat="59.580179332" lon="25.917551201">
        <ele>4.000</ele>
        <time>2026-08-11T10:44:53Z</time>
        <speed>2.012000</speed>
      </trkpt>
      <trkpt lat="59.579951260" lon="25.917797377">
        <ele>3.400</ele>
        <time>2026-08-11T10:45:00Z</time>
        <speed>3.413000</speed>
      </trkpt>
      <trkpt lat="59.579830477" lon="25.917964596">
        <ele>4.000</ele>
        <time>2026-08-11T10:45:05Z</time>
        <speed>3.019000</speed>
      </trkpt>
      <trkpt lat="59.579648171" lon="25.918190069">
        <ele>4.000</ele>
        <time>2026-08-11T10:45:12Z</time>
        <speed>2.499000</speed>
      </trkpt>
      <trkpt lat="59.579497883" lon="25.918369861">
        <ele>4.200</ele>
        <time>2026-08-11T10:45:17Z</time>
        <speed>2.429000</speed>
      </trkpt>
      <trkpt lat="59.579318427" lon="25.918537248">
        <ele>4.400</ele>
        <time>2026-08-11T10:45:22Z</time>
        <speed>4.142000</speed>
      </trkpt>
      <trkpt lat="59.579278780" lon="25.918569267">
        <ele>4.600</ele>
        <time>2026-08-11T10:45:23Z</time>
        <speed>3.577000</speed>
      </trkpt>
      <trkpt lat="59.579150537" lon="25.918704383">
        <ele>5.000</ele>
        <time>2026-08-11T10:45:27Z</time>
        <speed>2.557000</speed>
      </trkpt>
      <trkpt lat="59.579001088" lon="25.918803457">
        <ele>4.800</ele>
        <time>2026-08-11T10:45:32Z</time>
        <speed>2.449000</speed>
      </trkpt>
      <trkpt lat="59.578841999" lon="25.919025159">
        <ele>4.600</ele>
        <time>2026-08-11T10:45:38Z</time>
        <speed>3.416000</speed>
      </trkpt>
      <trkpt lat="59.578675618" lon="25.919246357">
        <ele>5.200</ele>
        <time>2026-08-11T10:45:43Z</time>
        <speed>3.391000</speed>
      </trkpt>
      <trkpt lat="59.578365991" lon="25.919660591">
        <ele>5.400</ele>
        <time>2026-08-11T10:45:52Z</time>
        <speed>3.831000</speed>
      </trkpt>
      <trkpt lat="59.578271443" lon="25.919804592">
        <ele>5.600</ele>
        <time>2026-08-11T10:45:55Z</time>
        <speed>3.776000</speed>
      </trkpt>
      <trkpt lat="59.578188714" lon="25.919967201">
        <ele>5.600</ele>
        <time>2026-08-11T10:45:58Z</time>
        <speed>3.684000</speed>
      </trkpt>
      <trkpt lat="59.578050077" lon="25.920230309">
        <ele>5.800</ele>
        <time>2026-08-11T10:46:03Z</time>
        <speed>3.693000</speed>
      </trkpt>
      <trkpt lat="59.577892581" lon="25.920514958">
        <ele>6.000</ele>
        <time>2026-08-11T10:46:09Z</time>
        <speed>3.801000</speed>
      </trkpt>
      <trkpt lat="59.577740617" lon="25.920842271">
        <ele>6.400</ele>
        <time>2026-08-11T10:46:15Z</time>
        <speed>3.525000</speed>
      </trkpt>
      <trkpt lat="59.577609524" lon="25.921134297">
        <ele>6.800</ele>
        <time>2026-08-11T10:46:19Z</time>
        <speed>3.780000</speed>
      </trkpt>
      <trkpt lat="59.577546744" lon="25.921282740">
        <ele>6.600</ele>
        <time>2026-08-11T10:46:21Z</time>
        <speed>4.059000</speed>
      </trkpt>
      <trkpt lat="59.577391595" lon="25.921787666">
        <ele>6.400</ele>
        <time>2026-08-11T10:46:28Z</time>
        <speed>3.204000</speed>
      </trkpt>
      <trkpt lat="59.577241726" lon="25.922267362">
        <ele>6.200</ele>
        <time>2026-08-11T10:46:35Z</time>
        <speed>3.864000</speed>
      </trkpt>
      <trkpt lat="59.577141898" lon="25.922702132">
        <ele>6.200</ele>
        <time>2026-08-11T10:46:41Z</time>
        <speed>4.216000</speed>
      </trkpt>
      <trkpt lat="59.577040058" lon="25.922993822">
        <ele>6.400</ele>
        <time>2026-08-11T10:46:46Z</time>
        <speed>2.672000</speed>
      </trkpt>
      <trkpt lat="59.577014158" lon="25.923061213">
        <ele>6.400</ele>
        <time>2026-08-11T10:46:47Z</time>
        <speed>3.114000</speed>
      </trkpt>
      <trkpt lat="59.576912988" lon="25.923431357">
        <ele>6.400</ele>
        <time>2026-08-11T10:46:53Z</time>
        <speed>3.621000</speed>
      </trkpt>
      <trkpt lat="59.576832522" lon="25.923712319">
        <ele>6.400</ele>
        <time>2026-08-11T10:46:57Z</time>
        <speed>3.917000</speed>
      </trkpt>
      <trkpt lat="59.576733448" lon="25.924117081">
        <ele>6.600</ele>
        <time>2026-08-11T10:47:03Z</time>
        <speed>3.517000</speed>
      </trkpt>
      <trkpt lat="59.576619202" lon="25.924599711">
        <ele>7.000</ele>
        <time>2026-08-11T10:47:10Z</time>
        <speed>3.586000</speed>
      </trkpt>
      <trkpt lat="59.576521134" lon="25.925042359">
        <ele>7.200</ele>
        <time>2026-08-11T10:47:16Z</time>
        <speed>3.148000</speed>
      </trkpt>
      <trkpt lat="59.576421054" lon="25.925466483">
        <ele>7.000</ele>
        <time>2026-08-11T10:47:22Z</time>
        <speed>3.855000</speed>
      </trkpt>
      <trkpt lat="59.576300690" lon="25.925900163">
        <ele>6.800</ele>
        <time>2026-08-11T10:47:28Z</time>
        <speed>3.947000</speed>
      </trkpt>
      <trkpt lat="59.576210836" lon="25.926256059">
        <ele>7.000</ele>
        <time>2026-08-11T10:47:33Z</time>
        <speed>3.755000</speed>
      </trkpt>
      <trkpt lat="59.576094579" lon="25.926648751">
        <ele>7.200</ele>
        <time>2026-08-11T10:47:39Z</time>
        <speed>3.795000</speed>
      </trkpt>
      <trkpt lat="59.576033559" lon="25.927096093">
        <ele>7.000</ele>
        <time>2026-08-11T10:47:45Z</time>
        <speed>2.502000</speed>
      </trkpt>
      <trkpt lat="59.575975724" lon="25.927538741">
        <ele>6.800</ele>
        <time>2026-08-11T10:47:50Z</time>
        <speed>4.239000</speed>
      </trkpt>
      <trkpt lat="59.575862987" lon="25.927976277">
        <ele>6.800</ele>
        <time>2026-08-11T10:47:56Z</time>
        <speed>3.971000</speed>
      </trkpt>
      <trkpt lat="59.575761398" lon="25.928475335">
        <ele>6.600</ele>
        <time>2026-08-11T10:48:03Z</time>
        <speed>4.131000</speed>
      </trkpt>
      <trkpt lat="59.575644722" lon="25.929007083">
        <ele>7.000</ele>
        <time>2026-08-11T10:48:10Z</time>
        <speed>4.164000</speed>
      </trkpt>
      <trkpt lat="59.575576242" lon="25.929466579">
        <ele>7.000</ele>
        <time>2026-08-11T10:48:16Z</time>
        <speed>4.664000</speed>
      </trkpt>
      <trkpt lat="59.575580433" lon="25.929803113">
        <ele>7.200</ele>
        <time>2026-08-11T10:48:21Z</time>
        <speed>3.278000</speed>
      </trkpt>
      <trkpt lat="59.575588312" lon="25.930161858">
        <ele>7.200</ele>
        <time>2026-08-11T10:48:25Z</time>
        <speed>3.710000</speed>
      </trkpt>
      <trkpt lat="59.575515641" lon="25.930568548">
        <ele>7.200</ele>
        <time>2026-08-11T10:48:31Z</time>
        <speed>4.457000</speed>
      </trkpt>
      <trkpt lat="59.575424111" lon="25.931005916">
        <ele>7.400</ele>
        <time>2026-08-11T10:48:37Z</time>
        <speed>3.731000</speed>
      </trkpt>
      <trkpt lat="59.575331742" lon="25.931482511">
        <ele>7.400</ele>
        <time>2026-08-11T10:48:43Z</time>
        <speed>3.772000</speed>
      </trkpt>
      <trkpt lat="59.575229986" lon="25.931927087">
        <ele>7.200</ele>
        <time>2026-08-11T10:48:49Z</time>
        <speed>3.935000</speed>
      </trkpt>
      <trkpt lat="59.575153459" lon="25.932454141">
        <ele>7.200</ele>
        <time>2026-08-11T10:48:56Z</time>
        <speed>3.525000</speed>
      </trkpt>
      <trkpt lat="59.575114064" lon="25.932952361">
        <ele>7.000</ele>
        <time>2026-08-11T10:49:02Z</time>
        <speed>3.912000</speed>
      </trkpt>
      <trkpt lat="59.575132420" lon="25.933322255">
        <ele>7.400</ele>
        <time>2026-08-11T10:49:07Z</time>
        <speed>2.887000</speed>
      </trkpt>
      <trkpt lat="59.575107694" lon="25.933694746">
        <ele>7.200</ele>
        <time>2026-08-11T10:49:12Z</time>
        <speed>3.766000</speed>
      </trkpt>
      <trkpt lat="59.575093361" lon="25.934224147">
        <ele>7.200</ele>
        <time>2026-08-11T10:49:19Z</time>
        <speed>3.820000</speed>
      </trkpt>
      <trkpt lat="59.575068885" lon="25.934450040">
        <ele>7.800</ele>
        <time>2026-08-11T10:49:22Z</time>
        <speed>3.941000</speed>
      </trkpt>
      <trkpt lat="59.575061761" lon="25.934624551">
        <ele>7.800</ele>
        <time>2026-08-11T10:49:25Z</time>
        <speed>3.231000</speed>
      </trkpt>
      <trkpt lat="59.575230740" lon="25.935200639">
        <ele>8.000</ele>
        <time>2026-08-11T10:49:32Z</time>
        <speed>3.607000</speed>
      </trkpt>
      <trkpt lat="59.575292179" lon="25.935779996">
        <ele>8.000</ele>
        <time>2026-08-11T10:49:38Z</time>
        <speed>4.080000</speed>
      </trkpt>
      <trkpt lat="59.575343896" lon="25.936393803">
        <ele>7.800</ele>
        <time>2026-08-11T10:49:45Z</time>
        <speed>4.034000</speed>
      </trkpt>
      <trkpt lat="59.575460404" lon="25.937209697">
        <ele>7.600</ele>
        <time>2026-08-11T10:49:53Z</time>
        <speed>4.298000</speed>
      </trkpt>
      <trkpt lat="59.575495524" lon="25.937894750">
        <ele>7.600</ele>
        <time>2026-08-11T10:50:01Z</time>
        <speed>4.537000</speed>
      </trkpt>
      <trkpt lat="59.575498374" lon="25.938616768">
        <ele>7.600</ele>
        <time>2026-08-11T10:50:10Z</time>
        <speed>4.384000</speed>
      </trkpt>
      <trkpt lat="59.575519077" lon="25.939336689">
        <ele>7.200</ele>
        <time>2026-08-11T10:50:18Z</time>
        <speed>4.468000</speed>
      </trkpt>
      <trkpt lat="59.575529890" lon="25.939954184">
        <ele>7.400</ele>
        <time>2026-08-11T10:50:26Z</time>
        <speed>4.032000</speed>
      </trkpt>
      <trkpt lat="59.575567944" lon="25.940407729">
        <ele>7.400</ele>
        <time>2026-08-11T10:50:32Z</time>
        <speed>3.853000</speed>
      </trkpt>
      <trkpt lat="59.575628964" lon="25.940646362">
        <ele>6.800</ele>
        <time>2026-08-11T10:50:35Z</time>
        <speed>4.231000</speed>
      </trkpt>
      <trkpt lat="59.575666180" lon="25.940800337">
        <ele>6.600</ele>
        <time>2026-08-11T10:50:37Z</time>
        <speed>4.197000</speed>
      </trkpt>
      <trkpt lat="59.575717980" lon="25.941154556">
        <ele>6.800</ele>
        <time>2026-08-11T10:50:42Z</time>
        <speed>3.476000</speed>
      </trkpt>
      <trkpt lat="59.575738935" lon="25.941568036">
        <ele>6.600</ele>
        <time>2026-08-11T10:50:47Z</time>
        <speed>4.929000</speed>
      </trkpt>
      <trkpt lat="59.575751591" lon="25.941650011">
        <ele>6.600</ele>
        <time>2026-08-11T10:50:48Z</time>
        <speed>4.613000</speed>
      </trkpt>
      <trkpt lat="59.575774139" lon="25.941837095">
        <ele>6.400</ele>
        <time>2026-08-11T10:50:51Z</time>
        <speed>3.527000</speed>
      </trkpt>
      <trkpt lat="59.575793333" lon="25.942054773">
        <ele>6.400</ele>
        <time>2026-08-11T10:50:54Z</time>
        <speed>3.516000</speed>
      </trkpt>
      <trkpt lat="59.575788807" lon="25.942197433">
        <ele>6.400</ele>
        <time>2026-08-11T10:50:56Z</time>
        <speed>3.726000</speed>
      </trkpt>
      <trkpt lat="59.575768020" lon="25.942678386">
        <ele>6.200</ele>
        <time>2026-08-11T10:51:02Z</time>
        <speed>4.002000</speed>
      </trkpt>
      <trkpt lat="59.575831639" lon="25.943142157">
        <ele>6.000</ele>
        <time>2026-08-11T10:51:07Z</time>
        <speed>3.614000</speed>
      </trkpt>
      <trkpt lat="59.575901879" lon="25.943520349">
        <ele>6.600</ele>
        <time>2026-08-11T10:51:11Z</time>
        <speed>3.756000</speed>
      </trkpt>
      <trkpt lat="59.575954936" lon="25.944045642">
        <ele>6.600</ele>
        <time>2026-08-11T10:51:17Z</time>
        <speed>3.225000</speed>
      </trkpt>
      <trkpt lat="59.576033894" lon="25.944569847">
        <ele>6.600</ele>
        <time>2026-08-11T10:51:23Z</time>
        <speed>3.664000</speed>
      </trkpt>
      <trkpt lat="59.576136572" lon="25.944990786">
        <ele>6.200</ele>
        <time>2026-08-11T10:51:28Z</time>
        <speed>3.949000</speed>
      </trkpt>
      <trkpt lat="59.576225672" lon="25.945477020">
        <ele>6.200</ele>
        <time>2026-08-11T10:51:34Z</time>
        <speed>3.658000</speed>
      </trkpt>
      <trkpt lat="59.576233551" lon="25.945621943">
        <ele>6.000</ele>
        <time>2026-08-11T10:51:36Z</time>
        <speed>2.861000</speed>
      </trkpt>
      <trkpt lat="59.576240759" lon="25.945773236">
        <ele>6.200</ele>
        <time>2026-08-11T10:51:38Z</time>
        <speed>3.400000</speed>
      </trkpt>
      <trkpt lat="59.576205555" lon="25.946153104">
        <ele>5.800</ele>
        <time>2026-08-11T10:51:43Z</time>
        <speed>4.045000</speed>
      </trkpt>
      <trkpt lat="59.576187702" lon="25.946226865">
        <ele>5.600</ele>
        <time>2026-08-11T10:51:44Z</time>
        <speed>4.289000</speed>
      </trkpt>
      <trkpt lat="59.576096339" lon="25.946550490">
        <ele>6.200</ele>
        <time>2026-08-11T10:51:49Z</time>
        <speed>3.767000</speed>
      </trkpt>
      <trkpt lat="59.576047389" lon="25.946833547">
        <ele>6.600</ele>
        <time>2026-08-11T10:51:53Z</time>
        <speed>3.952000</speed>
      </trkpt>
      <trkpt lat="59.576014532" lon="25.946977464">
        <ele>6.400</ele>
        <time>2026-08-11T10:51:55Z</time>
        <speed>4.128000</speed>
      </trkpt>
      <trkpt lat="59.575973209" lon="25.947400918">
        <ele>6.200</ele>
        <time>2026-08-11T10:52:00Z</time>
        <speed>4.033000</speed>
      </trkpt>
      <trkpt lat="59.575987291" lon="25.947772739">
        <ele>6.400</ele>
        <time>2026-08-11T10:52:05Z</time>
        <speed>3.307000</speed>
      </trkpt>
      <trkpt lat="59.576014532" lon="25.948075494">
        <ele>6.800</ele>
        <time>2026-08-11T10:52:09Z</time>
        <speed>3.174000</speed>
      </trkpt>
      <trkpt lat="59.576079408" lon="25.948610762">
        <ele>6.800</ele>
        <time>2026-08-11T10:52:14Z</time>
        <speed>4.265000</speed>
      </trkpt>
      <trkpt lat="59.576163227" lon="25.949129434">
        <ele>7.000</ele>
        <time>2026-08-11T10:52:20Z</time>
        <speed>3.433000</speed>
      </trkpt>
      <trkpt lat="59.576211926" lon="25.949486922">
        <ele>7.000</ele>
        <time>2026-08-11T10:52:25Z</time>
        <speed>4.166000</speed>
      </trkpt>
      <trkpt lat="59.576372188" lon="25.949955722">
        <ele>6.800</ele>
        <time>2026-08-11T10:52:31Z</time>
        <speed>3.688000</speed>
      </trkpt>
      <trkpt lat="59.576547453" lon="25.950323185">
        <ele>6.800</ele>
        <time>2026-08-11T10:52:37Z</time>
        <speed>3.657000</speed>
      </trkpt>
      <trkpt lat="59.576668404" lon="25.950509515">
        <ele>6.200</ele>
        <time>2026-08-11T10:52:40Z</time>
        <speed>4.574000</speed>
      </trkpt>
      <trkpt lat="59.576765131" lon="25.950652510">
        <ele>5.600</ele>
        <time>2026-08-11T10:52:42Z</time>
        <speed>5.102000</speed>
      </trkpt>
      <trkpt lat="59.576810729" lon="25.950727444">
        <ele>5.400</ele>
        <time>2026-08-11T10:52:43Z</time>
        <speed>5.050000</speed>
      </trkpt>
      <trkpt lat="59.576850291" lon="25.950881923">
        <ele>5.600</ele>
        <time>2026-08-11T10:52:45Z</time>
        <speed>3.856000</speed>
      </trkpt>
      <trkpt lat="59.576861020" lon="25.950959707">
        <ele>5.800</ele>
        <time>2026-08-11T10:52:46Z</time>
        <speed>3.744000</speed>
      </trkpt>
      <trkpt lat="59.576912317" lon="25.951400762">
        <ele>6.400</ele>
        <time>2026-08-11T10:52:51Z</time>
        <speed>4.132000</speed>
      </trkpt>
      <trkpt lat="59.576933356" lon="25.951488772">
        <ele>6.400</ele>
        <time>2026-08-11T10:52:52Z</time>
        <speed>4.496000</speed>
      </trkpt>
      <trkpt lat="59.576982474" lon="25.951752132">
        <ele>6.200</ele>
        <time>2026-08-11T10:52:55Z</time>
        <speed>4.644000</speed>
      </trkpt>
      <trkpt lat="59.576991359" lon="25.951838298">
        <ele>6.200</ele>
        <time>2026-08-11T10:52:56Z</time>
        <speed>4.448000</speed>
      </trkpt>
      <trkpt lat="59.577080542" lon="25.952312043">
        <ele>6.200</ele>
        <time>2026-08-11T10:53:02Z</time>
        <speed>4.300000</speed>
      </trkpt>
      <trkpt lat="59.577136366" lon="25.952817304">
        <ele>5.800</ele>
        <time>2026-08-11T10:53:08Z</time>
        <speed>4.532000</speed>
      </trkpt>
      <trkpt lat="59.577147597" lon="25.953081334">
        <ele>5.800</ele>
        <time>2026-08-11T10:53:11Z</time>
        <speed>4.787000</speed>
      </trkpt>
      <trkpt lat="59.577165619" lon="25.953266826">
        <ele>5.800</ele>
        <time>2026-08-11T10:53:13Z</time>
        <speed>4.654000</speed>
      </trkpt>
      <trkpt lat="59.577211384" lon="25.953606460">
        <ele>5.600</ele>
        <time>2026-08-11T10:53:17Z</time>
        <speed>4.913000</speed>
      </trkpt>
      <trkpt lat="59.577268129" lon="25.953936204">
        <ele>5.800</ele>
        <time>2026-08-11T10:53:21Z</time>
        <speed>4.255000</speed>
      </trkpt>
      <trkpt lat="59.577280199" lon="25.954042319">
        <ele>5.800</ele>
        <time>2026-08-11T10:53:22Z</time>
        <speed>4.720000</speed>
      </trkpt>
      <trkpt lat="59.577312889" lon="25.954234684">
        <ele>5.800</ele>
        <time>2026-08-11T10:53:24Z</time>
        <speed>4.734000</speed>
      </trkpt>
      <trkpt lat="59.577336609" lon="25.954392767">
        <ele>5.800</ele>
        <time>2026-08-11T10:53:26Z</time>
        <speed>4.097000</speed>
      </trkpt>
      <trkpt lat="59.577387571" lon="25.954755116">
        <ele>6.200</ele>
        <time>2026-08-11T10:53:31Z</time>
        <speed>3.985000</speed>
      </trkpt>
      <trkpt lat="59.577463847" lon="25.955133978">
        <ele>6.400</ele>
        <time>2026-08-11T10:53:36Z</time>
        <speed>3.544000</speed>
      </trkpt>
      <trkpt lat="59.577553533" lon="25.955512505">
        <ele>6.600</ele>
        <time>2026-08-11T10:53:42Z</time>
        <speed>3.185000</speed>
      </trkpt>
      <trkpt lat="59.577710945" lon="25.955850212">
        <ele>6.400</ele>
        <time>2026-08-11T10:53:48Z</time>
        <speed>2.885000</speed>
      </trkpt>
      <trkpt lat="59.577782443" lon="25.956175765">
        <ele>5.400</ele>
        <time>2026-08-11T10:53:52Z</time>
        <speed>4.892000</speed>
      </trkpt>
      <trkpt lat="59.577789903" lon="25.956262434">
        <ele>5.400</ele>
        <time>2026-08-11T10:53:53Z</time>
        <speed>4.638000</speed>
      </trkpt>
      <trkpt lat="59.577797782" lon="25.956482291">
        <ele>6.000</ele>
        <time>2026-08-11T10:53:56Z</time>
        <speed>4.202000</speed>
      </trkpt>
      <trkpt lat="59.577816809" lon="25.956651270">
        <ele>5.600</ele>
        <time>2026-08-11T10:53:58Z</time>
        <speed>4.586000</speed>
      </trkpt>
      <trkpt lat="59.577854779" lon="25.956903147">
        <ele>5.600</ele>
        <time>2026-08-11T10:54:01Z</time>
        <speed>4.443000</speed>
      </trkpt>
      <trkpt lat="59.577862239" lon="25.957163572">
        <ele>5.800</ele>
        <time>2026-08-11T10:54:04Z</time>
        <speed>4.588000</speed>
      </trkpt>
      <trkpt lat="59.577838937" lon="25.957300700">
        <ele>5.800</ele>
        <time>2026-08-11T10:54:06Z</time>
        <speed>3.886000</speed>
      </trkpt>
      <trkpt lat="59.577763332" lon="25.957400864">
        <ele>6.400</ele>
        <time>2026-08-11T10:54:09Z</time>
        <speed>3.403000</speed>
      </trkpt>
      <trkpt lat="59.577706167" lon="25.957487281">
        <ele>7.000</ele>
        <time>2026-08-11T10:54:11Z</time>
        <speed>3.864000</speed>
      </trkpt>
      <trkpt lat="59.577581445" lon="25.957640419">
        <ele>7.200</ele>
        <time>2026-08-11T10:54:15Z</time>
        <speed>3.846000</speed>
      </trkpt>
      <trkpt lat="59.577463595" lon="25.957770003">
        <ele>7.600</ele>
        <time>2026-08-11T10:54:19Z</time>
        <speed>3.477000</speed>
      </trkpt>
      <trkpt lat="59.577373154" lon="25.957861450">
        <ele>7.600</ele>
        <time>2026-08-11T10:54:22Z</time>
        <speed>3.773000</speed>
      </trkpt>
      <trkpt lat="59.577214401" lon="25.958017269">
        <ele>7.400</ele>
        <time>2026-08-11T10:54:28Z</time>
        <speed>3.475000</speed>
      </trkpt>
      <trkpt lat="59.576981133" lon="25.958246766">
        <ele>7.000</ele>
        <time>2026-08-11T10:54:35Z</time>
        <speed>3.671000</speed>
      </trkpt>
      <trkpt lat="59.576894045" lon="25.958355060">
        <ele>6.400</ele>
        <time>2026-08-11T10:54:38Z</time>
        <speed>3.592000</speed>
      </trkpt>
      <trkpt lat="59.576752391" lon="25.958465030">
        <ele>7.200</ele>
        <time>2026-08-11T10:54:42Z</time>
        <speed>3.603000</speed>
      </trkpt>
      <trkpt lat="59.576560697" lon="25.958651947">
        <ele>7.200</ele>
        <time>2026-08-11T10:54:48Z</time>
        <speed>3.623000</speed>
      </trkpt>
      <trkpt lat="59.576371852" lon="25.958859231">
        <ele>7.000</ele>
        <time>2026-08-11T10:54:54Z</time>
        <speed>4.099000</speed>
      </trkpt>
      <trkpt lat="59.576187031" lon="25.959070288">
        <ele>7.600</ele>
        <time>2026-08-11T10:55:00Z</time>
        <speed>3.270000</speed>
      </trkpt>
      <trkpt lat="59.576013191" lon="25.959241781">
        <ele>7.800</ele>
        <time>2026-08-11T10:55:07Z</time>
        <speed>1.649000</speed>
      </trkpt>
      <trkpt lat="59.575992571" lon="25.959301377">
        <ele>8.000</ele>
        <time>2026-08-11T10:55:09Z</time>
        <speed>1.145000</speed>
      </trkpt>
      <trkpt lat="59.576000450" lon="25.959362062">
        <ele>8.000</ele>
        <time>2026-08-11T10:55:11Z</time>
        <speed>1.736000</speed>
      </trkpt>
      <trkpt lat="59.576071696" lon="25.959647298">
        <ele>7.400</ele>
        <time>2026-08-11T10:55:18Z</time>
        <speed>2.551000</speed>
      </trkpt>
      <trkpt lat="59.576131040" lon="25.959896157">
        <ele>7.400</ele>
        <time>2026-08-11T10:55:24Z</time>
        <speed>2.403000</speed>
      </trkpt>
      <trkpt lat="59.576144451" lon="25.959995147">
        <ele>7.200</ele>
        <time>2026-08-11T10:55:26Z</time>
        <speed>2.170000</speed>
      </trkpt>
      <trkpt lat="59.576136656" lon="25.960091036">
        <ele>7.200</ele>
        <time>2026-08-11T10:55:28Z</time>
        <speed>2.513000</speed>
      </trkpt>
      <trkpt lat="59.576088879" lon="25.960221961">
        <ele>7.200</ele>
        <time>2026-08-11T10:55:31Z</time>
        <speed>3.114000</speed>
      </trkpt>
      <trkpt lat="59.576037414" lon="25.960304607">
        <ele>7.000</ele>
        <time>2026-08-11T10:55:33Z</time>
        <speed>3.746000</speed>
      </trkpt>
      <trkpt lat="59.575919062" lon="25.960466545">
        <ele>7.800</ele>
        <time>2026-08-11T10:55:38Z</time>
        <speed>2.783000</speed>
      </trkpt>
      <trkpt lat="59.575777240" lon="25.960596129">
        <ele>7.400</ele>
        <time>2026-08-11T10:55:43Z</time>
        <speed>2.790000</speed>
      </trkpt>
      <trkpt lat="59.575680848" lon="25.960707441">
        <ele>7.200</ele>
        <time>2026-08-11T10:55:48Z</time>
        <speed>1.612000</speed>
      </trkpt>
    </trkseg>
    <trkseg>
      <trkpt lat="59.575765841" lon="25.960647091">
        <ele>6.600</ele>
        <time>2026-08-11T11:07:31Z</time>
        <speed>1.679000</speed>
      </trkpt>
      <trkpt lat="59.575789729" lon="25.960641308">
        <ele>6.800</ele>
        <time>2026-08-11T11:07:32Z</time>
        <speed>1.974000</speed>
      </trkpt>
      <trkpt lat="59.575813282" lon="25.960629908">
        <ele>6.400</ele>
        <time>2026-08-11T11:07:33Z</time>
        <speed>2.271000</speed>
      </trkpt>
      <trkpt lat="59.575927528" lon="25.960507030">
        <ele>7.200</ele>
        <time>2026-08-11T11:07:39Z</time>
        <speed>2.220000</speed>
      </trkpt>
      <trkpt lat="59.576027943" lon="25.960315336">
        <ele>7.000</ele>
        <time>2026-08-11T11:07:45Z</time>
        <speed>2.732000</speed>
      </trkpt>
      <trkpt lat="59.576139506" lon="25.960150212">
        <ele>6.600</ele>
        <time>2026-08-11T11:07:52Z</time>
        <speed>1.754000</speed>
      </trkpt>
      <trkpt lat="59.576151827" lon="25.960094724">
        <ele>6.800</ele>
        <time>2026-08-11T11:07:54Z</time>
        <speed>1.549000</speed>
      </trkpt>
      <trkpt lat="59.576125173" lon="25.960006127">
        <ele>7.000</ele>
        <time>2026-08-11T11:07:57Z</time>
        <speed>2.743000</speed>
      </trkpt>
      <trkpt lat="59.576009167" lon="25.959655009">
        <ele>7.200</ele>
        <time>2026-08-11T11:08:06Z</time>
        <speed>2.200000</speed>
      </trkpt>
    </trkseg>
    <trkseg>
      <trkpt lat="59.575969102" lon="25.959379161">
        <ele>7.000</ele>
        <time>2026-08-11T11:08:52Z</time>
        <speed>2.020000</speed>
      </trkpt>
      <trkpt lat="59.575978238" lon="25.959340101">
        <ele>7.400</ele>
        <time>2026-08-11T11:08:53Z</time>
        <speed>2.109000</speed>
      </trkpt>
      <trkpt lat="59.575991901" lon="25.959304646">
        <ele>7.400</ele>
        <time>2026-08-11T11:08:54Z</time>
        <speed>2.348000</speed>
      </trkpt>
      <trkpt lat="59.576060548" lon="25.959197357">
        <ele>7.400</ele>
        <time>2026-08-11T11:08:57Z</time>
        <speed>3.365000</speed>
      </trkpt>
      <trkpt lat="59.576148894" lon="25.959093925">
        <ele>7.000</ele>
        <time>2026-08-11T11:09:00Z</time>
        <speed>3.576000</speed>
      </trkpt>
      <trkpt lat="59.576448631" lon="25.958783794">
        <ele>7.200</ele>
        <time>2026-08-11T11:09:09Z</time>
        <speed>4.111000</speed>
      </trkpt>
      <trkpt lat="59.576660357" lon="25.958569804">
        <ele>7.000</ele>
        <time>2026-08-11T11:09:16Z</time>
        <speed>3.295000</speed>
      </trkpt>
      <trkpt lat="59.576876946" lon="25.958347181">
        <ele>7.200</ele>
        <time>2026-08-11T11:09:23Z</time>
        <speed>3.766000</speed>
      </trkpt>
      <trkpt lat="59.577173330" lon="25.958077703">
        <ele>6.800</ele>
        <time>2026-08-11T11:09:31Z</time>
        <speed>4.137000</speed>
      </trkpt>
      <trkpt lat="59.577432582" lon="25.957834711">
        <ele>7.200</ele>
        <time>2026-08-11T11:09:39Z</time>
        <speed>3.906000</speed>
      </trkpt>
      <trkpt lat="59.577680016" lon="25.957570598">
        <ele>6.600</ele>
        <time>2026-08-11T11:09:48Z</time>
        <speed>3.697000</speed>
      </trkpt>
      <trkpt lat="59.577709185" lon="25.957539417">
        <ele>6.400</ele>
        <time>2026-08-11T11:09:49Z</time>
        <speed>3.649000</speed>
      </trkpt>
      <trkpt lat="59.577736929" lon="25.957502956">
        <ele>6.400</ele>
        <time>2026-08-11T11:09:50Z</time>
        <speed>3.720000</speed>
      </trkpt>
      <trkpt lat="59.577860562" lon="25.957335485">
        <ele>5.600</ele>
        <time>2026-08-11T11:09:55Z</time>
        <speed>3.386000</speed>
      </trkpt>
      <trkpt lat="59.577880595" lon="25.957300868">
        <ele>5.400</ele>
        <time>2026-08-11T11:09:56Z</time>
        <speed>2.856000</speed>
      </trkpt>
      <trkpt lat="59.577910183" lon="25.957233310">
        <ele>4.800</ele>
        <time>2026-08-11T11:09:59Z</time>
        <speed>1.514000</speed>
      </trkpt>
    </trkseg>
    <trkseg>
      <trkpt lat="59.576462712" lon="25.960848508">
        <ele>1.600</ele>
        <time>2026-08-11T12:30:40Z</time>
        <speed>1.348000</speed>
      </trkpt>
      <trkpt lat="59.576455923" lon="25.960854040">
        <ele>1.600</ele>
        <time>2026-08-11T12:30:41Z</time>
        <speed>0.802000</speed>
      </trkpt>
      <trkpt lat="59.576365482" lon="25.960910367">
        <ele>1.400</ele>
        <time>2026-08-11T12:30:48Z</time>
        <speed>1.453000</speed>
      </trkpt>
      <trkpt lat="59.576363890" lon="25.960930735">
        <ele>1.400</ele>
        <time>2026-08-11T12:30:49Z</time>
        <speed>0.899000</speed>
      </trkpt>
      <trkpt lat="59.576360118" lon="25.961027713">
        <ele>1.600</ele>
        <time>2026-08-11T12:30:52Z</time>
        <speed>1.652000</speed>
      </trkpt>
      <trkpt lat="59.576362129" lon="25.961197950">
        <ele>1.800</ele>
        <time>2026-08-11T12:30:57Z</time>
        <speed>1.729000</speed>
      </trkpt>
      <trkpt lat="59.576387191" lon="25.961301634">
        <ele>1.800</ele>
        <time>2026-08-11T12:31:00Z</time>
        <speed>2.365000</speed>
      </trkpt>
      <trkpt lat="59.576479727" lon="25.961596342">
        <ele>1.800</ele>
        <time>2026-08-11T12:31:08Z</time>
        <speed>1.835000</speed>
      </trkpt>
      <trkpt lat="59.576515518" lon="25.961758364">
        <ele>1.800</ele>
        <time>2026-08-11T12:31:13Z</time>
        <speed>2.389000</speed>
      </trkpt>
      <trkpt lat="59.576596655" lon="25.961978473">
        <ele>1.800</ele>
        <time>2026-08-11T12:31:18Z</time>
        <speed>2.954000</speed>
      </trkpt>
      <trkpt lat="59.576689359" lon="25.962333865">
        <ele>1.800</ele>
        <time>2026-08-11T12:31:26Z</time>
        <speed>2.148000</speed>
      </trkpt>
      <trkpt lat="59.576759851" lon="25.962600494">
        <ele>1.400</ele>
        <time>2026-08-11T12:31:33Z</time>
        <speed>2.455000</speed>
      </trkpt>
      <trkpt lat="59.576787511" lon="25.962712811">
        <ele>2.000</ele>
        <time>2026-08-11T12:31:39Z</time>
        <speed>0.000000</speed>
      </trkpt>
    </trkseg>
    <trkseg>
      <trkpt lat="59.576775273" lon="25.962723205">
        <ele>1.200</ele>
        <time>2026-08-11T12:32:14Z</time>
        <speed>1.451000</speed>
      </trkpt>
      <trkpt lat="59.576763371" lon="25.962652629">
        <ele>1.000</ele>
        <time>2026-08-11T12:32:16Z</time>
        <speed>2.105000</speed>
      </trkpt>
      <trkpt lat="59.576725317" lon="25.962426318">
        <ele>0.600</ele>
        <time>2026-08-11T12:32:23Z</time>
        <speed>1.726000</speed>
      </trkpt>
      <trkpt lat="59.576715007" lon="25.962407542">
        <ele>0.800</ele>
        <time>2026-08-11T12:32:24Z</time>
        <speed>1.425000</speed>
      </trkpt>
      <trkpt lat="59.576698914" lon="25.962402849">
        <ele>1.600</ele>
        <time>2026-08-11T12:32:26Z</time>
        <speed>0.649000</speed>
      </trkpt>
      <trkpt lat="59.576698076" lon="25.962395221">
        <ele>1.800</ele>
        <time>2026-08-11T12:32:27Z</time>
        <speed>0.000000</speed>
      </trkpt>
    </trkseg>
    <trkseg>
      <trkpt lat="59.576708805" lon="25.962396814">
        <ele>1.600</ele>
        <time>2026-08-11T12:34:57Z</time>
        <speed>1.791000</speed>
      </trkpt>
      <trkpt lat="59.576720372" lon="25.962453643">
        <ele>1.400</ele>
        <time>2026-08-11T12:34:59Z</time>
        <speed>1.860000</speed>
      </trkpt>
      <trkpt lat="59.576767981" lon="25.962723792">
        <ele>1.200</ele>
        <time>2026-08-11T12:35:07Z</time>
        <speed>2.273000</speed>
      </trkpt>
      <trkpt lat="59.576868312" lon="25.963030569">
        <ele>0.600</ele>
        <time>2026-08-11T12:35:15Z</time>
        <speed>2.872000</speed>
      </trkpt>
      <trkpt lat="59.576948779" lon="25.963278254">
        <ele>0.800</ele>
        <time>2026-08-11T12:35:20Z</time>
        <speed>3.593000</speed>
      </trkpt>
      <trkpt lat="59.577069143" lon="25.963581763">
        <ele>1.000</ele>
        <time>2026-08-11T12:35:26Z</time>
        <speed>3.442000</speed>
      </trkpt>
      <trkpt lat="59.577176850" lon="25.963854427">
        <ele>1.400</ele>
        <time>2026-08-11T12:35:32Z</time>
        <speed>2.504000</speed>
      </trkpt>
      <trkpt lat="59.577259496" lon="25.964069590">
        <ele>1.400</ele>
        <time>2026-08-11T12:35:37Z</time>
        <speed>2.934000</speed>
      </trkpt>
      <trkpt lat="59.577395450" lon="25.964432443">
        <ele>1.400</ele>
        <time>2026-08-11T12:35:45Z</time>
        <speed>2.828000</speed>
      </trkpt>
      <trkpt lat="59.577500056" lon="25.964715583">
        <ele>1.400</ele>
        <time>2026-08-11T12:35:51Z</time>
        <speed>3.021000</speed>
      </trkpt>
      <trkpt lat="59.577626875" lon="25.965095535">
        <ele>1.400</ele>
        <time>2026-08-11T12:36:00Z</time>
        <speed>3.084000</speed>
      </trkpt>
      <trkpt lat="59.577736845" lon="25.965430224">
        <ele>1.200</ele>
        <time>2026-08-11T12:36:07Z</time>
        <speed>2.607000</speed>
      </trkpt>
      <trkpt lat="59.577837763" lon="25.965721747">
        <ele>1.400</ele>
        <time>2026-08-11T12:36:13Z</time>
        <speed>2.897000</speed>
      </trkpt>
      <trkpt lat="59.577918733" lon="25.965985022">
        <ele>1.400</ele>
        <time>2026-08-11T12:36:18Z</time>
        <speed>3.763000</speed>
      </trkpt>
      <trkpt lat="59.578073462" lon="25.966362627">
        <ele>1.200</ele>
        <time>2026-08-11T12:36:25Z</time>
        <speed>3.970000</speed>
      </trkpt>
      <trkpt lat="59.578227857" lon="25.966695473">
        <ele>1.200</ele>
        <time>2026-08-11T12:36:31Z</time>
        <speed>3.471000</speed>
      </trkpt>
      <trkpt lat="59.578360040" lon="25.967012560">
        <ele>1.200</ele>
        <time>2026-08-11T12:36:37Z</time>
        <speed>3.693000</speed>
      </trkpt>
      <trkpt lat="59.578571180" lon="25.967543134">
        <ele>0.800</ele>
        <time>2026-08-11T12:36:46Z</time>
        <speed>4.314000</speed>
      </trkpt>
      <trkpt lat="59.578598002" lon="25.967603652">
        <ele>0.800</ele>
        <time>2026-08-11T12:36:47Z</time>
        <speed>4.459000</speed>
      </trkpt>
      <trkpt lat="59.578645863" lon="25.967732649">
        <ele>0.400</ele>
        <time>2026-08-11T12:36:49Z</time>
        <speed>4.483000</speed>
      </trkpt>
      <trkpt lat="59.578756001" lon="25.968026770">
        <ele>0.800</ele>
        <time>2026-08-11T12:36:54Z</time>
        <speed>3.948000</speed>
      </trkpt>
      <trkpt lat="59.578912575" lon="25.968435975">
        <ele>1.200</ele>
        <time>2026-08-11T12:37:01Z</time>
        <speed>3.926000</speed>
      </trkpt>
      <trkpt lat="59.578992371" lon="25.968688941">
        <ele>1.400</ele>
        <time>2026-08-11T12:37:05Z</time>
        <speed>4.519000</speed>
      </trkpt>
      <trkpt lat="59.579014331" lon="25.968839647">
        <ele>1.200</ele>
        <time>2026-08-11T12:37:07Z</time>
        <speed>4.248000</speed>
      </trkpt>
      <trkpt lat="59.578996310" lon="25.969166541">
        <ele>1.400</ele>
        <time>2026-08-11T12:37:12Z</time>
        <speed>3.418000</speed>
      </trkpt>
      <trkpt lat="59.578985665" lon="25.969225047">
        <ele>1.600</ele>
        <time>2026-08-11T12:37:13Z</time>
        <speed>3.563000</speed>
      </trkpt>
      <trkpt lat="59.578900840" lon="25.969563928">
        <ele>1.400</ele>
        <time>2026-08-11T12:37:19Z</time>
        <speed>4.110000</speed>
      </trkpt>
      <trkpt lat="59.578840658" lon="25.969779929">
        <ele>1.000</ele>
        <time>2026-08-11T12:37:22Z</time>
        <speed>4.903000</speed>
      </trkpt>
      <trkpt lat="59.578792714" lon="25.969943041">
        <ele>0.400</ele>
        <time>2026-08-11T12:37:24Z</time>
        <speed>5.352000</speed>
      </trkpt>
      <trkpt lat="59.578709565" lon="25.970168179">
        <ele>-0.800</ele>
        <time>2026-08-11T12:37:27Z</time>
        <speed>5.316000</speed>
      </trkpt>
      <trkpt lat="59.578644773" lon="25.970299942">
        <ele>-1.400</ele>
        <time>2026-08-11T12:37:29Z</time>
        <speed>4.798000</speed>
      </trkpt>
      <trkpt lat="59.578613006" lon="25.970352329">
        <ele>-1.400</ele>
        <time>2026-08-11T12:37:30Z</time>
        <speed>4.448000</speed>
      </trkpt>
      <trkpt lat="59.578443188" lon="25.970513010">
        <ele>-0.800</ele>
        <time>2026-08-11T12:37:35Z</time>
        <speed>4.018000</speed>
      </trkpt>
      <trkpt lat="59.578279322" lon="25.970550645">
        <ele>0.400</ele>
        <time>2026-08-11T12:37:40Z</time>
        <speed>3.036000</speed>
      </trkpt>
      <trkpt lat="59.578221738" lon="25.970559027">
        <ele>1.000</ele>
        <time>2026-08-11T12:37:42Z</time>
        <speed>3.015000</speed>
      </trkpt>
      <trkpt lat="59.578112187" lon="25.970578725">
        <ele>1.800</ele>
        <time>2026-08-11T12:37:46Z</time>
        <speed>2.540000</speed>
      </trkpt>
      <trkpt lat="59.578024428" lon="25.970583418">
        <ele>2.200</ele>
        <time>2026-08-11T12:37:50Z</time>
        <speed>2.184000</speed>
      </trkpt>
      <trkpt lat="59.577983692" lon="25.970596243">
        <ele>2.800</ele>
        <time>2026-08-11T12:37:52Z</time>
        <speed>2.193000</speed>
      </trkpt>
      <trkpt lat="59.577908423" lon="25.970605379">
        <ele>3.600</ele>
        <time>2026-08-11T12:37:56Z</time>
        <speed>1.552000</speed>
      </trkpt>
      <trkpt lat="59.577876823" lon="25.970608732">
        <ele>3.800</ele>
        <time>2026-08-11T12:37:58Z</time>
        <speed>1.257000</speed>
      </trkpt>
      <trkpt lat="59.577832650" lon="25.970623065">
        <ele>4.200</ele>
        <time>2026-08-11T12:38:01Z</time>
        <speed>0.599000</speed>
      </trkpt>
      <trkpt lat="59.577826364" lon="25.970663885">
        <ele>4.400</ele>
        <time>2026-08-11T12:38:04Z</time>
        <speed>1.384000</speed>
      </trkpt>
      <trkpt lat="59.577845978" lon="25.970668327">
        <ele>3.600</ele>
        <time>2026-08-11T12:38:06Z</time>
        <speed>2.453000</speed>
      </trkpt>
      <trkpt lat="59.577926863" lon="25.970663968">
        <ele>2.800</ele>
        <time>2026-08-11T12:38:09Z</time>
        <speed>3.825000</speed>
      </trkpt>
      <trkpt lat="59.578001127" lon="25.970657934">
        <ele>1.000</ele>
        <time>2026-08-11T12:38:11Z</time>
        <speed>4.521000</speed>
      </trkpt>
      <trkpt lat="59.578261720" lon="25.970664723">
        <ele>0.400</ele>
        <time>2026-08-11T12:38:17Z</time>
        <speed>4.119000</speed>
      </trkpt>
      <trkpt lat="59.578363644" lon="25.970714428">
        <ele>0.200</ele>
        <time>2026-08-11T12:38:21Z</time>
        <speed>2.339000</speed>
      </trkpt>
      <trkpt lat="59.578385269" lon="25.970788104">
        <ele>0.200</ele>
        <time>2026-08-11T12:38:23Z</time>
        <speed>2.610000</speed>
      </trkpt>
      <trkpt lat="59.578377055" lon="25.970874354">
        <ele>0.400</ele>
        <time>2026-08-11T12:38:25Z</time>
        <speed>2.745000</speed>
      </trkpt>
      <trkpt lat="59.578297092" lon="25.971175851">
        <ele>2.000</ele>
        <time>2026-08-11T12:38:32Z</time>
        <speed>2.872000</speed>
      </trkpt>
      <trkpt lat="59.578225007" lon="25.971390931">
        <ele>3.000</ele>
        <time>2026-08-11T12:38:38Z</time>
        <speed>2.170000</speed>
      </trkpt>
      <trkpt lat="59.578212602" lon="25.971420603">
        <ele>3.200</ele>
        <time>2026-08-11T12:38:39Z</time>
        <speed>2.226000</speed>
      </trkpt>
      <trkpt lat="59.578169184" lon="25.971557731">
        <ele>4.000</ele>
        <time>2026-08-11T12:38:44Z</time>
        <speed>1.968000</speed>
      </trkpt>
      <trkpt lat="59.578072792" lon="25.971880686">
        <ele>3.800</ele>
        <time>2026-08-11T12:38:54Z</time>
        <speed>2.021000</speed>
      </trkpt>
      <trkpt lat="59.577981597" lon="25.972114624">
        <ele>3.800</ele>
        <time>2026-08-11T12:39:01Z</time>
        <speed>2.224000</speed>
      </trkpt>
      <trkpt lat="59.577904232" lon="25.972329117">
        <ele>3.400</ele>
        <time>2026-08-11T12:39:07Z</time>
        <speed>2.104000</speed>
      </trkpt>
      <trkpt lat="59.577817563" lon="25.972563811">
        <ele>3.000</ele>
        <time>2026-08-11T12:39:13Z</time>
        <speed>3.434000</speed>
      </trkpt>
      <trkpt lat="59.577793675" lon="25.972748632">
        <ele>2.600</ele>
        <time>2026-08-11T12:39:16Z</time>
        <speed>3.002000</speed>
      </trkpt>
      <trkpt lat="59.577800883" lon="25.972803533">
        <ele>2.400</ele>
        <time>2026-08-11T12:39:17Z</time>
        <speed>2.903000</speed>
      </trkpt>
      <trkpt lat="59.577893419" lon="25.972964885">
        <ele>2.200</ele>
        <time>2026-08-11T12:39:21Z</time>
        <speed>4.147000</speed>
      </trkpt>
      <trkpt lat="59.577924348" lon="25.972992042">
        <ele>2.000</ele>
        <time>2026-08-11T12:39:22Z</time>
        <speed>3.774000</speed>
      </trkpt>
      <trkpt lat="59.578054687" lon="25.973121878">
        <ele>2.600</ele>
        <time>2026-08-11T12:39:27Z</time>
        <speed>2.802000</speed>
      </trkpt>
      <trkpt lat="59.578237077" lon="25.973280463">
        <ele>2.400</ele>
        <time>2026-08-11T12:39:34Z</time>
        <speed>2.593000</speed>
      </trkpt>
      <trkpt lat="59.578447966" lon="25.973451287">
        <ele>2.400</ele>
        <time>2026-08-11T12:39:41Z</time>
        <speed>4.011000</speed>
      </trkpt>
      <trkpt lat="59.578696657" lon="25.973647004">
        <ele>2.600</ele>
        <time>2026-08-11T12:39:48Z</time>
        <speed>3.361000</speed>
      </trkpt>
      <trkpt lat="59.578888183" lon="25.973778181">
        <ele>2.600</ele>
        <time>2026-08-11T12:39:54Z</time>
        <speed>3.272000</speed>
      </trkpt>
      <trkpt lat="59.578912742" lon="25.973801063">
        <ele>2.600</ele>
        <time>2026-08-11T12:39:55Z</time>
        <speed>2.534000</speed>
      </trkpt>
      <trkpt lat="59.578990946" lon="25.973870214">
        <ele>2.600</ele>
        <time>2026-08-11T12:39:58Z</time>
        <speed>3.728000</speed>
      </trkpt>
      <trkpt lat="59.579141987" lon="25.973974653">
        <ele>2.000</ele>
        <time>2026-08-11T12:40:03Z</time>
        <speed>3.317000</speed>
      </trkpt>
      <trkpt lat="59.579323791" lon="25.974164922">
        <ele>2.200</ele>
        <time>2026-08-11T12:40:08Z</time>
        <speed>4.240000</speed>
      </trkpt>
      <trkpt lat="59.579553958" lon="25.974399950">
        <ele>2.000</ele>
        <time>2026-08-11T12:40:14Z</time>
        <speed>3.552000</speed>
      </trkpt>
      <trkpt lat="59.579742048" lon="25.974607319">
        <ele>2.200</ele>
        <time>2026-08-11T12:40:20Z</time>
        <speed>3.427000</speed>
      </trkpt>
      <trkpt lat="59.579882277" lon="25.974819800">
        <ele>2.000</ele>
        <time>2026-08-11T12:40:25Z</time>
        <speed>3.838000</speed>
      </trkpt>
      <trkpt lat="59.580061147" lon="25.975108137">
        <ele>2.000</ele>
        <time>2026-08-11T12:40:31Z</time>
        <speed>3.987000</speed>
      </trkpt>
      <trkpt lat="59.580174889" lon="25.975354733">
        <ele>2.200</ele>
        <time>2026-08-11T12:40:36Z</time>
        <speed>3.436000</speed>
      </trkpt>
      <trkpt lat="59.580249656" lon="25.975634437">
        <ele>2.600</ele>
        <time>2026-08-11T12:40:41Z</time>
        <speed>3.055000</speed>
      </trkpt>
      <trkpt lat="59.580293912" lon="25.975787574">
        <ele>3.200</ele>
        <time>2026-08-11T12:40:44Z</time>
        <speed>2.913000</speed>
      </trkpt>
      <trkpt lat="59.580365494" lon="25.975926043">
        <ele>3.400</ele>
        <time>2026-08-11T12:40:47Z</time>
        <speed>3.140000</speed>
      </trkpt>
      <trkpt lat="59.580561547" lon="25.976278000">
        <ele>3.200</ele>
        <time>2026-08-11T12:40:54Z</time>
        <speed>3.879000</speed>
      </trkpt>
      <trkpt lat="59.580754833" lon="25.976582430">
        <ele>2.800</ele>
        <time>2026-08-11T12:41:00Z</time>
        <speed>4.022000</speed>
      </trkpt>
      <trkpt lat="59.580929931" lon="25.976800108">
        <ele>2.400</ele>
        <time>2026-08-11T12:41:05Z</time>
        <speed>4.262000</speed>
      </trkpt>
      <trkpt lat="59.581117351" lon="25.977138318">
        <ele>2.600</ele>
        <time>2026-08-11T12:41:11Z</time>
        <speed>4.404000</speed>
      </trkpt>
      <trkpt lat="59.581259675" lon="25.977410898">
        <ele>2.800</ele>
        <time>2026-08-11T12:41:16Z</time>
        <speed>4.106000</speed>
      </trkpt>
      <trkpt lat="59.581372580" lon="25.977656320">
        <ele>2.200</ele>
        <time>2026-08-11T12:41:20Z</time>
        <speed>4.567000</speed>
      </trkpt>
      <trkpt lat="59.581421111" lon="25.977809625">
        <ele>1.800</ele>
        <time>2026-08-11T12:41:22Z</time>
        <speed>4.546000</speed>
      </trkpt>
      <trkpt lat="59.581465116" lon="25.978060160">
        <ele>2.400</ele>
        <time>2026-08-11T12:41:25Z</time>
        <speed>4.099000</speed>
      </trkpt>
      <trkpt lat="59.581518341" lon="25.978416642">
        <ele>2.400</ele>
        <time>2026-08-11T12:41:29Z</time>
        <speed>4.646000</speed>
      </trkpt>
      <trkpt lat="59.581533177" lon="25.978604062">
        <ele>2.200</ele>
        <time>2026-08-11T12:41:31Z</time>
        <speed>4.725000</speed>
      </trkpt>
      <trkpt lat="59.581574667" lon="25.979099516">
        <ele>2.400</ele>
        <time>2026-08-11T12:41:37Z</time>
        <speed>3.992000</speed>
      </trkpt>
      <trkpt lat="59.581632754" lon="25.979616428">
        <ele>2.000</ele>
        <time>2026-08-11T12:41:44Z</time>
        <speed>3.882000</speed>
      </trkpt>
      <trkpt lat="59.581671562" lon="25.980048766">
        <ele>2.400</ele>
        <time>2026-08-11T12:41:50Z</time>
        <speed>3.643000</speed>
      </trkpt>
      <trkpt lat="59.581779772" lon="25.980519243">
        <ele>2.200</ele>
        <time>2026-08-11T12:41:57Z</time>
        <speed>4.946000</speed>
      </trkpt>
      <trkpt lat="59.581896029" lon="25.980707668">
        <ele>0.800</ele>
        <time>2026-08-11T12:42:00Z</time>
        <speed>5.865000</speed>
      </trkpt>
      <trkpt lat="59.581940537" lon="25.980757372">
        <ele>0.200</ele>
        <time>2026-08-11T12:42:01Z</time>
        <speed>5.621000</speed>
      </trkpt>
      <trkpt lat="59.582030056" lon="25.980832810">
        <ele>-0.400</ele>
        <time>2026-08-11T12:42:03Z</time>
        <speed>5.912000</speed>
      </trkpt>
      <trkpt lat="59.582136841" lon="25.980885029">
        <ele>-0.800</ele>
        <time>2026-08-11T12:42:05Z</time>
        <speed>6.308000</speed>
      </trkpt>
      <trkpt lat="59.582458204" lon="25.981008578">
        <ele>-0.600</ele>
        <time>2026-08-11T12:42:11Z</time>
        <speed>5.518000</speed>
      </trkpt>
      <trkpt lat="59.582871012" lon="25.981119052">
        <ele>0.000</ele>
        <time>2026-08-11T12:42:19Z</time>
        <speed>5.376000</speed>
      </trkpt>
      <trkpt lat="59.583219280" lon="25.981213851">
        <ele>0.200</ele>
        <time>2026-08-11T12:42:26Z</time>
        <speed>4.721000</speed>
      </trkpt>
      <trkpt lat="59.583337381" lon="25.981272943">
        <ele>0.800</ele>
        <time>2026-08-11T12:42:29Z</time>
        <speed>3.763000</speed>
      </trkpt>
      <trkpt lat="59.583444586" lon="25.981311081">
        <ele>1.200</ele>
        <time>2026-08-11T12:42:32Z</time>
        <speed>3.807000</speed>
      </trkpt>
      <trkpt lat="59.583641309" lon="25.981413173">
        <ele>2.000</ele>
        <time>2026-08-11T12:42:38Z</time>
        <speed>3.471000</speed>
      </trkpt>
      <trkpt lat="59.583869632" lon="25.981596066">
        <ele>2.200</ele>
        <time>2026-08-11T12:42:45Z</time>
        <speed>3.730000</speed>
      </trkpt>
      <trkpt lat="59.584070882" lon="25.981791783">
        <ele>2.400</ele>
        <time>2026-08-11T12:42:52Z</time>
        <speed>3.136000</speed>
      </trkpt>
      <trkpt lat="59.584280765" lon="25.982018681">
        <ele>2.600</ele>
        <time>2026-08-11T12:42:59Z</time>
        <speed>3.877000</speed>
      </trkpt>
      <trkpt lat="59.584474554" lon="25.982237114">
        <ele>3.000</ele>
        <time>2026-08-11T12:43:05Z</time>
        <speed>3.440000</speed>
      </trkpt>
      <trkpt lat="59.584507830" lon="25.982270390">
        <ele>2.800</ele>
        <time>2026-08-11T12:43:06Z</time>
        <speed>4.032000</speed>
      </trkpt>
      <trkpt lat="59.584600618" lon="25.982373655">
        <ele>2.000</ele>
        <time>2026-08-11T12:43:09Z</time>
        <speed>3.695000</speed>
      </trkpt>
      <trkpt lat="59.584707487" lon="25.982493013">
        <ele>1.800</ele>
        <time>2026-08-11T12:43:12Z</time>
        <speed>4.136000</speed>
      </trkpt>
      <trkpt lat="59.584943354" lon="25.982747739">
        <ele>2.000</ele>
        <time>2026-08-11T12:43:19Z</time>
        <speed>3.948000</speed>
      </trkpt>
      <trkpt lat="59.585158518" lon="25.983009590">
        <ele>3.000</ele>
        <time>2026-08-11T12:43:25Z</time>
        <speed>3.651000</speed>
      </trkpt>
      <trkpt lat="59.585404778" lon="25.983334640">
        <ele>1.800</ele>
        <time>2026-08-11T12:43:32Z</time>
        <speed>4.670000</speed>
      </trkpt>
      <trkpt lat="59.585619103" lon="25.983609231">
        <ele>1.000</ele>
        <time>2026-08-11T12:43:38Z</time>
        <speed>4.347000</speed>
      </trkpt>
      <trkpt lat="59.585735109" lon="25.983748958">
        <ele>1.400</ele>
        <time>2026-08-11T12:43:41Z</time>
        <speed>4.752000</speed>
      </trkpt>
      <trkpt lat="59.585857568" lon="25.983873680">
        <ele>1.400</ele>
        <time>2026-08-11T12:43:44Z</time>
        <speed>4.745000</speed>
      </trkpt>
      <trkpt lat="59.586139284" lon="25.984137375">
        <ele>2.800</ele>
        <time>2026-08-11T12:43:51Z</time>
        <speed>3.849000</speed>
      </trkpt>
      <trkpt lat="59.586376743" lon="25.984362848">
        <ele>2.000</ele>
        <time>2026-08-11T12:43:57Z</time>
        <speed>4.442000</speed>
      </trkpt>
      <trkpt lat="59.586523427" lon="25.984494109">
        <ele>2.000</ele>
        <time>2026-08-11T12:44:01Z</time>
        <speed>3.905000</speed>
      </trkpt>
      <trkpt lat="59.586557457" lon="25.984523948">
        <ele>2.000</ele>
        <time>2026-08-11T12:44:02Z</time>
        <speed>3.961000</speed>
      </trkpt>
      <trkpt lat="59.586788546" lon="25.984721761">
        <ele>1.800</ele>
        <time>2026-08-11T12:44:08Z</time>
        <speed>3.589000</speed>
      </trkpt>
      <trkpt lat="59.587008068" lon="25.984938517">
        <ele>1.800</ele>
        <time>2026-08-11T12:44:14Z</time>
        <speed>4.420000</speed>
      </trkpt>
      <trkpt lat="59.587241672" lon="25.985124847">
        <ele>1.800</ele>
        <time>2026-08-11T12:44:20Z</time>
        <speed>4.012000</speed>
      </trkpt>
      <trkpt lat="59.587412914" lon="25.985302627">
        <ele>1.800</ele>
        <time>2026-08-11T12:44:25Z</time>
        <speed>4.232000</speed>
      </trkpt>
      <trkpt lat="59.587493129" lon="25.985382004">
        <ele>1.800</ele>
        <time>2026-08-11T12:44:27Z</time>
        <speed>4.790000</speed>
      </trkpt>
      <trkpt lat="59.587618606" lon="25.985478479">
        <ele>2.400</ele>
        <time>2026-08-11T12:44:30Z</time>
        <speed>4.060000</speed>
      </trkpt>
      <trkpt lat="59.587825472" lon="25.985677214">
        <ele>2.200</ele>
        <time>2026-08-11T12:44:36Z</time>
        <speed>4.092000</speed>
      </trkpt>
      <trkpt lat="59.588096039" lon="25.985945938">
        <ele>2.000</ele>
        <time>2026-08-11T12:44:43Z</time>
        <speed>4.646000</speed>
      </trkpt>
      <trkpt lat="59.588297708" lon="25.986141739">
        <ele>2.400</ele>
        <time>2026-08-11T12:44:48Z</time>
        <speed>4.555000</speed>
      </trkpt>
      <trkpt lat="59.588338947" lon="25.986179290">
        <ele>2.400</ele>
        <time>2026-08-11T12:44:49Z</time>
        <speed>4.498000</speed>
      </trkpt>
      <trkpt lat="59.588521253" lon="25.986361932">
        <ele>2.000</ele>
        <time>2026-08-11T12:44:54Z</time>
        <speed>3.628000</speed>
      </trkpt>
      <trkpt lat="59.588739937" lon="25.986631494">
        <ele>1.800</ele>
        <time>2026-08-11T12:45:00Z</time>
        <speed>4.178000</speed>
      </trkpt>
      <trkpt lat="59.588946383" lon="25.986875659">
        <ele>1.200</ele>
        <time>2026-08-11T12:45:06Z</time>
        <speed>3.594000</speed>
      </trkpt>
      <trkpt lat="59.589103879" lon="25.987064671">
        <ele>1.800</ele>
        <time>2026-08-11T12:45:11Z</time>
        <speed>4.191000</speed>
      </trkpt>
      <trkpt lat="59.589171605" lon="25.987125356">
        <ele>2.800</ele>
        <time>2026-08-11T12:45:14Z</time>
        <speed>0.893000</speed>
      </trkpt>
    </trkseg>
    <trkseg>
      <trkpt lat="59.589554407" lon="25.987463566">
        <ele>1.800</ele>
        <time>2026-08-11T12:53:18Z</time>
        <speed>1.942000</speed>
      </trkpt>
      <trkpt lat="59.589593550" lon="25.987492818">
        <ele>1.800</ele>
        <time>2026-08-11T12:53:20Z</time>
        <speed>2.065000</speed>
      </trkpt>
      <trkpt lat="59.589732774" lon="25.987577476">
        <ele>1.800</ele>
        <time>2026-08-11T12:53:26Z</time>
        <speed>2.048000</speed>
      </trkpt>
      <trkpt lat="59.589877613" lon="25.987702617">
        <ele>1.800</ele>
        <time>2026-08-11T12:53:32Z</time>
        <speed>2.461000</speed>
      </trkpt>
      <trkpt lat="59.590017255" lon="25.987809151">
        <ele>1.800</ele>
        <time>2026-08-11T12:53:37Z</time>
        <speed>2.800000</speed>
      </trkpt>
      <trkpt lat="59.590256056" lon="25.987972347">
        <ele>2.200</ele>
        <time>2026-08-11T12:53:46Z</time>
        <speed>2.543000</speed>
      </trkpt>
      <trkpt lat="59.590422856" lon="25.988105200">
        <ele>1.800</ele>
        <time>2026-08-11T12:53:52Z</time>
        <speed>3.117000</speed>
      </trkpt>
      <trkpt lat="59.590635169" lon="25.988255739">
        <ele>1.400</ele>
        <time>2026-08-11T12:53:59Z</time>
        <speed>2.815000</speed>
      </trkpt>
      <trkpt lat="59.590832144" lon="25.988419605">
        <ele>1.400</ele>
        <time>2026-08-11T12:54:06Z</time>
        <speed>2.251000</speed>
      </trkpt>
      <trkpt lat="59.591031214" lon="25.988556817">
        <ele>1.800</ele>
        <time>2026-08-11T12:54:13Z</time>
        <speed>2.598000</speed>
      </trkpt>
      <trkpt lat="59.591215532" lon="25.988698220">
        <ele>1.800</ele>
        <time>2026-08-11T12:54:19Z</time>
        <speed>1.930000</speed>
      </trkpt>
      <trkpt lat="59.591413848" lon="25.988832079">
        <ele>1.400</ele>
        <time>2026-08-11T12:54:25Z</time>
        <speed>2.862000</speed>
      </trkpt>
      <trkpt lat="59.591603531" lon="25.988984965">
        <ele>1.600</ele>
        <time>2026-08-11T12:54:32Z</time>
        <speed>3.105000</speed>
      </trkpt>
      <trkpt lat="59.591798242" lon="25.989120919">
        <ele>1.600</ele>
        <time>2026-08-11T12:54:39Z</time>
        <speed>2.111000</speed>
      </trkpt>
      <trkpt lat="59.591946015" lon="25.989230052">
        <ele>2.000</ele>
        <time>2026-08-11T12:54:44Z</time>
        <speed>1.355000</speed>
      </trkpt>
      <trkpt lat="59.592120610" lon="25.989289815">
        <ele>1.400</ele>
        <time>2026-08-11T12:54:49Z</time>
        <speed>3.043000</speed>
      </trkpt>
      <trkpt lat="59.592358405" lon="25.989358295">
        <ele>2.000</ele>
        <time>2026-08-11T12:54:56Z</time>
        <speed>2.690000</speed>
      </trkpt>
      <trkpt lat="59.592536017" lon="25.989418058">
        <ele>1.800</ele>
        <time>2026-08-11T12:55:02Z</time>
        <speed>2.637000</speed>
      </trkpt>
      <trkpt lat="59.592746152" lon="25.989490310">
        <ele>1.200</ele>
        <time>2026-08-11T12:55:08Z</time>
        <speed>2.828000</speed>
      </trkpt>
      <trkpt lat="59.592817901" lon="25.989535237">
        <ele>1.200</ele>
        <time>2026-08-11T12:55:10Z</time>
        <speed>3.223000</speed>
      </trkpt>
      <trkpt lat="59.592963913" lon="25.989589635">
        <ele>1.000</ele>
        <time>2026-08-11T12:55:14Z</time>
        <speed>3.056000</speed>
      </trkpt>
      <trkpt lat="59.593164325" lon="25.989656439">
        <ele>1.200</ele>
        <time>2026-08-11T12:55:19Z</time>
        <speed>3.953000</speed>
      </trkpt>
      <trkpt lat="59.593370268" lon="25.989716118">
        <ele>1.200</ele>
        <time>2026-08-11T12:55:24Z</time>
        <speed>4.244000</speed>
      </trkpt>
      <trkpt lat="59.593615942" lon="25.989791807">
        <ele>0.800</ele>
        <time>2026-08-11T12:55:30Z</time>
        <speed>4.520000</speed>
      </trkpt>
      <trkpt lat="59.593709065" lon="25.989819048">
        <ele>0.600</ele>
        <time>2026-08-11T12:55:32Z</time>
        <speed>4.500000</speed>
      </trkpt>
      <trkpt lat="59.593887348" lon="25.989886606">
        <ele>1.200</ele>
        <time>2026-08-11T12:55:36Z</time>
        <speed>3.791000</speed>
      </trkpt>
      <trkpt lat="59.594133357" lon="25.990009233">
        <ele>0.400</ele>
        <time>2026-08-11T12:55:42Z</time>
        <speed>3.273000</speed>
      </trkpt>
      <trkpt lat="59.594299067" lon="25.990138231">
        <ele>1.000</ele>
        <time>2026-08-11T12:55:48Z</time>
        <speed>3.222000</speed>
      </trkpt>
      <trkpt lat="59.594465196" lon="25.990283657">
        <ele>0.200</ele>
        <time>2026-08-11T12:55:54Z</time>
        <speed>2.988000</speed>
      </trkpt>
      <trkpt lat="59.594699806" lon="25.990491696">
        <ele>0.800</ele>
        <time>2026-08-11T12:56:00Z</time>
        <speed>3.614000</speed>
      </trkpt>
      <trkpt lat="59.594914801" lon="25.990654053">
        <ele>1.000</ele>
        <time>2026-08-11T12:56:05Z</time>
        <speed>3.409000</speed>
      </trkpt>
      <trkpt lat="59.595249910" lon="25.990776261">
        <ele>0.400</ele>
        <time>2026-08-11T12:56:11Z</time>
        <speed>3.929000</speed>
      </trkpt>
      <trkpt lat="59.595462140" lon="25.990824793">
        <ele>0.000</ele>
        <time>2026-08-11T12:56:15Z</time>
        <speed>4.414000</speed>
      </trkpt>
      <trkpt lat="59.595557023" lon="25.990844993">
        <ele>-0.400</ele>
        <time>2026-08-11T12:56:17Z</time>
        <speed>4.299000</speed>
      </trkpt>
      <trkpt lat="59.595743688" lon="25.990881454">
        <ele>0.400</ele>
        <time>2026-08-11T12:56:21Z</time>
        <speed>4.611000</speed>
      </trkpt>
      <trkpt lat="59.595834045" lon="25.990889668">
        <ele>0.600</ele>
        <time>2026-08-11T12:56:23Z</time>
        <speed>4.145000</speed>
      </trkpt>
      <trkpt lat="59.596136883" lon="25.990944821">
        <ele>0.400</ele>
        <time>2026-08-11T12:56:30Z</time>
        <speed>3.854000</speed>
      </trkpt>
      <trkpt lat="59.596345173" lon="25.991034172">
        <ele>0.600</ele>
        <time>2026-08-11T12:56:36Z</time>
        <speed>2.992000</speed>
      </trkpt>
      <trkpt lat="59.596583303" lon="25.991128888">
        <ele>0.000</ele>
        <time>2026-08-11T12:56:42Z</time>
        <speed>3.474000</speed>
      </trkpt>
      <trkpt lat="59.596766112" lon="25.991199883">
        <ele>0.200</ele>
        <time>2026-08-11T12:56:47Z</time>
        <speed>3.200000</speed>
      </trkpt>
      <trkpt lat="59.596808273" lon="25.991212204">
        <ele>0.200</ele>
        <time>2026-08-11T12:56:48Z</time>
        <speed>3.812000</speed>
      </trkpt>
      <trkpt lat="59.597004913" lon="25.991265932">
        <ele>0.800</ele>
        <time>2026-08-11T12:56:53Z</time>
        <speed>3.420000</speed>
      </trkpt>
      <trkpt lat="59.597225105" lon="25.991290491">
        <ele>0.400</ele>
        <time>2026-08-11T12:56:58Z</time>
        <speed>3.771000</speed>
      </trkpt>
      <trkpt lat="59.597372627" lon="25.991320079">
        <ele>0.600</ele>
        <time>2026-08-11T12:57:02Z</time>
        <speed>3.462000</speed>
      </trkpt>
      <trkpt lat="59.597499613" lon="25.991331814">
        <ele>1.000</ele>
        <time>2026-08-11T12:57:06Z</time>
        <speed>3.460000</speed>
      </trkpt>
      <trkpt lat="59.597568093" lon="25.991340782">
        <ele>1.200</ele>
        <time>2026-08-11T12:57:08Z</time>
        <speed>3.659000</speed>
      </trkpt>
      <trkpt lat="59.597777473" lon="25.991357379">
        <ele>1.000</ele>
        <time>2026-08-11T12:57:13Z</time>
        <speed>4.424000</speed>
      </trkpt>
      <trkpt lat="59.597962126" lon="25.991394175">
        <ele>0.800</ele>
        <time>2026-08-11T12:57:18Z</time>
        <speed>3.812000</speed>
      </trkpt>
      <trkpt lat="59.598154994" lon="25.991452932">
        <ele>0.600</ele>
        <time>2026-08-11T12:57:23Z</time>
        <speed>3.720000</speed>
      </trkpt>
      <trkpt lat="59.598419694" lon="25.991482437">
        <ele>0.600</ele>
        <time>2026-08-11T12:57:29Z</time>
        <speed>4.772000</speed>
      </trkpt>
      <trkpt lat="59.598739548" lon="25.991456453">
        <ele>0.200</ele>
        <time>2026-08-11T12:57:36Z</time>
        <speed>4.153000</speed>
      </trkpt>
      <trkpt lat="59.598943647" lon="25.991413789">
        <ele>0.600</ele>
        <time>2026-08-11T12:57:41Z</time>
        <speed>3.628000</speed>
      </trkpt>
      <trkpt lat="59.599154536" lon="25.991390068">
        <ele>0.600</ele>
        <time>2026-08-11T12:57:46Z</time>
        <speed>4.010000</speed>
      </trkpt>
      <trkpt lat="59.599432144" lon="25.991390906">
        <ele>0.200</ele>
        <time>2026-08-11T12:57:52Z</time>
        <speed>4.881000</speed>
      </trkpt>
      <trkpt lat="59.599608416" lon="25.991430385">
        <ele>0.400</ele>
        <time>2026-08-11T12:57:56Z</time>
        <speed>4.822000</speed>
      </trkpt>
      <trkpt lat="59.599693827" lon="25.991465338">
        <ele>0.400</ele>
        <time>2026-08-11T12:57:58Z</time>
        <speed>4.481000</speed>
      </trkpt>
      <trkpt lat="59.599935394" lon="25.991571536">
        <ele>0.800</ele>
        <time>2026-08-11T12:58:04Z</time>
        <speed>4.635000</speed>
      </trkpt>
      <trkpt lat="59.600225156" lon="25.991619397">
        <ele>0.400</ele>
        <time>2026-08-11T12:58:11Z</time>
        <speed>3.943000</speed>
      </trkpt>
      <trkpt lat="59.600440571" lon="25.991600035">
        <ele>0.000</ele>
        <time>2026-08-11T12:58:17Z</time>
        <speed>3.331000</speed>
      </trkpt>
      <trkpt lat="59.600513326" lon="25.991567513">
        <ele>0.000</ele>
        <time>2026-08-11T12:58:19Z</time>
        <speed>3.584000</speed>
      </trkpt>
      <trkpt lat="59.600662775" lon="25.991544547">
        <ele>0.200</ele>
        <time>2026-08-11T12:58:23Z</time>
        <speed>3.817000</speed>
      </trkpt>
      <trkpt lat="59.600897636" lon="25.991474725">
        <ele>0.200</ele>
        <time>2026-08-11T12:58:29Z</time>
        <speed>4.524000</speed>
      </trkpt>
      <trkpt lat="59.601041470" lon="25.991493165">
        <ele>0.200</ele>
        <time>2026-08-11T12:58:33Z</time>
        <speed>3.556000</speed>
      </trkpt>
      <trkpt lat="59.601124283" lon="25.991502553">
        <ele>0.000</ele>
        <time>2026-08-11T12:58:35Z</time>
        <speed>3.935000</speed>
      </trkpt>
      <trkpt lat="59.601236684" lon="25.991541361">
        <ele>-0.200</ele>
        <time>2026-08-11T12:58:38Z</time>
        <speed>3.681000</speed>
      </trkpt>
      <trkpt lat="59.601425277" lon="25.991657032">
        <ele>0.400</ele>
        <time>2026-08-11T12:58:44Z</time>
        <speed>2.538000</speed>
      </trkpt>
      <trkpt lat="59.601649074" lon="25.991732804">
        <ele>0.800</ele>
        <time>2026-08-11T12:58:50Z</time>
        <speed>3.740000</speed>
      </trkpt>
      <trkpt lat="59.601690061" lon="25.991736492">
        <ele>1.000</ele>
        <time>2026-08-11T12:58:51Z</time>
        <speed>3.639000</speed>
      </trkpt>
      <trkpt lat="59.601902459" lon="25.991700618">
        <ele>1.200</ele>
        <time>2026-08-11T12:58:57Z</time>
        <speed>3.221000</speed>
      </trkpt>
      <trkpt lat="59.602151904" lon="25.991589138">
        <ele>1.000</ele>
        <time>2026-08-11T12:59:05Z</time>
        <speed>2.935000</speed>
      </trkpt>
      <trkpt lat="59.602297163" lon="25.991531974">
        <ele>1.000</ele>
        <time>2026-08-11T12:59:10Z</time>
        <speed>2.542000</speed>
      </trkpt>
      <trkpt lat="59.602453401" lon="25.991442539">
        <ele>1.400</ele>
        <time>2026-08-11T12:59:15Z</time>
        <speed>3.272000</speed>
      </trkpt>
      <trkpt lat="59.602561025" lon="25.991389565">
        <ele>1.200</ele>
        <time>2026-08-11T12:59:18Z</time>
        <speed>2.994000</speed>
      </trkpt>
      <trkpt lat="59.602633528" lon="25.991343465">
        <ele>1.400</ele>
        <time>2026-08-11T12:59:20Z</time>
        <speed>3.612000</speed>
      </trkpt>
      <trkpt lat="59.602763029" lon="25.991299963">
        <ele>1.200</ele>
        <time>2026-08-11T12:59:23Z</time>
        <speed>4.518000</speed>
      </trkpt>
      <trkpt lat="59.602855146" lon="25.991284540">
        <ele>0.800</ele>
        <time>2026-08-11T12:59:25Z</time>
        <speed>4.372000</speed>
      </trkpt>
      <trkpt lat="59.603058407" lon="25.991183538">
        <ele>1.000</ele>
        <time>2026-08-11T12:59:30Z</time>
        <speed>3.982000</speed>
      </trkpt>
      <trkpt lat="59.603251778" lon="25.991135510">
        <ele>1.000</ele>
        <time>2026-08-11T12:59:35Z</time>
        <speed>4.155000</speed>
      </trkpt>
      <trkpt lat="59.603426289" lon="25.991027383">
        <ele>1.400</ele>
        <time>2026-08-11T12:59:40Z</time>
        <speed>3.240000</speed>
      </trkpt>
      <trkpt lat="59.603695013" lon="25.990834935">
        <ele>2.200</ele>
        <time>2026-08-11T12:59:48Z</time>
        <speed>3.202000</speed>
      </trkpt>
      <trkpt lat="59.603906907" lon="25.990708703">
        <ele>2.600</ele>
        <time>2026-08-11T12:59:54Z</time>
        <speed>3.762000</speed>
      </trkpt>
      <trkpt lat="59.604023751" lon="25.990651790">
        <ele>1.800</ele>
        <time>2026-08-11T12:59:57Z</time>
        <speed>4.603000</speed>
      </trkpt>
      <trkpt lat="59.604146713" lon="25.990602169">
        <ele>1.200</ele>
        <time>2026-08-11T13:00:00Z</time>
        <speed>4.429000</speed>
      </trkpt>
      <trkpt lat="59.604224581" lon="25.990561265">
        <ele>1.200</ele>
        <time>2026-08-11T13:00:02Z</time>
        <speed>4.120000</speed>
      </trkpt>
      <trkpt lat="59.604402361" lon="25.990463533">
        <ele>2.000</ele>
        <time>2026-08-11T13:00:07Z</time>
        <speed>3.954000</speed>
      </trkpt>
      <trkpt lat="59.604472099" lon="25.990411397">
        <ele>2.200</ele>
        <time>2026-08-11T13:00:09Z</time>
        <speed>3.749000</speed>
      </trkpt>
      <trkpt lat="59.604602689" lon="25.990310395">
        <ele>2.600</ele>
        <time>2026-08-11T13:00:13Z</time>
        <speed>3.498000</speed>
      </trkpt>
      <trkpt lat="59.604748785" lon="25.990249626">
        <ele>2.600</ele>
        <time>2026-08-11T13:00:18Z</time>
        <speed>3.101000</speed>
      </trkpt>
      <trkpt lat="59.604965877" lon="25.990076791">
        <ele>2.600</ele>
        <time>2026-08-11T13:00:25Z</time>
        <speed>3.512000</speed>
      </trkpt>
      <trkpt lat="59.605123373" lon="25.989956595">
        <ele>2.400</ele>
        <time>2026-08-11T13:00:30Z</time>
        <speed>3.347000</speed>
      </trkpt>
      <trkpt lat="59.605311798" lon="25.989793232">
        <ele>3.000</ele>
        <time>2026-08-11T13:00:36Z</time>
        <speed>3.133000</speed>
      </trkpt>
      <trkpt lat="59.605337195" lon="25.989753669">
        <ele>3.200</ele>
        <time>2026-08-11T13:00:37Z</time>
        <speed>3.026000</speed>
      </trkpt>
      <trkpt lat="59.605448842" lon="25.989665408">
        <ele>3.800</ele>
        <time>2026-08-11T13:00:41Z</time>
        <speed>2.365000</speed>
      </trkpt>
      <trkpt lat="59.605652774" lon="25.989516294">
        <ele>3.800</ele>
        <time>2026-08-11T13:00:49Z</time>
        <speed>2.004000</speed>
      </trkpt>
      <trkpt lat="59.605814712" lon="25.989432475">
        <ele>4.200</ele>
        <time>2026-08-11T13:00:54Z</time>
        <speed>3.347000</speed>
      </trkpt>
      <trkpt lat="59.605842624" lon="25.989416046">
        <ele>4.200</ele>
        <time>2026-08-11T13:00:55Z</time>
        <speed>2.993000</speed>
      </trkpt>
      <trkpt lat="59.606008586" lon="25.989370784">
        <ele>4.400</ele>
        <time>2026-08-11T13:01:00Z</time>
        <speed>3.582000</speed>
      </trkpt>
      <trkpt lat="59.606155856" lon="25.989387883">
        <ele>4.400</ele>
        <time>2026-08-11T13:01:05Z</time>
        <speed>2.882000</speed>
      </trkpt>
      <trkpt lat="59.606305640" lon="25.989524592">
        <ele>4.600</ele>
        <time>2026-08-11T13:01:11Z</time>
        <speed>2.292000</speed>
      </trkpt>
      <trkpt lat="59.606394488" lon="25.989669934">
        <ele>5.200</ele>
        <time>2026-08-11T13:01:16Z</time>
        <speed>2.235000</speed>
      </trkpt>
      <trkpt lat="59.606407899" lon="25.989708658">
        <ele>5.400</ele>
        <time>2026-08-11T13:01:17Z</time>
        <speed>2.364000</speed>
      </trkpt>
      <trkpt lat="59.606502363" lon="25.989888534">
        <ele>5.800</ele>
        <time>2026-08-11T13:01:23Z</time>
        <speed>1.924000</speed>
      </trkpt>
      <trkpt lat="59.606567156" lon="25.990043934">
        <ele>5.400</ele>
        <time>2026-08-11T13:01:28Z</time>
        <speed>1.887000</speed>
      </trkpt>
      <trkpt lat="59.606659524" lon="25.990228504">
        <ele>5.400</ele>
        <time>2026-08-11T13:01:33Z</time>
        <speed>2.342000</speed>
      </trkpt>
      <trkpt lat="59.606753737" lon="25.990397735">
        <ele>5.400</ele>
        <time>2026-08-11T13:01:38Z</time>
        <speed>2.410000</speed>
      </trkpt>
      <trkpt lat="59.606909305" lon="25.990736028">
        <ele>5.000</ele>
        <time>2026-08-11T13:01:43Z</time>
        <speed>3.743000</speed>
      </trkpt>
      <trkpt lat="59.607055988" lon="25.991184292">
        <ele>4.400</ele>
        <time>2026-08-11T13:01:49Z</time>
        <speed>3.717000</speed>
      </trkpt>
      <trkpt lat="59.607175682" lon="25.991572626">
        <ele>4.200</ele>
        <time>2026-08-11T13:01:55Z</time>
        <speed>3.182000</speed>
      </trkpt>
      <trkpt lat="59.607275007" lon="25.991934724">
        <ele>3.200</ele>
        <time>2026-08-11T13:02:00Z</time>
        <speed>3.652000</speed>
      </trkpt>
      <trkpt lat="59.607303338" lon="25.992091717">
        <ele>3.200</ele>
        <time>2026-08-11T13:02:02Z</time>
        <speed>4.086000</speed>
      </trkpt>
      <trkpt lat="59.607369304" lon="25.992553979">
        <ele>2.400</ele>
        <time>2026-08-11T13:02:07Z</time>
        <speed>4.581000</speed>
      </trkpt>
      <trkpt lat="59.607383804" lon="25.992655819">
        <ele>2.200</ele>
        <time>2026-08-11T13:02:08Z</time>
        <speed>4.895000</speed>
      </trkpt>
      <trkpt lat="59.607456559" lon="25.993170384">
        <ele>1.000</ele>
        <time>2026-08-11T13:02:13Z</time>
        <speed>5.174000</speed>
      </trkpt>
      <trkpt lat="59.607477095" lon="25.993260238">
        <ele>1.000</ele>
        <time>2026-08-11T13:02:14Z</time>
        <speed>4.950000</speed>
      </trkpt>
      <trkpt lat="59.607557645" lon="25.993743790">
        <ele>0.600</ele>
        <time>2026-08-11T13:02:19Z</time>
        <speed>4.874000</speed>
      </trkpt>
      <trkpt lat="59.607638195" lon="25.994157856">
        <ele>0.000</ele>
        <time>2026-08-11T13:02:23Z</time>
        <speed>5.029000</speed>
      </trkpt>
      <trkpt lat="59.607731150" lon="25.994593799">
        <ele>-0.200</ele>
        <time>2026-08-11T13:02:27Z</time>
        <speed>5.057000</speed>
      </trkpt>
      <trkpt lat="59.607757805" lon="25.994694633">
        <ele>-0.200</ele>
        <time>2026-08-11T13:02:28Z</time>
        <speed>5.253000</speed>
      </trkpt>
      <trkpt lat="59.607883366" lon="25.994972996">
        <ele>0.000</ele>
        <time>2026-08-11T13:02:31Z</time>
        <speed>5.047000</speed>
      </trkpt>
      <trkpt lat="59.607969029" lon="25.995118590">
        <ele>-0.400</ele>
        <time>2026-08-11T13:02:33Z</time>
        <speed>4.910000</speed>
      </trkpt>
      <trkpt lat="59.608140355" lon="25.995383039">
        <ele>-1.400</ele>
        <time>2026-08-11T13:02:37Z</time>
        <speed>5.042000</speed>
      </trkpt>
      <trkpt lat="59.608249990" lon="25.995576577">
        <ele>-1.600</ele>
        <time>2026-08-11T13:02:40Z</time>
        <speed>4.375000</speed>
      </trkpt>
      <trkpt lat="59.608309418" lon="25.995675400">
        <ele>-1.800</ele>
        <time>2026-08-11T13:02:42Z</time>
        <speed>3.270000</speed>
      </trkpt>
      <trkpt lat="59.608359290" lon="25.995755363">
        <ele>-1.600</ele>
        <time>2026-08-11T13:02:44Z</time>
        <speed>2.057000</speed>
      </trkpt>
    </trkseg>
    <trkseg>
      <trkpt lat="59.608498849" lon="25.996001037">
        <ele>-2.400</ele>
        <time>2026-08-11T13:04:50Z</time>
        <speed>1.718000</speed>
      </trkpt>
      <trkpt lat="59.608544195" lon="25.996063231">
        <ele>-2.600</ele>
        <time>2026-08-11T13:04:52Z</time>
        <speed>2.312000</speed>
      </trkpt>
      <trkpt lat="59.608665062" lon="25.996215614">
        <ele>-3.400</ele>
        <time>2026-08-11T13:04:56Z</time>
        <speed>3.126000</speed>
      </trkpt>
      <trkpt lat="59.608699428" lon="25.996265151">
        <ele>-3.600</ele>
        <time>2026-08-11T13:04:57Z</time>
        <speed>3.513000</speed>
      </trkpt>
      <trkpt lat="59.608856337" lon="25.996560697">
        <ele>-3.400</ele>
        <time>2026-08-11T13:05:02Z</time>
        <speed>4.302000</speed>
      </trkpt>
      <trkpt lat="59.609006206" lon="25.996873593">
        <ele>-4.000</ele>
        <time>2026-08-11T13:05:07Z</time>
        <speed>4.276000</speed>
      </trkpt>
      <trkpt lat="59.609212317" lon="25.997311044">
        <ele>-4.600</ele>
        <time>2026-08-11T13:05:14Z</time>
        <speed>4.400000</speed>
      </trkpt>
      <trkpt lat="59.609375345" lon="25.997655373">
        <ele>-4.400</ele>
        <time>2026-08-11T13:05:20Z</time>
        <speed>4.175000</speed>
      </trkpt>
      <trkpt lat="59.609505516" lon="25.997955445">
        <ele>-4.200</ele>
        <time>2026-08-11T13:05:25Z</time>
        <speed>4.227000</speed>
      </trkpt>
      <trkpt lat="59.609552957" lon="25.998078743">
        <ele>-4.800</ele>
        <time>2026-08-11T13:05:27Z</time>
        <speed>4.047000</speed>
      </trkpt>
      <trkpt lat="59.609711794" lon="25.998444948">
        <ele>-5.600</ele>
        <time>2026-08-11T13:05:33Z</time>
        <speed>4.358000</speed>
      </trkpt>
      <trkpt lat="59.609943302" lon="25.998972422">
        <ele>-5.400</ele>
        <time>2026-08-11T13:05:41Z</time>
        <speed>4.753000</speed>
      </trkpt>
      <trkpt lat="59.610143630" lon="25.999461170">
        <ele>-5.200</ele>
        <time>2026-08-11T13:05:48Z</time>
        <speed>4.878000</speed>
      </trkpt>
      <trkpt lat="59.610202136" lon="25.999596789">
        <ele>-5.400</ele>
        <time>2026-08-11T13:05:50Z</time>
        <speed>4.797000</speed>
      </trkpt>
      <trkpt lat="59.610375222" lon="25.999961654">
        <ele>-5.000</ele>
        <time>2026-08-11T13:05:56Z</time>
        <speed>4.512000</speed>
      </trkpt>
      <trkpt lat="59.610424424" lon="26.000078581">
        <ele>-4.800</ele>
        <time>2026-08-11T13:05:58Z</time>
        <speed>4.200000</speed>
      </trkpt>
      <trkpt lat="59.610570185" lon="26.000408493">
        <ele>-4.600</ele>
        <time>2026-08-11T13:06:04Z</time>
        <speed>4.058000</speed>
      </trkpt>
      <trkpt lat="59.610708570" lon="26.000794983">
        <ele>-5.600</ele>
        <time>2026-08-11T13:06:10Z</time>
        <speed>3.655000</speed>
      </trkpt>
      <trkpt lat="59.610857852" lon="26.001134953">
        <ele>-5.800</ele>
        <time>2026-08-11T13:06:15Z</time>
        <speed>4.691000</speed>
      </trkpt>
      <trkpt lat="59.610888613" lon="26.001195721">
        <ele>-5.800</ele>
        <time>2026-08-11T13:06:16Z</time>
        <speed>4.514000</speed>
      </trkpt>
      <trkpt lat="59.611097574" lon="26.001670808">
        <ele>-5.800</ele>
        <time>2026-08-11T13:06:23Z</time>
        <speed>4.958000</speed>
      </trkpt>
      <trkpt lat="59.611317432" lon="26.002148492">
        <ele>-6.200</ele>
        <time>2026-08-11T13:06:30Z</time>
        <speed>5.134000</speed>
      </trkpt>
      <trkpt lat="59.611349786" lon="26.002223175">
        <ele>-6.000</ele>
        <time>2026-08-11T13:06:31Z</time>
        <speed>5.327000</speed>
      </trkpt>
      <trkpt lat="59.611413740" lon="26.002357202">
        <ele>-6.000</ele>
        <time>2026-08-11T13:06:33Z</time>
        <speed>5.044000</speed>
      </trkpt>
      <trkpt lat="59.611462606" lon="26.002472704">
        <ele>-6.400</ele>
        <time>2026-08-11T13:06:35Z</time>
        <speed>4.057000</speed>
      </trkpt>
      <trkpt lat="59.611610631" lon="26.002847962">
        <ele>-6.400</ele>
        <time>2026-08-11T13:06:41Z</time>
        <speed>3.904000</speed>
      </trkpt>
      <trkpt lat="59.611741304" lon="26.003222298">
        <ele>-6.200</ele>
        <time>2026-08-11T13:06:46Z</time>
        <speed>4.610000</speed>
      </trkpt>
      <trkpt lat="59.611948589" lon="26.003684644">
        <ele>-6.600</ele>
        <time>2026-08-11T13:06:52Z</time>
        <speed>4.952000</speed>
      </trkpt>
      <trkpt lat="59.612110863" lon="26.004143469">
        <ele>-6.800</ele>
        <time>2026-08-11T13:06:58Z</time>
        <speed>4.669000</speed>
      </trkpt>
      <trkpt lat="59.612139948" lon="26.004218822">
        <ele>-7.000</ele>
        <time>2026-08-11T13:06:59Z</time>
        <speed>5.015000</speed>
      </trkpt>
      <trkpt lat="59.612294342" lon="26.004621321">
        <ele>-7.400</ele>
        <time>2026-08-11T13:07:04Z</time>
        <speed>5.336000</speed>
      </trkpt>
      <trkpt lat="59.612354105" lon="26.004770016">
        <ele>-7.200</ele>
        <time>2026-08-11T13:07:06Z</time>
        <speed>5.052000</speed>
      </trkpt>
      <trkpt lat="59.612402301" lon="26.004943354">
        <ele>-7.200</ele>
        <time>2026-08-11T13:07:08Z</time>
        <speed>5.459000</speed>
      </trkpt>
      <trkpt lat="59.612422166" lon="26.005022647">
        <ele>-7.400</ele>
        <time>2026-08-11T13:07:09Z</time>
        <speed>4.830000</speed>
      </trkpt>
      <trkpt lat="59.612464076" lon="26.005183747">
        <ele>-7.600</ele>
        <time>2026-08-11T13:07:11Z</time>
        <speed>4.930000</speed>
      </trkpt>
      <trkpt lat="59.612530963" lon="26.005439144">
        <ele>-7.600</ele>
        <time>2026-08-11T13:07:14Z</time>
        <speed>5.273000</speed>
      </trkpt>
      <trkpt lat="59.612602126" lon="26.005761176">
        <ele>-8.600</ele>
        <time>2026-08-11T13:07:17Z</time>
        <speed>6.110000</speed>
      </trkpt>
      <trkpt lat="59.612636240" lon="26.005981704">
        <ele>-9.200</ele>
        <time>2026-08-11T13:07:19Z</time>
        <speed>5.817000</speed>
      </trkpt>
      <trkpt lat="59.612763729" lon="26.006459473">
        <ele>-9.000</ele>
        <time>2026-08-11T13:07:24Z</time>
        <speed>5.471000</speed>
      </trkpt>
      <trkpt lat="59.612966068" lon="26.006978815">
        <ele>-8.600</ele>
        <time>2026-08-11T13:07:31Z</time>
        <speed>4.729000</speed>
      </trkpt>
      <trkpt lat="59.613187267" lon="26.007429175">
        <ele>-9.000</ele>
        <time>2026-08-11T13:07:38Z</time>
        <speed>4.471000</speed>
      </trkpt>
      <trkpt lat="59.613397988" lon="26.007869476">
        <ele>-9.000</ele>
        <time>2026-08-11T13:07:46Z</time>
        <speed>3.815000</speed>
      </trkpt>
      <trkpt lat="59.613574175" lon="26.008279687">
        <ele>-8.400</ele>
        <time>2026-08-11T13:07:53Z</time>
        <speed>4.059000</speed>
      </trkpt>
      <trkpt lat="59.613682050" lon="26.008555954">
        <ele>-8.600</ele>
        <time>2026-08-11T13:07:57Z</time>
        <speed>4.531000</speed>
      </trkpt>
      <trkpt lat="59.613714153" lon="26.008625524">
        <ele>-8.800</ele>
        <time>2026-08-11T13:07:58Z</time>
        <speed>4.707000</speed>
      </trkpt>
      <trkpt lat="59.613967622" lon="26.009154171">
        <ele>-8.600</ele>
        <time>2026-08-11T13:08:06Z</time>
        <speed>3.599000</speed>
      </trkpt>
      <trkpt lat="59.614083711" lon="26.009445777">
        <ele>-9.000</ele>
        <time>2026-08-11T13:08:12Z</time>
        <speed>3.207000</speed>
      </trkpt>
      <trkpt lat="59.614218995" lon="26.009797314">
        <ele>-9.200</ele>
        <time>2026-08-11T13:08:18Z</time>
        <speed>4.112000</speed>
      </trkpt>
      <trkpt lat="59.614373306" lon="26.010184893">
        <ele>-8.800</ele>
        <time>2026-08-11T13:08:23Z</time>
        <speed>3.899000</speed>
      </trkpt>
      <trkpt lat="59.614399709" lon="26.010274161">
        <ele>-9.000</ele>
        <time>2026-08-11T13:08:24Z</time>
        <speed>4.139000</speed>
      </trkpt>
      <trkpt lat="59.614502471" lon="26.010629637">
        <ele>-9.600</ele>
        <time>2026-08-11T13:08:28Z</time>
        <speed>4.619000</speed>
      </trkpt>
      <trkpt lat="59.614623003" lon="26.010928787">
        <ele>-10.200</ele>
        <time>2026-08-11T13:08:32Z</time>
        <speed>4.472000</speed>
      </trkpt>
      <trkpt lat="59.614833556" lon="26.011409154">
        <ele>-9.400</ele>
        <time>2026-08-11T13:08:39Z</time>
        <speed>3.820000</speed>
      </trkpt>
      <trkpt lat="59.614969511" lon="26.011848031">
        <ele>-9.800</ele>
        <time>2026-08-11T13:08:45Z</time>
        <speed>4.044000</speed>
      </trkpt>
      <trkpt lat="59.615109405" lon="26.012436775">
        <ele>-9.600</ele>
        <time>2026-08-11T13:08:52Z</time>
        <speed>4.355000</speed>
      </trkpt>
      <trkpt lat="59.615218537" lon="26.012891075">
        <ele>-8.600</ele>
        <time>2026-08-11T13:08:58Z</time>
        <speed>4.168000</speed>
      </trkpt>
      <trkpt lat="59.615314007" lon="26.013221573">
        <ele>-8.800</ele>
        <time>2026-08-11T13:09:03Z</time>
        <speed>2.705000</speed>
      </trkpt>
      <trkpt lat="59.615397071" lon="26.013604794">
        <ele>-9.000</ele>
        <time>2026-08-11T13:09:08Z</time>
        <speed>3.851000</speed>
      </trkpt>
      <trkpt lat="59.615525985" lon="26.013975693">
        <ele>-8.600</ele>
        <time>2026-08-11T13:09:14Z</time>
        <speed>3.315000</speed>
      </trkpt>
      <trkpt lat="59.615599830" lon="26.014447091">
        <ele>-9.200</ele>
        <time>2026-08-11T13:09:20Z</time>
        <speed>4.772000</speed>
      </trkpt>
      <trkpt lat="59.615654480" lon="26.015055701">
        <ele>-9.200</ele>
        <time>2026-08-11T13:09:27Z</time>
        <speed>3.835000</speed>
      </trkpt>
      <trkpt lat="59.615694042" lon="26.015457194">
        <ele>-8.800</ele>
        <time>2026-08-11T13:09:32Z</time>
        <speed>3.990000</speed>
      </trkpt>
      <trkpt lat="59.615726983" lon="26.016002186">
        <ele>-8.800</ele>
        <time>2026-08-11T13:09:38Z</time>
        <speed>4.029000</speed>
      </trkpt>
      <trkpt lat="59.615763947" lon="26.016370906">
        <ele>-8.600</ele>
        <time>2026-08-11T13:09:43Z</time>
        <speed>3.148000</speed>
      </trkpt>
      <trkpt lat="59.615814658" lon="26.016781032">
        <ele>-8.200</ele>
        <time>2026-08-11T13:09:49Z</time>
        <speed>2.298000</speed>
      </trkpt>
      <trkpt lat="59.615846928" lon="26.017165175">
        <ele>-8.600</ele>
        <time>2026-08-11T13:09:54Z</time>
        <speed>3.350000</speed>
      </trkpt>
      <trkpt lat="59.615913900" lon="26.017613774">
        <ele>-8.800</ele>
        <time>2026-08-11T13:10:00Z</time>
        <speed>3.326000</speed>
      </trkpt>
      <trkpt lat="59.615990594" lon="26.017902447">
        <ele>-8.600</ele>
        <time>2026-08-11T13:10:04Z</time>
        <speed>3.296000</speed>
      </trkpt>
      <trkpt lat="59.616026217" lon="26.018148540">
        <ele>-8.400</ele>
        <time>2026-08-11T13:10:07Z</time>
        <speed>3.165000</speed>
      </trkpt>
      <trkpt lat="59.616030576" lon="26.018230263">
        <ele>-8.400</ele>
        <time>2026-08-11T13:10:08Z</time>
        <speed>3.033000</speed>
      </trkpt>
      <trkpt lat="59.616065193" lon="26.018626140">
        <ele>-8.800</ele>
        <time>2026-08-11T13:10:13Z</time>
        <speed>3.059000</speed>
      </trkpt>
      <trkpt lat="59.616136858" lon="26.019110447">
        <ele>-8.600</ele>
        <time>2026-08-11T13:10:19Z</time>
        <speed>3.284000</speed>
      </trkpt>
      <trkpt lat="59.616198968" lon="26.019474640">
        <ele>-8.800</ele>
        <time>2026-08-11T13:10:24Z</time>
        <speed>3.190000</speed>
      </trkpt>
      <trkpt lat="59.616279434" lon="26.019842522">
        <ele>-8.800</ele>
        <time>2026-08-11T13:10:29Z</time>
        <speed>3.903000</speed>
      </trkpt>
      <trkpt lat="59.616391836" lon="26.020276872">
        <ele>-8.800</ele>
        <time>2026-08-11T13:10:35Z</time>
        <speed>3.017000</speed>
      </trkpt>
      <trkpt lat="59.616444474" lon="26.020575939">
        <ele>-8.600</ele>
        <time>2026-08-11T13:10:39Z</time>
        <speed>4.323000</speed>
      </trkpt>
      <trkpt lat="59.616609681" lon="26.021134928">
        <ele>-8.600</ele>
        <time>2026-08-11T13:10:46Z</time>
        <speed>4.136000</speed>
      </trkpt>
      <trkpt lat="59.616707582" lon="26.021555196">
        <ele>-8.600</ele>
        <time>2026-08-11T13:10:52Z</time>
        <speed>3.959000</speed>
      </trkpt>
      <trkpt lat="59.616770865" lon="26.022029947">
        <ele>-9.400</ele>
        <time>2026-08-11T13:10:58Z</time>
        <speed>3.654000</speed>
      </trkpt>
      <trkpt lat="59.616844039" lon="26.022475110">
        <ele>-9.400</ele>
        <time>2026-08-11T13:11:03Z</time>
        <speed>4.121000</speed>
      </trkpt>
      <trkpt lat="59.616984939" lon="26.023032926">
        <ele>-9.000</ele>
        <time>2026-08-11T13:11:10Z</time>
        <speed>4.066000</speed>
      </trkpt>
      <trkpt lat="59.617129946" lon="26.023477418">
        <ele>-8.600</ele>
        <time>2026-08-11T13:11:16Z</time>
        <speed>4.200000</speed>
      </trkpt>
      <trkpt lat="59.617177472" lon="26.023647236">
        <ele>-8.600</ele>
        <time>2026-08-11T13:11:18Z</time>
        <speed>4.692000</speed>
      </trkpt>
      <trkpt lat="59.617242012" lon="26.023908164">
        <ele>-9.000</ele>
        <time>2026-08-11T13:11:21Z</time>
        <speed>4.385000</speed>
      </trkpt>
      <trkpt lat="59.617339158" lon="26.024258612">
        <ele>-8.000</ele>
        <time>2026-08-11T13:11:26Z</time>
        <speed>3.251000</speed>
      </trkpt>
      <trkpt lat="59.617418200" lon="26.024577124">
        <ele>-8.000</ele>
        <time>2026-08-11T13:11:31Z</time>
        <speed>3.248000</speed>
      </trkpt>
      <trkpt lat="59.617496822" lon="26.024898821">
        <ele>-8.400</ele>
        <time>2026-08-11T13:11:36Z</time>
        <speed>3.104000</speed>
      </trkpt>
      <trkpt lat="59.617555244" lon="26.025146339">
        <ele>-8.000</ele>
        <time>2026-08-11T13:11:40Z</time>
        <speed>2.829000</speed>
      </trkpt>
      <trkpt lat="59.617605032" lon="26.025430569">
        <ele>-8.000</ele>
        <time>2026-08-11T13:11:45Z</time>
        <speed>2.322000</speed>
      </trkpt>
      <trkpt lat="59.617651133" lon="26.025863327">
        <ele>-7.800</ele>
        <time>2026-08-11T13:11:51Z</time>
        <speed>3.050000</speed>
      </trkpt>
      <trkpt lat="59.617678709" lon="26.026226263">
        <ele>-7.600</ele>
        <time>2026-08-11T13:11:56Z</time>
        <speed>2.498000</speed>
      </trkpt>
      <trkpt lat="59.617676949" lon="26.026382083">
        <ele>-7.000</ele>
        <time>2026-08-11T13:11:58Z</time>
        <speed>2.877000</speed>
      </trkpt>
      <trkpt lat="59.617635123" lon="26.026860941">
        <ele>-7.800</ele>
        <time>2026-08-11T13:12:04Z</time>
        <speed>3.328000</speed>
      </trkpt>
      <trkpt lat="59.617573600" lon="26.027184231">
        <ele>-7.600</ele>
        <time>2026-08-11T13:12:08Z</time>
        <speed>3.501000</speed>
      </trkpt>
      <trkpt lat="59.617537055" lon="26.027561920">
        <ele>-8.000</ele>
        <time>2026-08-11T13:12:13Z</time>
        <speed>2.547000</speed>
      </trkpt>
      <trkpt lat="59.617476370" lon="26.027962659">
        <ele>-7.800</ele>
        <time>2026-08-11T13:12:18Z</time>
        <speed>3.206000</speed>
      </trkpt>
      <trkpt lat="59.617408728" lon="26.028394662">
        <ele>-6.800</ele>
        <time>2026-08-11T13:12:24Z</time>
        <speed>2.568000</speed>
      </trkpt>
      <trkpt lat="59.617404118" lon="26.028520474">
        <ele>-6.400</ele>
        <time>2026-08-11T13:12:26Z</time>
        <speed>2.125000</speed>
      </trkpt>
      <trkpt lat="59.617365478" lon="26.028805962">
        <ele>-6.600</ele>
        <time>2026-08-11T13:12:30Z</time>
        <speed>3.303000</speed>
      </trkpt>
      <trkpt lat="59.617289873" lon="26.029280461">
        <ele>-7.000</ele>
        <time>2026-08-11T13:12:36Z</time>
        <speed>3.165000</speed>
      </trkpt>
      <trkpt lat="59.617203623" lon="26.029735431">
        <ele>-7.000</ele>
        <time>2026-08-11T13:12:43Z</time>
        <speed>3.509000</speed>
      </trkpt>
      <trkpt lat="59.617162133" lon="26.030023433">
        <ele>-7.000</ele>
        <time>2026-08-11T13:12:47Z</time>
        <speed>3.875000</speed>
      </trkpt>
      <trkpt lat="59.617111338" lon="26.030479660">
        <ele>-7.200</ele>
        <time>2026-08-11T13:12:53Z</time>
        <speed>3.586000</speed>
      </trkpt>
      <trkpt lat="59.617042104" lon="26.030990370">
        <ele>-7.600</ele>
        <time>2026-08-11T13:12:59Z</time>
        <speed>4.327000</speed>
      </trkpt>
      <trkpt lat="59.617029279" lon="26.031064047">
        <ele>-7.600</ele>
        <time>2026-08-11T13:13:00Z</time>
        <speed>3.957000</speed>
      </trkpt>
      <trkpt lat="59.616999188" lon="26.031397479">
        <ele>-7.400</ele>
        <time>2026-08-11T13:13:05Z</time>
        <speed>2.956000</speed>
      </trkpt>
      <trkpt lat="59.616888128" lon="26.031776676">
        <ele>-7.200</ele>
        <time>2026-08-11T13:13:10Z</time>
        <speed>4.314000</speed>
      </trkpt>
      <trkpt lat="59.616793245" lon="26.032079682">
        <ele>-7.600</ele>
        <time>2026-08-11T13:13:15Z</time>
        <speed>2.602000</speed>
      </trkpt>
      <trkpt lat="59.616712779" lon="26.032383023">
        <ele>-7.600</ele>
        <time>2026-08-11T13:13:21Z</time>
        <speed>2.632000</speed>
      </trkpt>
      <trkpt lat="59.616610184" lon="26.032740260">
        <ele>-7.000</ele>
        <time>2026-08-11T13:13:28Z</time>
        <speed>3.255000</speed>
      </trkpt>
      <trkpt lat="59.616411449" lon="26.033285335">
        <ele>-6.800</ele>
        <time>2026-08-11T13:13:36Z</time>
        <speed>2.628000</speed>
      </trkpt>
      <trkpt lat="59.616259485" lon="26.033751201">
        <ele>-6.600</ele>
        <time>2026-08-11T13:13:42Z</time>
        <speed>2.169000</speed>
      </trkpt>
      <trkpt lat="59.616213469" lon="26.033858405">
        <ele>-6.400</ele>
        <time>2026-08-11T13:13:43Z</time>
        <speed>2.418000</speed>
      </trkpt>
      <trkpt lat="59.616025882" lon="26.034417562">
        <ele>-6.200</ele>
        <time>2026-08-11T13:13:49Z</time>
        <speed>4.200000</speed>
      </trkpt>
      <trkpt lat="59.615919096" lon="26.034925841">
        <ele>-6.400</ele>
        <time>2026-08-11T13:13:56Z</time>
        <speed>3.921000</speed>
      </trkpt>
      <trkpt lat="59.615823375" lon="26.035560938">
        <ele>-6.400</ele>
        <time>2026-08-11T13:14:04Z</time>
        <speed>4.488000</speed>
      </trkpt>
      <trkpt lat="59.615711560" lon="26.036335006">
        <ele>-7.000</ele>
        <time>2026-08-11T13:14:13Z</time>
        <speed>4.350000</speed>
      </trkpt>
      <trkpt lat="59.615663951" lon="26.036740271">
        <ele>-6.600</ele>
        <time>2026-08-11T13:14:18Z</time>
        <speed>4.471000</speed>
      </trkpt>
      <trkpt lat="59.615589101" lon="26.037282916">
        <ele>-5.800</ele>
        <time>2026-08-11T13:14:25Z</time>
        <speed>3.968000</speed>
      </trkpt>
      <trkpt lat="59.615535205" lon="26.037710644">
        <ele>-6.200</ele>
        <time>2026-08-11T13:14:31Z</time>
        <speed>3.868000</speed>
      </trkpt>
      <trkpt lat="59.615441915" lon="26.038271813">
        <ele>-6.400</ele>
        <time>2026-08-11T13:14:39Z</time>
        <speed>3.916000</speed>
      </trkpt>
      <trkpt lat="59.615354659" lon="26.038777158">
        <ele>-6.600</ele>
        <time>2026-08-11T13:14:46Z</time>
        <speed>3.523000</speed>
      </trkpt>
      <trkpt lat="59.615268745" lon="26.039075470">
        <ele>-6.600</ele>
        <time>2026-08-11T13:14:51Z</time>
        <speed>2.990000</speed>
      </trkpt>
      <trkpt lat="59.615239324" lon="26.039226176">
        <ele>-6.000</ele>
        <time>2026-08-11T13:14:54Z</time>
        <speed>2.045000</speed>
      </trkpt>
      <trkpt lat="59.615198169" lon="26.039334722">
        <ele>-5.400</ele>
        <time>2026-08-11T13:14:57Z</time>
        <speed>1.283000</speed>
      </trkpt>
      <trkpt lat="59.615189703" lon="26.039373614">
        <ele>-5.400</ele>
        <time>2026-08-11T13:14:58Z</time>
        <speed>1.377000</speed>
      </trkpt>
      <trkpt lat="59.615113260" lon="26.039570505">
        <ele>-5.000</ele>
        <time>2026-08-11T13:15:02Z</time>
        <speed>1.080000</speed>
      </trkpt>
    </trkseg>
    <trkseg>
      <trkpt lat="59.615030866" lon="26.039722804">
        <ele>-5.200</ele>
        <time>2026-08-11T13:16:06Z</time>
        <speed>1.619000</speed>
      </trkpt>
      <trkpt lat="59.614991890" lon="26.039743675">
        <ele>-5.000</ele>
        <time>2026-08-11T13:16:08Z</time>
        <speed>1.267000</speed>
      </trkpt>
    </trkseg>
    <trkseg>
      <trkpt lat="59.614808830" lon="26.039940901">
        <ele>-5.200</ele>
        <time>2026-08-11T13:16:18Z</time>
        <speed>1.557000</speed>
      </trkpt>
      <trkpt lat="59.614738338" lon="26.040020278">
        <ele>-5.200</ele>
        <time>2026-08-11T13:16:20Z</time>
        <speed>1.678000</speed>
      </trkpt>
      <trkpt lat="59.614641359" lon="26.040108120">
        <ele>-5.000</ele>
        <time>2026-08-11T13:16:23Z</time>
        <speed>1.550000</speed>
      </trkpt>
      <trkpt lat="59.614406750" lon="26.040345076">
        <ele>-4.800</ele>
        <time>2026-08-11T13:16:31Z</time>
        <speed>0.920000</speed>
      </trkpt>
      <trkpt lat="59.614215894" lon="26.040563677">
        <ele>-5.000</ele>
        <time>2026-08-11T13:16:37Z</time>
        <speed>1.085000</speed>
      </trkpt>
      <trkpt lat="59.614019589" lon="26.040710947">
        <ele>-5.200</ele>
        <time>2026-08-11T13:16:43Z</time>
        <speed>2.644000</speed>
      </trkpt>
      <trkpt lat="59.613812808" lon="26.040853858">
        <ele>-5.400</ele>
        <time>2026-08-11T13:16:49Z</time>
        <speed>2.056000</speed>
      </trkpt>
      <trkpt lat="59.613616839" lon="26.041003810">
        <ele>-5.000</ele>
        <time>2026-08-11T13:16:54Z</time>
        <speed>2.680000</speed>
      </trkpt>
      <trkpt lat="59.613403268" lon="26.041147560">
        <ele>-4.800</ele>
        <time>2026-08-11T13:17:00Z</time>
        <speed>2.163000</speed>
      </trkpt>
      <trkpt lat="59.613171760" lon="26.041317545">
        <ele>-4.200</ele>
        <time>2026-08-11T13:17:06Z</time>
        <speed>2.135000</speed>
      </trkpt>
      <trkpt lat="59.613126665" lon="26.041346379">
        <ele>-4.200</ele>
        <time>2026-08-11T13:17:07Z</time>
        <speed>2.457000</speed>
      </trkpt>
      <trkpt lat="59.612856684" lon="26.041539917">
        <ele>-4.000</ele>
        <time>2026-08-11T13:17:14Z</time>
        <speed>2.617000</speed>
      </trkpt>
      <trkpt lat="59.612619895" lon="26.041710824">
        <ele>-4.000</ele>
        <time>2026-08-11T13:17:21Z</time>
        <speed>2.528000</speed>
      </trkpt>
      <trkpt lat="59.612386459" lon="26.041904194">
        <ele>-4.600</ele>
        <time>2026-08-11T13:17:28Z</time>
        <speed>3.332000</speed>
      </trkpt>
      <trkpt lat="59.612224186" lon="26.042047860">
        <ele>-4.800</ele>
        <time>2026-08-11T13:17:33Z</time>
        <speed>3.573000</speed>
      </trkpt>
      <trkpt lat="59.612030732" lon="26.042214576">
        <ele>-4.000</ele>
        <time>2026-08-11T13:17:39Z</time>
        <speed>2.477000</speed>
      </trkpt>
      <trkpt lat="59.611843731" lon="26.042382214">
        <ele>-3.600</ele>
        <time>2026-08-11T13:17:45Z</time>
        <speed>1.400000</speed>
      </trkpt>
      <trkpt lat="59.611569894" lon="26.042656889">
        <ele>-3.400</ele>
        <time>2026-08-11T13:17:52Z</time>
        <speed>1.752000</speed>
      </trkpt>
      <trkpt lat="59.611512059" lon="26.042706678">
        <ele>-3.200</ele>
        <time>2026-08-11T13:17:54Z</time>
        <speed>1.734000</speed>
      </trkpt>
      <trkpt lat="59.611426983" lon="26.042751437">
        <ele>-3.000</ele>
        <time>2026-08-11T13:17:58Z</time>
        <speed>1.406000</speed>
      </trkpt>
      <trkpt lat="59.611198492" lon="26.042871634">
        <ele>-3.000</ele>
        <time>2026-08-11T13:18:06Z</time>
        <speed>2.238000</speed>
      </trkpt>
      <trkpt lat="59.610936893" lon="26.043051174">
        <ele>-3.400</ele>
        <time>2026-08-11T13:18:12Z</time>
        <speed>2.483000</speed>
      </trkpt>
      <trkpt lat="59.610759532" lon="26.043158881">
        <ele>-4.400</ele>
        <time>2026-08-11T13:18:16Z</time>
        <speed>3.486000</speed>
      </trkpt>
      <trkpt lat="59.610670600" lon="26.043212442">
        <ele>-4.800</ele>
        <time>2026-08-11T13:18:18Z</time>
        <speed>3.631000</speed>
      </trkpt>
      <trkpt lat="59.610425513" lon="26.043402795">
        <ele>-5.000</ele>
        <time>2026-08-11T13:18:24Z</time>
        <speed>2.463000</speed>
      </trkpt>
      <trkpt lat="59.610238681" lon="26.043555597">
        <ele>-5.000</ele>
        <time>2026-08-11T13:18:29Z</time>
        <speed>2.890000</speed>
      </trkpt>
      <trkpt lat="59.609903824" lon="26.043820716">
        <ele>-4.600</ele>
        <time>2026-08-11T13:18:36Z</time>
        <speed>2.325000</speed>
      </trkpt>
      <trkpt lat="59.609611966" lon="26.044061026">
        <ele>-4.400</ele>
        <time>2026-08-11T13:18:43Z</time>
        <speed>2.716000</speed>
      </trkpt>
      <trkpt lat="59.609400909" lon="26.044233022">
        <ele>-4.600</ele>
        <time>2026-08-11T13:18:49Z</time>
        <speed>1.679000</speed>
      </trkpt>
      <trkpt lat="59.609260261" lon="26.044341400">
        <ele>-4.600</ele>
        <time>2026-08-11T13:18:54Z</time>
        <speed>3.121000</speed>
      </trkpt>
      <trkpt lat="59.609074350" lon="26.044513397">
        <ele>-4.000</ele>
        <time>2026-08-11T13:19:00Z</time>
        <speed>2.851000</speed>
      </trkpt>
      <trkpt lat="59.608695237" lon="26.044899970">
        <ele>-3.400</ele>
        <time>2026-08-11T13:19:08Z</time>
        <speed>2.025000</speed>
      </trkpt>
      <trkpt lat="59.608577890" lon="26.045041373">
        <ele>-3.200</ele>
        <time>2026-08-11T13:19:10Z</time>
        <speed>2.257000</speed>
      </trkpt>
      <trkpt lat="59.608460711" lon="26.045218818">
        <ele>-3.600</ele>
        <time>2026-08-11T13:19:13Z</time>
        <speed>2.398000</speed>
      </trkpt>
      <trkpt lat="59.608300198" lon="26.045398442">
        <ele>-3.600</ele>
        <time>2026-08-11T13:19:18Z</time>
        <speed>2.949000</speed>
      </trkpt>
      <trkpt lat="59.608155610" lon="26.045663562">
        <ele>-4.000</ele>
        <time>2026-08-11T13:19:24Z</time>
        <speed>3.059000</speed>
      </trkpt>
      <trkpt lat="59.607930891" lon="26.046070587">
        <ele>-4.000</ele>
        <time>2026-08-11T13:19:31Z</time>
        <speed>3.754000</speed>
      </trkpt>
      <trkpt lat="59.607707765" lon="26.046578865">
        <ele>-3.800</ele>
        <time>2026-08-11T13:19:39Z</time>
        <speed>3.663000</speed>
      </trkpt>
      <trkpt lat="59.607557561" lon="26.046953704">
        <ele>-3.600</ele>
        <time>2026-08-11T13:19:45Z</time>
        <speed>3.656000</speed>
      </trkpt>
      <trkpt lat="59.607395371" lon="26.047341367">
        <ele>-3.600</ele>
        <time>2026-08-11T13:19:50Z</time>
        <speed>3.645000</speed>
      </trkpt>
      <trkpt lat="59.607279450" lon="26.047657700">
        <ele>-3.200</ele>
        <time>2026-08-11T13:19:55Z</time>
        <speed>3.119000</speed>
      </trkpt>
      <trkpt lat="59.607128575" lon="26.048111329">
        <ele>-3.600</ele>
        <time>2026-08-11T13:20:02Z</time>
        <speed>4.196000</speed>
      </trkpt>
      <trkpt lat="59.607008127" lon="26.048434954">
        <ele>-3.000</ele>
        <time>2026-08-11T13:20:07Z</time>
        <speed>3.528000</speed>
      </trkpt>
      <trkpt lat="59.606844848" lon="26.048865784">
        <ele>-3.000</ele>
        <time>2026-08-11T13:20:13Z</time>
        <speed>3.923000</speed>
      </trkpt>
      <trkpt lat="59.606702607" lon="26.049230816">
        <ele>-3.400</ele>
        <time>2026-08-11T13:20:19Z</time>
        <speed>3.574000</speed>
      </trkpt>
      <trkpt lat="59.606567826" lon="26.049562739">
        <ele>-3.400</ele>
        <time>2026-08-11T13:20:25Z</time>
        <speed>2.938000</speed>
      </trkpt>
      <trkpt lat="59.606417455" lon="26.049956521">
        <ele>-3.600</ele>
        <time>2026-08-11T13:20:31Z</time>
        <speed>3.542000</speed>
      </trkpt>
      <trkpt lat="59.606241519" lon="26.050396571">
        <ele>-3.000</ele>
        <time>2026-08-11T13:20:38Z</time>
        <speed>2.899000</speed>
      </trkpt>
      <trkpt lat="59.606102882" lon="26.050682645">
        <ele>-3.200</ele>
        <time>2026-08-11T13:20:43Z</time>
        <speed>3.684000</speed>
      </trkpt>
      <trkpt lat="59.606015040" lon="26.050914321">
        <ele>-3.400</ele>
        <time>2026-08-11T13:20:47Z</time>
        <speed>3.161000</speed>
      </trkpt>
      <trkpt lat="59.605874224" lon="26.051240209">
        <ele>-2.600</ele>
        <time>2026-08-11T13:20:53Z</time>
        <speed>3.056000</speed>
      </trkpt>
      <trkpt lat="59.605751345" lon="26.051534498">
        <ele>-2.600</ele>
        <time>2026-08-11T13:20:58Z</time>
        <speed>2.586000</speed>
      </trkpt>
      <trkpt lat="59.605628215" lon="26.051901542">
        <ele>-2.800</ele>
        <time>2026-08-11T13:21:04Z</time>
        <speed>1.894000</speed>
      </trkpt>
      <trkpt lat="59.605550263" lon="26.052216785">
        <ele>-2.800</ele>
        <time>2026-08-11T13:21:11Z</time>
        <speed>1.940000</speed>
      </trkpt>
      <trkpt lat="59.605429480" lon="26.052606292">
        <ele>-3.600</ele>
        <time>2026-08-11T13:21:17Z</time>
        <speed>3.146000</speed>
      </trkpt>
      <trkpt lat="59.605245497" lon="26.053149439">
        <ele>-3.200</ele>
        <time>2026-08-11T13:21:24Z</time>
        <speed>3.891000</speed>
      </trkpt>
      <trkpt lat="59.605160085" lon="26.053496366">
        <ele>-3.400</ele>
        <time>2026-08-11T13:21:28Z</time>
        <speed>4.575000</speed>
      </trkpt>
      <trkpt lat="59.605079703" lon="26.053943541">
        <ele>-3.800</ele>
        <time>2026-08-11T13:21:33Z</time>
        <speed>4.612000</speed>
      </trkpt>
      <trkpt lat="59.605063275" lon="26.054033060">
        <ele>-3.800</ele>
        <time>2026-08-11T13:21:34Z</time>
        <speed>4.671000</speed>
      </trkpt>
      <trkpt lat="59.605052629" lon="26.054131798">
        <ele>-3.800</ele>
        <time>2026-08-11T13:21:35Z</time>
        <speed>4.608000</speed>
      </trkpt>
      <trkpt lat="59.605028071" lon="26.054540919">
        <ele>-4.000</ele>
        <time>2026-08-11T13:21:40Z</time>
        <speed>4.394000</speed>
      </trkpt>
      <trkpt lat="59.605002590" lon="26.055127233">
        <ele>-4.000</ele>
        <time>2026-08-11T13:21:47Z</time>
        <speed>4.353000</speed>
      </trkpt>
      <trkpt lat="59.605001248" lon="26.055296380">
        <ele>-4.400</ele>
        <time>2026-08-11T13:21:49Z</time>
        <speed>4.353000</speed>
      </trkpt>
      <trkpt lat="59.605015917" lon="26.055620341">
        <ele>-4.000</ele>
        <time>2026-08-11T13:21:53Z</time>
        <speed>4.157000</speed>
      </trkpt>
      <trkpt lat="59.605014659" lon="26.055797786">
        <ele>-4.000</ele>
        <time>2026-08-11T13:21:55Z</time>
        <speed>4.682000</speed>
      </trkpt>
      <trkpt lat="59.604968978" lon="26.056191986">
        <ele>-4.800</ele>
        <time>2026-08-11T13:21:59Z</time>
        <speed>5.441000</speed>
      </trkpt>
      <trkpt lat="59.604910389" lon="26.056781318">
        <ele>-5.400</ele>
        <time>2026-08-11T13:22:05Z</time>
        <speed>5.001000</speed>
      </trkpt>
      <trkpt lat="59.604885075" lon="26.056954404">
        <ele>-6.000</ele>
        <time>2026-08-11T13:22:07Z</time>
        <speed>4.730000</speed>
      </trkpt>
      <trkpt lat="59.604853140" lon="26.057423707">
        <ele>-5.000</ele>
        <time>2026-08-11T13:22:13Z</time>
        <speed>3.777000</speed>
      </trkpt>
      <trkpt lat="59.604800418" lon="26.058060480">
        <ele>-5.400</ele>
        <time>2026-08-11T13:22:21Z</time>
        <speed>4.437000</speed>
      </trkpt>
      <trkpt lat="59.604744343" lon="26.058620056">
        <ele>-5.000</ele>
        <time>2026-08-11T13:22:28Z</time>
        <speed>3.694000</speed>
      </trkpt>
      <trkpt lat="59.604664883" lon="26.059176279">
        <ele>-5.400</ele>
        <time>2026-08-11T13:22:35Z</time>
        <speed>4.525000</speed>
      </trkpt>
      <trkpt lat="59.604613334" lon="26.059638206">
        <ele>-5.200</ele>
        <time>2026-08-11T13:22:41Z</time>
        <speed>4.057000</speed>
      </trkpt>
      <trkpt lat="59.604568323" lon="26.060089404">
        <ele>-5.200</ele>
        <time>2026-08-11T13:22:47Z</time>
        <speed>4.717000</speed>
      </trkpt>
      <trkpt lat="59.604554661" lon="26.060174899">
        <ele>-5.400</ele>
        <time>2026-08-11T13:22:48Z</time>
        <speed>5.098000</speed>
      </trkpt>
      <trkpt lat="59.604505962" lon="26.060576057">
        <ele>-5.200</ele>
        <time>2026-08-11T13:22:53Z</time>
        <speed>3.832000</speed>
      </trkpt>
      <trkpt lat="59.604441170" lon="26.061070170">
        <ele>-4.600</ele>
        <time>2026-08-11T13:23:00Z</time>
        <speed>3.832000</speed>
      </trkpt>
      <trkpt lat="59.604414431" lon="26.061263122">
        <ele>-4.400</ele>
        <time>2026-08-11T13:23:03Z</time>
        <speed>3.456000</speed>
      </trkpt>
      <trkpt lat="59.604380988" lon="26.061548106">
        <ele>-4.200</ele>
        <time>2026-08-11T13:23:07Z</time>
        <speed>4.259000</speed>
      </trkpt>
      <trkpt lat="59.604306305" lon="26.061895201">
        <ele>-4.200</ele>
        <time>2026-08-11T13:23:12Z</time>
        <speed>3.997000</speed>
      </trkpt>
      <trkpt lat="59.604204046" lon="26.062186304">
        <ele>-4.400</ele>
        <time>2026-08-11T13:23:17Z</time>
        <speed>4.229000</speed>
      </trkpt>
      <trkpt lat="59.604084603" lon="26.062414711">
        <ele>-4.800</ele>
        <time>2026-08-11T13:23:21Z</time>
        <speed>4.802000</speed>
      </trkpt>
      <trkpt lat="59.604028193" lon="26.062517893">
        <ele>-5.200</ele>
        <time>2026-08-11T13:23:23Z</time>
        <speed>4.276000</speed>
      </trkpt>
      <trkpt lat="59.603973124" lon="26.062623505">
        <ele>-5.600</ele>
        <time>2026-08-11T13:23:25Z</time>
        <speed>4.122000</speed>
      </trkpt>
      <trkpt lat="59.603828117" lon="26.062869430">
        <ele>-5.600</ele>
        <time>2026-08-11T13:23:30Z</time>
        <speed>3.150000</speed>
      </trkpt>
      <trkpt lat="59.603703395" lon="26.063165227">
        <ele>-6.000</ele>
        <time>2026-08-11T13:23:36Z</time>
        <speed>3.145000</speed>
      </trkpt>
      <trkpt lat="59.603635250" lon="26.063336721">
        <ele>-6.600</ele>
        <time>2026-08-11T13:23:39Z</time>
        <speed>3.841000</speed>
      </trkpt>
      <trkpt lat="59.603556627" lon="26.063549956">
        <ele>-7.600</ele>
        <time>2026-08-11T13:23:42Z</time>
        <speed>4.822000</speed>
      </trkpt>
      <trkpt lat="59.603528632" lon="26.063637380">
        <ele>-7.800</ele>
        <time>2026-08-11T13:23:43Z</time>
        <speed>5.213000</speed>
      </trkpt>
      <trkpt lat="59.603414387" lon="26.064031916">
        <ele>-8.600</ele>
        <time>2026-08-11T13:23:47Z</time>
        <speed>5.768000</speed>
      </trkpt>
      <trkpt lat="59.603368873" lon="26.064252779">
        <ele>-8.800</ele>
        <time>2026-08-11T13:23:49Z</time>
        <speed>6.180000</speed>
      </trkpt>
      <trkpt lat="59.603330316" lon="26.064478839">
        <ele>-8.800</ele>
        <time>2026-08-11T13:23:51Z</time>
        <speed>6.333000</speed>
      </trkpt>
      <trkpt lat="59.603322437" lon="26.064596688">
        <ele>-8.800</ele>
        <time>2026-08-11T13:23:52Z</time>
        <speed>6.384000</speed>
      </trkpt>
      <trkpt lat="59.603311038" lon="26.065190714">
        <ele>-9.000</ele>
        <time>2026-08-11T13:23:58Z</time>
        <speed>4.876000</speed>
      </trkpt>
      <trkpt lat="59.603307601" lon="26.065641576">
        <ele>-8.800</ele>
        <time>2026-08-11T13:24:03Z</time>
        <speed>4.753000</speed>
      </trkpt>
      <trkpt lat="59.603294190" lon="26.065912144">
        <ele>-9.000</ele>
        <time>2026-08-11T13:24:06Z</time>
        <speed>4.669000</speed>
      </trkpt>
      <trkpt lat="59.603291173" lon="26.066167960">
        <ele>-9.200</ele>
        <time>2026-08-11T13:24:09Z</time>
        <speed>4.268000</speed>
      </trkpt>
      <trkpt lat="59.603257980" lon="26.066557383">
        <ele>-9.400</ele>
        <time>2026-08-11T13:24:14Z</time>
        <speed>4.236000</speed>
      </trkpt>
      <trkpt lat="59.603177179" lon="26.067024171">
        <ele>-8.800</ele>
        <time>2026-08-11T13:24:20Z</time>
        <speed>4.588000</speed>
      </trkpt>
      <trkpt lat="59.603018845" lon="26.067666896">
        <ele>-8.800</ele>
        <time>2026-08-11T13:24:28Z</time>
        <speed>5.102000</speed>
      </trkpt>
      <trkpt lat="59.602891691" lon="26.068109209">
        <ele>-9.400</ele>
        <time>2026-08-11T13:24:34Z</time>
        <speed>4.666000</speed>
      </trkpt>
      <trkpt lat="59.602755401" lon="26.068575243">
        <ele>-8.800</ele>
        <time>2026-08-11T13:24:40Z</time>
        <speed>4.924000</speed>
      </trkpt>
      <trkpt lat="59.602608969" lon="26.069132052">
        <ele>-9.400</ele>
        <time>2026-08-11T13:24:47Z</time>
        <speed>4.867000</speed>
      </trkpt>
      <trkpt lat="59.602481062" lon="26.069703279">
        <ele>-8.600</ele>
        <time>2026-08-11T13:24:54Z</time>
        <speed>5.570000</speed>
      </trkpt>
      <trkpt lat="59.602442002" lon="26.069937469">
        <ele>-8.800</ele>
        <time>2026-08-11T13:24:57Z</time>
        <speed>4.519000</speed>
      </trkpt>
      <trkpt lat="59.602426579" lon="26.070011901">
        <ele>-8.800</ele>
        <time>2026-08-11T13:24:58Z</time>
        <speed>4.745000</speed>
      </trkpt>
      <trkpt lat="59.602302527" lon="26.070585474">
        <ele>-8.800</ele>
        <time>2026-08-11T13:25:05Z</time>
        <speed>4.987000</speed>
      </trkpt>
      <trkpt lat="59.602194903" lon="26.071159216">
        <ele>-9.000</ele>
        <time>2026-08-11T13:25:12Z</time>
        <speed>4.764000</speed>
      </trkpt>
      <trkpt lat="59.602124412" lon="26.071560960">
        <ele>-10.000</ele>
        <time>2026-08-11T13:25:17Z</time>
        <speed>4.655000</speed>
      </trkpt>
      <trkpt lat="59.602070516" lon="26.071858769">
        <ele>-10.000</ele>
        <time>2026-08-11T13:25:21Z</time>
        <speed>2.966000</speed>
      </trkpt>
      <trkpt lat="59.602023242" lon="26.072167726">
        <ele>-9.800</ele>
        <time>2026-08-11T13:25:25Z</time>
        <speed>4.599000</speed>
      </trkpt>
      <trkpt lat="59.601969849" lon="26.072562262">
        <ele>-8.800</ele>
        <time>2026-08-11T13:25:30Z</time>
        <speed>4.581000</speed>
      </trkpt>
      <trkpt lat="59.601947470" lon="26.072720764">
        <ele>-8.600</ele>
        <time>2026-08-11T13:25:32Z</time>
        <speed>4.290000</speed>
      </trkpt>
      <trkpt lat="59.601897094" lon="26.073176488">
        <ele>-8.400</ele>
        <time>2026-08-11T13:25:38Z</time>
        <speed>4.126000</speed>
      </trkpt>
      <trkpt lat="59.601856358" lon="26.073467508">
        <ele>-8.400</ele>
        <time>2026-08-11T13:25:42Z</time>
        <speed>4.276000</speed>
      </trkpt>
      <trkpt lat="59.601791566" lon="26.073949132">
        <ele>-9.000</ele>
        <time>2026-08-11T13:25:48Z</time>
        <speed>4.642000</speed>
      </trkpt>
      <trkpt lat="59.601747226" lon="26.074197572">
        <ele>-9.200</ele>
        <time>2026-08-11T13:25:51Z</time>
        <speed>4.800000</speed>
      </trkpt>
      <trkpt lat="59.601726690" lon="26.074372418">
        <ele>-9.400</ele>
        <time>2026-08-11T13:25:53Z</time>
        <speed>4.575000</speed>
      </trkpt>
      <trkpt lat="59.601671956" lon="26.074864771">
        <ele>-9.000</ele>
        <time>2026-08-11T13:25:59Z</time>
        <speed>4.172000</speed>
      </trkpt>
      <trkpt lat="59.601621665" lon="26.075320998">
        <ele>-8.600</ele>
        <time>2026-08-11T13:26:05Z</time>
        <speed>4.339000</speed>
      </trkpt>
      <trkpt lat="59.601558298" lon="26.075816369">
        <ele>-9.000</ele>
        <time>2026-08-11T13:26:11Z</time>
        <speed>4.201000</speed>
      </trkpt>
      <trkpt lat="59.601510018" lon="26.076284666">
        <ele>-8.600</ele>
        <time>2026-08-11T13:26:17Z</time>
        <speed>4.061000</speed>
      </trkpt>
      <trkpt lat="59.601445729" lon="26.076700408">
        <ele>-8.000</ele>
        <time>2026-08-11T13:26:23Z</time>
        <speed>3.315000</speed>
      </trkpt>
      <trkpt lat="59.601383032" lon="26.077061333">
        <ele>-8.200</ele>
        <time>2026-08-11T13:26:28Z</time>
        <speed>4.300000</speed>
      </trkpt>
      <trkpt lat="59.601313714" lon="26.077621328">
        <ele>-9.000</ele>
        <time>2026-08-11T13:26:35Z</time>
        <speed>4.406000</speed>
      </trkpt>
      <trkpt lat="59.601237690" lon="26.078090882">
        <ele>-9.200</ele>
        <time>2026-08-11T13:26:41Z</time>
        <speed>4.214000</speed>
      </trkpt>
      <trkpt lat="59.601137526" lon="26.078512743">
        <ele>-8.800</ele>
        <time>2026-08-11T13:26:47Z</time>
        <speed>4.125000</speed>
      </trkpt>
      <trkpt lat="59.601022359" lon="26.078938376">
        <ele>-8.800</ele>
        <time>2026-08-11T13:26:53Z</time>
        <speed>4.173000</speed>
      </trkpt>
      <trkpt lat="59.600910377" lon="26.079260912">
        <ele>-9.200</ele>
        <time>2026-08-11T13:26:58Z</time>
        <speed>3.006000</speed>
      </trkpt>
      <trkpt lat="59.600760173" lon="26.079624100">
        <ele>-8.600</ele>
        <time>2026-08-11T13:27:04Z</time>
        <speed>3.818000</speed>
      </trkpt>
      <trkpt lat="59.600622458" lon="26.079948228">
        <ele>-8.800</ele>
        <time>2026-08-11T13:27:09Z</time>
        <speed>3.903000</speed>
      </trkpt>
      <trkpt lat="59.600470830" lon="26.080248803">
        <ele>-9.200</ele>
        <time>2026-08-11T13:27:14Z</time>
        <speed>5.877000</speed>
      </trkpt>
      <trkpt lat="59.600440236" lon="26.080314852">
        <ele>-9.400</ele>
        <time>2026-08-11T13:27:15Z</time>
        <speed>4.332000</speed>
      </trkpt>
      <trkpt lat="59.600327834" lon="26.080530016">
        <ele>-8.400</ele>
        <time>2026-08-11T13:27:20Z</time>
        <speed>2.366000</speed>
      </trkpt>
    </trkseg>
    <trkseg>
      <trkpt lat="59.600232532" lon="26.080713244">
        <ele>-8.000</ele>
        <time>2026-08-11T13:27:34Z</time>
        <speed>1.659000</speed>
      </trkpt>
      <trkpt lat="59.600208560" lon="26.080803014">
        <ele>-8.200</ele>
        <time>2026-08-11T13:27:37Z</time>
        <speed>1.290000</speed>
      </trkpt>
      <trkpt lat="59.600126836" lon="26.081062602">
        <ele>-8.200</ele>
        <time>2026-08-11T13:27:45Z</time>
        <speed>2.215000</speed>
      </trkpt>
      <trkpt lat="59.599996917" lon="26.081275418">
        <ele>-8.400</ele>
        <time>2026-08-11T13:27:49Z</time>
        <speed>3.738000</speed>
      </trkpt>
      <trkpt lat="59.599772366" lon="26.081650425">
        <ele>-8.400</ele>
        <time>2026-08-11T13:27:56Z</time>
        <speed>4.148000</speed>
      </trkpt>
      <trkpt lat="59.599672537" lon="26.081811441">
        <ele>-9.000</ele>
        <time>2026-08-11T13:27:59Z</time>
        <speed>4.340000</speed>
      </trkpt>
      <trkpt lat="59.599567093" lon="26.081994083">
        <ele>-9.200</ele>
        <time>2026-08-11T13:28:02Z</time>
        <speed>4.681000</speed>
      </trkpt>
      <trkpt lat="59.599348661" lon="26.082382249">
        <ele>-9.600</ele>
        <time>2026-08-11T13:28:09Z</time>
        <speed>4.326000</speed>
      </trkpt>
      <trkpt lat="59.599224525" lon="26.082655666">
        <ele>-9.200</ele>
        <time>2026-08-11T13:28:14Z</time>
        <speed>3.665000</speed>
      </trkpt>
      <trkpt lat="59.599205246" lon="26.082788855">
        <ele>-8.800</ele>
        <time>2026-08-11T13:28:16Z</time>
        <speed>3.860000</speed>
      </trkpt>
      <trkpt lat="59.599223435" lon="26.082935454">
        <ele>-9.000</ele>
        <time>2026-08-11T13:28:18Z</time>
        <speed>4.456000</speed>
      </trkpt>
      <trkpt lat="59.599268194" lon="26.083073588">
        <ele>-9.400</ele>
        <time>2026-08-11T13:28:20Z</time>
        <speed>4.596000</speed>
      </trkpt>
      <trkpt lat="59.599365676" lon="26.083333427">
        <ele>-9.200</ele>
        <time>2026-08-11T13:28:24Z</time>
        <speed>4.506000</speed>
      </trkpt>
      <trkpt lat="59.599553179" lon="26.083848663">
        <ele>-9.000</ele>
        <time>2026-08-11T13:28:32Z</time>
        <speed>4.361000</speed>
      </trkpt>
      <trkpt lat="59.599701874" lon="26.084310589">
        <ele>-8.600</ele>
        <time>2026-08-11T13:28:39Z</time>
        <speed>4.129000</speed>
      </trkpt>
      <trkpt lat="59.599833470" lon="26.084716357">
        <ele>-9.200</ele>
        <time>2026-08-11T13:28:45Z</time>
        <speed>4.482000</speed>
      </trkpt>
      <trkpt lat="59.600059027" lon="26.085289177">
        <ele>-9.000</ele>
        <time>2026-08-11T13:28:54Z</time>
        <speed>4.556000</speed>
      </trkpt>
      <trkpt lat="59.600183917" lon="26.085620262">
        <ele>-9.200</ele>
        <time>2026-08-11T13:28:59Z</time>
        <speed>4.192000</speed>
      </trkpt>
      <trkpt lat="59.600321129" lon="26.085955789">
        <ele>-8.200</ele>
        <time>2026-08-11T13:29:05Z</time>
        <speed>3.847000</speed>
      </trkpt>
      <trkpt lat="59.600428334" lon="26.086174222">
        <ele>-8.600</ele>
        <time>2026-08-11T13:29:11Z</time>
        <speed>1.434000</speed>
      </trkpt>
    </trkseg>
    <trkseg>
      <trkpt lat="59.600480217" lon="26.086269021">
        <ele>-8.400</ele>
        <time>2026-08-11T13:29:33Z</time>
        <speed>1.857000</speed>
      </trkpt>
      <trkpt lat="59.600567305" lon="26.086497847">
        <ele>-8.600</ele>
        <time>2026-08-11T13:29:39Z</time>
        <speed>2.442000</speed>
      </trkpt>
      <trkpt lat="59.600645425" lon="26.086754836">
        <ele>-8.600</ele>
        <time>2026-08-11T13:29:45Z</time>
        <speed>2.564000</speed>
      </trkpt>
      <trkpt lat="59.600700662" lon="26.086937981">
        <ele>-8.000</ele>
        <time>2026-08-11T13:29:49Z</time>
        <speed>3.222000</speed>
      </trkpt>
      <trkpt lat="59.600726645" lon="26.087038983">
        <ele>-8.000</ele>
        <time>2026-08-11T13:29:51Z</time>
        <speed>2.992000</speed>
      </trkpt>
      <trkpt lat="59.600768303" lon="26.087315418">
        <ele>-8.200</ele>
        <time>2026-08-11T13:29:56Z</time>
        <speed>3.194000</speed>
      </trkpt>
      <trkpt lat="59.600813985" lon="26.087719593">
        <ele>-8.400</ele>
        <time>2026-08-11T13:30:03Z</time>
        <speed>3.356000</speed>
      </trkpt>
      <trkpt lat="59.600808956" lon="26.088080183">
        <ele>-8.600</ele>
        <time>2026-08-11T13:30:09Z</time>
        <speed>3.493000</speed>
      </trkpt>
      <trkpt lat="59.600721113" lon="26.088330382">
        <ele>-8.800</ele>
        <time>2026-08-11T13:30:14Z</time>
        <speed>4.016000</speed>
      </trkpt>
      <trkpt lat="59.600646598" lon="26.088525681">
        <ele>-9.200</ele>
        <time>2026-08-11T13:30:17Z</time>
        <speed>4.332000</speed>
      </trkpt>
      <trkpt lat="59.600588176" lon="26.088660043">
        <ele>-9.400</ele>
        <time>2026-08-11T13:30:19Z</time>
        <speed>4.481000</speed>
      </trkpt>
      <trkpt lat="59.600455826" lon="26.088969838">
        <ele>-9.800</ele>
        <time>2026-08-11T13:30:24Z</time>
        <speed>3.946000</speed>
      </trkpt>
      <trkpt lat="59.600320710" lon="26.089323722">
        <ele>-9.400</ele>
        <time>2026-08-11T13:30:30Z</time>
        <speed>4.030000</speed>
      </trkpt>
      <trkpt lat="59.600204201" lon="26.089691436">
        <ele>-9.400</ele>
        <time>2026-08-11T13:30:36Z</time>
        <speed>3.874000</speed>
      </trkpt>
      <trkpt lat="59.600147288" lon="26.089880280">
        <ele>-9.200</ele>
        <time>2026-08-11T13:30:40Z</time>
        <speed>1.641000</speed>
      </trkpt>
      <trkpt lat="59.600041592" lon="26.090097288">
        <ele>-9.200</ele>
        <time>2026-08-11T13:30:46Z</time>
        <speed>1.765000</speed>
      </trkpt>
      <trkpt lat="59.599903375" lon="26.090300884">
        <ele>-9.400</ele>
        <time>2026-08-11T13:30:53Z</time>
        <speed>1.967000</speed>
      </trkpt>
      <trkpt lat="59.599687541" lon="26.090440024">
        <ele>-10.200</ele>
        <time>2026-08-11T13:30:57Z</time>
        <speed>4.158000</speed>
      </trkpt>
      <trkpt lat="59.599337513" lon="26.090567932">
        <ele>-9.400</ele>
        <time>2026-08-11T13:31:04Z</time>
        <speed>3.498000</speed>
      </trkpt>
      <trkpt lat="59.599299962" lon="26.090579750">
        <ele>-9.200</ele>
        <time>2026-08-11T13:31:05Z</time>
        <speed>3.494000</speed>
      </trkpt>
      <trkpt lat="59.599241372" lon="26.090632305">
        <ele>-8.800</ele>
        <time>2026-08-11T13:31:07Z</time>
        <speed>2.992000</speed>
      </trkpt>
      <trkpt lat="59.599221591" lon="26.090677818">
        <ele>-8.600</ele>
        <time>2026-08-11T13:31:08Z</time>
        <speed>3.338000</speed>
      </trkpt>
      <trkpt lat="59.599200552" lon="26.090920558">
        <ele>-8.400</ele>
        <time>2026-08-11T13:31:12Z</time>
        <speed>3.336000</speed>
      </trkpt>
      <trkpt lat="59.599212203" lon="26.091041677">
        <ele>-8.200</ele>
        <time>2026-08-11T13:31:14Z</time>
        <speed>3.560000</speed>
      </trkpt>
      <trkpt lat="59.599265093" lon="26.091270084">
        <ele>-8.000</ele>
        <time>2026-08-11T13:31:18Z</time>
        <speed>3.824000</speed>
      </trkpt>
      <trkpt lat="59.599436587" lon="26.091619190">
        <ele>-8.600</ele>
        <time>2026-08-11T13:31:25Z</time>
        <speed>3.894000</speed>
      </trkpt>
      <trkpt lat="59.599530799" lon="26.091847764">
        <ele>-9.200</ele>
        <time>2026-08-11T13:31:29Z</time>
        <speed>4.752000</speed>
      </trkpt>
      <trkpt lat="59.599583689" lon="26.091986401">
        <ele>-9.800</ele>
        <time>2026-08-11T13:31:31Z</time>
        <speed>4.785000</speed>
      </trkpt>
      <trkpt lat="59.599713609" lon="26.092380350">
        <ele>-9.400</ele>
        <time>2026-08-11T13:31:37Z</time>
        <speed>3.740000</speed>
      </trkpt>
      <trkpt lat="59.599808827" lon="26.092703557">
        <ele>-9.200</ele>
        <time>2026-08-11T13:31:42Z</time>
        <speed>4.493000</speed>
      </trkpt>
      <trkpt lat="59.599911338" lon="26.092958618">
        <ele>-10.400</ele>
        <time>2026-08-11T13:31:46Z</time>
        <speed>4.790000</speed>
      </trkpt>
      <trkpt lat="59.599936400" lon="26.093030116">
        <ele>-10.600</ele>
        <time>2026-08-11T13:31:47Z</time>
        <speed>4.741000</speed>
      </trkpt>
      <trkpt lat="59.599971101" lon="26.093373774">
        <ele>-10.000</ele>
        <time>2026-08-11T13:31:51Z</time>
        <speed>4.652000</speed>
      </trkpt>
      <trkpt lat="59.599977219" lon="26.093464047">
        <ele>-9.600</ele>
        <time>2026-08-11T13:31:52Z</time>
        <speed>4.630000</speed>
      </trkpt>
      <trkpt lat="59.599991888" lon="26.093805525">
        <ele>-9.400</ele>
        <time>2026-08-11T13:31:56Z</time>
        <speed>4.212000</speed>
      </trkpt>
      <trkpt lat="59.599987948" lon="26.094056815">
        <ele>-9.400</ele>
        <time>2026-08-11T13:31:59Z</time>
        <speed>4.506000</speed>
      </trkpt>
      <trkpt lat="59.600036312" lon="26.094714543">
        <ele>-9.400</ele>
        <time>2026-08-11T13:32:07Z</time>
        <speed>4.883000</speed>
      </trkpt>
      <trkpt lat="59.600096997" lon="26.095032552">
        <ele>-9.400</ele>
        <time>2026-08-11T13:32:11Z</time>
        <speed>4.482000</speed>
      </trkpt>
      <trkpt lat="59.600125831" lon="26.095191641">
        <ele>-9.200</ele>
        <time>2026-08-11T13:32:13Z</time>
        <speed>4.662000</speed>
      </trkpt>
      <trkpt lat="59.600146282" lon="26.095361123">
        <ele>-9.200</ele>
        <time>2026-08-11T13:32:15Z</time>
        <speed>4.872000</speed>
      </trkpt>
      <trkpt lat="59.600128764" lon="26.095644347">
        <ele>-9.800</ele>
        <time>2026-08-11T13:32:18Z</time>
        <speed>5.422000</speed>
      </trkpt>
      <trkpt lat="59.600101607" lon="26.095835119">
        <ele>-9.600</ele>
        <time>2026-08-11T13:32:20Z</time>
        <speed>5.585000</speed>
      </trkpt>
      <trkpt lat="59.600055004" lon="26.096182214">
        <ele>-10.200</ele>
        <time>2026-08-11T13:32:24Z</time>
        <speed>4.857000</speed>
      </trkpt>
      <trkpt lat="59.600047795" lon="26.096264021">
        <ele>-10.200</ele>
        <time>2026-08-11T13:32:25Z</time>
        <speed>4.603000</speed>
      </trkpt>
      <trkpt lat="59.600022649" lon="26.096675824">
        <ele>-9.200</ele>
        <time>2026-08-11T13:32:30Z</time>
        <speed>4.465000</speed>
      </trkpt>
      <trkpt lat="59.600011501" lon="26.097158538">
        <ele>-9.200</ele>
        <time>2026-08-11T13:32:37Z</time>
        <speed>3.628000</speed>
      </trkpt>
      <trkpt lat="59.600023823" lon="26.097616777">
        <ele>-8.800</ele>
        <time>2026-08-11T13:32:44Z</time>
        <speed>3.573000</speed>
      </trkpt>
      <trkpt lat="59.600042515" lon="26.098129246">
        <ele>-9.000</ele>
        <time>2026-08-11T13:32:52Z</time>
        <speed>3.559000</speed>
      </trkpt>
      <trkpt lat="59.600066151" lon="26.098570470">
        <ele>-9.000</ele>
        <time>2026-08-11T13:32:59Z</time>
        <speed>3.625000</speed>
      </trkpt>
      <trkpt lat="59.600069169" lon="26.098988894">
        <ele>-9.400</ele>
        <time>2026-08-11T13:33:06Z</time>
        <speed>3.114000</speed>
      </trkpt>
      <trkpt lat="59.600044526" lon="26.099213529">
        <ele>-9.200</ele>
        <time>2026-08-11T13:33:11Z</time>
        <speed>2.338000</speed>
      </trkpt>
      <trkpt lat="59.599993061" lon="26.099608317">
        <ele>-9.000</ele>
        <time>2026-08-11T13:33:19Z</time>
        <speed>2.932000</speed>
      </trkpt>
      <trkpt lat="59.600003958" lon="26.099943593">
        <ele>-9.000</ele>
        <time>2026-08-11T13:33:26Z</time>
        <speed>1.667000</speed>
      </trkpt>
      <trkpt lat="59.600010244" lon="26.099962369">
        <ele>-8.800</ele>
        <time>2026-08-11T13:33:27Z</time>
        <speed>1.034000</speed>
      </trkpt>
    </trkseg>
    <trkseg>
      <trkpt lat="59.599942854" lon="26.100547928">
        <ele>-9.200</ele>
        <time>2026-08-11T13:56:52Z</time>
        <speed>1.432000</speed>
      </trkpt>
      <trkpt lat="59.599942267" lon="26.100500403">
        <ele>-9.200</ele>
        <time>2026-08-11T13:56:55Z</time>
        <speed>0.968000</speed>
      </trkpt>
      <trkpt lat="59.599926760" lon="26.100373250">
        <ele>-9.400</ele>
        <time>2026-08-11T13:57:02Z</time>
        <speed>1.075000</speed>
      </trkpt>
      <trkpt lat="59.599929359" lon="26.100356905">
        <ele>-9.400</ele>
        <time>2026-08-11T13:57:03Z</time>
        <speed>0.901000</speed>
      </trkpt>
      <trkpt lat="59.599949308" lon="26.100237546">
        <ele>-9.400</ele>
        <time>2026-08-11T13:57:09Z</time>
        <speed>0.942000</speed>
      </trkpt>
      <trkpt lat="59.599973029" lon="26.100129168">
        <ele>-9.000</ele>
        <time>2026-08-11T13:57:17Z</time>
        <speed>0.000000</speed>
      </trkpt>
    </trkseg>
    <trkseg>
      <trkpt lat="59.599956265" lon="26.099992208">
        <ele>-10.400</ele>
        <time>2026-08-11T13:58:00Z</time>
        <speed>2.330000</speed>
      </trkpt>
      <trkpt lat="59.599954085" lon="26.099935630">
        <ele>-10.400</ele>
        <time>2026-08-11T13:58:01Z</time>
        <speed>2.711000</speed>
      </trkpt>
      <trkpt lat="59.599951236" lon="26.099511925">
        <ele>-10.400</ele>
        <time>2026-08-11T13:58:08Z</time>
        <speed>2.874000</speed>
      </trkpt>
      <trkpt lat="59.599988535" lon="26.099329116">
        <ele>-11.600</ele>
        <time>2026-08-11T13:58:12Z</time>
        <speed>2.713000</speed>
      </trkpt>
      <trkpt lat="59.600007562" lon="26.099228617">
        <ele>-12.000</ele>
        <time>2026-08-11T13:58:14Z</time>
        <speed>2.899000</speed>
      </trkpt>
      <trkpt lat="59.600036144" lon="26.099066092">
        <ele>-12.800</ele>
        <time>2026-08-11T13:58:17Z</time>
        <speed>3.070000</speed>
      </trkpt>
      <trkpt lat="59.600048717" lon="26.098958720">
        <ele>-14.200</ele>
        <time>2026-08-11T13:58:19Z</time>
        <speed>2.958000</speed>
      </trkpt>
      <trkpt lat="59.600054668" lon="26.098848833">
        <ele>-12.800</ele>
        <time>2026-08-11T13:58:21Z</time>
        <speed>3.062000</speed>
      </trkpt>
      <trkpt lat="59.600055339" lon="26.098789237">
        <ele>-12.800</ele>
        <time>2026-08-11T13:58:22Z</time>
        <speed>3.191000</speed>
      </trkpt>
      <trkpt lat="59.600053998" lon="26.098664766">
        <ele>-11.800</ele>
        <time>2026-08-11T13:58:24Z</time>
        <speed>3.353000</speed>
      </trkpt>
      <trkpt lat="59.600037904" lon="26.098233433">
        <ele>-11.000</ele>
        <time>2026-08-11T13:58:31Z</time>
        <speed>3.421000</speed>
      </trkpt>
      <trkpt lat="59.600020638" lon="26.097914586">
        <ele>-10.800</ele>
        <time>2026-08-11T13:58:36Z</time>
        <speed>3.539000</speed>
      </trkpt>
      <trkpt lat="59.600009657" lon="26.097788522">
        <ele>-10.400</ele>
        <time>2026-08-11T13:58:38Z</time>
        <speed>3.555000</speed>
      </trkpt>
      <trkpt lat="59.599994989" lon="26.097332798">
        <ele>-11.800</ele>
        <time>2026-08-11T13:58:45Z</time>
        <speed>3.643000</speed>
      </trkpt>
      <trkpt lat="59.600013597" lon="26.097030714">
        <ele>-10.400</ele>
        <time>2026-08-11T13:58:50Z</time>
        <speed>3.217000</speed>
      </trkpt>
      <trkpt lat="59.600019213" lon="26.096588401">
        <ele>-10.600</ele>
        <time>2026-08-11T13:58:57Z</time>
        <speed>3.940000</speed>
      </trkpt>
      <trkpt lat="59.600061877" lon="26.096065622">
        <ele>-11.600</ele>
        <time>2026-08-11T13:59:04Z</time>
        <speed>4.230000</speed>
      </trkpt>
      <trkpt lat="59.600072019" lon="26.095995046">
        <ele>-12.000</ele>
        <time>2026-08-11T13:59:05Z</time>
        <speed>4.183000</speed>
      </trkpt>
      <trkpt lat="59.600139493" lon="26.095492719">
        <ele>-11.800</ele>
        <time>2026-08-11T13:59:12Z</time>
        <speed>4.281000</speed>
      </trkpt>
      <trkpt lat="59.600121975" lon="26.095148977">
        <ele>-10.800</ele>
        <time>2026-08-11T13:59:17Z</time>
        <speed>3.949000</speed>
      </trkpt>
      <trkpt lat="59.600050142" lon="26.094608763">
        <ele>-10.600</ele>
        <time>2026-08-11T13:59:25Z</time>
        <speed>4.167000</speed>
      </trkpt>
      <trkpt lat="59.600027595" lon="26.093926812">
        <ele>-10.600</ele>
        <time>2026-08-11T13:59:34Z</time>
        <speed>4.007000</speed>
      </trkpt>
      <trkpt lat="59.600003958" lon="26.093347957">
        <ele>-10.600</ele>
        <time>2026-08-11T13:59:42Z</time>
        <speed>4.237000</speed>
      </trkpt>
      <trkpt lat="59.599918965" lon="26.092965156">
        <ele>-11.000</ele>
        <time>2026-08-11T13:59:48Z</time>
        <speed>3.990000</speed>
      </trkpt>
      <trkpt lat="59.599768762" lon="26.092513790">
        <ele>-11.400</ele>
        <time>2026-08-11T13:59:55Z</time>
        <speed>4.304000</speed>
      </trkpt>
      <trkpt lat="59.599748226" lon="26.092451010">
        <ele>-11.200</ele>
        <time>2026-08-11T13:59:56Z</time>
        <speed>4.149000</speed>
      </trkpt>
      <trkpt lat="59.599630125" lon="26.092079021">
        <ele>-10.200</ele>
        <time>2026-08-11T14:00:02Z</time>
        <speed>4.122000</speed>
      </trkpt>
      <trkpt lat="59.599419069" lon="26.091585327">
        <ele>-11.000</ele>
        <time>2026-08-11T14:00:11Z</time>
        <speed>3.943000</speed>
      </trkpt>
      <trkpt lat="59.599259477" lon="26.091227755">
        <ele>-10.600</ele>
        <time>2026-08-11T14:00:18Z</time>
        <speed>3.712000</speed>
      </trkpt>
      <trkpt lat="59.599182280" lon="26.090790136">
        <ele>-10.800</ele>
        <time>2026-08-11T14:00:25Z</time>
        <speed>3.827000</speed>
      </trkpt>
      <trkpt lat="59.599208431" lon="26.090466427">
        <ele>-10.200</ele>
        <time>2026-08-11T14:00:30Z</time>
        <speed>3.719000</speed>
      </trkpt>
      <trkpt lat="59.599193679" lon="26.090224274">
        <ele>-9.800</ele>
        <time>2026-08-11T14:00:34Z</time>
        <speed>2.879000</speed>
      </trkpt>
      <trkpt lat="59.599192590" lon="26.090176245">
        <ele>-9.800</ele>
        <time>2026-08-11T14:00:35Z</time>
        <speed>2.737000</speed>
      </trkpt>
      <trkpt lat="59.599125870" lon="26.089901989">
        <ele>-10.400</ele>
        <time>2026-08-11T14:00:40Z</time>
        <speed>3.925000</speed>
      </trkpt>
      <trkpt lat="59.599109022" lon="26.089840215">
        <ele>-11.200</ele>
        <time>2026-08-11T14:00:41Z</time>
        <speed>4.011000</speed>
      </trkpt>
      <trkpt lat="59.599000476" lon="26.089511979">
        <ele>-10.600</ele>
        <time>2026-08-11T14:00:47Z</time>
        <speed>3.690000</speed>
      </trkpt>
      <trkpt lat="59.598870557" lon="26.089115432">
        <ele>-10.800</ele>
        <time>2026-08-11T14:00:55Z</time>
        <speed>3.216000</speed>
      </trkpt>
      <trkpt lat="59.598733261" lon="26.088784430">
        <ele>-11.200</ele>
        <time>2026-08-11T14:01:02Z</time>
        <speed>3.356000</speed>
      </trkpt>
      <trkpt lat="59.598545758" lon="26.088346643">
        <ele>-10.800</ele>
        <time>2026-08-11T14:01:11Z</time>
        <speed>3.421000</speed>
      </trkpt>
      <trkpt lat="59.598507704" lon="26.088249916">
        <ele>-10.400</ele>
        <time>2026-08-11T14:01:13Z</time>
        <speed>3.448000</speed>
      </trkpt>
      <trkpt lat="59.598373175" lon="26.087918580">
        <ele>-10.800</ele>
        <time>2026-08-11T14:01:20Z</time>
        <speed>3.398000</speed>
      </trkpt>
      <trkpt lat="59.598190030" lon="26.087548519">
        <ele>-10.800</ele>
        <time>2026-08-11T14:01:29Z</time>
        <speed>2.982000</speed>
      </trkpt>
      <trkpt lat="59.598130770" lon="26.087466544">
        <ele>-10.200</ele>
        <time>2026-08-11T14:01:32Z</time>
        <speed>2.416000</speed>
      </trkpt>
      <trkpt lat="59.598068157" lon="26.087415665">
        <ele>-10.000</ele>
        <time>2026-08-11T14:01:36Z</time>
        <speed>1.877000</speed>
      </trkpt>
    </trkseg>
    <trkseg>
      <trkpt lat="59.598016609" lon="26.087361267">
        <ele>-10.800</ele>
        <time>2026-08-11T14:02:03Z</time>
        <speed>1.911000</speed>
      </trkpt>
      <trkpt lat="59.597991044" lon="26.087332601">
        <ele>-10.600</ele>
        <time>2026-08-11T14:02:05Z</time>
        <speed>1.417000</speed>
      </trkpt>
      <trkpt lat="59.597931532" lon="26.087264623">
        <ele>-9.200</ele>
        <time>2026-08-11T14:02:10Z</time>
        <speed>1.211000</speed>
      </trkpt>
    </trkseg>
    <trkseg>
      <trkpt lat="59.597882666" lon="26.087201508">
        <ele>-9.800</ele>
        <time>2026-08-11T14:02:18Z</time>
        <speed>1.964000</speed>
      </trkpt>
      <trkpt lat="59.597850395" lon="26.087156916">
        <ele>-10.400</ele>
        <time>2026-08-11T14:02:20Z</time>
        <speed>2.063000</speed>
      </trkpt>
      <trkpt lat="59.597831620" lon="26.087133698">
        <ele>-10.600</ele>
        <time>2026-08-11T14:02:21Z</time>
        <speed>2.187000</speed>
      </trkpt>
      <trkpt lat="59.597714860" lon="26.087017106">
        <ele>-10.000</ele>
        <time>2026-08-11T14:02:27Z</time>
        <speed>2.567000</speed>
      </trkpt>
      <trkpt lat="59.597577481" lon="26.086869081">
        <ele>-10.200</ele>
        <time>2026-08-11T14:02:33Z</time>
        <speed>2.664000</speed>
      </trkpt>
      <trkpt lat="59.597400287" lon="26.086675208">
        <ele>-9.800</ele>
        <time>2026-08-11T14:02:40Z</time>
        <speed>3.035000</speed>
      </trkpt>
      <trkpt lat="59.597226530" lon="26.086496338">
        <ele>-11.000</ele>
        <time>2026-08-11T14:02:47Z</time>
        <speed>3.094000</speed>
      </trkpt>
      <trkpt lat="59.597014552" lon="26.086267512">
        <ele>-11.400</ele>
        <time>2026-08-11T14:02:54Z</time>
        <speed>3.558000</speed>
      </trkpt>
      <trkpt lat="59.596985970" lon="26.086234655">
        <ele>-11.400</ele>
        <time>2026-08-11T14:02:55Z</time>
        <speed>3.494000</speed>
      </trkpt>
      <trkpt lat="59.596902737" lon="26.086085960">
        <ele>-11.200</ele>
        <time>2026-08-11T14:02:59Z</time>
        <speed>2.641000</speed>
      </trkpt>
      <trkpt lat="59.596774746" lon="26.085815476">
        <ele>-11.400</ele>
        <time>2026-08-11T14:03:06Z</time>
        <speed>2.780000</speed>
      </trkpt>
      <trkpt lat="59.596717665" lon="26.085567875">
        <ele>-11.200</ele>
        <time>2026-08-11T14:03:11Z</time>
        <speed>3.187000</speed>
      </trkpt>
      <trkpt lat="59.596692855" lon="26.085208459">
        <ele>-11.400</ele>
        <time>2026-08-11T14:03:17Z</time>
        <speed>3.533000</speed>
      </trkpt>
      <trkpt lat="59.596693693" lon="26.085137548">
        <ele>-11.400</ele>
        <time>2026-08-11T14:03:18Z</time>
        <speed>3.571000</speed>
      </trkpt>
      <trkpt lat="59.596692100" lon="26.084826495">
        <ele>-11.600</ele>
        <time>2026-08-11T14:03:23Z</time>
        <speed>2.345000</speed>
      </trkpt>
      <trkpt lat="59.596701572" lon="26.084691212">
        <ele>-11.800</ele>
        <time>2026-08-11T14:03:26Z</time>
        <speed>2.045000</speed>
      </trkpt>
      <trkpt lat="59.596716492" lon="26.084624827">
        <ele>-11.400</ele>
        <time>2026-08-11T14:03:28Z</time>
        <speed>2.103000</speed>
      </trkpt>
      <trkpt lat="59.596753623" lon="26.084404131">
        <ele>-11.600</ele>
        <time>2026-08-11T14:03:33Z</time>
        <speed>2.362000</speed>
      </trkpt>
      <trkpt lat="59.596812380" lon="26.084111519">
        <ele>-11.600</ele>
        <time>2026-08-11T14:03:38Z</time>
        <speed>3.295000</speed>
      </trkpt>
      <trkpt lat="59.596858146" lon="26.083837515">
        <ele>-10.600</ele>
        <time>2026-08-11T14:03:43Z</time>
        <speed>2.998000</speed>
      </trkpt>
      <trkpt lat="59.596883291" lon="26.083488744">
        <ele>-11.000</ele>
        <time>2026-08-11T14:03:49Z</time>
        <speed>2.825000</speed>
      </trkpt>
      <trkpt lat="59.596851273" lon="26.083358657">
        <ele>-11.000</ele>
        <time>2026-08-11T14:03:52Z</time>
        <speed>2.395000</speed>
      </trkpt>
      <trkpt lat="59.596828222" lon="26.083342060">
        <ele>-11.200</ele>
        <time>2026-08-11T14:03:53Z</time>
        <speed>2.693000</speed>
      </trkpt>
      <trkpt lat="59.596720431" lon="26.083316663">
        <ele>-11.400</ele>
        <time>2026-08-11T14:03:57Z</time>
        <speed>3.683000</speed>
      </trkpt>
      <trkpt lat="59.596685562" lon="26.083318088">
        <ele>-11.200</ele>
        <time>2026-08-11T14:03:58Z</time>
        <speed>3.790000</speed>
      </trkpt>
      <trkpt lat="59.596449863" lon="26.083298726">
        <ele>-11.000</ele>
        <time>2026-08-11T14:04:04Z</time>
        <speed>4.463000</speed>
      </trkpt>
      <trkpt lat="59.596278621" lon="26.083325297">
        <ele>-11.600</ele>
        <time>2026-08-11T14:04:08Z</time>
        <speed>4.397000</speed>
      </trkpt>
      <trkpt lat="59.595990619" lon="26.083309706">
        <ele>-11.400</ele>
        <time>2026-08-11T14:04:16Z</time>
        <speed>4.426000</speed>
      </trkpt>
      <trkpt lat="59.595818706" lon="26.083308868">
        <ele>-11.800</ele>
        <time>2026-08-11T14:04:21Z</time>
        <speed>3.060000</speed>
      </trkpt>
      <trkpt lat="59.595667329" lon="26.083313813">
        <ele>-12.200</ele>
        <time>2026-08-11T14:04:25Z</time>
        <speed>4.111000</speed>
      </trkpt>
      <trkpt lat="59.595481753" lon="26.083306605">
        <ele>-12.000</ele>
        <time>2026-08-11T14:04:30Z</time>
        <speed>3.379000</speed>
      </trkpt>
      <trkpt lat="59.595233817" lon="26.083417078">
        <ele>-12.000</ele>
        <time>2026-08-11T14:04:37Z</time>
        <speed>4.470000</speed>
      </trkpt>
      <trkpt lat="59.595097443" lon="26.083482793">
        <ele>-12.400</ele>
        <time>2026-08-11T14:04:40Z</time>
        <speed>4.440000</speed>
      </trkpt>
      <trkpt lat="59.594932068" lon="26.083555548">
        <ele>-11.600</ele>
        <time>2026-08-11T14:04:44Z</time>
        <speed>4.580000</speed>
      </trkpt>
      <trkpt lat="59.594850596" lon="26.083580023">
        <ele>-11.400</ele>
        <time>2026-08-11T14:04:46Z</time>
        <speed>4.327000</speed>
      </trkpt>
      <trkpt lat="59.594550775" lon="26.083688736">
        <ele>-12.400</ele>
        <time>2026-08-11T14:04:54Z</time>
        <speed>3.557000</speed>
      </trkpt>
      <trkpt lat="59.594513811" lon="26.083697537">
        <ele>-12.400</ele>
        <time>2026-08-11T14:04:55Z</time>
        <speed>3.955000</speed>
      </trkpt>
      <trkpt lat="59.594283644" lon="26.083795773">
        <ele>-13.000</ele>
        <time>2026-08-11T14:05:00Z</time>
        <speed>5.101000</speed>
      </trkpt>
      <trkpt lat="59.593957672" lon="26.083868109">
        <ele>-13.000</ele>
        <time>2026-08-11T14:05:07Z</time>
        <speed>5.488000</speed>
      </trkpt>
      <trkpt lat="59.593914924" lon="26.083896607">
        <ele>-13.000</ele>
        <time>2026-08-11T14:05:08Z</time>
        <speed>5.045000</speed>
      </trkpt>
      <trkpt lat="59.593781065" lon="26.083982438">
        <ele>-13.000</ele>
        <time>2026-08-11T14:05:11Z</time>
        <speed>5.049000</speed>
      </trkpt>
      <trkpt lat="59.593739742" lon="26.084023509">
        <ele>-13.000</ele>
        <time>2026-08-11T14:05:12Z</time>
        <speed>5.008000</speed>
      </trkpt>
      <trkpt lat="59.593637651" lon="26.084167678">
        <ele>-12.600</ele>
        <time>2026-08-11T14:05:15Z</time>
        <speed>4.577000</speed>
      </trkpt>
      <trkpt lat="59.593614601" lon="26.084229117">
        <ele>-12.600</ele>
        <time>2026-08-11T14:05:16Z</time>
        <speed>4.314000</speed>
      </trkpt>
      <trkpt lat="59.593547462" lon="26.084547797">
        <ele>-12.400</ele>
        <time>2026-08-11T14:05:21Z</time>
        <speed>3.963000</speed>
      </trkpt>
      <trkpt lat="59.593491554" lon="26.085088765">
        <ele>-12.800</ele>
        <time>2026-08-11T14:05:28Z</time>
        <speed>4.245000</speed>
      </trkpt>
      <trkpt lat="59.593444280" lon="26.085229497">
        <ele>-13.000</ele>
        <time>2026-08-11T14:05:30Z</time>
        <speed>4.557000</speed>
      </trkpt>
      <trkpt lat="59.593374040" lon="26.085454132">
        <ele>-12.800</ele>
        <time>2026-08-11T14:05:33Z</time>
        <speed>4.849000</speed>
      </trkpt>
      <trkpt lat="59.593347134" lon="26.085514817">
        <ele>-12.800</ele>
        <time>2026-08-11T14:05:34Z</time>
        <speed>4.615000</speed>
      </trkpt>
      <trkpt lat="59.593212521" lon="26.085742721">
        <ele>-12.800</ele>
        <time>2026-08-11T14:05:38Z</time>
        <speed>4.978000</speed>
      </trkpt>
      <trkpt lat="59.593177317" lon="26.085795779">
        <ele>-13.000</ele>
        <time>2026-08-11T14:05:39Z</time>
        <speed>4.922000</speed>
      </trkpt>
      <trkpt lat="59.593027532" lon="26.085976996">
        <ele>-13.000</ele>
        <time>2026-08-11T14:05:43Z</time>
        <speed>4.930000</speed>
      </trkpt>
      <trkpt lat="59.592913454" lon="26.086084954">
        <ele>-13.200</ele>
        <time>2026-08-11T14:05:46Z</time>
        <speed>4.812000</speed>
      </trkpt>
      <trkpt lat="59.592844807" lon="26.086110435">
        <ele>-13.400</ele>
        <time>2026-08-11T14:05:47Z</time>
        <speed>6.823000</speed>
      </trkpt>
      <trkpt lat="59.592803316" lon="26.086153602">
        <ele>-13.400</ele>
        <time>2026-08-11T14:05:48Z</time>
        <speed>5.715000</speed>
      </trkpt>
      <trkpt lat="59.592758138" lon="26.086186459">
        <ele>-13.800</ele>
        <time>2026-08-11T14:05:49Z</time>
        <speed>5.511000</speed>
      </trkpt>
      <trkpt lat="59.592510788" lon="26.086371364">
        <ele>-13.200</ele>
        <time>2026-08-11T14:05:55Z</time>
        <speed>4.497000</speed>
      </trkpt>
      <trkpt lat="59.592306353" lon="26.086509079">
        <ele>-12.400</ele>
        <time>2026-08-11T14:06:01Z</time>
        <speed>4.069000</speed>
      </trkpt>
      <trkpt lat="59.592057327" lon="26.086630700">
        <ele>-13.200</ele>
        <time>2026-08-11T14:06:08Z</time>
        <speed>3.876000</speed>
      </trkpt>
      <trkpt lat="59.591901004" lon="26.086704293">
        <ele>-13.200</ele>
        <time>2026-08-11T14:06:13Z</time>
        <speed>3.483000</speed>
      </trkpt>
      <trkpt lat="59.591755662" lon="26.086805714">
        <ele>-13.000</ele>
        <time>2026-08-11T14:06:18Z</time>
        <speed>3.512000</speed>
      </trkpt>
      <trkpt lat="59.591523902" lon="26.087021800">
        <ele>-12.800</ele>
        <time>2026-08-11T14:06:25Z</time>
        <speed>3.319000</speed>
      </trkpt>
      <trkpt lat="59.591404712" lon="26.087151719">
        <ele>-12.200</ele>
        <time>2026-08-11T14:06:30Z</time>
        <speed>2.354000</speed>
      </trkpt>
      <trkpt lat="59.591341680" lon="26.087228497">
        <ele>-12.000</ele>
        <time>2026-08-11T14:06:34Z</time>
        <speed>1.437000</speed>
      </trkpt>
      <trkpt lat="59.591335142" lon="26.087236796">
        <ele>-12.000</ele>
        <time>2026-08-11T14:06:36Z</time>
        <speed>0.000000</speed>
      </trkpt>
    </trkseg>
    <trkseg>
      <trkpt lat="59.591237493" lon="26.087355567">
        <ele>-13.000</ele>
        <time>2026-08-11T14:08:28Z</time>
        <speed>2.132000</speed>
      </trkpt>
      <trkpt lat="59.591212431" lon="26.087394627">
        <ele>-13.000</ele>
        <time>2026-08-11T14:08:29Z</time>
        <speed>2.590000</speed>
      </trkpt>
      <trkpt lat="59.591134060" lon="26.087513482">
        <ele>-13.400</ele>
        <time>2026-08-11T14:08:32Z</time>
        <speed>3.198000</speed>
      </trkpt>
      <trkpt lat="59.591045799" lon="26.087629069">
        <ele>-13.800</ele>
        <time>2026-08-11T14:08:35Z</time>
        <speed>3.591000</speed>
      </trkpt>
      <trkpt lat="59.590839939" lon="26.087967111">
        <ele>-13.400</ele>
        <time>2026-08-11T14:08:42Z</time>
        <speed>4.025000</speed>
      </trkpt>
      <trkpt lat="59.590714965" lon="26.088328538">
        <ele>-14.600</ele>
        <time>2026-08-11T14:08:48Z</time>
        <speed>4.108000</speed>
      </trkpt>
      <trkpt lat="59.590577083" lon="26.088593826">
        <ele>-14.000</ele>
        <time>2026-08-11T14:08:53Z</time>
        <speed>3.530000</speed>
      </trkpt>
      <trkpt lat="59.590375666" lon="26.088977130">
        <ele>-14.000</ele>
        <time>2026-08-11T14:09:00Z</time>
        <speed>3.865000</speed>
      </trkpt>
      <trkpt lat="59.590293020" lon="26.089057596">
        <ele>-14.200</ele>
        <time>2026-08-11T14:09:02Z</time>
        <speed>4.607000</speed>
      </trkpt>
      <trkpt lat="59.590177098" lon="26.089211656">
        <ele>-13.800</ele>
        <time>2026-08-11T14:09:05Z</time>
        <speed>4.391000</speed>
      </trkpt>
      <trkpt lat="59.589904686" lon="26.089579538">
        <ele>-13.600</ele>
        <time>2026-08-11T14:09:11Z</time>
        <speed>3.576000</speed>
      </trkpt>
      <trkpt lat="59.589853976" lon="26.089647934">
        <ele>-13.600</ele>
        <time>2026-08-11T14:09:12Z</time>
        <speed>3.810000</speed>
      </trkpt>
      <trkpt lat="59.589646356" lon="26.089929398">
        <ele>-14.400</ele>
        <time>2026-08-11T14:09:17Z</time>
        <speed>3.256000</speed>
      </trkpt>
      <trkpt lat="59.589482155" lon="26.090156380">
        <ele>-14.400</ele>
        <time>2026-08-11T14:09:21Z</time>
        <speed>3.489000</speed>
      </trkpt>
      <trkpt lat="59.589275625" lon="26.090475647">
        <ele>-14.200</ele>
        <time>2026-08-11T14:09:26Z</time>
        <speed>4.313000</speed>
      </trkpt>
      <trkpt lat="59.589152159" lon="26.090851324">
        <ele>-13.600</ele>
        <time>2026-08-11T14:09:31Z</time>
        <speed>3.857000</speed>
      </trkpt>
      <trkpt lat="59.589028023" lon="26.091294810">
        <ele>-13.600</ele>
        <time>2026-08-11T14:09:37Z</time>
        <speed>3.833000</speed>
      </trkpt>
      <trkpt lat="59.588818811" lon="26.091811387">
        <ele>-14.400</ele>
        <time>2026-08-11T14:09:44Z</time>
        <speed>3.930000</speed>
      </trkpt>
      <trkpt lat="59.588649916" lon="26.092349086">
        <ele>-14.400</ele>
        <time>2026-08-11T14:09:51Z</time>
        <speed>4.091000</speed>
      </trkpt>
      <trkpt lat="59.588527791" lon="26.092851749">
        <ele>-14.400</ele>
        <time>2026-08-11T14:09:58Z</time>
        <speed>3.979000</speed>
      </trkpt>
      <trkpt lat="59.588349760" lon="26.093430519">
        <ele>-14.000</ele>
        <time>2026-08-11T14:10:07Z</time>
        <speed>3.566000</speed>
      </trkpt>
      <trkpt lat="59.588311203" lon="26.093465220">
        <ele>-14.000</ele>
        <time>2026-08-11T14:10:08Z</time>
        <speed>4.046000</speed>
      </trkpt>
      <trkpt lat="59.588248758" lon="26.093580974">
        <ele>-14.000</ele>
        <time>2026-08-11T14:10:10Z</time>
        <speed>4.086000</speed>
      </trkpt>
      <trkpt lat="59.588124622" lon="26.093858583">
        <ele>-14.200</ele>
        <time>2026-08-11T14:10:15Z</time>
        <speed>3.517000</speed>
      </trkpt>
      <trkpt lat="59.587917253" lon="26.094208192">
        <ele>-14.400</ele>
        <time>2026-08-11T14:10:22Z</time>
        <speed>4.049000</speed>
      </trkpt>
      <trkpt lat="59.587703012" lon="26.094450932">
        <ele>-13.800</ele>
        <time>2026-08-11T14:10:28Z</time>
        <speed>4.030000</speed>
      </trkpt>
      <trkpt lat="59.587529004" lon="26.094674394">
        <ele>-14.200</ele>
        <time>2026-08-11T14:10:33Z</time>
        <speed>3.611000</speed>
      </trkpt>
      <trkpt lat="59.587322976" lon="26.094931131">
        <ele>-14.400</ele>
        <time>2026-08-11T14:10:39Z</time>
        <speed>4.149000</speed>
      </trkpt>
      <trkpt lat="59.587149220" lon="26.095140008">
        <ele>-14.200</ele>
        <time>2026-08-11T14:10:44Z</time>
        <speed>3.916000</speed>
      </trkpt>
      <trkpt lat="59.586954843" lon="26.095316615">
        <ele>-14.200</ele>
        <time>2026-08-11T14:10:49Z</time>
        <speed>3.239000</speed>
      </trkpt>
      <trkpt lat="59.586773710" lon="26.095484337">
        <ele>-14.400</ele>
        <time>2026-08-11T14:10:53Z</time>
        <speed>3.816000</speed>
      </trkpt>
      <trkpt lat="59.586579669" lon="26.095667733">
        <ele>-14.600</ele>
        <time>2026-08-11T14:10:58Z</time>
        <speed>4.211000</speed>
      </trkpt>
      <trkpt lat="59.586538095" lon="26.095704110">
        <ele>-15.000</ele>
        <time>2026-08-11T14:10:59Z</time>
        <speed>4.135000</speed>
      </trkpt>
      <trkpt lat="59.586404068" lon="26.095794970">
        <ele>-15.200</ele>
        <time>2026-08-11T14:11:02Z</time>
        <speed>5.110000</speed>
      </trkpt>
      <trkpt lat="59.586319998" lon="26.095855571">
        <ele>-15.000</ele>
        <time>2026-08-11T14:11:04Z</time>
        <speed>4.324000</speed>
      </trkpt>
      <trkpt lat="59.586158479" lon="26.095949784">
        <ele>-15.600</ele>
        <time>2026-08-11T14:11:08Z</time>
        <speed>4.021000</speed>
      </trkpt>
      <trkpt lat="59.585869806" lon="26.095970739">
        <ele>-15.000</ele>
        <time>2026-08-11T14:11:14Z</time>
        <speed>4.539000</speed>
      </trkpt>
      <trkpt lat="59.585601082" lon="26.095925728">
        <ele>-14.800</ele>
        <time>2026-08-11T14:11:21Z</time>
        <speed>3.713000</speed>
      </trkpt>
      <trkpt lat="59.585391534" lon="26.095937127">
        <ele>-14.600</ele>
        <time>2026-08-11T14:11:27Z</time>
        <speed>2.797000</speed>
      </trkpt>
      <trkpt lat="59.585231943" lon="26.096023293">
        <ele>-14.600</ele>
        <time>2026-08-11T14:11:32Z</time>
        <speed>2.891000</speed>
      </trkpt>
      <trkpt lat="59.585117865" lon="26.096130162">
        <ele>-14.600</ele>
        <time>2026-08-11T14:11:36Z</time>
        <speed>2.858000</speed>
      </trkpt>
      <trkpt lat="59.585041925" lon="26.096220687">
        <ele>-14.600</ele>
        <time>2026-08-11T14:11:38Z</time>
        <speed>3.062000</speed>
      </trkpt>
      <trkpt lat="59.584839502" lon="26.096406262">
        <ele>-14.400</ele>
        <time>2026-08-11T14:11:43Z</time>
        <speed>3.109000</speed>
      </trkpt>
      <trkpt lat="59.584604809" lon="26.096736174">
        <ele>-14.400</ele>
        <time>2026-08-11T14:11:49Z</time>
        <speed>3.125000</speed>
      </trkpt>
      <trkpt lat="59.584495341" lon="26.096924180">
        <ele>-14.200</ele>
        <time>2026-08-11T14:11:53Z</time>
        <speed>3.357000</speed>
      </trkpt>
      <trkpt lat="59.584407248" lon="26.097094836">
        <ele>-14.200</ele>
        <time>2026-08-11T14:11:56Z</time>
        <speed>3.560000</speed>
      </trkpt>
      <trkpt lat="59.584176578" lon="26.097528180">
        <ele>-14.400</ele>
        <time>2026-08-11T14:12:05Z</time>
        <speed>3.662000</speed>
      </trkpt>
      <trkpt lat="59.584063254" lon="26.097936044">
        <ele>-14.200</ele>
        <time>2026-08-11T14:12:12Z</time>
        <speed>3.556000</speed>
      </trkpt>
      <trkpt lat="59.583944818" lon="26.098572901">
        <ele>-14.400</ele>
        <time>2026-08-11T14:12:21Z</time>
        <speed>3.965000</speed>
      </trkpt>
      <trkpt lat="59.583826046" lon="26.099108253">
        <ele>-14.200</ele>
        <time>2026-08-11T14:12:29Z</time>
        <speed>3.203000</speed>
      </trkpt>
      <trkpt lat="59.583798805" lon="26.099372366">
        <ele>-14.600</ele>
        <time>2026-08-11T14:12:34Z</time>
        <speed>2.873000</speed>
      </trkpt>
      <trkpt lat="59.583797380" lon="26.099910317">
        <ele>-14.600</ele>
        <time>2026-08-11T14:12:40Z</time>
        <speed>3.837000</speed>
      </trkpt>
      <trkpt lat="59.583803834" lon="26.100376435">
        <ele>-14.600</ele>
        <time>2026-08-11T14:12:45Z</time>
        <speed>3.305000</speed>
      </trkpt>
      <trkpt lat="59.583724625" lon="26.100801565">
        <ele>-14.600</ele>
        <time>2026-08-11T14:12:51Z</time>
        <speed>3.581000</speed>
      </trkpt>
      <trkpt lat="59.583631419" lon="26.101151006">
        <ele>-14.200</ele>
        <time>2026-08-11T14:12:57Z</time>
        <speed>3.363000</speed>
      </trkpt>
      <trkpt lat="59.583544917" lon="26.101490138">
        <ele>-14.600</ele>
        <time>2026-08-11T14:13:03Z</time>
        <speed>3.032000</speed>
      </trkpt>
      <trkpt lat="59.583502756" lon="26.102014594">
        <ele>-14.400</ele>
        <time>2026-08-11T14:13:10Z</time>
        <speed>3.347000</speed>
      </trkpt>
      <trkpt lat="59.583487837" lon="26.102375351">
        <ele>-14.000</ele>
        <time>2026-08-11T14:13:15Z</time>
        <speed>2.631000</speed>
      </trkpt>
      <trkpt lat="59.583485657" lon="26.102441652">
        <ele>-14.000</ele>
        <time>2026-08-11T14:13:16Z</time>
        <speed>2.932000</speed>
      </trkpt>
      <trkpt lat="59.583384991" lon="26.102963006">
        <ele>-14.000</ele>
        <time>2026-08-11T14:13:23Z</time>
        <speed>3.324000</speed>
      </trkpt>
      <trkpt lat="59.583341237" lon="26.103224438">
        <ele>-13.800</ele>
        <time>2026-08-11T14:13:27Z</time>
        <speed>1.874000</speed>
      </trkpt>
      <trkpt lat="59.583340567" lon="26.103270873">
        <ele>-13.800</ele>
        <time>2026-08-11T14:13:28Z</time>
        <speed>2.290000</speed>
      </trkpt>
      <trkpt lat="59.583304860" lon="26.103470195">
        <ele>-13.600</ele>
        <time>2026-08-11T14:13:32Z</time>
        <speed>2.804000</speed>
      </trkpt>
      <trkpt lat="59.583288096" lon="26.103584021">
        <ele>-13.800</ele>
        <time>2026-08-11T14:13:34Z</time>
        <speed>3.184000</speed>
      </trkpt>
      <trkpt lat="59.583293879" lon="26.103739757">
        <ele>-13.600</ele>
        <time>2026-08-11T14:13:36Z</time>
        <speed>3.321000</speed>
      </trkpt>
      <trkpt lat="59.583294969" lon="26.103816954">
        <ele>-13.600</ele>
        <time>2026-08-11T14:13:37Z</time>
        <speed>3.188000</speed>
      </trkpt>
      <trkpt lat="59.583295640" lon="26.104179220">
        <ele>-13.600</ele>
        <time>2026-08-11T14:13:42Z</time>
        <speed>3.079000</speed>
      </trkpt>
      <trkpt lat="59.583302261" lon="26.104490189">
        <ele>-13.600</ele>
        <time>2026-08-11T14:13:47Z</time>
        <speed>3.172000</speed>
      </trkpt>
      <trkpt lat="59.583304105" lon="26.105142720">
        <ele>-12.600</ele>
        <time>2026-08-11T14:13:56Z</time>
        <speed>2.860000</speed>
      </trkpt>
      <trkpt lat="59.583307961" lon="26.105228467">
        <ele>-12.600</ele>
        <time>2026-08-11T14:13:57Z</time>
        <speed>2.887000</speed>
      </trkpt>
      <trkpt lat="59.583350960" lon="26.105726101">
        <ele>-12.000</ele>
        <time>2026-08-11T14:14:04Z</time>
        <speed>3.437000</speed>
      </trkpt>
      <trkpt lat="59.583373843" lon="26.106149219">
        <ele>-12.000</ele>
        <time>2026-08-11T14:14:10Z</time>
        <speed>3.811000</speed>
      </trkpt>
      <trkpt lat="59.583351379" lon="26.106597651">
        <ele>-11.600</ele>
        <time>2026-08-11T14:14:16Z</time>
        <speed>3.882000</speed>
      </trkpt>
      <trkpt lat="59.583330005" lon="26.106816921">
        <ele>-11.400</ele>
        <time>2026-08-11T14:14:19Z</time>
        <speed>3.507000</speed>
      </trkpt>
      <trkpt lat="59.583233865" lon="26.107213804">
        <ele>-11.600</ele>
        <time>2026-08-11T14:14:26Z</time>
        <speed>3.398000</speed>
      </trkpt>
      <trkpt lat="59.583125571" lon="26.107640024">
        <ele>-11.200</ele>
        <time>2026-08-11T14:14:34Z</time>
        <speed>2.512000</speed>
      </trkpt>
      <trkpt lat="59.583024736" lon="26.107858289">
        <ele>-10.400</ele>
        <time>2026-08-11T14:14:40Z</time>
        <speed>2.323000</speed>
      </trkpt>
      <trkpt lat="59.582934463" lon="26.108117793">
        <ele>-9.400</ele>
        <time>2026-08-11T14:14:47Z</time>
        <speed>2.290000</speed>
      </trkpt>
      <trkpt lat="59.582856763" lon="26.108381152">
        <ele>-9.200</ele>
        <time>2026-08-11T14:14:54Z</time>
        <speed>1.978000</speed>
      </trkpt>
      <trkpt lat="59.582812088" lon="26.108572176">
        <ele>-8.800</ele>
        <time>2026-08-11T14:14:59Z</time>
        <speed>2.578000</speed>
      </trkpt>
      <trkpt lat="59.582787696" lon="26.108855736">
        <ele>-9.000</ele>
        <time>2026-08-11T14:15:05Z</time>
        <speed>2.290000</speed>
      </trkpt>
      <trkpt lat="59.582826085" lon="26.109156478">
        <ele>-8.800</ele>
        <time>2026-08-11T14:15:11Z</time>
        <speed>2.798000</speed>
      </trkpt>
      <trkpt lat="59.582919627" lon="26.109518241">
        <ele>-8.600</ele>
        <time>2026-08-11T14:15:18Z</time>
        <speed>2.842000</speed>
      </trkpt>
      <trkpt lat="59.582975954" lon="26.109872712">
        <ele>-9.000</ele>
        <time>2026-08-11T14:15:25Z</time>
        <speed>3.172000</speed>
      </trkpt>
      <trkpt lat="59.582994729" lon="26.110174209">
        <ele>-8.200</ele>
        <time>2026-08-11T14:15:30Z</time>
        <speed>3.257000</speed>
      </trkpt>
      <trkpt lat="59.582998920" lon="26.110236822">
        <ele>-8.800</ele>
        <time>2026-08-11T14:15:31Z</time>
        <speed>3.329000</speed>
      </trkpt>
      <trkpt lat="59.583019707" lon="26.110553322">
        <ele>-9.400</ele>
        <time>2026-08-11T14:15:36Z</time>
        <speed>3.632000</speed>
      </trkpt>
      <trkpt lat="59.583038650" lon="26.110821879">
        <ele>-9.400</ele>
        <time>2026-08-11T14:15:40Z</time>
        <speed>3.819000</speed>
      </trkpt>
      <trkpt lat="59.583037226" lon="26.111182552">
        <ele>-8.400</ele>
        <time>2026-08-11T14:15:45Z</time>
        <speed>3.874000</speed>
      </trkpt>
      <trkpt lat="59.583013505" lon="26.111375000">
        <ele>-8.200</ele>
        <time>2026-08-11T14:15:48Z</time>
        <speed>3.239000</speed>
      </trkpt>
      <trkpt lat="59.582940079" lon="26.111587062">
        <ele>-7.800</ele>
        <time>2026-08-11T14:15:54Z</time>
        <speed>2.168000</speed>
      </trkpt>
      <trkpt lat="59.582925746" lon="26.111610867">
        <ele>-7.800</ele>
        <time>2026-08-11T14:15:55Z</time>
        <speed>1.750000</speed>
      </trkpt>
      <trkpt lat="59.582888866" lon="26.111659147">
        <ele>-7.800</ele>
        <time>2026-08-11T14:15:58Z</time>
        <speed>1.224000</speed>
      </trkpt>
      <trkpt lat="59.582866486" lon="26.111742547">
        <ele>-7.800</ele>
        <time>2026-08-11T14:16:03Z</time>
        <speed>1.483000</speed>
      </trkpt>
      <trkpt lat="59.582825080" lon="26.111924518">
        <ele>-7.800</ele>
        <time>2026-08-11T14:16:09Z</time>
        <speed>2.024000</speed>
      </trkpt>
      <trkpt lat="59.582789289" lon="26.112007666">
        <ele>-7.400</ele>
        <time>2026-08-11T14:16:12Z</time>
        <speed>1.850000</speed>
      </trkpt>
      <trkpt lat="59.582723826" lon="26.112142196">
        <ele>-7.000</ele>
        <time>2026-08-11T14:16:17Z</time>
        <speed>1.938000</speed>
      </trkpt>
      <trkpt lat="59.582655095" lon="26.112255435">
        <ele>-6.800</ele>
        <time>2026-08-11T14:16:22Z</time>
        <speed>1.766000</speed>
      </trkpt>
      <trkpt lat="59.582629027" lon="26.112294495">
        <ele>-6.800</ele>
        <time>2026-08-11T14:16:24Z</time>
        <speed>1.464000</speed>
      </trkpt>
      <trkpt lat="59.582601702" lon="26.112330034">
        <ele>-6.600</ele>
        <time>2026-08-11T14:16:26Z</time>
        <speed>1.526000</speed>
      </trkpt>
      <trkpt lat="59.582572198" lon="26.112368340">
        <ele>-6.200</ele>
        <time>2026-08-11T14:16:28Z</time>
        <speed>1.822000</speed>
      </trkpt>
      <trkpt lat="59.582549734" lon="26.112388372">
        <ele>-5.800</ele>
        <time>2026-08-11T14:16:30Z</time>
        <speed>0.849000</speed>
      </trkpt>
    </trkseg>
    <trkseg>
      <trkpt lat="59.582547387" lon="26.112279072">
        <ele>-6.800</ele>
        <time>2026-08-11T14:16:41Z</time>
        <speed>1.382000</speed>
      </trkpt>
      <trkpt lat="59.582549818" lon="26.112252921">
        <ele>-6.800</ele>
        <time>2026-08-11T14:16:42Z</time>
        <speed>1.383000</speed>
      </trkpt>
      <trkpt lat="59.582524085" lon="26.112126270">
        <ele>-6.600</ele>
        <time>2026-08-11T14:16:48Z</time>
        <speed>0.708000</speed>
      </trkpt>
    </trkseg>
    <trkseg>
      <trkpt lat="59.582559541" lon="26.112048570">
        <ele>-7.800</ele>
        <time>2026-08-11T14:33:39Z</time>
        <speed>2.025000</speed>
      </trkpt>
      <trkpt lat="59.582704967" lon="26.111970702">
        <ele>-8.400</ele>
        <time>2026-08-11T14:33:44Z</time>
        <speed>3.524000</speed>
      </trkpt>
      <trkpt lat="59.582831617" lon="26.111859474">
        <ele>-9.000</ele>
        <time>2026-08-11T14:33:49Z</time>
        <speed>2.977000</speed>
      </trkpt>
      <trkpt lat="59.582844442" lon="26.111820415">
        <ele>-9.000</ele>
        <time>2026-08-11T14:33:50Z</time>
        <speed>2.551000</speed>
      </trkpt>
      <trkpt lat="59.582847040" lon="26.111745145">
        <ele>-8.800</ele>
        <time>2026-08-11T14:33:52Z</time>
        <speed>2.004000</speed>
      </trkpt>
      <trkpt lat="59.582818374" lon="26.111689489">
        <ele>-9.400</ele>
        <time>2026-08-11T14:33:54Z</time>
        <speed>2.687000</speed>
      </trkpt>
      <trkpt lat="59.582727011" lon="26.111711450">
        <ele>-9.200</ele>
        <time>2026-08-11T14:33:57Z</time>
        <speed>3.810000</speed>
      </trkpt>
      <trkpt lat="59.582693065" lon="26.111725448">
        <ele>-9.200</ele>
        <time>2026-08-11T14:33:58Z</time>
        <speed>3.974000</speed>
      </trkpt>
      <trkpt lat="59.582429621" lon="26.111815386">
        <ele>-9.200</ele>
        <time>2026-08-11T14:34:05Z</time>
        <speed>4.180000</speed>
      </trkpt>
      <trkpt lat="59.582225522" lon="26.111925859">
        <ele>-8.800</ele>
        <time>2026-08-11T14:34:11Z</time>
        <speed>3.539000</speed>
      </trkpt>
      <trkpt lat="59.582067523" lon="26.112015042">
        <ele>-10.000</ele>
        <time>2026-08-11T14:34:15Z</time>
        <speed>4.647000</speed>
      </trkpt>
      <trkpt lat="59.582024356" lon="26.112038428">
        <ele>-10.000</ele>
        <time>2026-08-11T14:34:16Z</time>
        <speed>4.795000</speed>
      </trkpt>
      <trkpt lat="59.581912626" lon="26.112095593">
        <ele>-8.800</ele>
        <time>2026-08-11T14:34:19Z</time>
        <speed>3.457000</speed>
      </trkpt>
      <trkpt lat="59.581878427" lon="26.112113111">
        <ele>-8.800</ele>
        <time>2026-08-11T14:34:20Z</time>
        <speed>2.412000</speed>
      </trkpt>
      <trkpt lat="59.581742389" lon="26.112194750">
        <ele>-8.800</ele>
        <time>2026-08-11T14:34:24Z</time>
        <speed>3.505000</speed>
      </trkpt>
      <trkpt lat="59.581578523" lon="26.112268595">
        <ele>-9.000</ele>
        <time>2026-08-11T14:34:28Z</time>
        <speed>4.303000</speed>
      </trkpt>
      <trkpt lat="59.581272583" lon="26.112416871">
        <ele>-8.800</ele>
        <time>2026-08-11T14:34:34Z</time>
        <speed>4.539000</speed>
      </trkpt>
      <trkpt lat="59.581088601" lon="26.112514436">
        <ele>-8.800</ele>
        <time>2026-08-11T14:34:37Z</time>
        <speed>4.758000</speed>
      </trkpt>
      <trkpt lat="59.580956083" lon="26.112574954">
        <ele>-9.000</ele>
        <time>2026-08-11T14:34:40Z</time>
        <speed>3.867000</speed>
      </trkpt>
      <trkpt lat="59.580908306" lon="26.112590292">
        <ele>-9.000</ele>
        <time>2026-08-11T14:34:41Z</time>
        <speed>4.553000</speed>
      </trkpt>
      <trkpt lat="59.580721725" lon="26.112650810">
        <ele>-8.600</ele>
        <time>2026-08-11T14:34:45Z</time>
        <speed>4.014000</speed>
      </trkpt>
      <trkpt lat="59.580580657" lon="26.112677967">
        <ele>-8.400</ele>
        <time>2026-08-11T14:34:49Z</time>
        <speed>2.508000</speed>
      </trkpt>
      <trkpt lat="59.580372451" lon="26.112744855">
        <ele>-8.000</ele>
        <time>2026-08-11T14:34:54Z</time>
        <speed>4.161000</speed>
      </trkpt>
      <trkpt lat="59.580140524" lon="26.112844096">
        <ele>-8.400</ele>
        <time>2026-08-11T14:34:58Z</time>
        <speed>4.889000</speed>
      </trkpt>
      <trkpt lat="59.580084700" lon="26.112866728">
        <ele>-8.400</ele>
        <time>2026-08-11T14:34:59Z</time>
        <speed>4.546000</speed>
      </trkpt>
      <trkpt lat="59.579888396" lon="26.112974016">
        <ele>-7.800</ele>
        <time>2026-08-11T14:35:03Z</time>
        <speed>3.946000</speed>
      </trkpt>
      <trkpt lat="59.579804409" lon="26.113055740">
        <ele>-7.400</ele>
        <time>2026-08-11T14:35:05Z</time>
        <speed>4.534000</speed>
      </trkpt>
      <trkpt lat="59.579560915" lon="26.113273585">
        <ele>-7.000</ele>
        <time>2026-08-11T14:35:11Z</time>
        <speed>2.917000</speed>
      </trkpt>
      <trkpt lat="59.579432085" lon="26.113382885">
        <ele>-6.800</ele>
        <time>2026-08-11T14:35:14Z</time>
        <speed>2.267000</speed>
      </trkpt>
      <trkpt lat="59.579323204" lon="26.113482127">
        <ele>-6.200</ele>
        <time>2026-08-11T14:35:17Z</time>
        <speed>2.190000</speed>
      </trkpt>
      <trkpt lat="59.579145424" lon="26.113662422">
        <ele>-6.000</ele>
        <time>2026-08-11T14:35:24Z</time>
        <speed>2.593000</speed>
      </trkpt>
      <trkpt lat="59.578959430" lon="26.113883536">
        <ele>-5.600</ele>
        <time>2026-08-11T14:35:30Z</time>
        <speed>2.416000</speed>
      </trkpt>
      <trkpt lat="59.578931937" lon="26.113914466">
        <ele>-5.600</ele>
        <time>2026-08-11T14:35:31Z</time>
        <speed>2.194000</speed>
      </trkpt>
      <trkpt lat="59.578694561" lon="26.114205401">
        <ele>-5.600</ele>
        <time>2026-08-11T14:35:39Z</time>
        <speed>2.082000</speed>
      </trkpt>
      <trkpt lat="59.578495743" lon="26.114404220">
        <ele>-5.400</ele>
        <time>2026-08-11T14:35:45Z</time>
        <speed>2.300000</speed>
      </trkpt>
      <trkpt lat="59.578323327" lon="26.114624916">
        <ele>-5.200</ele>
        <time>2026-08-11T14:35:51Z</time>
        <speed>3.240000</speed>
      </trkpt>
      <trkpt lat="59.578100368" lon="26.114842091">
        <ele>-4.600</ele>
        <time>2026-08-11T14:35:57Z</time>
        <speed>3.144000</speed>
      </trkpt>
      <trkpt lat="59.577882607" lon="26.115085501">
        <ele>-4.400</ele>
        <time>2026-08-11T14:36:03Z</time>
        <speed>3.198000</speed>
      </trkpt>
      <trkpt lat="59.577718992" lon="26.115261354">
        <ele>-4.400</ele>
        <time>2026-08-11T14:36:09Z</time>
        <speed>2.230000</speed>
      </trkpt>
      <trkpt lat="59.577619834" lon="26.115404433">
        <ele>-4.400</ele>
        <time>2026-08-11T14:36:15Z</time>
        <speed>1.598000</speed>
      </trkpt>
      <trkpt lat="59.577450855" lon="26.115615070">
        <ele>-4.200</ele>
        <time>2026-08-11T14:36:21Z</time>
        <speed>3.539000</speed>
      </trkpt>
      <trkpt lat="59.577216329" lon="26.115867617">
        <ele>-4.000</ele>
        <time>2026-08-11T14:36:26Z</time>
        <speed>3.104000</speed>
      </trkpt>
      <trkpt lat="59.576994041" lon="26.116081439">
        <ele>-3.400</ele>
        <time>2026-08-11T14:36:32Z</time>
        <speed>2.929000</speed>
      </trkpt>
      <trkpt lat="59.576948863" lon="26.116145393">
        <ele>-3.200</ele>
        <time>2026-08-11T14:36:34Z</time>
        <speed>2.524000</speed>
      </trkpt>
      <trkpt lat="59.576906702" lon="26.116202222">
        <ele>-3.000</ele>
        <time>2026-08-11T14:36:36Z</time>
        <speed>2.197000</speed>
      </trkpt>
      <trkpt lat="59.576858422" lon="26.116259554">
        <ele>-2.400</ele>
        <time>2026-08-11T14:36:38Z</time>
        <speed>2.482000</speed>
      </trkpt>
      <trkpt lat="59.576723306" lon="26.116420822">
        <ele>-1.600</ele>
        <time>2026-08-11T14:36:43Z</time>
        <speed>2.328000</speed>
      </trkpt>
      <trkpt lat="59.576676367" lon="26.116472455">
        <ele>-1.200</ele>
        <time>2026-08-11T14:36:45Z</time>
        <speed>1.745000</speed>
      </trkpt>
      <trkpt lat="59.576593721" lon="26.116559710">
        <ele>-1.000</ele>
        <time>2026-08-11T14:36:48Z</time>
        <speed>2.165000</speed>
      </trkpt>
      <trkpt lat="59.576403368" lon="26.116763307">
        <ele>-0.400</ele>
        <time>2026-08-11T14:36:55Z</time>
        <speed>1.712000</speed>
      </trkpt>
      <trkpt lat="59.576382330" lon="26.116789207">
        <ele>-0.200</ele>
        <time>2026-08-11T14:36:56Z</time>
        <speed>1.522000</speed>
      </trkpt>
      <trkpt lat="59.576211926" lon="26.116961623">
        <ele>0.200</ele>
        <time>2026-08-11T14:37:01Z</time>
        <speed>1.416000</speed>
      </trkpt>
      <trkpt lat="59.576151911" lon="26.117020715">
        <ele>0.800</ele>
        <time>2026-08-11T14:37:03Z</time>
        <speed>1.534000</speed>
      </trkpt>
      <trkpt lat="59.575998774" lon="26.117125321">
        <ele>1.400</ele>
        <time>2026-08-11T14:37:09Z</time>
        <speed>1.986000</speed>
      </trkpt>
      <trkpt lat="59.575855192" lon="26.117275273">
        <ele>1.800</ele>
        <time>2026-08-11T14:37:14Z</time>
        <speed>0.930000</speed>
      </trkpt>
      <trkpt lat="59.575693086" lon="26.117389854">
        <ele>2.000</ele>
        <time>2026-08-11T14:37:21Z</time>
        <speed>1.407000</speed>
      </trkpt>
      <trkpt lat="59.575530812" lon="26.117471410">
        <ele>2.400</ele>
        <time>2026-08-11T14:37:26Z</time>
        <speed>2.450000</speed>
      </trkpt>
      <trkpt lat="59.575498877" lon="26.117482390">
        <ele>2.600</ele>
        <time>2026-08-11T14:37:27Z</time>
        <speed>2.568000</speed>
      </trkpt>
      <trkpt lat="59.575413717" lon="26.117514577">
        <ele>3.000</ele>
        <time>2026-08-11T14:37:30Z</time>
        <speed>2.307000</speed>
      </trkpt>
      <trkpt lat="59.575344399" lon="26.117547685">
        <ele>3.400</ele>
        <time>2026-08-11T14:37:33Z</time>
        <speed>1.764000</speed>
      </trkpt>
      <trkpt lat="59.575203080" lon="26.117595294">
        <ele>3.600</ele>
        <time>2026-08-11T14:37:38Z</time>
        <speed>2.906000</speed>
      </trkpt>
      <trkpt lat="59.575100821" lon="26.117612729">
        <ele>4.000</ele>
        <time>2026-08-11T14:37:41Z</time>
        <speed>3.212000</speed>
      </trkpt>
      <trkpt lat="59.574969895" lon="26.117634019">
        <ele>4.000</ele>
        <time>2026-08-11T14:37:45Z</time>
        <speed>2.939000</speed>
      </trkpt>
      <trkpt lat="59.574746601" lon="26.117694955">
        <ele>4.200</ele>
        <time>2026-08-11T14:37:51Z</time>
        <speed>2.977000</speed>
      </trkpt>
      <trkpt lat="59.574504951" lon="26.117732506">
        <ele>4.800</ele>
        <time>2026-08-11T14:37:58Z</time>
        <speed>2.894000</speed>
      </trkpt>
      <trkpt lat="59.574396154" lon="26.117727393">
        <ele>5.200</ele>
        <time>2026-08-11T14:38:01Z</time>
        <speed>2.917000</speed>
      </trkpt>
      <trkpt lat="59.574276377" lon="26.117759245">
        <ele>5.800</ele>
        <time>2026-08-11T14:38:05Z</time>
        <speed>3.037000</speed>
      </trkpt>
      <trkpt lat="59.574130448" lon="26.117813308">
        <ele>6.200</ele>
        <time>2026-08-11T14:38:10Z</time>
        <speed>3.152000</speed>
      </trkpt>
      <trkpt lat="59.574100440" lon="26.117818085">
        <ele>6.400</ele>
        <time>2026-08-11T14:38:11Z</time>
        <speed>3.189000</speed>
      </trkpt>
      <trkpt lat="59.573934982" lon="26.117855553">
        <ele>6.400</ele>
        <time>2026-08-11T14:38:17Z</time>
        <speed>2.669000</speed>
      </trkpt>
      <trkpt lat="59.573739599" lon="26.117781373">
        <ele>6.200</ele>
        <time>2026-08-11T14:38:24Z</time>
        <speed>3.248000</speed>
      </trkpt>
      <trkpt lat="59.573526280" lon="26.117632426">
        <ele>6.800</ele>
        <time>2026-08-11T14:38:31Z</time>
        <speed>3.404000</speed>
      </trkpt>
      <trkpt lat="59.573306842" lon="26.117628068">
        <ele>6.600</ele>
        <time>2026-08-11T14:38:36Z</time>
        <speed>3.816000</speed>
      </trkpt>
      <trkpt lat="59.573116740" lon="26.117675677">
        <ele>6.800</ele>
        <time>2026-08-11T14:38:41Z</time>
        <speed>3.977000</speed>
      </trkpt>
      <trkpt lat="59.572896631" lon="26.117650196">
        <ele>6.400</ele>
        <time>2026-08-11T14:38:46Z</time>
        <speed>5.019000</speed>
      </trkpt>
      <trkpt lat="59.572541909" lon="26.117733177">
        <ele>5.200</ele>
        <time>2026-08-11T14:38:53Z</time>
        <speed>5.660000</speed>
      </trkpt>
      <trkpt lat="59.572440153" lon="26.117769387">
        <ele>5.200</ele>
        <time>2026-08-11T14:38:55Z</time>
        <speed>5.737000</speed>
      </trkpt>
      <trkpt lat="59.572226079" lon="26.117825210">
        <ele>5.000</ele>
        <time>2026-08-11T14:39:00Z</time>
        <speed>4.267000</speed>
      </trkpt>
      <trkpt lat="59.572065566" lon="26.117805010">
        <ele>5.800</ele>
        <time>2026-08-11T14:39:05Z</time>
        <speed>3.875000</speed>
      </trkpt>
      <trkpt lat="59.571993565" lon="26.117757652">
        <ele>6.200</ele>
        <time>2026-08-11T14:39:07Z</time>
        <speed>3.977000</speed>
      </trkpt>
      <trkpt lat="59.571871357" lon="26.117576687">
        <ele>5.400</ele>
        <time>2026-08-11T14:39:11Z</time>
        <speed>3.977000</speed>
      </trkpt>
      <trkpt lat="59.571821736" lon="26.117460513">
        <ele>5.000</ele>
        <time>2026-08-11T14:39:13Z</time>
        <speed>4.038000</speed>
      </trkpt>
      <trkpt lat="59.571727104" lon="26.117203692">
        <ele>4.600</ele>
        <time>2026-08-11T14:39:17Z</time>
        <speed>4.141000</speed>
      </trkpt>
      <trkpt lat="59.571656529" lon="26.117024319">
        <ele>6.200</ele>
        <time>2026-08-11T14:39:20Z</time>
        <speed>3.851000</speed>
      </trkpt>
      <trkpt lat="59.571526358" lon="26.116804965">
        <ele>6.800</ele>
        <time>2026-08-11T14:39:25Z</time>
        <speed>3.455000</speed>
      </trkpt>
      <trkpt lat="59.571385207" lon="26.116664568">
        <ele>7.200</ele>
        <time>2026-08-11T14:39:30Z</time>
        <speed>3.036000</speed>
      </trkpt>
      <trkpt lat="59.571358468" lon="26.116647050">
        <ele>7.400</ele>
        <time>2026-08-11T14:39:31Z</time>
        <speed>2.732000</speed>
      </trkpt>
      <trkpt lat="59.571248749" lon="26.116553340">
        <ele>8.400</ele>
        <time>2026-08-11T14:39:35Z</time>
        <speed>2.798000</speed>
      </trkpt>
      <trkpt lat="59.571191166" lon="26.116530709">
        <ele>8.800</ele>
        <time>2026-08-11T14:39:37Z</time>
        <speed>2.840000</speed>
      </trkpt>
      <trkpt lat="59.571038028" lon="26.116448650">
        <ele>9.400</ele>
        <time>2026-08-11T14:39:42Z</time>
        <speed>2.802000</speed>
      </trkpt>
      <trkpt lat="59.571009194" lon="26.116431048">
        <ele>9.400</ele>
        <time>2026-08-11T14:39:43Z</time>
        <speed>2.964000</speed>
      </trkpt>
      <trkpt lat="59.570871312" lon="26.116333315">
        <ele>9.800</ele>
        <time>2026-08-11T14:39:48Z</time>
        <speed>3.203000</speed>
      </trkpt>
      <trkpt lat="59.570717504" lon="26.116217310">
        <ele>10.000</ele>
        <time>2026-08-11T14:39:54Z</time>
        <speed>2.486000</speed>
      </trkpt>
      <trkpt lat="59.570525559" lon="26.116096107">
        <ele>10.600</ele>
        <time>2026-08-11T14:40:00Z</time>
        <speed>3.219000</speed>
      </trkpt>
      <trkpt lat="59.570303690" lon="26.116061741">
        <ele>11.000</ele>
        <time>2026-08-11T14:40:06Z</time>
        <speed>3.772000</speed>
      </trkpt>
      <trkpt lat="59.570112079" lon="26.116042547">
        <ele>11.400</ele>
        <time>2026-08-11T14:40:12Z</time>
        <speed>2.790000</speed>
      </trkpt>
      <trkpt lat="59.570016526" lon="26.116071213">
        <ele>11.600</ele>
        <time>2026-08-11T14:40:15Z</time>
        <speed>3.566000</speed>
      </trkpt>
      <trkpt lat="59.569948465" lon="26.116081439">
        <ele>11.800</ele>
        <time>2026-08-11T14:40:17Z</time>
        <speed>3.503000</speed>
      </trkpt>
      <trkpt lat="59.569783257" lon="26.116157882">
        <ele>11.800</ele>
        <time>2026-08-11T14:40:22Z</time>
        <speed>3.472000</speed>
      </trkpt>
      <trkpt lat="59.569561807" lon="26.116392827">
        <ele>12.200</ele>
        <time>2026-08-11T14:40:29Z</time>
        <speed>4.118000</speed>
      </trkpt>
      <trkpt lat="59.569379417" lon="26.116827764">
        <ele>12.400</ele>
        <time>2026-08-11T14:40:36Z</time>
        <speed>3.921000</speed>
      </trkpt>
      <trkpt lat="59.569326695" lon="26.117022727">
        <ele>12.800</ele>
        <time>2026-08-11T14:40:39Z</time>
        <speed>3.927000</speed>
      </trkpt>
      <trkpt lat="59.569264753" lon="26.117285751">
        <ele>13.000</ele>
        <time>2026-08-11T14:40:43Z</time>
        <speed>3.762000</speed>
      </trkpt>
      <trkpt lat="59.569166517" lon="26.117717419">
        <ele>13.800</ele>
        <time>2026-08-11T14:40:50Z</time>
        <speed>3.605000</speed>
      </trkpt>
      <trkpt lat="59.569078172" lon="26.118240366">
        <ele>14.200</ele>
        <time>2026-08-11T14:40:58Z</time>
        <speed>3.824000</speed>
      </trkpt>
      <trkpt lat="59.568995442" lon="26.118576061">
        <ele>14.800</ele>
        <time>2026-08-11T14:41:04Z</time>
        <speed>2.835000</speed>
      </trkpt>
      <trkpt lat="59.568911707" lon="26.118898345">
        <ele>15.600</ele>
        <time>2026-08-11T14:41:10Z</time>
        <speed>3.324000</speed>
      </trkpt>
      <trkpt lat="59.568827301" lon="26.119336886">
        <ele>16.000</ele>
        <time>2026-08-11T14:41:17Z</time>
        <speed>3.811000</speed>
      </trkpt>
      <trkpt lat="59.568744740" lon="26.119751539">
        <ele>16.000</ele>
        <time>2026-08-11T14:41:24Z</time>
        <speed>2.920000</speed>
      </trkpt>
      <trkpt lat="59.568658657" lon="26.120032920">
        <ele>16.200</ele>
        <time>2026-08-11T14:41:30Z</time>
        <speed>1.904000</speed>
      </trkpt>
      <trkpt lat="59.568631919" lon="26.120070135">
        <ele>16.200</ele>
        <time>2026-08-11T14:41:31Z</time>
        <speed>1.448000</speed>
      </trkpt>
      <trkpt lat="59.568571234" lon="26.120201731">
        <ele>16.200</ele>
        <time>2026-08-11T14:41:35Z</time>
        <speed>2.093000</speed>
      </trkpt>
      <trkpt lat="59.568533851" lon="26.120259902">
        <ele>16.600</ele>
        <time>2026-08-11T14:41:37Z</time>
        <speed>1.910000</speed>
      </trkpt>
      <trkpt lat="59.568430334" lon="26.120384960">
        <ele>17.200</ele>
        <time>2026-08-11T14:41:41Z</time>
        <speed>1.608000</speed>
      </trkpt>
      <trkpt lat="59.568366632" lon="26.120448494">
        <ele>17.600</ele>
        <time>2026-08-11T14:41:43Z</time>
        <speed>1.807000</speed>
      </trkpt>
      <trkpt lat="59.568288680" lon="26.120528122">
        <ele>18.400</ele>
        <time>2026-08-11T14:41:46Z</time>
        <speed>1.332000</speed>
      </trkpt>
      <trkpt lat="59.568223218" lon="26.120599872">
        <ele>19.000</ele>
        <time>2026-08-11T14:41:49Z</time>
        <speed>1.319000</speed>
      </trkpt>
      <trkpt lat="59.568183320" lon="26.120648319">
        <ele>19.400</ele>
        <time>2026-08-11T14:41:51Z</time>
        <speed>1.192000</speed>
      </trkpt>
    </trkseg>
    <trkseg>
      <trkpt lat="59.567659451" lon="26.121098595">
        <ele>21.200</ele>
        <time>2026-08-11T14:42:14Z</time>
        <speed>1.533000</speed>
      </trkpt>
      <trkpt lat="59.567532046" lon="26.121202866">
        <ele>21.400</ele>
        <time>2026-08-11T14:42:21Z</time>
        <speed>0.000000</speed>
      </trkpt>
    </trkseg>
    <trkseg>
      <trkpt lat="59.567197608" lon="26.121524395">
        <ele>20.600</ele>
        <time>2026-08-11T14:42:34Z</time>
        <speed>1.650000</speed>
      </trkpt>
      <trkpt lat="59.567120411" lon="26.121586589">
        <ele>20.600</ele>
        <time>2026-08-11T14:42:37Z</time>
        <speed>1.735000</speed>
      </trkpt>
      <trkpt lat="59.566924609" lon="26.121728830">
        <ele>20.400</ele>
        <time>2026-08-11T14:42:42Z</time>
        <speed>3.151000</speed>
      </trkpt>
      <trkpt lat="59.566833163" lon="26.121778451">
        <ele>20.200</ele>
        <time>2026-08-11T14:42:44Z</time>
        <speed>3.692000</speed>
      </trkpt>
      <trkpt lat="59.566653203" lon="26.121885739">
        <ele>20.200</ele>
        <time>2026-08-11T14:42:48Z</time>
        <speed>3.567000</speed>
      </trkpt>
      <trkpt lat="59.566463688" lon="26.121957572">
        <ele>20.600</ele>
        <time>2026-08-11T14:42:53Z</time>
        <speed>3.324000</speed>
      </trkpt>
      <trkpt lat="59.566191863" lon="26.122013060">
        <ele>20.200</ele>
        <time>2026-08-11T14:43:00Z</time>
        <speed>3.809000</speed>
      </trkpt>
      <trkpt lat="59.565970413" lon="26.122024292">
        <ele>19.800</ele>
        <time>2026-08-11T14:43:05Z</time>
        <speed>3.478000</speed>
      </trkpt>
      <trkpt lat="59.565666653" lon="26.122037452">
        <ele>19.800</ele>
        <time>2026-08-11T14:43:11Z</time>
        <speed>4.671000</speed>
      </trkpt>
      <trkpt lat="59.565346213" lon="26.121975258">
        <ele>19.800</ele>
        <time>2026-08-11T14:43:18Z</time>
        <speed>3.584000</speed>
      </trkpt>
      <trkpt lat="59.565052344" lon="26.121880878">
        <ele>20.200</ele>
        <time>2026-08-11T14:43:26Z</time>
        <speed>3.344000</speed>
      </trkpt>
      <trkpt lat="59.564859057" lon="26.121871741">
        <ele>21.000</ele>
        <time>2026-08-11T14:43:32Z</time>
        <speed>3.270000</speed>
      </trkpt>
      <trkpt lat="59.564615479" lon="26.121808542">
        <ele>21.000</ele>
        <time>2026-08-11T14:43:38Z</time>
        <speed>3.789000</speed>
      </trkpt>
      <trkpt lat="59.564208621" lon="26.121816253">
        <ele>20.600</ele>
        <time>2026-08-11T14:43:46Z</time>
        <speed>4.546000</speed>
      </trkpt>
      <trkpt lat="59.564146176" lon="26.121800831">
        <ele>20.800</ele>
        <time>2026-08-11T14:43:47Z</time>
        <speed>4.730000</speed>
      </trkpt>
      <trkpt lat="59.564046431" lon="26.121754143">
        <ele>21.000</ele>
        <time>2026-08-11T14:43:49Z</time>
        <speed>4.517000</speed>
      </trkpt>
      <trkpt lat="59.564007791" lon="26.121741487">
        <ele>21.400</ele>
        <time>2026-08-11T14:43:50Z</time>
        <speed>4.057000</speed>
      </trkpt>
      <trkpt lat="59.563967474" lon="26.121729417">
        <ele>21.400</ele>
        <time>2026-08-11T14:43:51Z</time>
        <speed>3.975000</speed>
      </trkpt>
      <trkpt lat="59.563854402" lon="26.121717347">
        <ele>22.200</ele>
        <time>2026-08-11T14:43:54Z</time>
        <speed>3.670000</speed>
      </trkpt>
      <trkpt lat="59.563753568" lon="26.121713575">
        <ele>21.800</ele>
        <time>2026-08-11T14:43:57Z</time>
        <speed>3.637000</speed>
      </trkpt>
      <trkpt lat="59.563686261" lon="26.121726399">
        <ele>22.000</ele>
        <time>2026-08-11T14:43:59Z</time>
        <speed>3.351000</speed>
      </trkpt>
      <trkpt lat="59.563575787" lon="26.121757496">
        <ele>21.600</ele>
        <time>2026-08-11T14:44:02Z</time>
        <speed>3.756000</speed>
      </trkpt>
      <trkpt lat="59.563494818" lon="26.121858330">
        <ele>21.400</ele>
        <time>2026-08-11T14:44:05Z</time>
        <speed>2.863000</speed>
      </trkpt>
      <trkpt lat="59.563314188" lon="26.121938126">
        <ele>21.200</ele>
        <time>2026-08-11T14:44:10Z</time>
        <speed>3.865000</speed>
      </trkpt>
      <trkpt lat="59.563001376" lon="26.122098221">
        <ele>21.200</ele>
        <time>2026-08-11T14:44:16Z</time>
        <speed>4.699000</speed>
      </trkpt>
      <trkpt lat="59.562945636" lon="26.122109285">
        <ele>21.200</ele>
        <time>2026-08-11T14:44:17Z</time>
        <speed>4.696000</speed>
      </trkpt>
      <trkpt lat="59.562842371" lon="26.122138621">
        <ele>21.200</ele>
        <time>2026-08-11T14:44:19Z</time>
        <speed>4.637000</speed>
      </trkpt>
      <trkpt lat="59.562738519" lon="26.122161839">
        <ele>21.200</ele>
        <time>2026-08-11T14:44:21Z</time>
        <speed>5.214000</speed>
      </trkpt>
      <trkpt lat="59.562486056" lon="26.122222692">
        <ele>21.200</ele>
        <time>2026-08-11T14:44:27Z</time>
        <speed>4.142000</speed>
      </trkpt>
      <trkpt lat="59.562352868" lon="26.122289496">
        <ele>21.600</ele>
        <time>2026-08-11T14:44:32Z</time>
        <speed>2.678000</speed>
      </trkpt>
      <trkpt lat="59.562148014" lon="26.122345738">
        <ele>22.000</ele>
        <time>2026-08-11T14:44:38Z</time>
        <speed>2.978000</speed>
      </trkpt>
      <trkpt lat="59.561857078" lon="26.122493427">
        <ele>22.400</ele>
        <time>2026-08-11T14:44:44Z</time>
        <speed>3.508000</speed>
      </trkpt>
      <trkpt lat="59.561772589" lon="26.122532487">
        <ele>22.400</ele>
        <time>2026-08-11T14:44:46Z</time>
        <speed>3.602000</speed>
      </trkpt>
      <trkpt lat="59.561659852" lon="26.122573894">
        <ele>22.400</ele>
        <time>2026-08-11T14:44:49Z</time>
        <speed>3.328000</speed>
      </trkpt>
      <trkpt lat="59.561463213" lon="26.122660311">
        <ele>22.400</ele>
        <time>2026-08-11T14:44:54Z</time>
        <speed>4.030000</speed>
      </trkpt>
      <trkpt lat="59.561271183" lon="26.122777574">
        <ele>22.600</ele>
        <time>2026-08-11T14:44:59Z</time>
        <speed>4.057000</speed>
      </trkpt>
      <trkpt lat="59.561073873" lon="26.122963149">
        <ele>22.800</ele>
        <time>2026-08-11T14:45:05Z</time>
        <speed>3.494000</speed>
      </trkpt>
      <trkpt lat="59.560929118" lon="26.123153167">
        <ele>23.200</ele>
        <time>2026-08-11T14:45:10Z</time>
        <speed>3.236000</speed>
      </trkpt>
      <trkpt lat="59.560655532" lon="26.123518869">
        <ele>23.400</ele>
        <time>2026-08-11T14:45:17Z</time>
        <speed>3.313000</speed>
      </trkpt>
      <trkpt lat="59.560349593" lon="26.123906532">
        <ele>23.400</ele>
        <time>2026-08-11T14:45:24Z</time>
        <speed>4.113000</speed>
      </trkpt>
      <trkpt lat="59.560201233" lon="26.124153128">
        <ele>23.200</ele>
        <time>2026-08-11T14:45:27Z</time>
        <speed>4.474000</speed>
      </trkpt>
      <trkpt lat="59.560117666" lon="26.124324370">
        <ele>23.000</ele>
        <time>2026-08-11T14:45:29Z</time>
        <speed>5.080000</speed>
      </trkpt>
      <trkpt lat="59.559921026" lon="26.124818232">
        <ele>23.400</ele>
        <time>2026-08-11T14:45:35Z</time>
        <speed>4.706000</speed>
      </trkpt>
      <trkpt lat="59.559804937" lon="26.125370432">
        <ele>22.800</ele>
        <time>2026-08-11T14:45:42Z</time>
        <speed>4.060000</speed>
      </trkpt>
      <trkpt lat="59.559684405" lon="26.125838058">
        <ele>22.800</ele>
        <time>2026-08-11T14:45:48Z</time>
        <speed>4.443000</speed>
      </trkpt>
      <trkpt lat="59.559657499" lon="26.125923134">
        <ele>22.800</ele>
        <time>2026-08-11T14:45:49Z</time>
        <speed>4.697000</speed>
      </trkpt>
      <trkpt lat="59.559513498" lon="26.126299398">
        <ele>22.800</ele>
        <time>2026-08-11T14:45:54Z</time>
        <speed>3.956000</speed>
      </trkpt>
      <trkpt lat="59.559435211" lon="26.126545575">
        <ele>22.800</ele>
        <time>2026-08-11T14:45:57Z</time>
        <speed>4.758000</speed>
      </trkpt>
      <trkpt lat="59.559410652" lon="26.126629394">
        <ele>22.800</ele>
        <time>2026-08-11T14:45:58Z</time>
        <speed>4.808000</speed>
      </trkpt>
      <trkpt lat="59.559274781" lon="26.127300197">
        <ele>22.800</ele>
        <time>2026-08-11T14:46:06Z</time>
        <speed>4.146000</speed>
      </trkpt>
      <trkpt lat="59.559157351" lon="26.127735721">
        <ele>23.600</ele>
        <time>2026-08-11T14:46:12Z</time>
        <speed>4.103000</speed>
      </trkpt>
      <trkpt lat="59.559016367" lon="26.127964631">
        <ele>24.200</ele>
        <time>2026-08-11T14:46:17Z</time>
        <speed>3.172000</speed>
      </trkpt>
      <trkpt lat="59.558801707" lon="26.128242239">
        <ele>23.800</ele>
        <time>2026-08-11T14:46:23Z</time>
        <speed>4.624000</speed>
      </trkpt>
      <trkpt lat="59.558565589" lon="26.128480285">
        <ele>24.200</ele>
        <time>2026-08-11T14:46:29Z</time>
        <speed>3.653000</speed>
      </trkpt>
      <trkpt lat="59.558336595" lon="26.128637111">
        <ele>24.000</ele>
        <time>2026-08-11T14:46:35Z</time>
        <speed>4.428000</speed>
      </trkpt>
      <trkpt lat="59.558057981" lon="26.128813466">
        <ele>24.200</ele>
        <time>2026-08-11T14:46:41Z</time>
        <speed>3.858000</speed>
      </trkpt>
      <trkpt lat="59.557842817" lon="26.128960485">
        <ele>24.200</ele>
        <time>2026-08-11T14:46:46Z</time>
        <speed>4.219000</speed>
      </trkpt>
      <trkpt lat="59.557655230" lon="26.129044052">
        <ele>24.200</ele>
        <time>2026-08-11T14:46:50Z</time>
        <speed>4.556000</speed>
      </trkpt>
      <trkpt lat="59.557570824" lon="26.129105659">
        <ele>24.200</ele>
        <time>2026-08-11T14:46:52Z</time>
        <speed>4.547000</speed>
      </trkpt>
      <trkpt lat="59.557231357" lon="26.129299784">
        <ele>23.400</ele>
        <time>2026-08-11T14:46:59Z</time>
        <speed>5.535000</speed>
      </trkpt>
      <trkpt lat="59.556993647" lon="26.129450155">
        <ele>24.000</ele>
        <time>2026-08-11T14:47:04Z</time>
        <speed>4.492000</speed>
      </trkpt>
      <trkpt lat="59.556951737" lon="26.129463315">
        <ele>24.200</ele>
        <time>2026-08-11T14:47:05Z</time>
        <speed>4.107000</speed>
      </trkpt>
      <trkpt lat="59.556725929" lon="26.129607568">
        <ele>23.800</ele>
        <time>2026-08-11T14:47:10Z</time>
        <speed>4.749000</speed>
      </trkpt>
      <trkpt lat="59.556406159" lon="26.129770512">
        <ele>23.600</ele>
        <time>2026-08-11T14:47:16Z</time>
        <speed>5.178000</speed>
      </trkpt>
      <trkpt lat="59.556119833" lon="26.129926750">
        <ele>23.400</ele>
        <time>2026-08-11T14:47:21Z</time>
        <speed>5.640000</speed>
      </trkpt>
      <trkpt lat="59.555730494" lon="26.130107380">
        <ele>24.400</ele>
        <time>2026-08-11T14:47:28Z</time>
        <speed>5.223000</speed>
      </trkpt>
      <trkpt lat="59.555475013" lon="26.130207209">
        <ele>24.600</ele>
        <time>2026-08-11T14:47:33Z</time>
        <speed>5.113000</speed>
      </trkpt>
      <trkpt lat="59.555428997" lon="26.130236629">
        <ele>24.800</ele>
        <time>2026-08-11T14:47:34Z</time>
        <speed>4.942000</speed>
      </trkpt>
      <trkpt lat="59.555385076" lon="26.130265296">
        <ele>24.800</ele>
        <time>2026-08-11T14:47:35Z</time>
        <speed>4.850000</speed>
      </trkpt>
      <trkpt lat="59.555198830" lon="26.130451793">
        <ele>25.600</ele>
        <time>2026-08-11T14:47:40Z</time>
        <speed>4.469000</speed>
      </trkpt>
      <trkpt lat="59.555128589" lon="26.130541814">
        <ele>25.800</ele>
        <time>2026-08-11T14:47:42Z</time>
        <speed>4.459000</speed>
      </trkpt>
      <trkpt lat="59.554943182" lon="26.130745076">
        <ele>25.600</ele>
        <time>2026-08-11T14:47:47Z</time>
        <speed>3.938000</speed>
      </trkpt>
      <trkpt lat="59.554671105" lon="26.131003825">
        <ele>24.800</ele>
        <time>2026-08-11T14:47:54Z</time>
        <speed>3.952000</speed>
      </trkpt>
      <trkpt lat="59.554448314" lon="26.131295599">
        <ele>25.400</ele>
        <time>2026-08-11T14:48:01Z</time>
        <speed>3.698000</speed>
      </trkpt>
      <trkpt lat="59.554342786" lon="26.131465835">
        <ele>25.200</ele>
        <time>2026-08-11T14:48:04Z</time>
        <speed>4.778000</speed>
      </trkpt>
      <trkpt lat="59.554265002" lon="26.131558456">
        <ele>24.800</ele>
        <time>2026-08-11T14:48:06Z</time>
        <speed>4.814000</speed>
      </trkpt>
      <trkpt lat="59.554049671" lon="26.131902281">
        <ele>24.800</ele>
        <time>2026-08-11T14:48:12Z</time>
        <speed>4.549000</speed>
      </trkpt>
      <trkpt lat="59.554017484" lon="26.131943017">
        <ele>25.000</ele>
        <time>2026-08-11T14:48:13Z</time>
        <speed>4.189000</speed>
      </trkpt>
      <trkpt lat="59.553891337" lon="26.132176956">
        <ele>25.800</ele>
        <time>2026-08-11T14:48:18Z</time>
        <speed>3.127000</speed>
      </trkpt>
      <trkpt lat="59.553653877" lon="26.132493708">
        <ele>25.800</ele>
        <time>2026-08-11T14:48:24Z</time>
        <speed>4.408000</speed>
      </trkpt>
      <trkpt lat="59.553224640" lon="26.133020343">
        <ele>25.800</ele>
        <time>2026-08-11T14:48:32Z</time>
        <speed>4.500000</speed>
      </trkpt>
      <trkpt lat="59.553125314" lon="26.133118747">
        <ele>26.600</ele>
        <time>2026-08-11T14:48:34Z</time>
        <speed>4.332000</speed>
      </trkpt>
      <trkpt lat="59.552953234" lon="26.133283116">
        <ele>26.800</ele>
        <time>2026-08-11T14:48:38Z</time>
        <speed>4.401000</speed>
      </trkpt>
      <trkpt lat="59.552650480" lon="26.133514624">
        <ele>27.000</ele>
        <time>2026-08-11T14:48:45Z</time>
        <speed>5.181000</speed>
      </trkpt>
      <trkpt lat="59.552385025" lon="26.133679496">
        <ele>27.800</ele>
        <time>2026-08-11T14:48:51Z</time>
        <speed>4.521000</speed>
      </trkpt>
      <trkpt lat="59.552263739" lon="26.133729285">
        <ele>28.200</ele>
        <time>2026-08-11T14:48:54Z</time>
        <speed>3.782000</speed>
      </trkpt>
      <trkpt lat="59.552090652" lon="26.133794999">
        <ele>28.000</ele>
        <time>2026-08-11T14:48:59Z</time>
        <speed>3.331000</speed>
      </trkpt>
      <trkpt lat="59.551882362" lon="26.133819306">
        <ele>28.600</ele>
        <time>2026-08-11T14:49:05Z</time>
        <speed>3.822000</speed>
      </trkpt>
      <trkpt lat="59.551845398" lon="26.133832047">
        <ele>28.800</ele>
        <time>2026-08-11T14:49:06Z</time>
        <speed>3.825000</speed>
      </trkpt>
      <trkpt lat="59.551618835" lon="26.133872112">
        <ele>29.600</ele>
        <time>2026-08-11T14:49:12Z</time>
        <speed>3.942000</speed>
      </trkpt>
      <trkpt lat="59.551515821" lon="26.133897342">
        <ele>29.800</ele>
        <time>2026-08-11T14:49:15Z</time>
        <speed>3.629000</speed>
      </trkpt>
      <trkpt lat="59.551357571" lon="26.133923242">
        <ele>30.800</ele>
        <time>2026-08-11T14:49:20Z</time>
        <speed>3.228000</speed>
      </trkpt>
      <trkpt lat="59.551245421" lon="26.133953752">
        <ele>31.000</ele>
        <time>2026-08-11T14:49:24Z</time>
        <speed>3.038000</speed>
      </trkpt>
      <trkpt lat="59.551143413" lon="26.133992141">
        <ele>31.800</ele>
        <time>2026-08-11T14:49:28Z</time>
        <speed>3.053000</speed>
      </trkpt>
      <trkpt lat="59.551051212" lon="26.133993985">
        <ele>32.000</ele>
        <time>2026-08-11T14:49:31Z</time>
        <speed>3.106000</speed>
      </trkpt>
      <trkpt lat="59.550952055" lon="26.134011336">
        <ele>32.800</ele>
        <time>2026-08-11T14:49:35Z</time>
        <speed>2.383000</speed>
      </trkpt>
      <trkpt lat="59.550929423" lon="26.134017957">
        <ele>33.000</ele>
        <time>2026-08-11T14:49:36Z</time>
        <speed>2.249000</speed>
      </trkpt>
      <trkpt lat="59.550760025" lon="26.134037822">
        <ele>34.000</ele>
        <time>2026-08-11T14:49:43Z</time>
        <speed>2.546000</speed>
      </trkpt>
      <trkpt lat="59.550736137" lon="26.134044947">
        <ele>34.000</ele>
        <time>2026-08-11T14:49:44Z</time>
        <speed>2.501000</speed>
      </trkpt>
      <trkpt lat="59.550614264" lon="26.134079229">
        <ele>34.400</ele>
        <time>2026-08-11T14:49:49Z</time>
        <speed>2.688000</speed>
      </trkpt>
      <trkpt lat="59.550508820" lon="26.134104962">
        <ele>35.200</ele>
        <time>2026-08-11T14:49:53Z</time>
        <speed>2.756000</speed>
      </trkpt>
      <trkpt lat="59.550432963" lon="26.134119378">
        <ele>36.000</ele>
        <time>2026-08-11T14:49:56Z</time>
        <speed>2.630000</speed>
      </trkpt>
      <trkpt lat="59.550383845" lon="26.134143937">
        <ele>36.200</ele>
        <time>2026-08-11T14:49:58Z</time>
        <speed>2.643000</speed>
      </trkpt>
      <trkpt lat="59.550284687" lon="26.134157684">
        <ele>37.600</ele>
        <time>2026-08-11T14:50:02Z</time>
        <speed>2.711000</speed>
      </trkpt>
      <trkpt lat="59.550113278" lon="26.134203449">
        <ele>38.000</ele>
        <time>2026-08-11T14:50:09Z</time>
        <speed>2.714000</speed>
      </trkpt>
      <trkpt lat="59.549964666" lon="26.134227924">
        <ele>38.400</ele>
        <time>2026-08-11T14:50:15Z</time>
        <speed>2.698000</speed>
      </trkpt>
      <trkpt lat="59.549941448" lon="26.134231528">
        <ele>38.800</ele>
        <time>2026-08-11T14:50:16Z</time>
        <speed>2.691000</speed>
      </trkpt>
      <trkpt lat="59.549764087" lon="26.134267068">
        <ele>39.800</ele>
        <time>2026-08-11T14:50:23Z</time>
        <speed>2.793000</speed>
      </trkpt>
      <trkpt lat="59.549740534" lon="26.134268492">
        <ele>39.800</ele>
        <time>2026-08-11T14:50:24Z</time>
        <speed>2.740000</speed>
      </trkpt>
      <trkpt lat="59.549591001" lon="26.134319035">
        <ele>40.800</ele>
        <time>2026-08-11T14:50:30Z</time>
        <speed>2.911000</speed>
      </trkpt>
      <trkpt lat="59.549566694" lon="26.134328339">
        <ele>40.800</ele>
        <time>2026-08-11T14:50:31Z</time>
        <speed>2.863000</speed>
      </trkpt>
      <trkpt lat="59.549423195" lon="26.134314509">
        <ele>42.000</ele>
        <time>2026-08-11T14:50:37Z</time>
        <speed>2.611000</speed>
      </trkpt>
      <trkpt lat="59.549285145" lon="26.134353485">
        <ele>43.000</ele>
        <time>2026-08-11T14:50:44Z</time>
        <speed>2.266000</speed>
      </trkpt>
      <trkpt lat="59.549265197" lon="26.134369243">
        <ele>43.200</ele>
        <time>2026-08-11T14:50:45Z</time>
        <speed>2.317000</speed>
      </trkpt>
      <trkpt lat="59.549159165" lon="26.134388102">
        <ele>44.000</ele>
        <time>2026-08-11T14:50:50Z</time>
        <speed>2.450000</speed>
      </trkpt>
      <trkpt lat="59.549136702" lon="26.134388102">
        <ele>44.200</ele>
        <time>2026-08-11T14:50:51Z</time>
        <speed>2.497000</speed>
      </trkpt>
      <trkpt lat="59.548969483" lon="26.134385671">
        <ele>44.800</ele>
        <time>2026-08-11T14:50:59Z</time>
        <speed>2.356000</speed>
      </trkpt>
      <trkpt lat="59.548883652" lon="26.134396484">
        <ele>45.200</ele>
        <time>2026-08-11T14:51:03Z</time>
        <speed>2.467000</speed>
      </trkpt>
      <trkpt lat="59.548839647" lon="26.134383660">
        <ele>45.600</ele>
        <time>2026-08-11T14:51:05Z</time>
        <speed>2.482000</speed>
      </trkpt>
      <trkpt lat="59.548685336" lon="26.134369997">
        <ele>46.200</ele>
        <time>2026-08-11T14:51:12Z</time>
        <speed>2.418000</speed>
      </trkpt>
      <trkpt lat="59.548622388" lon="26.134369746">
        <ele>47.000</ele>
        <time>2026-08-11T14:51:15Z</time>
        <speed>2.373000</speed>
      </trkpt>
      <trkpt lat="59.548598416" lon="26.134367399">
        <ele>47.200</ele>
        <time>2026-08-11T14:51:16Z</time>
        <speed>2.555000</speed>
      </trkpt>
      <trkpt lat="59.548461372" lon="26.134372512">
        <ele>47.200</ele>
        <time>2026-08-11T14:51:22Z</time>
        <speed>2.495000</speed>
      </trkpt>
      <trkpt lat="59.548348384" lon="26.134374607">
        <ele>48.400</ele>
        <time>2026-08-11T14:51:27Z</time>
        <speed>2.746000</speed>
      </trkpt>
      <trkpt lat="59.548324328" lon="26.134371087">
        <ele>48.200</ele>
        <time>2026-08-11T14:51:28Z</time>
        <speed>2.730000</speed>
      </trkpt>
      <trkpt lat="59.548130371" lon="26.134361196">
        <ele>48.800</ele>
        <time>2026-08-11T14:51:36Z</time>
        <speed>2.628000</speed>
      </trkpt>
      <trkpt lat="59.547957201" lon="26.134340325">
        <ele>49.000</ele>
        <time>2026-08-11T14:51:43Z</time>
        <speed>3.121000</speed>
      </trkpt>
      <trkpt lat="59.547789730" lon="26.134344935">
        <ele>49.000</ele>
        <time>2026-08-11T14:51:49Z</time>
        <speed>3.009000</speed>
      </trkpt>
      <trkpt lat="59.547635671" lon="26.134437136">
        <ele>48.800</ele>
        <time>2026-08-11T14:51:55Z</time>
        <speed>3.283000</speed>
      </trkpt>
      <trkpt lat="59.547633911" lon="26.134472843">
        <ele>48.600</ele>
        <time>2026-08-11T14:51:56Z</time>
        <speed>2.121000</speed>
      </trkpt>
      <trkpt lat="59.547635503" lon="26.134475525">
        <ele>48.600</ele>
        <time>2026-08-11T14:51:58Z</time>
        <speed>0.000000</speed>
      </trkpt>
    </trkseg>
    <trkseg>
      <trkpt lat="59.547629468" lon="26.134595387">
        <ele>48.600</ele>
        <time>2026-08-11T14:52:47Z</time>
        <speed>2.469000</speed>
      </trkpt>
      <trkpt lat="59.547609938" lon="26.134709800">
        <ele>48.400</ele>
        <time>2026-08-11T14:52:49Z</time>
        <speed>3.383000</speed>
      </trkpt>
      <trkpt lat="59.547508182" lon="26.135229729">
        <ele>47.400</ele>
        <time>2026-08-11T14:52:57Z</time>
        <speed>4.703000</speed>
      </trkpt>
      <trkpt lat="59.547491083" lon="26.135310447">
        <ele>47.400</ele>
        <time>2026-08-11T14:52:58Z</time>
        <speed>4.837000</speed>
      </trkpt>
      <trkpt lat="59.547435511" lon="26.135536758">
        <ele>47.400</ele>
        <time>2026-08-11T14:53:01Z</time>
        <speed>4.646000</speed>
      </trkpt>
      <trkpt lat="59.547399050" lon="26.135686878">
        <ele>47.600</ele>
        <time>2026-08-11T14:53:03Z</time>
        <speed>4.629000</speed>
      </trkpt>
      <trkpt lat="59.547246248" lon="26.136325914">
        <ele>47.000</ele>
        <time>2026-08-11T14:53:12Z</time>
        <speed>4.179000</speed>
      </trkpt>
      <trkpt lat="59.547104510" lon="26.136902422">
        <ele>47.200</ele>
        <time>2026-08-11T14:53:20Z</time>
        <speed>4.737000</speed>
      </trkpt>
      <trkpt lat="59.546924215" lon="26.137668695">
        <ele>46.800</ele>
        <time>2026-08-11T14:53:29Z</time>
        <speed>5.857000</speed>
      </trkpt>
      <trkpt lat="59.546875600" lon="26.137866843">
        <ele>46.200</ele>
        <time>2026-08-11T14:53:31Z</time>
        <speed>6.218000</speed>
      </trkpt>
      <trkpt lat="59.546750123" lon="26.138394987">
        <ele>45.200</ele>
        <time>2026-08-11T14:53:36Z</time>
        <speed>6.580000</speed>
      </trkpt>
      <trkpt lat="59.546545101" lon="26.139286067">
        <ele>45.600</ele>
        <time>2026-08-11T14:53:45Z</time>
        <speed>5.925000</speed>
      </trkpt>
      <trkpt lat="59.546327256" lon="26.140218303">
        <ele>46.400</ele>
        <time>2026-08-11T14:53:54Z</time>
        <speed>7.157000</speed>
      </trkpt>
      <trkpt lat="59.546080492" lon="26.141222287">
        <ele>45.800</ele>
        <time>2026-08-11T14:54:03Z</time>
        <speed>7.138000</speed>
      </trkpt>
      <trkpt lat="59.545909250" lon="26.141702905">
        <ele>45.200</ele>
        <time>2026-08-11T14:54:08Z</time>
        <speed>6.366000</speed>
      </trkpt>
      <trkpt lat="59.545864658" lon="26.141770715">
        <ele>45.600</ele>
        <time>2026-08-11T14:54:09Z</time>
        <speed>6.242000</speed>
      </trkpt>
      <trkpt lat="59.545748234" lon="26.142030973">
        <ele>45.600</ele>
        <time>2026-08-11T14:54:12Z</time>
        <speed>6.652000</speed>
      </trkpt>
      <trkpt lat="59.545667935" lon="26.142200539">
        <ele>45.800</ele>
        <time>2026-08-11T14:54:14Z</time>
        <speed>6.575000</speed>
      </trkpt>
      <trkpt lat="59.545450341" lon="26.142693814">
        <ele>45.800</ele>
        <time>2026-08-11T14:54:20Z</time>
        <speed>5.658000</speed>
      </trkpt>
      <trkpt lat="59.545421926" lon="26.142773023">
        <ele>46.000</ele>
        <time>2026-08-11T14:54:21Z</time>
        <speed>5.495000</speed>
      </trkpt>
      <trkpt lat="59.545221683" lon="26.143235033">
        <ele>45.600</ele>
        <time>2026-08-11T14:54:27Z</time>
        <speed>6.109000</speed>
      </trkpt>
      <trkpt lat="59.545023367" lon="26.143779857">
        <ele>45.200</ele>
        <time>2026-08-11T14:54:33Z</time>
        <speed>6.421000</speed>
      </trkpt>
      <trkpt lat="59.544959748" lon="26.143971719">
        <ele>45.200</ele>
        <time>2026-08-11T14:54:35Z</time>
        <speed>6.479000</speed>
      </trkpt>
      <trkpt lat="59.544802336" lon="26.144458372">
        <ele>46.400</ele>
        <time>2026-08-11T14:54:40Z</time>
        <speed>6.310000</speed>
      </trkpt>
      <trkpt lat="59.544742573" lon="26.144644199">
        <ele>46.200</ele>
        <time>2026-08-11T14:54:42Z</time>
        <speed>6.224000</speed>
      </trkpt>
      <trkpt lat="59.544494133" lon="26.145258257">
        <ele>46.200</ele>
        <time>2026-08-11T14:54:49Z</time>
        <speed>6.467000</speed>
      </trkpt>
      <trkpt lat="59.544343762" lon="26.145576267">
        <ele>45.600</ele>
        <time>2026-08-11T14:54:53Z</time>
        <speed>6.031000</speed>
      </trkpt>
      <trkpt lat="59.544258434" lon="26.145729069">
        <ele>45.800</ele>
        <time>2026-08-11T14:54:55Z</time>
        <speed>6.442000</speed>
      </trkpt>
      <trkpt lat="59.543966074" lon="26.146353604">
        <ele>45.400</ele>
        <time>2026-08-11T14:55:02Z</time>
        <speed>6.743000</speed>
      </trkpt>
      <trkpt lat="59.543882841" lon="26.146522667">
        <ele>45.000</ele>
        <time>2026-08-11T14:55:04Z</time>
        <speed>6.563000</speed>
      </trkpt>
      <trkpt lat="59.543701205" lon="26.146834055">
        <ele>44.200</ele>
        <time>2026-08-11T14:55:08Z</time>
        <speed>6.666000</speed>
      </trkpt>
      <trkpt lat="59.543504650" lon="26.147244014">
        <ele>45.000</ele>
        <time>2026-08-11T14:55:13Z</time>
        <speed>6.279000</speed>
      </trkpt>
      <trkpt lat="59.543258054" lon="26.147814319">
        <ele>45.800</ele>
        <time>2026-08-11T14:55:20Z</time>
        <speed>5.827000</speed>
      </trkpt>
      <trkpt lat="59.543066109" lon="26.148313796">
        <ele>45.200</ele>
        <time>2026-08-11T14:55:26Z</time>
        <speed>5.736000</speed>
      </trkpt>
      <trkpt lat="59.542887658" lon="26.148903547">
        <ele>45.400</ele>
        <time>2026-08-11T14:55:33Z</time>
        <speed>4.885000</speed>
      </trkpt>
      <trkpt lat="59.542731587" lon="26.149416100">
        <ele>45.400</ele>
        <time>2026-08-11T14:55:40Z</time>
        <speed>4.295000</speed>
      </trkpt>
      <trkpt lat="59.542703340" lon="26.149690021">
        <ele>46.000</ele>
        <time>2026-08-11T14:55:44Z</time>
        <speed>3.730000</speed>
      </trkpt>
      <trkpt lat="59.542694036" lon="26.149749700">
        <ele>45.800</ele>
        <time>2026-08-11T14:55:45Z</time>
        <speed>3.536000</speed>
      </trkpt>
      <trkpt lat="59.542609798" lon="26.150082713">
        <ele>45.200</ele>
        <time>2026-08-11T14:55:50Z</time>
        <speed>4.510000</speed>
      </trkpt>
      <trkpt lat="59.542592363" lon="26.150163012">
        <ele>45.000</ele>
        <time>2026-08-11T14:55:51Z</time>
        <speed>4.668000</speed>
      </trkpt>
      <trkpt lat="59.542472251" lon="26.150723593">
        <ele>45.600</ele>
        <time>2026-08-11T14:55:58Z</time>
        <speed>4.544000</speed>
      </trkpt>
      <trkpt lat="59.542431515" lon="26.151065659">
        <ele>45.800</ele>
        <time>2026-08-11T14:56:02Z</time>
        <speed>4.760000</speed>
      </trkpt>
      <trkpt lat="59.542406118" lon="26.151137576">
        <ele>45.600</ele>
        <time>2026-08-11T14:56:03Z</time>
        <speed>4.725000</speed>
      </trkpt>
      <trkpt lat="59.542347193" lon="26.151356846">
        <ele>45.400</ele>
        <time>2026-08-11T14:56:06Z</time>
        <speed>4.619000</speed>
      </trkpt>
      <trkpt lat="59.542316264" lon="26.151591288">
        <ele>45.200</ele>
        <time>2026-08-11T14:56:09Z</time>
        <speed>4.410000</speed>
      </trkpt>
      <trkpt lat="59.542215848" lon="26.152266283">
        <ele>44.800</ele>
        <time>2026-08-11T14:56:18Z</time>
        <speed>4.694000</speed>
      </trkpt>
      <trkpt lat="59.542112416" lon="26.152907498">
        <ele>44.400</ele>
        <time>2026-08-11T14:56:25Z</time>
        <speed>5.690000</speed>
      </trkpt>
      <trkpt lat="59.541993225" lon="26.153708976">
        <ele>44.000</ele>
        <time>2026-08-11T14:56:33Z</time>
        <speed>5.987000</speed>
      </trkpt>
      <trkpt lat="59.541910328" lon="26.154638864">
        <ele>43.200</ele>
        <time>2026-08-11T14:56:42Z</time>
        <speed>6.138000</speed>
      </trkpt>
      <trkpt lat="59.541914016" lon="26.155300867">
        <ele>43.000</ele>
        <time>2026-08-11T14:56:48Z</time>
        <speed>6.227000</speed>
      </trkpt>
      <trkpt lat="59.541917704" lon="26.155409580">
        <ele>42.600</ele>
        <time>2026-08-11T14:56:49Z</time>
        <speed>6.254000</speed>
      </trkpt>
      <trkpt lat="59.541983167" lon="26.156107709">
        <ele>41.800</ele>
        <time>2026-08-11T14:56:55Z</time>
        <speed>6.749000</speed>
      </trkpt>
      <trkpt lat="59.542151140" lon="26.157004321">
        <ele>41.200</ele>
        <time>2026-08-11T14:57:03Z</time>
        <speed>6.898000</speed>
      </trkpt>
      <trkpt lat="59.542330597" lon="26.157850055">
        <ele>41.000</ele>
        <time>2026-08-11T14:57:11Z</time>
        <speed>6.403000</speed>
      </trkpt>
      <trkpt lat="59.542446015" lon="26.158355065">
        <ele>40.600</ele>
        <time>2026-08-11T14:57:16Z</time>
        <speed>6.370000</speed>
      </trkpt>
      <trkpt lat="59.542511813" lon="26.158680450">
        <ele>40.800</ele>
        <time>2026-08-11T14:57:19Z</time>
        <speed>6.562000</speed>
      </trkpt>
      <trkpt lat="59.542670902" lon="26.159424093">
        <ele>39.800</ele>
        <time>2026-08-11T14:57:26Z</time>
        <speed>6.294000</speed>
      </trkpt>
      <trkpt lat="59.542739885" lon="26.159726763">
        <ele>39.000</ele>
        <time>2026-08-11T14:57:29Z</time>
        <speed>6.219000</speed>
      </trkpt>
      <trkpt lat="59.542853376" lon="26.160232862">
        <ele>38.000</ele>
        <time>2026-08-11T14:57:34Z</time>
        <speed>6.275000</speed>
      </trkpt>
      <trkpt lat="59.542875420" lon="26.160335289">
        <ele>37.800</ele>
        <time>2026-08-11T14:57:35Z</time>
        <speed>6.302000</speed>
      </trkpt>
      <trkpt lat="59.543024031" lon="26.161038782">
        <ele>39.000</ele>
        <time>2026-08-11T14:57:42Z</time>
        <speed>5.978000</speed>
      </trkpt>
      <trkpt lat="59.543068875" lon="26.161237853">
        <ele>38.800</ele>
        <time>2026-08-11T14:57:44Z</time>
        <speed>6.139000</speed>
      </trkpt>
      <trkpt lat="59.543282865" lon="26.162231946">
        <ele>39.400</ele>
        <time>2026-08-11T14:57:54Z</time>
        <speed>6.171000</speed>
      </trkpt>
      <trkpt lat="59.543474726" lon="26.163120680">
        <ele>38.000</ele>
        <time>2026-08-11T14:58:03Z</time>
        <speed>6.074000</speed>
      </trkpt>
      <trkpt lat="59.543631552" lon="26.163845882">
        <ele>37.600</ele>
        <time>2026-08-11T14:58:11Z</time>
        <speed>5.540000</speed>
      </trkpt>
      <trkpt lat="59.543650746" lon="26.163938418">
        <ele>37.600</ele>
        <time>2026-08-11T14:58:12Z</time>
        <speed>5.604000</speed>
      </trkpt>
      <trkpt lat="59.543813523" lon="26.164676277">
        <ele>37.800</ele>
        <time>2026-08-11T14:58:20Z</time>
        <speed>5.752000</speed>
      </trkpt>
      <trkpt lat="59.543992728" lon="26.165516227">
        <ele>37.000</ele>
        <time>2026-08-11T14:58:29Z</time>
        <speed>5.740000</speed>
      </trkpt>
      <trkpt lat="59.544123067" lon="26.166078234">
        <ele>36.400</ele>
        <time>2026-08-11T14:58:35Z</time>
        <speed>5.808000</speed>
      </trkpt>
      <trkpt lat="59.544184590" lon="26.166363303">
        <ele>36.600</ele>
        <time>2026-08-11T14:58:38Z</time>
        <speed>5.904000</speed>
      </trkpt>
      <trkpt lat="59.544353234" lon="26.167093618">
        <ele>37.200</ele>
        <time>2026-08-11T14:58:46Z</time>
        <speed>5.683000</speed>
      </trkpt>
      <trkpt lat="59.544570409" lon="26.168094920">
        <ele>37.000</ele>
        <time>2026-08-11T14:58:57Z</time>
        <speed>5.383000</speed>
      </trkpt>
      <trkpt lat="59.544766294" lon="26.168964878">
        <ele>37.000</ele>
        <time>2026-08-11T14:59:07Z</time>
        <speed>5.284000</speed>
      </trkpt>
      <trkpt lat="59.544899231" lon="26.169613218">
        <ele>37.400</ele>
        <time>2026-08-11T14:59:15Z</time>
        <speed>4.556000</speed>
      </trkpt>
      <trkpt lat="59.544972740" lon="26.170207579">
        <ele>37.400</ele>
        <time>2026-08-11T14:59:22Z</time>
        <speed>5.211000</speed>
      </trkpt>
      <trkpt lat="59.545000484" lon="26.170594404">
        <ele>36.800</ele>
        <time>2026-08-11T14:59:26Z</time>
        <speed>5.433000</speed>
      </trkpt>
      <trkpt lat="59.545005765" lon="26.170977373">
        <ele>36.200</ele>
        <time>2026-08-11T14:59:30Z</time>
        <speed>5.439000</speed>
      </trkpt>
      <trkpt lat="59.545049602" lon="26.171528818">
        <ele>36.400</ele>
        <time>2026-08-11T14:59:36Z</time>
        <speed>5.294000</speed>
      </trkpt>
      <trkpt lat="59.545086902" lon="26.171592353">
        <ele>36.200</ele>
        <time>2026-08-11T14:59:37Z</time>
        <speed>5.295000</speed>
      </trkpt>
      <trkpt lat="59.545225287" lon="26.171690002">
        <ele>35.400</ele>
        <time>2026-08-11T14:59:40Z</time>
        <speed>5.420000</speed>
      </trkpt>
      <trkpt lat="59.545272645" lon="26.171722608">
        <ele>35.400</ele>
        <time>2026-08-11T14:59:41Z</time>
        <speed>5.533000</speed>
      </trkpt>
      <trkpt lat="59.545357553" lon="26.171822855">
        <ele>35.400</ele>
        <time>2026-08-11T14:59:43Z</time>
        <speed>5.506000</speed>
      </trkpt>
      <trkpt lat="59.545422094" lon="26.171965767">
        <ele>35.800</ele>
        <time>2026-08-11T14:59:45Z</time>
        <speed>5.272000</speed>
      </trkpt>
      <trkpt lat="59.545483617" lon="26.172207249">
        <ele>36.200</ele>
        <time>2026-08-11T14:59:48Z</time>
        <speed>5.068000</speed>
      </trkpt>
      <trkpt lat="59.545517396" lon="26.172383018">
        <ele>36.200</ele>
        <time>2026-08-11T14:59:50Z</time>
        <speed>5.305000</speed>
      </trkpt>
      <trkpt lat="59.545617392" lon="26.172918370">
        <ele>36.200</ele>
        <time>2026-08-11T14:59:56Z</time>
        <speed>5.368000</speed>
      </trkpt>
      <trkpt lat="59.545628205" lon="26.173007134">
        <ele>36.200</ele>
        <time>2026-08-11T14:59:57Z</time>
        <speed>5.240000</speed>
      </trkpt>
      <trkpt lat="59.545662403" lon="26.173175778">
        <ele>36.600</ele>
        <time>2026-08-11T14:59:59Z</time>
        <speed>5.091000</speed>
      </trkpt>
      <trkpt lat="59.545714539" lon="26.173409550">
        <ele>36.800</ele>
        <time>2026-08-11T15:00:02Z</time>
        <speed>4.682000</speed>
      </trkpt>
      <trkpt lat="59.545740774" lon="26.173559669">
        <ele>37.200</ele>
        <time>2026-08-11T15:00:04Z</time>
        <speed>4.409000</speed>
      </trkpt>
      <trkpt lat="59.545788383" lon="26.173836524">
        <ele>37.600</ele>
        <time>2026-08-11T15:00:08Z</time>
        <speed>4.024000</speed>
      </trkpt>
      <trkpt lat="59.545822162" lon="26.174018411">
        <ele>38.200</ele>
        <time>2026-08-11T15:00:11Z</time>
        <speed>3.602000</speed>
      </trkpt>
      <trkpt lat="59.545862311" lon="26.174169620">
        <ele>38.800</ele>
        <time>2026-08-11T15:00:14Z</time>
        <speed>3.361000</speed>
      </trkpt>
      <trkpt lat="59.545907155" lon="26.174379420">
        <ele>39.800</ele>
        <time>2026-08-11T15:00:18Z</time>
        <speed>3.252000</speed>
      </trkpt>
      <trkpt lat="59.545918806" lon="26.174433567">
        <ele>40.000</ele>
        <time>2026-08-11T15:00:19Z</time>
        <speed>3.304000</speed>
      </trkpt>
      <trkpt lat="59.546015533" lon="26.174923824">
        <ele>40.200</ele>
        <time>2026-08-11T15:00:28Z</time>
        <speed>3.682000</speed>
      </trkpt>
      <trkpt lat="59.546080241" lon="26.175342081">
        <ele>40.000</ele>
        <time>2026-08-11T15:00:35Z</time>
        <speed>3.255000</speed>
      </trkpt>
      <trkpt lat="59.546133969" lon="26.175769223">
        <ele>39.200</ele>
        <time>2026-08-11T15:00:42Z</time>
        <speed>3.493000</speed>
      </trkpt>
      <trkpt lat="59.546153499" lon="26.176110366">
        <ele>39.000</ele>
        <time>2026-08-11T15:00:47Z</time>
        <speed>4.161000</speed>
      </trkpt>
      <trkpt lat="59.546157271" lon="26.176288398">
        <ele>38.600</ele>
        <time>2026-08-11T15:00:49Z</time>
        <speed>4.748000</speed>
      </trkpt>
      <trkpt lat="59.546175795" lon="26.176472800">
        <ele>38.200</ele>
        <time>2026-08-11T15:00:51Z</time>
        <speed>4.958000</speed>
      </trkpt>
      <trkpt lat="59.546193983" lon="26.176657034">
        <ele>38.200</ele>
        <time>2026-08-11T15:00:53Z</time>
        <speed>5.079000</speed>
      </trkpt>
      <trkpt lat="59.546220722" lon="26.176965153">
        <ele>37.400</ele>
        <time>2026-08-11T15:00:56Z</time>
        <speed>5.458000</speed>
      </trkpt>
      <trkpt lat="59.546226170" lon="26.177167743">
        <ele>36.600</ele>
        <time>2026-08-11T15:00:58Z</time>
        <speed>5.079000</speed>
      </trkpt>
      <trkpt lat="59.546240922" lon="26.177276121">
        <ele>36.000</ele>
        <time>2026-08-11T15:00:59Z</time>
        <speed>5.409000</speed>
      </trkpt>
      <trkpt lat="59.546264140" lon="26.177747604">
        <ele>34.800</ele>
        <time>2026-08-11T15:01:03Z</time>
        <speed>6.634000</speed>
      </trkpt>
      <trkpt lat="59.546280485" lon="26.178025212">
        <ele>33.400</ele>
        <time>2026-08-11T15:01:05Z</time>
        <speed>7.380000</speed>
      </trkpt>
      <trkpt lat="59.546321640" lon="26.178680593">
        <ele>32.400</ele>
        <time>2026-08-11T15:01:10Z</time>
        <speed>6.853000</speed>
      </trkpt>
      <trkpt lat="59.546328848" lon="26.179048810">
        <ele>31.400</ele>
        <time>2026-08-11T15:01:13Z</time>
        <speed>6.515000</speed>
      </trkpt>
      <trkpt lat="59.546342259" lon="26.179179735">
        <ele>31.600</ele>
        <time>2026-08-11T15:01:14Z</time>
        <speed>6.336000</speed>
      </trkpt>
      <trkpt lat="59.546362292" lon="26.179428594">
        <ele>32.000</ele>
        <time>2026-08-11T15:01:16Z</time>
        <speed>6.701000</speed>
      </trkpt>
      <trkpt lat="59.546414679" lon="26.180076012">
        <ele>30.200</ele>
        <time>2026-08-11T15:01:21Z</time>
        <speed>7.574000</speed>
      </trkpt>
      <trkpt lat="59.546414427" lon="26.180224037">
        <ele>29.400</ele>
        <time>2026-08-11T15:01:22Z</time>
        <speed>7.872000</speed>
      </trkpt>
      <trkpt lat="59.546408895" lon="26.180360410">
        <ele>28.600</ele>
        <time>2026-08-11T15:01:23Z</time>
        <speed>7.872000</speed>
      </trkpt>
      <trkpt lat="59.546399675" lon="26.180671798">
        <ele>27.200</ele>
        <time>2026-08-11T15:01:25Z</time>
        <speed>8.198000</speed>
      </trkpt>
      <trkpt lat="59.546367992" lon="26.180955442">
        <ele>26.200</ele>
        <time>2026-08-11T15:01:27Z</time>
        <speed>7.726000</speed>
      </trkpt>
      <trkpt lat="59.546337565" lon="26.181246797">
        <ele>26.400</ele>
        <time>2026-08-11T15:01:29Z</time>
        <speed>7.473000</speed>
      </trkpt>
      <trkpt lat="59.546273779" lon="26.181876194">
        <ele>25.200</ele>
        <time>2026-08-11T15:01:34Z</time>
        <speed>6.386000</speed>
      </trkpt>
      <trkpt lat="59.546263302" lon="26.181964707">
        <ele>25.600</ele>
        <time>2026-08-11T15:01:35Z</time>
        <speed>5.195000</speed>
      </trkpt>
      <trkpt lat="59.546243940" lon="26.182101583">
        <ele>26.600</ele>
        <time>2026-08-11T15:01:37Z</time>
        <speed>3.035000</speed>
      </trkpt>
      <trkpt lat="59.546238240" lon="26.182220438">
        <ele>26.600</ele>
        <time>2026-08-11T15:01:39Z</time>
        <speed>2.757000</speed>
      </trkpt>
      <trkpt lat="59.546229439" lon="26.182402326">
        <ele>26.200</ele>
        <time>2026-08-11T15:01:43Z</time>
        <speed>1.865000</speed>
      </trkpt>
      <trkpt lat="59.546219297" lon="26.182438703">
        <ele>26.200</ele>
        <time>2026-08-11T15:01:44Z</time>
        <speed>1.731000</speed>
      </trkpt>
      <trkpt lat="59.546212172" lon="26.182496790">
        <ele>26.000</ele>
        <time>2026-08-11T15:01:46Z</time>
        <speed>1.254000</speed>
      </trkpt>
      <trkpt lat="59.546224913" lon="26.182544734">
        <ele>26.000</ele>
        <time>2026-08-11T15:01:48Z</time>
        <speed>1.190000</speed>
      </trkpt>
    </trkseg>
    <trkseg>
      <trkpt lat="59.546264475" lon="26.182540543">
        <ele>26.000</ele>
        <time>2026-08-11T15:02:25Z</time>
        <speed>1.607000</speed>
      </trkpt>
      <trkpt lat="59.546260368" lon="26.182577675">
        <ele>26.000</ele>
        <time>2026-08-11T15:02:26Z</time>
        <speed>1.102000</speed>
      </trkpt>
      <trkpt lat="59.546267660" lon="26.182672642">
        <ele>25.600</ele>
        <time>2026-08-11T15:02:29Z</time>
        <speed>1.882000</speed>
      </trkpt>
      <trkpt lat="59.546286101" lon="26.182733495">
        <ele>25.200</ele>
        <time>2026-08-11T15:02:31Z</time>
        <speed>1.297000</speed>
      </trkpt>
      <trkpt lat="59.546342762" lon="26.182856709">
        <ele>25.400</ele>
        <time>2026-08-11T15:02:39Z</time>
        <speed>1.239000</speed>
      </trkpt>
      <trkpt lat="59.546447201" lon="26.182949329">
        <ele>25.000</ele>
        <time>2026-08-11T15:02:48Z</time>
        <speed>1.237000</speed>
      </trkpt>
    </trkseg>
    <trkseg>
      <trkpt lat="59.546476621" lon="26.183011858">
        <ele>25.200</ele>
        <time>2026-08-11T15:03:13Z</time>
        <speed>1.348000</speed>
      </trkpt>
      <trkpt lat="59.546477124" lon="26.183010433">
        <ele>25.000</ele>
        <time>2026-08-11T15:03:14Z</time>
        <speed>0.000000</speed>
      </trkpt>
    </trkseg>
    <trkseg>
      <trkpt lat="59.546660604" lon="26.183035662">
        <ele>24.000</ele>
        <time>2026-08-11T15:10:57Z</time>
        <speed>1.500000</speed>
      </trkpt>
      <trkpt lat="59.546677452" lon="26.183021413">
        <ele>24.000</ele>
        <time>2026-08-11T15:10:58Z</time>
        <speed>1.307000</speed>
      </trkpt>
      <trkpt lat="59.546744423" lon="26.183103388">
        <ele>24.400</ele>
        <time>2026-08-11T15:11:08Z</time>
        <speed>0.954000</speed>
      </trkpt>
    </trkseg>
    <trkseg>
      <trkpt lat="59.546796139" lon="26.183115710">
        <ele>23.200</ele>
        <time>2026-08-11T15:11:42Z</time>
        <speed>1.473000</speed>
      </trkpt>
      <trkpt lat="59.546783315" lon="26.183083607">
        <ele>23.200</ele>
        <time>2026-08-11T15:11:44Z</time>
        <speed>1.068000</speed>
      </trkpt>
    </trkseg>
    <trkseg>
      <trkpt lat="59.546758169" lon="26.183022000">
        <ele>24.200</ele>
        <time>2026-08-11T15:12:07Z</time>
        <speed>2.055000</speed>
      </trkpt>
      <trkpt lat="59.546741070" lon="26.183050750">
        <ele>24.200</ele>
        <time>2026-08-11T15:12:08Z</time>
        <speed>1.887000</speed>
      </trkpt>
      <trkpt lat="59.546644846" lon="26.183088468">
        <ele>23.400</ele>
        <time>2026-08-11T15:12:15Z</time>
        <speed>1.880000</speed>
      </trkpt>
      <trkpt lat="59.546549376" lon="26.182963829">
        <ele>24.400</ele>
        <time>2026-08-11T15:12:22Z</time>
        <speed>1.421000</speed>
      </trkpt>
    </trkseg>
    <trkseg>
      <trkpt lat="59.546548203" lon="26.182983024">
        <ele>24.000</ele>
        <time>2026-08-11T15:12:33Z</time>
        <speed>1.522000</speed>
      </trkpt>
      <trkpt lat="59.546700837" lon="26.183110932">
        <ele>23.600</ele>
        <time>2026-08-11T15:12:44Z</time>
        <speed>1.523000</speed>
      </trkpt>
      <trkpt lat="59.546781806" lon="26.183055779">
        <ele>24.200</ele>
        <time>2026-08-11T15:12:52Z</time>
        <speed>0.000000</speed>
      </trkpt>
    </trkseg>
    <trkseg>
      <trkpt lat="59.546684576" lon="26.182981934">
        <ele>23.800</ele>
        <time>2026-08-11T15:13:24Z</time>
        <speed>1.394000</speed>
      </trkpt>
      <trkpt lat="59.546654234" lon="26.183010181">
        <ele>23.800</ele>
        <time>2026-08-11T15:13:26Z</time>
        <speed>1.160000</speed>
      </trkpt>
      <trkpt lat="59.546625400" lon="26.183006242">
        <ele>23.600</ele>
        <time>2026-08-11T15:13:28Z</time>
        <speed>1.368000</speed>
      </trkpt>
      <trkpt lat="59.546584748" lon="26.182965338">
        <ele>23.600</ele>
        <time>2026-08-11T15:13:31Z</time>
        <speed>1.512000</speed>
      </trkpt>
      <trkpt lat="59.546571504" lon="26.182948239">
        <ele>23.800</ele>
        <time>2026-08-11T15:13:32Z</time>
        <speed>1.466000</speed>
      </trkpt>
    </trkseg>
    <trkseg>
      <trkpt lat="59.546632189" lon="26.183120403">
        <ele>24.200</ele>
        <time>2026-08-11T15:13:58Z</time>
        <speed>1.439000</speed>
      </trkpt>
      <trkpt lat="59.546740903" lon="26.183085954">
        <ele>23.800</ele>
        <time>2026-08-11T15:14:06Z</time>
        <speed>1.402000</speed>
      </trkpt>
    </trkseg>
    <trkseg>
      <trkpt lat="59.546718188" lon="26.182891745">
        <ele>23.200</ele>
        <time>2026-08-11T15:17:33Z</time>
        <speed>1.469000</speed>
      </trkpt>
      <trkpt lat="59.546644762" lon="26.182904402">
        <ele>24.200</ele>
        <time>2026-08-11T15:17:36Z</time>
        <speed>1.421000</speed>
      </trkpt>
    </trkseg>
    <trkseg>
      <trkpt lat="59.546500593" lon="26.182488408">
        <ele>23.400</ele>
        <time>2026-08-11T15:19:45Z</time>
        <speed>1.457000</speed>
      </trkpt>
      <trkpt lat="59.546512412" lon="26.182499053">
        <ele>23.200</ele>
        <time>2026-08-11T15:19:46Z</time>
        <speed>1.380000</speed>
      </trkpt>
      <trkpt lat="59.546545688" lon="26.182521097">
        <ele>23.000</ele>
        <time>2026-08-11T15:19:49Z</time>
        <speed>0.903000</speed>
      </trkpt>
    </trkseg>
    <trkseg>
      <trkpt lat="59.547291510" lon="26.182943461">
        <ele>18.800</ele>
        <time>2026-08-11T15:20:50Z</time>
        <speed>1.363000</speed>
      </trkpt>
      <trkpt lat="59.547306933" lon="26.182956453">
        <ele>18.200</ele>
        <time>2026-08-11T15:20:51Z</time>
        <speed>1.150000</speed>
      </trkpt>
      <trkpt lat="59.547368456" lon="26.182986461">
        <ele>19.800</ele>
        <time>2026-08-11T15:20:55Z</time>
        <speed>1.352000</speed>
      </trkpt>
      <trkpt lat="59.547388488" lon="26.183000794">
        <ele>19.400</ele>
        <time>2026-08-11T15:20:57Z</time>
        <speed>1.217000</speed>
      </trkpt>
    </trkseg>
    <trkseg>
      <trkpt lat="59.547639610" lon="26.183181340">
        <ele>18.400</ele>
        <time>2026-08-11T15:21:46Z</time>
        <speed>1.434000</speed>
      </trkpt>
    </trkseg>
  </trk>
</gpx>
