<?xml version="1.0" encoding="UTF-8"?>
<gpx version="1.0" creator="GPSBabel - https://www.gpsbabel.org" xmlns="http://www.topografix.com/GPX/1/0">
  <time>2026-08-26T13:00:14.452Z</time>
  <bounds minlat="59.428554224" minlon="26.181152919" maxlat="59.577089427" maxlon="26.988471933"/>
  <wpt lat="59.435089342" lon="26.988393813">
    <name>LAP001</name>
    <cmt>LAP001</cmt>
    <desc>LAP001</desc>
  </wpt>
  <trk>
    <trkseg>
      <trkpt lat="59.546817010" lon="26.183046391">
        <ele>46.800</ele>
        <time>2026-08-12T07:21:09Z</time>
        <speed>0.000000</speed>
      </trkpt>
    </trkseg>
    <trkseg>
      <trkpt lat="59.546738388" lon="26.183056952">
        <ele>46.400</ele>
        <time>2026-08-12T07:21:55Z</time>
        <speed>2.183000</speed>
      </trkpt>
      <trkpt lat="59.546691533" lon="26.183061143">
        <ele>46.200</ele>
        <time>2026-08-12T07:21:57Z</time>
        <speed>1.902000</speed>
      </trkpt>
      <trkpt lat="59.546607714" lon="26.182980677">
        <ele>45.800</ele>
        <time>2026-08-12T07:22:01Z</time>
        <speed>2.720000</speed>
      </trkpt>
      <trkpt lat="59.546583658" lon="26.182968607">
        <ele>45.600</ele>
        <time>2026-08-12T07:22:02Z</time>
        <speed>2.697000</speed>
      </trkpt>
      <trkpt lat="59.546440998" lon="26.182845896">
        <ele>46.800</ele>
        <time>2026-08-12T07:22:08Z</time>
        <speed>3.018000</speed>
      </trkpt>
      <trkpt lat="59.546421552" lon="26.182821337">
        <ele>47.000</ele>
        <time>2026-08-12T07:22:09Z</time>
        <speed>2.544000</speed>
      </trkpt>
      <trkpt lat="59.546334799" lon="26.182670044">
        <ele>46.600</ele>
        <time>2026-08-12T07:22:15Z</time>
        <speed>1.898000</speed>
      </trkpt>
      <trkpt lat="59.546297751" lon="26.182462927">
        <ele>46.800</ele>
        <time>2026-08-12T07:22:20Z</time>
        <speed>2.416000</speed>
      </trkpt>
      <trkpt lat="59.546326585" lon="26.182204261">
        <ele>46.200</ele>
        <time>2026-08-12T07:22:26Z</time>
        <speed>2.576000</speed>
      </trkpt>
      <trkpt lat="59.546364052" lon="26.181937382">
        <ele>47.200</ele>
        <time>2026-08-12T07:22:33Z</time>
        <speed>1.966000</speed>
      </trkpt>
      <trkpt lat="59.546377379" lon="26.181723308">
        <ele>46.600</ele>
        <time>2026-08-12T07:22:39Z</time>
        <speed>1.925000</speed>
      </trkpt>
      <trkpt lat="59.546395401" lon="26.181560196">
        <ele>47.800</ele>
        <time>2026-08-12T07:22:44Z</time>
        <speed>1.177000</speed>
      </trkpt>
      <trkpt lat="59.546390204" lon="26.181532284">
        <ele>47.800</ele>
        <time>2026-08-12T07:22:45Z</time>
        <speed>0.951000</speed>
      </trkpt>
    </trkseg>
    <trkseg>
      <trkpt lat="59.546406632" lon="26.181364311">
        <ele>48.000</ele>
        <time>2026-08-12T07:23:34Z</time>
        <speed>1.379000</speed>
      </trkpt>
      <trkpt lat="59.546420211" lon="26.181323742">
        <ele>48.000</ele>
        <time>2026-08-12T07:23:35Z</time>
        <speed>1.951000</speed>
      </trkpt>
      <trkpt lat="59.546450805" lon="26.181280660">
        <ele>47.800</ele>
        <time>2026-08-12T07:23:37Z</time>
        <speed>1.689000</speed>
      </trkpt>
      <trkpt lat="59.546488356" lon="26.181214191">
        <ele>48.400</ele>
        <time>2026-08-12T07:23:40Z</time>
        <speed>1.839000</speed>
      </trkpt>
      <trkpt lat="59.546589358" lon="26.181152919">
        <ele>48.000</ele>
        <time>2026-08-12T07:23:46Z</time>
        <speed>2.403000</speed>
      </trkpt>
      <trkpt lat="59.546622215" lon="26.181162894">
        <ele>47.600</ele>
        <time>2026-08-12T07:23:47Z</time>
        <speed>3.197000</speed>
      </trkpt>
      <trkpt lat="59.546739478" lon="26.181194242">
        <ele>46.800</ele>
        <time>2026-08-12T07:23:51Z</time>
        <speed>3.440000</speed>
      </trkpt>
      <trkpt lat="59.546925556" lon="26.181289377">
        <ele>46.600</ele>
        <time>2026-08-12T07:23:57Z</time>
        <speed>3.062000</speed>
      </trkpt>
      <trkpt lat="59.547082298" lon="26.181527926">
        <ele>45.600</ele>
        <time>2026-08-12T07:24:03Z</time>
        <speed>3.258000</speed>
      </trkpt>
      <trkpt lat="59.547107862" lon="26.181576625">
        <ele>45.200</ele>
        <time>2026-08-12T07:24:04Z</time>
        <speed>3.481000</speed>
      </trkpt>
      <trkpt lat="59.547189670" lon="26.181772845">
        <ele>44.000</ele>
        <time>2026-08-12T07:24:08Z</time>
        <speed>3.691000</speed>
      </trkpt>
      <trkpt lat="59.547284720" lon="26.181935957">
        <ele>43.000</ele>
        <time>2026-08-12T07:24:12Z</time>
        <speed>3.280000</speed>
      </trkpt>
      <trkpt lat="59.547306597" lon="26.181977112">
        <ele>42.800</ele>
        <time>2026-08-12T07:24:13Z</time>
        <speed>3.209000</speed>
      </trkpt>
      <trkpt lat="59.547390249" lon="26.182167130">
        <ele>41.800</ele>
        <time>2026-08-12T07:24:18Z</time>
        <speed>3.105000</speed>
      </trkpt>
      <trkpt lat="59.547400475" lon="26.182247847">
        <ele>41.600</ele>
        <time>2026-08-12T07:24:19Z</time>
        <speed>4.171000</speed>
      </trkpt>
      <trkpt lat="59.547397960" lon="26.182338204">
        <ele>41.000</ele>
        <time>2026-08-12T07:24:20Z</time>
        <speed>4.751000</speed>
      </trkpt>
      <trkpt lat="59.547383711" lon="26.182422694">
        <ele>40.800</ele>
        <time>2026-08-12T07:24:21Z</time>
        <speed>4.883000</speed>
      </trkpt>
      <trkpt lat="59.547368875" lon="26.182499472">
        <ele>40.600</ele>
        <time>2026-08-12T07:24:22Z</time>
        <speed>4.774000</speed>
      </trkpt>
      <trkpt lat="59.547330989" lon="26.182642970">
        <ele>40.200</ele>
        <time>2026-08-12T07:24:24Z</time>
        <speed>4.669000</speed>
      </trkpt>
      <trkpt lat="59.547293438" lon="26.182826702">
        <ele>40.800</ele>
        <time>2026-08-12T07:24:27Z</time>
        <speed>3.526000</speed>
      </trkpt>
      <trkpt lat="59.547312213" lon="26.182925273">
        <ele>41.400</ele>
        <time>2026-08-12T07:24:29Z</time>
        <speed>2.893000</speed>
      </trkpt>
      <trkpt lat="59.547333587" lon="26.182962572">
        <ele>41.800</ele>
        <time>2026-08-12T07:24:30Z</time>
        <speed>2.896000</speed>
      </trkpt>
      <trkpt lat="59.547356218" lon="26.182997692">
        <ele>41.800</ele>
        <time>2026-08-12T07:24:31Z</time>
        <speed>2.944000</speed>
      </trkpt>
      <trkpt lat="59.547482366" lon="26.183256023">
        <ele>41.200</ele>
        <time>2026-08-12T07:24:37Z</time>
        <speed>3.193000</speed>
      </trkpt>
      <trkpt lat="59.547592085" lon="26.183518460">
        <ele>41.400</ele>
        <time>2026-08-12T07:24:43Z</time>
        <speed>3.151000</speed>
      </trkpt>
      <trkpt lat="59.547686297" lon="26.183708478">
        <ele>40.800</ele>
        <time>2026-08-12T07:24:49Z</time>
        <speed>2.613000</speed>
      </trkpt>
      <trkpt lat="59.547768272" lon="26.183931688">
        <ele>41.600</ele>
        <time>2026-08-12T07:24:55Z</time>
        <speed>2.826000</speed>
      </trkpt>
      <trkpt lat="59.547875226" lon="26.184246261">
        <ele>41.800</ele>
        <time>2026-08-12T07:25:01Z</time>
        <speed>3.706000</speed>
      </trkpt>
      <trkpt lat="59.548002044" lon="26.184583632">
        <ele>42.000</ele>
        <time>2026-08-12T07:25:08Z</time>
        <speed>3.043000</speed>
      </trkpt>
      <trkpt lat="59.548122659" lon="26.184908850">
        <ele>42.400</ele>
        <time>2026-08-12T07:25:15Z</time>
        <speed>3.111000</speed>
      </trkpt>
      <trkpt lat="59.548173286" lon="26.185048912">
        <ele>43.000</ele>
        <time>2026-08-12T07:25:18Z</time>
        <speed>2.993000</speed>
      </trkpt>
      <trkpt lat="59.548248053" lon="26.185246808">
        <ele>43.400</ele>
        <time>2026-08-12T07:25:23Z</time>
        <speed>2.363000</speed>
      </trkpt>
      <trkpt lat="59.548308570" lon="26.185482088">
        <ele>43.800</ele>
        <time>2026-08-12T07:25:28Z</time>
        <speed>2.883000</speed>
      </trkpt>
      <trkpt lat="59.548389707" lon="26.185786016">
        <ele>43.800</ele>
        <time>2026-08-12T07:25:34Z</time>
        <speed>3.021000</speed>
      </trkpt>
      <trkpt lat="59.548423402" lon="26.186134284">
        <ele>43.600</ele>
        <time>2026-08-12T07:25:40Z</time>
        <speed>3.148000</speed>
      </trkpt>
      <trkpt lat="59.548400771" lon="26.186429663">
        <ele>44.000</ele>
        <time>2026-08-12T07:25:45Z</time>
        <speed>2.965000</speed>
      </trkpt>
      <trkpt lat="59.548388617" lon="26.186478864">
        <ele>44.000</ele>
        <time>2026-08-12T07:25:46Z</time>
        <speed>2.955000</speed>
      </trkpt>
      <trkpt lat="59.548325753" lon="26.186716072">
        <ele>44.200</ele>
        <time>2026-08-12T07:25:51Z</time>
        <speed>3.095000</speed>
      </trkpt>
      <trkpt lat="59.548253501" lon="26.186949424">
        <ele>44.600</ele>
        <time>2026-08-12T07:25:57Z</time>
        <speed>2.364000</speed>
      </trkpt>
      <trkpt lat="59.548196755" lon="26.187150255">
        <ele>45.000</ele>
        <time>2026-08-12T07:26:02Z</time>
        <speed>2.694000</speed>
      </trkpt>
      <trkpt lat="59.548185188" lon="26.187197026">
        <ele>45.000</ele>
        <time>2026-08-12T07:26:03Z</time>
        <speed>2.738000</speed>
      </trkpt>
      <trkpt lat="59.548128946" lon="26.187303979">
        <ele>45.200</ele>
        <time>2026-08-12T07:26:07Z</time>
        <speed>2.067000</speed>
      </trkpt>
      <trkpt lat="59.548055772" lon="26.187458877">
        <ele>45.400</ele>
        <time>2026-08-12T07:26:12Z</time>
        <speed>2.596000</speed>
      </trkpt>
      <trkpt lat="59.547968265" lon="26.187614696">
        <ele>45.600</ele>
        <time>2026-08-12T07:26:18Z</time>
        <speed>1.133000</speed>
      </trkpt>
      <trkpt lat="59.547866005" lon="26.187733887">
        <ele>45.600</ele>
        <time>2026-08-12T07:26:23Z</time>
        <speed>2.429000</speed>
      </trkpt>
      <trkpt lat="59.547744552" lon="26.187851988">
        <ele>46.200</ele>
        <time>2026-08-12T07:26:29Z</time>
        <speed>1.238000</speed>
      </trkpt>
      <trkpt lat="59.547724351" lon="26.187863974">
        <ele>46.200</ele>
        <time>2026-08-12T07:26:30Z</time>
        <speed>1.728000</speed>
      </trkpt>
      <trkpt lat="59.547556546" lon="26.188008143">
        <ele>46.200</ele>
        <time>2026-08-12T07:26:37Z</time>
        <speed>2.570000</speed>
      </trkpt>
      <trkpt lat="59.547401313" lon="26.188152311">
        <ele>46.200</ele>
        <time>2026-08-12T07:26:44Z</time>
        <speed>2.095000</speed>
      </trkpt>
      <trkpt lat="59.547265945" lon="26.188342078">
        <ele>46.000</ele>
        <time>2026-08-12T07:26:50Z</time>
        <speed>3.012000</speed>
      </trkpt>
      <trkpt lat="59.547114233" lon="26.188603258">
        <ele>46.000</ele>
        <time>2026-08-12T07:26:56Z</time>
        <speed>3.136000</speed>
      </trkpt>
      <trkpt lat="59.546950366" lon="26.188867455">
        <ele>45.800</ele>
        <time>2026-08-12T07:27:01Z</time>
        <speed>3.416000</speed>
      </trkpt>
      <trkpt lat="59.546821369" lon="26.189082367">
        <ele>46.000</ele>
        <time>2026-08-12T07:27:06Z</time>
        <speed>2.637000</speed>
      </trkpt>
      <trkpt lat="59.546700083" lon="26.189262746">
        <ele>46.200</ele>
        <time>2026-08-12T07:27:11Z</time>
        <speed>3.669000</speed>
      </trkpt>
      <trkpt lat="59.546572929" lon="26.189495008">
        <ele>46.000</ele>
        <time>2026-08-12T07:27:16Z</time>
        <speed>3.035000</speed>
      </trkpt>
      <trkpt lat="59.546466479" lon="26.189682931">
        <ele>45.800</ele>
        <time>2026-08-12T07:27:22Z</time>
        <speed>1.572000</speed>
      </trkpt>
      <trkpt lat="59.546316192" lon="26.189895580">
        <ele>45.800</ele>
        <time>2026-08-12T07:27:27Z</time>
        <speed>3.576000</speed>
      </trkpt>
      <trkpt lat="59.546096250" lon="26.190237142">
        <ele>46.000</ele>
        <time>2026-08-12T07:27:34Z</time>
        <speed>2.327000</speed>
      </trkpt>
      <trkpt lat="59.545961889" lon="26.190474182">
        <ele>45.600</ele>
        <time>2026-08-12T07:27:39Z</time>
        <speed>2.867000</speed>
      </trkpt>
      <trkpt lat="59.545833562" lon="26.190714575">
        <ele>46.000</ele>
        <time>2026-08-12T07:27:44Z</time>
        <speed>2.802000</speed>
      </trkpt>
      <trkpt lat="59.545629965" lon="26.191142974">
        <ele>46.200</ele>
        <time>2026-08-12T07:27:51Z</time>
        <speed>4.198000</speed>
      </trkpt>
      <trkpt lat="59.545393679" lon="26.191694336">
        <ele>46.200</ele>
        <time>2026-08-12T07:27:59Z</time>
        <speed>3.792000</speed>
      </trkpt>
      <trkpt lat="59.545226209" lon="26.192149054">
        <ele>46.400</ele>
        <time>2026-08-12T07:28:06Z</time>
        <speed>3.713000</speed>
      </trkpt>
      <trkpt lat="59.545086734" lon="26.192531856">
        <ele>46.800</ele>
        <time>2026-08-12T07:28:12Z</time>
        <speed>3.191000</speed>
      </trkpt>
      <trkpt lat="59.545018254" lon="26.192713324">
        <ele>47.400</ele>
        <time>2026-08-12T07:28:16Z</time>
        <speed>2.087000</speed>
      </trkpt>
      <trkpt lat="59.544940051" lon="26.192985484">
        <ele>47.600</ele>
        <time>2026-08-12T07:28:22Z</time>
        <speed>2.074000</speed>
      </trkpt>
    </trkseg>
    <trkseg>
      <trkpt lat="59.544800911" lon="26.193454703">
        <ele>46.800</ele>
        <time>2026-08-12T07:33:55Z</time>
        <speed>1.457000</speed>
      </trkpt>
      <trkpt lat="59.544771742" lon="26.193578588">
        <ele>46.800</ele>
        <time>2026-08-12T07:34:01Z</time>
        <speed>1.073000</speed>
      </trkpt>
      <trkpt lat="59.544758331" lon="26.193618737">
        <ele>46.800</ele>
        <time>2026-08-12T07:34:03Z</time>
        <speed>1.400000</speed>
      </trkpt>
      <trkpt lat="59.544727234" lon="26.193728792">
        <ele>46.800</ele>
        <time>2026-08-12T07:34:06Z</time>
        <speed>2.715000</speed>
      </trkpt>
      <trkpt lat="59.544657664" lon="26.194044622">
        <ele>47.000</ele>
        <time>2026-08-12T07:34:12Z</time>
        <speed>3.120000</speed>
      </trkpt>
      <trkpt lat="59.544582563" lon="26.194513422">
        <ele>47.200</ele>
        <time>2026-08-12T07:34:20Z</time>
        <speed>3.314000</speed>
      </trkpt>
      <trkpt lat="59.544499498" lon="26.194989765">
        <ele>47.800</ele>
        <time>2026-08-12T07:34:28Z</time>
        <speed>3.379000</speed>
      </trkpt>
      <trkpt lat="59.544414338" lon="26.195299895">
        <ele>48.400</ele>
        <time>2026-08-12T07:34:34Z</time>
        <speed>2.863000</speed>
      </trkpt>
      <trkpt lat="59.544396568" lon="26.195342308">
        <ele>48.600</ele>
        <time>2026-08-12T07:34:35Z</time>
        <speed>2.938000</speed>
      </trkpt>
      <trkpt lat="59.544323646" lon="26.195483627">
        <ele>49.400</ele>
        <time>2026-08-12T07:34:39Z</time>
        <speed>2.422000</speed>
      </trkpt>
      <trkpt lat="59.544246448" lon="26.195590328">
        <ele>50.000</ele>
        <time>2026-08-12T07:34:43Z</time>
        <speed>2.295000</speed>
      </trkpt>
      <trkpt lat="59.544132035" lon="26.195715638">
        <ele>50.400</ele>
        <time>2026-08-12T07:34:48Z</time>
        <speed>2.738000</speed>
      </trkpt>
      <trkpt lat="59.544107728" lon="26.195731983">
        <ele>50.600</ele>
        <time>2026-08-12T07:34:49Z</time>
        <speed>2.807000</speed>
      </trkpt>
      <trkpt lat="59.544002954" lon="26.195856957">
        <ele>51.200</ele>
        <time>2026-08-12T07:34:54Z</time>
        <speed>2.706000</speed>
      </trkpt>
      <trkpt lat="59.543919889" lon="26.195969945">
        <ele>51.600</ele>
        <time>2026-08-12T07:34:58Z</time>
        <speed>2.570000</speed>
      </trkpt>
      <trkpt lat="59.543828527" lon="26.196040604">
        <ele>52.200</ele>
        <time>2026-08-12T07:35:02Z</time>
        <speed>2.564000</speed>
      </trkpt>
      <trkpt lat="59.543772200" lon="26.196118221">
        <ele>52.600</ele>
        <time>2026-08-12T07:35:05Z</time>
        <speed>2.275000</speed>
      </trkpt>
      <trkpt lat="59.543729704" lon="26.196159543">
        <ele>52.600</ele>
        <time>2026-08-12T07:35:07Z</time>
        <speed>2.563000</speed>
      </trkpt>
      <trkpt lat="59.543586122" lon="26.196394656">
        <ele>52.600</ele>
        <time>2026-08-12T07:35:15Z</time>
        <speed>2.355000</speed>
      </trkpt>
      <trkpt lat="59.543548822" lon="26.196556343">
        <ele>54.600</ele>
        <time>2026-08-12T07:35:19Z</time>
        <speed>2.380000</speed>
      </trkpt>
      <trkpt lat="59.543543542" lon="26.196600180">
        <ele>55.200</ele>
        <time>2026-08-12T07:35:20Z</time>
        <speed>2.342000</speed>
      </trkpt>
      <trkpt lat="59.543552175" lon="26.196915591">
        <ele>55.200</ele>
        <time>2026-08-12T07:35:27Z</time>
        <speed>2.715000</speed>
      </trkpt>
      <trkpt lat="59.543617303" lon="26.197312139">
        <ele>54.800</ele>
        <time>2026-08-12T07:35:35Z</time>
        <speed>3.161000</speed>
      </trkpt>
      <trkpt lat="59.543700702" lon="26.197725199">
        <ele>55.600</ele>
        <time>2026-08-12T07:35:43Z</time>
        <speed>3.078000</speed>
      </trkpt>
      <trkpt lat="59.543798100" lon="26.198226688">
        <ele>55.600</ele>
        <time>2026-08-12T07:35:52Z</time>
        <speed>3.446000</speed>
      </trkpt>
      <trkpt lat="59.543887619" lon="26.198622733">
        <ele>55.000</ele>
        <time>2026-08-12T07:35:59Z</time>
        <speed>3.523000</speed>
      </trkpt>
      <trkpt lat="59.544000356" lon="26.199140735">
        <ele>55.200</ele>
        <time>2026-08-12T07:36:08Z</time>
        <speed>3.375000</speed>
      </trkpt>
      <trkpt lat="59.544067411" lon="26.199472072">
        <ele>55.200</ele>
        <time>2026-08-12T07:36:14Z</time>
        <speed>3.455000</speed>
      </trkpt>
      <trkpt lat="59.544137819" lon="26.199845737">
        <ele>55.200</ele>
        <time>2026-08-12T07:36:21Z</time>
        <speed>2.991000</speed>
      </trkpt>
      <trkpt lat="59.544187272" lon="26.200019913">
        <ele>54.600</ele>
        <time>2026-08-12T07:36:25Z</time>
        <speed>2.887000</speed>
      </trkpt>
      <trkpt lat="59.544212585" lon="26.200109348">
        <ele>54.800</ele>
        <time>2026-08-12T07:36:27Z</time>
        <speed>2.994000</speed>
      </trkpt>
      <trkpt lat="59.544301350" lon="26.200504722">
        <ele>54.800</ele>
        <time>2026-08-12T07:36:34Z</time>
        <speed>3.861000</speed>
      </trkpt>
      <trkpt lat="59.544409644" lon="26.201022724">
        <ele>55.000</ele>
        <time>2026-08-12T07:36:42Z</time>
        <speed>3.926000</speed>
      </trkpt>
      <trkpt lat="59.544475274" lon="26.201341236">
        <ele>55.800</ele>
        <time>2026-08-12T07:36:47Z</time>
        <speed>3.978000</speed>
      </trkpt>
      <trkpt lat="59.544558423" lon="26.201700652">
        <ele>56.200</ele>
        <time>2026-08-12T07:36:53Z</time>
        <speed>3.527000</speed>
      </trkpt>
      <trkpt lat="59.544591196" lon="26.201882958">
        <ele>56.800</ele>
        <time>2026-08-12T07:36:56Z</time>
        <speed>3.713000</speed>
      </trkpt>
      <trkpt lat="59.544659425" lon="26.202184455">
        <ele>57.200</ele>
        <time>2026-08-12T07:37:01Z</time>
        <speed>3.654000</speed>
      </trkpt>
      <trkpt lat="59.544753050" lon="26.202642862">
        <ele>57.800</ele>
        <time>2026-08-12T07:37:09Z</time>
        <speed>3.510000</speed>
      </trkpt>
      <trkpt lat="59.544764617" lon="26.202698769">
        <ele>57.800</ele>
        <time>2026-08-12T07:37:10Z</time>
        <speed>3.477000</speed>
      </trkpt>
      <trkpt lat="59.544850783" lon="26.203074362">
        <ele>58.400</ele>
        <time>2026-08-12T07:37:17Z</time>
        <speed>3.462000</speed>
      </trkpt>
      <trkpt lat="59.544969806" lon="26.203630669">
        <ele>58.600</ele>
        <time>2026-08-12T07:37:26Z</time>
        <speed>4.076000</speed>
      </trkpt>
      <trkpt lat="59.545001490" lon="26.203763019">
        <ele>59.000</ele>
        <time>2026-08-12T07:37:28Z</time>
        <speed>4.100000</speed>
      </trkpt>
      <trkpt lat="59.545088997" lon="26.204170380">
        <ele>58.600</ele>
        <time>2026-08-12T07:37:34Z</time>
        <speed>4.280000</speed>
      </trkpt>
      <trkpt lat="59.545226460" lon="26.204807153">
        <ele>58.400</ele>
        <time>2026-08-12T07:37:43Z</time>
        <speed>4.433000</speed>
      </trkpt>
      <trkpt lat="59.545349004" lon="26.205359604">
        <ele>58.400</ele>
        <time>2026-08-12T07:37:51Z</time>
        <speed>4.249000</speed>
      </trkpt>
      <trkpt lat="59.545456041" lon="26.205891687">
        <ele>59.000</ele>
        <time>2026-08-12T07:37:59Z</time>
        <speed>4.097000</speed>
      </trkpt>
      <trkpt lat="59.545548325" lon="26.206394937">
        <ele>58.400</ele>
        <time>2026-08-12T07:38:06Z</time>
        <speed>4.467000</speed>
      </trkpt>
      <trkpt lat="59.545657374" lon="26.207071356">
        <ele>58.400</ele>
        <time>2026-08-12T07:38:15Z</time>
        <speed>4.600000</speed>
      </trkpt>
      <trkpt lat="59.545718562" lon="26.207644595">
        <ele>58.600</ele>
        <time>2026-08-12T07:38:22Z</time>
        <speed>5.199000</speed>
      </trkpt>
      <trkpt lat="59.545752425" lon="26.208238201">
        <ele>58.200</ele>
        <time>2026-08-12T07:38:29Z</time>
        <speed>4.521000</speed>
      </trkpt>
      <trkpt lat="59.545747228" lon="26.208796352">
        <ele>58.400</ele>
        <time>2026-08-12T07:38:36Z</time>
        <speed>4.555000</speed>
      </trkpt>
      <trkpt lat="59.545687465" lon="26.209491463">
        <ele>58.200</ele>
        <time>2026-08-12T07:38:45Z</time>
        <speed>4.230000</speed>
      </trkpt>
      <trkpt lat="59.545603646" lon="26.210051123">
        <ele>58.400</ele>
        <time>2026-08-12T07:38:53Z</time>
        <speed>4.042000</speed>
      </trkpt>
      <trkpt lat="59.545571543" lon="26.210262766">
        <ele>58.200</ele>
        <time>2026-08-12T07:38:56Z</time>
        <speed>4.260000</speed>
      </trkpt>
      <trkpt lat="59.545524772" lon="26.210475583">
        <ele>58.400</ele>
        <time>2026-08-12T07:38:59Z</time>
        <speed>4.451000</speed>
      </trkpt>
      <trkpt lat="59.545377921" lon="26.211046558">
        <ele>58.800</ele>
        <time>2026-08-12T07:39:07Z</time>
        <speed>4.469000</speed>
      </trkpt>
      <trkpt lat="59.545201482" lon="26.211659107">
        <ele>58.600</ele>
        <time>2026-08-12T07:39:16Z</time>
        <speed>4.544000</speed>
      </trkpt>
      <trkpt lat="59.545049518" lon="26.212208038">
        <ele>58.400</ele>
        <time>2026-08-12T07:39:24Z</time>
        <speed>4.475000</speed>
      </trkpt>
      <trkpt lat="59.544834942" lon="26.212871298">
        <ele>58.600</ele>
        <time>2026-08-12T07:39:34Z</time>
        <speed>4.643000</speed>
      </trkpt>
      <trkpt lat="59.544648025" lon="26.213487368">
        <ele>59.200</ele>
        <time>2026-08-12T07:39:43Z</time>
        <speed>4.148000</speed>
      </trkpt>
      <trkpt lat="59.544507125" lon="26.213965388">
        <ele>59.800</ele>
        <time>2026-08-12T07:39:50Z</time>
        <speed>4.611000</speed>
      </trkpt>
      <trkpt lat="59.544361783" lon="26.214449108">
        <ele>59.400</ele>
        <time>2026-08-12T07:39:57Z</time>
        <speed>4.647000</speed>
      </trkpt>
      <trkpt lat="59.544285089" lon="26.214741971">
        <ele>59.200</ele>
        <time>2026-08-12T07:40:01Z</time>
        <speed>4.596000</speed>
      </trkpt>
      <trkpt lat="59.544222560" lon="26.214943891">
        <ele>59.600</ele>
        <time>2026-08-12T07:40:04Z</time>
        <speed>4.398000</speed>
      </trkpt>
      <trkpt lat="59.544160198" lon="26.215146566">
        <ele>60.000</ele>
        <time>2026-08-12T07:40:07Z</time>
        <speed>4.590000</speed>
      </trkpt>
      <trkpt lat="59.544054419" lon="26.215508245">
        <ele>59.800</ele>
        <time>2026-08-12T07:40:12Z</time>
        <speed>4.553000</speed>
      </trkpt>
      <trkpt lat="59.543974791" lon="26.215781746">
        <ele>60.000</ele>
        <time>2026-08-12T07:40:16Z</time>
        <speed>4.734000</speed>
      </trkpt>
      <trkpt lat="59.543930702" lon="26.215922646">
        <ele>60.000</ele>
        <time>2026-08-12T07:40:18Z</time>
        <speed>4.666000</speed>
      </trkpt>
      <trkpt lat="59.543907149" lon="26.215990875">
        <ele>60.000</ele>
        <time>2026-08-12T07:40:19Z</time>
        <speed>4.610000</speed>
      </trkpt>
      <trkpt lat="59.543717885" lon="26.216632593">
        <ele>60.200</ele>
        <time>2026-08-12T07:40:28Z</time>
        <speed>4.734000</speed>
      </trkpt>
      <trkpt lat="59.543551756" lon="26.217181860">
        <ele>60.000</ele>
        <time>2026-08-12T07:40:36Z</time>
        <speed>4.682000</speed>
      </trkpt>
      <trkpt lat="59.543489395" lon="26.217397107">
        <ele>60.200</ele>
        <time>2026-08-12T07:40:39Z</time>
        <speed>4.716000</speed>
      </trkpt>
      <trkpt lat="59.543381771" lon="26.217762139">
        <ele>60.400</ele>
        <time>2026-08-12T07:40:44Z</time>
        <speed>4.754000</speed>
      </trkpt>
      <trkpt lat="59.543236177" lon="26.218247786">
        <ele>60.800</ele>
        <time>2026-08-12T07:40:51Z</time>
        <speed>4.708000</speed>
      </trkpt>
      <trkpt lat="59.543034676" lon="26.218886990">
        <ele>60.800</ele>
        <time>2026-08-12T07:41:00Z</time>
        <speed>4.852000</speed>
      </trkpt>
      <trkpt lat="59.542861590" lon="26.219480177">
        <ele>60.400</ele>
        <time>2026-08-12T07:41:08Z</time>
        <speed>4.948000</speed>
      </trkpt>
      <trkpt lat="59.542840552" lon="26.219557459">
        <ele>60.400</ele>
        <time>2026-08-12T07:41:09Z</time>
        <speed>4.939000</speed>
      </trkpt>
      <trkpt lat="59.542731084" lon="26.219930034">
        <ele>60.000</ele>
        <time>2026-08-12T07:41:14Z</time>
        <speed>4.788000</speed>
      </trkpt>
      <trkpt lat="59.542592112" lon="26.220372682">
        <ele>60.000</ele>
        <time>2026-08-12T07:41:20Z</time>
        <speed>4.793000</speed>
      </trkpt>
      <trkpt lat="59.542571409" lon="26.220446108">
        <ele>59.800</ele>
        <time>2026-08-12T07:41:21Z</time>
        <speed>4.684000</speed>
      </trkpt>
      <trkpt lat="59.542530505" lon="26.220589103">
        <ele>59.800</ele>
        <time>2026-08-12T07:41:23Z</time>
        <speed>4.555000</speed>
      </trkpt>
      <trkpt lat="59.542426150" lon="26.220876351">
        <ele>59.600</ele>
        <time>2026-08-12T07:41:27Z</time>
        <speed>5.632000</speed>
      </trkpt>
      <trkpt lat="59.542230433" lon="26.221487643">
        <ele>59.600</ele>
        <time>2026-08-12T07:41:34Z</time>
        <speed>5.678000</speed>
      </trkpt>
      <trkpt lat="59.542057766" lon="26.222064989">
        <ele>59.400</ele>
        <time>2026-08-12T07:41:41Z</time>
        <speed>5.258000</speed>
      </trkpt>
      <trkpt lat="59.541906808" lon="26.222609729">
        <ele>60.000</ele>
        <time>2026-08-12T07:41:48Z</time>
        <speed>4.868000</speed>
      </trkpt>
      <trkpt lat="59.541857187" lon="26.222846517">
        <ele>59.600</ele>
        <time>2026-08-12T07:41:51Z</time>
        <speed>4.880000</speed>
      </trkpt>
      <trkpt lat="59.541825084" lon="26.223097891">
        <ele>59.400</ele>
        <time>2026-08-12T07:41:54Z</time>
        <speed>4.851000</speed>
      </trkpt>
      <trkpt lat="59.541779738" lon="26.223252201">
        <ele>59.400</ele>
        <time>2026-08-12T07:41:56Z</time>
        <speed>5.191000</speed>
      </trkpt>
      <trkpt lat="59.541682089" lon="26.223578593">
        <ele>59.000</ele>
        <time>2026-08-12T07:42:00Z</time>
        <speed>5.514000</speed>
      </trkpt>
      <trkpt lat="59.541446976" lon="26.224331204">
        <ele>58.200</ele>
        <time>2026-08-12T07:42:09Z</time>
        <speed>5.788000</speed>
      </trkpt>
      <trkpt lat="59.541254947" lon="26.224949034">
        <ele>59.200</ele>
        <time>2026-08-12T07:42:16Z</time>
        <speed>5.790000</speed>
      </trkpt>
      <trkpt lat="59.541084208" lon="26.225448679">
        <ele>58.000</ele>
        <time>2026-08-12T07:42:22Z</time>
        <speed>5.856000</speed>
      </trkpt>
      <trkpt lat="59.541050680" lon="26.225528978">
        <ele>57.800</ele>
        <time>2026-08-12T07:42:23Z</time>
        <speed>5.876000</speed>
      </trkpt>
      <trkpt lat="59.541020002" lon="26.225611707">
        <ele>57.600</ele>
        <time>2026-08-12T07:42:24Z</time>
        <speed>5.848000</speed>
      </trkpt>
      <trkpt lat="59.540792266" lon="26.226321151">
        <ele>57.600</ele>
        <time>2026-08-12T07:42:32Z</time>
        <speed>6.080000</speed>
      </trkpt>
      <trkpt lat="59.540491104" lon="26.227223212">
        <ele>57.000</ele>
        <time>2026-08-12T07:42:42Z</time>
        <speed>6.036000</speed>
      </trkpt>
      <trkpt lat="59.540430838" lon="26.227398058">
        <ele>56.800</ele>
        <time>2026-08-12T07:42:44Z</time>
        <speed>5.941000</speed>
      </trkpt>
      <trkpt lat="59.540208215" lon="26.228071125">
        <ele>56.400</ele>
        <time>2026-08-12T07:42:52Z</time>
        <speed>5.610000</speed>
      </trkpt>
      <trkpt lat="59.539940162" lon="26.228877883">
        <ele>57.000</ele>
        <time>2026-08-12T07:43:02Z</time>
        <speed>5.316000</speed>
      </trkpt>
      <trkpt lat="59.539676132" lon="26.229670811">
        <ele>56.600</ele>
        <time>2026-08-12T07:43:12Z</time>
        <speed>5.245000</speed>
      </trkpt>
      <trkpt lat="59.539597929" lon="26.229911204">
        <ele>56.000</ele>
        <time>2026-08-12T07:43:15Z</time>
        <speed>5.586000</speed>
      </trkpt>
      <trkpt lat="59.539515618" lon="26.230148328">
        <ele>56.000</ele>
        <time>2026-08-12T07:43:18Z</time>
        <speed>5.402000</speed>
      </trkpt>
      <trkpt lat="59.539237674" lon="26.230971431">
        <ele>55.600</ele>
        <time>2026-08-12T07:43:28Z</time>
        <speed>5.868000</speed>
      </trkpt>
      <trkpt lat="59.539079424" lon="26.231408631">
        <ele>54.400</ele>
        <time>2026-08-12T07:43:33Z</time>
        <speed>6.109000</speed>
      </trkpt>
      <trkpt lat="59.538952271" lon="26.231757654">
        <ele>54.200</ele>
        <time>2026-08-12T07:43:37Z</time>
        <speed>6.187000</speed>
      </trkpt>
      <trkpt lat="59.538746160" lon="26.232357295">
        <ele>53.400</ele>
        <time>2026-08-12T07:43:44Z</time>
        <speed>4.341000</speed>
      </trkpt>
      <trkpt lat="59.538608445" lon="26.232740935">
        <ele>54.000</ele>
        <time>2026-08-12T07:43:51Z</time>
        <speed>3.251000</speed>
      </trkpt>
      <trkpt lat="59.538588328" lon="26.232991051">
        <ele>53.600</ele>
        <time>2026-08-12T07:43:55Z</time>
        <speed>3.157000</speed>
      </trkpt>
      <trkpt lat="59.538593357" lon="26.233041845">
        <ele>53.400</ele>
        <time>2026-08-12T07:43:56Z</time>
        <speed>2.217000</speed>
      </trkpt>
      <trkpt lat="59.538638620" lon="26.233163634">
        <ele>52.800</ele>
        <time>2026-08-12T07:43:59Z</time>
        <speed>2.525000</speed>
      </trkpt>
      <trkpt lat="59.538776837" lon="26.233400339">
        <ele>52.800</ele>
        <time>2026-08-12T07:44:05Z</time>
        <speed>3.419000</speed>
      </trkpt>
      <trkpt lat="59.538919916" lon="26.233623801">
        <ele>52.200</ele>
        <time>2026-08-12T07:44:10Z</time>
        <speed>4.246000</speed>
      </trkpt>
      <trkpt lat="59.538978422" lon="26.233724384">
        <ele>52.000</ele>
        <time>2026-08-12T07:44:12Z</time>
        <speed>4.045000</speed>
      </trkpt>
      <trkpt lat="59.539208505" lon="26.234070389">
        <ele>52.000</ele>
        <time>2026-08-12T07:44:19Z</time>
        <speed>4.333000</speed>
      </trkpt>
      <trkpt lat="59.539246224" lon="26.234117914">
        <ele>51.600</ele>
        <time>2026-08-12T07:44:20Z</time>
        <speed>4.903000</speed>
      </trkpt>
      <trkpt lat="59.539393997" lon="26.234295359">
        <ele>51.200</ele>
        <time>2026-08-12T07:44:24Z</time>
        <speed>4.833000</speed>
      </trkpt>
      <trkpt lat="59.539534478" lon="26.234474061">
        <ele>50.200</ele>
        <time>2026-08-12T07:44:28Z</time>
        <speed>4.014000</speed>
      </trkpt>
      <trkpt lat="59.539570520" lon="26.234509181">
        <ele>50.000</ele>
        <time>2026-08-12T07:44:29Z</time>
        <speed>4.175000</speed>
      </trkpt>
      <trkpt lat="59.539700691" lon="26.234642286">
        <ele>48.400</ele>
        <time>2026-08-12T07:44:32Z</time>
        <speed>5.318000</speed>
      </trkpt>
      <trkpt lat="59.539808482" lon="26.234760303">
        <ele>47.000</ele>
        <time>2026-08-12T07:44:34Z</time>
        <speed>7.208000</speed>
      </trkpt>
      <trkpt lat="59.539939910" lon="26.234927019">
        <ele>45.200</ele>
        <time>2026-08-12T07:44:36Z</time>
        <speed>8.689000</speed>
      </trkpt>
      <trkpt lat="59.540016521" lon="26.235020310">
        <ele>44.000</ele>
        <time>2026-08-12T07:44:37Z</time>
        <speed>9.165000</speed>
      </trkpt>
      <trkpt lat="59.540094640" lon="26.235115612">
        <ele>43.000</ele>
        <time>2026-08-12T07:44:38Z</time>
        <speed>9.365000</speed>
      </trkpt>
      <trkpt lat="59.540171335" lon="26.235215105">
        <ele>42.000</ele>
        <time>2026-08-12T07:44:39Z</time>
        <speed>9.667000</speed>
      </trkpt>
      <trkpt lat="59.540399322" lon="26.235507717">
        <ele>40.400</ele>
        <time>2026-08-12T07:44:42Z</time>
        <speed>9.561000</speed>
      </trkpt>
      <trkpt lat="59.540540641" lon="26.235674433">
        <ele>39.200</ele>
        <time>2026-08-12T07:44:44Z</time>
        <speed>8.725000</speed>
      </trkpt>
      <trkpt lat="59.540690426" lon="26.235806281">
        <ele>38.200</ele>
        <time>2026-08-12T07:44:46Z</time>
        <speed>8.240000</speed>
      </trkpt>
      <trkpt lat="59.540853454" lon="26.235887334">
        <ele>36.600</ele>
        <time>2026-08-12T07:44:48Z</time>
        <speed>9.001000</speed>
      </trkpt>
      <trkpt lat="59.541241787" lon="26.236015493">
        <ele>37.600</ele>
        <time>2026-08-12T07:44:53Z</time>
        <speed>7.660000</speed>
      </trkpt>
      <trkpt lat="59.541461477" lon="26.236079531">
        <ele>38.800</ele>
        <time>2026-08-12T07:44:56Z</time>
        <speed>7.284000</speed>
      </trkpt>
      <trkpt lat="59.541529790" lon="26.236095289">
        <ele>38.600</ele>
        <time>2026-08-12T07:44:57Z</time>
        <speed>7.168000</speed>
      </trkpt>
      <trkpt lat="59.541974533" lon="26.236182796">
        <ele>38.000</ele>
        <time>2026-08-12T07:45:04Z</time>
        <speed>6.424000</speed>
      </trkpt>
      <trkpt lat="59.542305870" lon="26.236285223">
        <ele>38.600</ele>
        <time>2026-08-12T07:45:10Z</time>
        <speed>5.508000</speed>
      </trkpt>
      <trkpt lat="59.542655814" lon="26.236339621">
        <ele>38.800</ele>
        <time>2026-08-12T07:45:17Z</time>
        <speed>4.921000</speed>
      </trkpt>
      <trkpt lat="59.542846000" lon="26.236371137">
        <ele>38.800</ele>
        <time>2026-08-12T07:45:21Z</time>
        <speed>4.515000</speed>
      </trkpt>
      <trkpt lat="59.542968627" lon="26.236415980">
        <ele>38.800</ele>
        <time>2026-08-12T07:45:24Z</time>
        <speed>4.176000</speed>
      </trkpt>
      <trkpt lat="59.543232825" lon="26.236509774">
        <ele>38.600</ele>
        <time>2026-08-12T07:45:31Z</time>
        <speed>4.205000</speed>
      </trkpt>
      <trkpt lat="59.543565419" lon="26.236595353">
        <ele>38.400</ele>
        <time>2026-08-12T07:45:39Z</time>
        <speed>5.146000</speed>
      </trkpt>
      <trkpt lat="59.543971857" lon="26.236703144">
        <ele>38.000</ele>
        <time>2026-08-12T07:45:47Z</time>
        <speed>5.722000</speed>
      </trkpt>
      <trkpt lat="59.544184422" lon="26.236758213">
        <ele>37.600</ele>
        <time>2026-08-12T07:45:51Z</time>
        <speed>5.880000</speed>
      </trkpt>
      <trkpt lat="59.544400759" lon="26.236810265">
        <ele>37.600</ele>
        <time>2026-08-12T07:45:55Z</time>
        <speed>5.822000</speed>
      </trkpt>
      <trkpt lat="59.544911217" lon="26.236926354">
        <ele>37.600</ele>
        <time>2026-08-12T07:46:05Z</time>
        <speed>5.385000</speed>
      </trkpt>
      <trkpt lat="59.545285553" lon="26.237005899">
        <ele>37.200</ele>
        <time>2026-08-12T07:46:13Z</time>
        <speed>4.962000</speed>
      </trkpt>
      <trkpt lat="59.545650249" lon="26.237101536">
        <ele>37.400</ele>
        <time>2026-08-12T07:46:21Z</time>
        <speed>4.897000</speed>
      </trkpt>
      <trkpt lat="59.545907909" lon="26.237158533">
        <ele>36.400</ele>
        <time>2026-08-12T07:46:27Z</time>
        <speed>4.590000</speed>
      </trkpt>
      <trkpt lat="59.545986950" lon="26.237180661">
        <ele>36.600</ele>
        <time>2026-08-12T07:46:29Z</time>
        <speed>4.509000</speed>
      </trkpt>
      <trkpt lat="59.546024837" lon="26.237190468">
        <ele>36.800</ele>
        <time>2026-08-12T07:46:30Z</time>
        <speed>4.291000</speed>
      </trkpt>
      <trkpt lat="59.546175795" lon="26.237231791">
        <ele>37.600</ele>
        <time>2026-08-12T07:46:34Z</time>
        <speed>4.318000</speed>
      </trkpt>
      <trkpt lat="59.546335554" lon="26.237272862">
        <ele>38.000</ele>
        <time>2026-08-12T07:46:38Z</time>
        <speed>4.388000</speed>
      </trkpt>
      <trkpt lat="59.546637554" lon="26.237362633">
        <ele>37.800</ele>
        <time>2026-08-12T07:46:46Z</time>
        <speed>4.327000</speed>
      </trkpt>
      <trkpt lat="59.547009626" lon="26.237456091">
        <ele>38.200</ele>
        <time>2026-08-12T07:46:56Z</time>
        <speed>4.046000</speed>
      </trkpt>
      <trkpt lat="59.547283966" lon="26.237519039">
        <ele>37.200</ele>
        <time>2026-08-12T07:47:03Z</time>
        <speed>4.402000</speed>
      </trkpt>
      <trkpt lat="59.547639275" lon="26.237616520">
        <ele>38.000</ele>
        <time>2026-08-12T07:47:12Z</time>
        <speed>4.538000</speed>
      </trkpt>
      <trkpt lat="59.548021825" lon="26.237701094">
        <ele>38.400</ele>
        <time>2026-08-12T07:47:21Z</time>
        <speed>4.560000</speed>
      </trkpt>
      <trkpt lat="59.548245119" lon="26.237703357">
        <ele>37.400</ele>
        <time>2026-08-12T07:47:26Z</time>
        <speed>4.355000</speed>
      </trkpt>
      <trkpt lat="59.548517866" lon="26.237826319">
        <ele>37.600</ele>
        <time>2026-08-12T07:47:33Z</time>
        <speed>4.213000</speed>
      </trkpt>
      <trkpt lat="59.548767731" lon="26.237898655">
        <ele>37.200</ele>
        <time>2026-08-12T07:47:40Z</time>
        <speed>3.774000</speed>
      </trkpt>
      <trkpt lat="59.548828835" lon="26.237918353">
        <ele>38.400</ele>
        <time>2026-08-12T07:47:44Z</time>
        <speed>0.000000</speed>
      </trkpt>
    </trkseg>
    <trkseg>
      <trkpt lat="59.548889436" lon="26.237954898">
        <ele>38.400</ele>
        <time>2026-08-12T07:47:54Z</time>
        <speed>1.995000</speed>
      </trkpt>
      <trkpt lat="59.548935201" lon="26.237974763">
        <ele>38.200</ele>
        <time>2026-08-12T07:47:56Z</time>
        <speed>2.628000</speed>
      </trkpt>
      <trkpt lat="59.549130416" lon="26.238032179">
        <ele>38.000</ele>
        <time>2026-08-12T07:48:02Z</time>
        <speed>3.944000</speed>
      </trkpt>
      <trkpt lat="59.549200321" lon="26.238039052">
        <ele>37.600</ele>
        <time>2026-08-12T07:48:04Z</time>
        <speed>3.616000</speed>
      </trkpt>
      <trkpt lat="59.549363852" lon="26.238077525">
        <ele>37.800</ele>
        <time>2026-08-12T07:48:08Z</time>
        <speed>4.544000</speed>
      </trkpt>
      <trkpt lat="59.549660739" lon="26.238161763">
        <ele>38.000</ele>
        <time>2026-08-12T07:48:15Z</time>
        <speed>4.742000</speed>
      </trkpt>
      <trkpt lat="59.549978329" lon="26.238263771">
        <ele>38.200</ele>
        <time>2026-08-12T07:48:22Z</time>
        <speed>5.180000</speed>
      </trkpt>
      <trkpt lat="59.550220147" lon="26.238327557">
        <ele>38.200</ele>
        <time>2026-08-12T07:48:27Z</time>
        <speed>5.231000</speed>
      </trkpt>
      <trkpt lat="59.550368171" lon="26.238393104">
        <ele>37.400</ele>
        <time>2026-08-12T07:48:30Z</time>
        <speed>5.781000</speed>
      </trkpt>
      <trkpt lat="59.550463138" lon="26.238427470">
        <ele>37.600</ele>
        <time>2026-08-12T07:48:32Z</time>
        <speed>5.081000</speed>
      </trkpt>
      <trkpt lat="59.550830936" lon="26.238517407">
        <ele>36.800</ele>
        <time>2026-08-12T07:48:40Z</time>
        <speed>4.996000</speed>
      </trkpt>
      <trkpt lat="59.551207284" lon="26.238603573">
        <ele>38.000</ele>
        <time>2026-08-12T07:48:48Z</time>
        <speed>4.950000</speed>
      </trkpt>
      <trkpt lat="59.551524455" lon="26.238692421">
        <ele>37.800</ele>
        <time>2026-08-12T07:48:55Z</time>
        <speed>4.756000</speed>
      </trkpt>
      <trkpt lat="59.551753197" lon="26.238737684">
        <ele>38.000</ele>
        <time>2026-08-12T07:49:00Z</time>
        <speed>5.389000</speed>
      </trkpt>
      <trkpt lat="59.551808517" lon="26.238750760">
        <ele>38.400</ele>
        <time>2026-08-12T07:49:01Z</time>
        <speed>5.616000</speed>
      </trkpt>
      <trkpt lat="59.552248064" lon="26.238810355">
        <ele>37.200</ele>
        <time>2026-08-12T07:49:09Z</time>
        <speed>5.141000</speed>
      </trkpt>
      <trkpt lat="59.552609408" lon="26.238895934">
        <ele>36.400</ele>
        <time>2026-08-12T07:49:16Z</time>
        <speed>5.480000</speed>
      </trkpt>
      <trkpt lat="59.552941080" lon="26.238966929">
        <ele>35.800</ele>
        <time>2026-08-12T07:49:23Z</time>
        <speed>4.608000</speed>
      </trkpt>
      <trkpt lat="59.553277530" lon="26.239043372">
        <ele>35.800</ele>
        <time>2026-08-12T07:49:31Z</time>
        <speed>4.485000</speed>
      </trkpt>
      <trkpt lat="59.553408204" lon="26.239073044">
        <ele>35.400</ele>
        <time>2026-08-12T07:49:34Z</time>
        <speed>4.887000</speed>
      </trkpt>
      <trkpt lat="59.553576764" lon="26.239114199">
        <ele>35.800</ele>
        <time>2026-08-12T07:49:38Z</time>
        <speed>4.578000</speed>
      </trkpt>
      <trkpt lat="59.553868286" lon="26.239183182">
        <ele>35.800</ele>
        <time>2026-08-12T07:49:45Z</time>
        <speed>4.848000</speed>
      </trkpt>
      <trkpt lat="59.554139609" lon="26.239250237">
        <ele>35.800</ele>
        <time>2026-08-12T07:49:51Z</time>
        <speed>5.096000</speed>
      </trkpt>
      <trkpt lat="59.554417888" lon="26.239301534">
        <ele>35.000</ele>
        <time>2026-08-12T07:49:57Z</time>
        <speed>5.106000</speed>
      </trkpt>
      <trkpt lat="59.554509418" lon="26.239322238">
        <ele>35.400</ele>
        <time>2026-08-12T07:49:59Z</time>
        <speed>5.011000</speed>
      </trkpt>
      <trkpt lat="59.554741764" lon="26.239355514">
        <ele>34.600</ele>
        <time>2026-08-12T07:50:04Z</time>
        <speed>5.097000</speed>
      </trkpt>
      <trkpt lat="59.554893142" lon="26.239370015">
        <ele>34.400</ele>
        <time>2026-08-12T07:50:07Z</time>
        <speed>4.551000</speed>
      </trkpt>
      <trkpt lat="59.555005459" lon="26.239391388">
        <ele>34.400</ele>
        <time>2026-08-12T07:50:09Z</time>
        <speed>5.190000</speed>
      </trkpt>
      <trkpt lat="59.555057511" lon="26.239404464">
        <ele>34.400</ele>
        <time>2026-08-12T07:50:10Z</time>
        <speed>5.125000</speed>
      </trkpt>
      <trkpt lat="59.555285079" lon="26.239460455">
        <ele>33.200</ele>
        <time>2026-08-12T07:50:15Z</time>
        <speed>5.078000</speed>
      </trkpt>
      <trkpt lat="59.555562017" lon="26.239553578">
        <ele>33.800</ele>
        <time>2026-08-12T07:50:21Z</time>
        <speed>5.379000</speed>
      </trkpt>
      <trkpt lat="59.555702666" lon="26.239613341">
        <ele>33.800</ele>
        <time>2026-08-12T07:50:24Z</time>
        <speed>5.472000</speed>
      </trkpt>
      <trkpt lat="59.555847840" lon="26.239639996">
        <ele>33.800</ele>
        <time>2026-08-12T07:50:27Z</time>
        <speed>5.171000</speed>
      </trkpt>
      <trkpt lat="59.556170460" lon="26.239751643">
        <ele>33.400</ele>
        <time>2026-08-12T07:50:34Z</time>
        <speed>5.047000</speed>
      </trkpt>
      <trkpt lat="59.556500623" lon="26.239811908">
        <ele>32.400</ele>
        <time>2026-08-12T07:50:41Z</time>
        <speed>5.238000</speed>
      </trkpt>
      <trkpt lat="59.556833552" lon="26.239858847">
        <ele>32.800</ele>
        <time>2026-08-12T07:50:48Z</time>
        <speed>5.585000</speed>
      </trkpt>
      <trkpt lat="59.557028599" lon="26.239892710">
        <ele>32.200</ele>
        <time>2026-08-12T07:50:52Z</time>
        <speed>5.253000</speed>
      </trkpt>
      <trkpt lat="59.557265220" lon="26.239907127">
        <ele>32.600</ele>
        <time>2026-08-12T07:50:57Z</time>
        <speed>5.263000</speed>
      </trkpt>
      <trkpt lat="59.557546601" lon="26.239881394">
        <ele>30.800</ele>
        <time>2026-08-12T07:51:03Z</time>
        <speed>5.324000</speed>
      </trkpt>
      <trkpt lat="59.557646848" lon="26.239857841">
        <ele>30.200</ele>
        <time>2026-08-12T07:51:05Z</time>
        <speed>5.496000</speed>
      </trkpt>
      <trkpt lat="59.557937616" lon="26.239797072">
        <ele>30.800</ele>
        <time>2026-08-12T07:51:11Z</time>
        <speed>5.704000</speed>
      </trkpt>
      <trkpt lat="59.558150265" lon="26.239691544">
        <ele>29.600</ele>
        <time>2026-08-12T07:51:16Z</time>
        <speed>6.242000</speed>
      </trkpt>
      <trkpt lat="59.558310695" lon="26.239591967">
        <ele>29.200</ele>
        <time>2026-08-12T07:51:19Z</time>
        <speed>6.218000</speed>
      </trkpt>
      <trkpt lat="59.558412032" lon="26.239529271">
        <ele>28.400</ele>
        <time>2026-08-12T07:51:21Z</time>
        <speed>6.011000</speed>
      </trkpt>
      <trkpt lat="59.558514291" lon="26.239468250">
        <ele>29.800</ele>
        <time>2026-08-12T07:51:23Z</time>
        <speed>5.982000</speed>
      </trkpt>
      <trkpt lat="59.558667932" lon="26.239364985">
        <ele>28.600</ele>
        <time>2026-08-12T07:51:26Z</time>
        <speed>5.929000</speed>
      </trkpt>
      <trkpt lat="59.558728784" lon="26.239350569">
        <ele>28.400</ele>
        <time>2026-08-12T07:51:27Z</time>
        <speed>6.752000</speed>
      </trkpt>
      <trkpt lat="59.558906984" lon="26.239278652">
        <ele>28.600</ele>
        <time>2026-08-12T07:51:30Z</time>
        <speed>6.560000</speed>
      </trkpt>
      <trkpt lat="59.558958281" lon="26.239237078">
        <ele>28.400</ele>
        <time>2026-08-12T07:51:31Z</time>
        <speed>6.231000</speed>
      </trkpt>
      <trkpt lat="59.559156345" lon="26.239084192">
        <ele>27.600</ele>
        <time>2026-08-12T07:51:35Z</time>
        <speed>5.863000</speed>
      </trkpt>
      <trkpt lat="59.559207894" lon="26.239045383">
        <ele>27.400</ele>
        <time>2026-08-12T07:51:36Z</time>
        <speed>6.143000</speed>
      </trkpt>
      <trkpt lat="59.559478043" lon="26.238835165">
        <ele>26.400</ele>
        <time>2026-08-12T07:51:41Z</time>
        <speed>6.474000</speed>
      </trkpt>
      <trkpt lat="59.559863526" lon="26.238549175">
        <ele>26.400</ele>
        <time>2026-08-12T07:51:48Z</time>
        <speed>6.283000</speed>
      </trkpt>
      <trkpt lat="59.560246831" lon="26.238297718">
        <ele>25.400</ele>
        <time>2026-08-12T07:51:55Z</time>
        <speed>6.149000</speed>
      </trkpt>
      <trkpt lat="59.560354371" lon="26.238232171">
        <ele>24.800</ele>
        <time>2026-08-12T07:51:57Z</time>
        <speed>6.278000</speed>
      </trkpt>
      <trkpt lat="59.560789727" lon="26.238009967">
        <ele>24.800</ele>
        <time>2026-08-12T07:52:05Z</time>
        <speed>6.216000</speed>
      </trkpt>
      <trkpt lat="59.560897099" lon="26.237957580">
        <ele>24.400</ele>
        <time>2026-08-12T07:52:07Z</time>
        <speed>6.111000</speed>
      </trkpt>
      <trkpt lat="59.561003298" lon="26.237917347">
        <ele>23.600</ele>
        <time>2026-08-12T07:52:09Z</time>
        <speed>5.914000</speed>
      </trkpt>
      <trkpt lat="59.561111173" lon="26.237897482">
        <ele>24.200</ele>
        <time>2026-08-12T07:52:11Z</time>
        <speed>5.882000</speed>
      </trkpt>
      <trkpt lat="59.561656583" lon="26.237801844">
        <ele>23.200</ele>
        <time>2026-08-12T07:52:21Z</time>
        <speed>5.793000</speed>
      </trkpt>
      <trkpt lat="59.561990518" lon="26.237798994">
        <ele>24.000</ele>
        <time>2026-08-12T07:52:28Z</time>
        <speed>4.855000</speed>
      </trkpt>
      <trkpt lat="59.562123204" lon="26.237823470">
        <ele>24.600</ele>
        <time>2026-08-12T07:52:31Z</time>
        <speed>4.784000</speed>
      </trkpt>
      <trkpt lat="59.562167460" lon="26.237832941">
        <ele>24.800</ele>
        <time>2026-08-12T07:52:32Z</time>
        <speed>4.970000</speed>
      </trkpt>
      <trkpt lat="59.562254883" lon="26.237844089">
        <ele>25.200</ele>
        <time>2026-08-12T07:52:34Z</time>
        <speed>4.838000</speed>
      </trkpt>
      <trkpt lat="59.562517153" lon="26.237923214">
        <ele>24.400</ele>
        <time>2026-08-12T07:52:40Z</time>
        <speed>5.020000</speed>
      </trkpt>
      <trkpt lat="59.562858967" lon="26.238015667">
        <ele>25.400</ele>
        <time>2026-08-12T07:52:48Z</time>
        <speed>4.666000</speed>
      </trkpt>
      <trkpt lat="59.562900038" lon="26.238027150">
        <ele>25.600</ele>
        <time>2026-08-12T07:52:49Z</time>
        <speed>4.391000</speed>
      </trkpt>
      <trkpt lat="59.563107323" lon="26.238103677">
        <ele>26.000</ele>
        <time>2026-08-12T07:52:54Z</time>
        <speed>4.550000</speed>
      </trkpt>
      <trkpt lat="59.563363725" lon="26.238234770">
        <ele>25.200</ele>
        <time>2026-08-12T07:53:00Z</time>
        <speed>4.409000</speed>
      </trkpt>
      <trkpt lat="59.563557683" lon="26.238365276">
        <ele>24.800</ele>
        <time>2026-08-12T07:53:05Z</time>
        <speed>4.738000</speed>
      </trkpt>
      <trkpt lat="59.563593054" lon="26.238392349">
        <ele>24.600</ele>
        <time>2026-08-12T07:53:06Z</time>
        <speed>4.230000</speed>
      </trkpt>
      <trkpt lat="59.563786509" lon="26.238547163">
        <ele>24.200</ele>
        <time>2026-08-12T07:53:11Z</time>
        <speed>4.871000</speed>
      </trkpt>
      <trkpt lat="59.563988848" lon="26.238708850">
        <ele>24.000</ele>
        <time>2026-08-12T07:53:16Z</time>
        <speed>4.689000</speed>
      </trkpt>
      <trkpt lat="59.564190768" lon="26.238912363">
        <ele>24.200</ele>
        <time>2026-08-12T07:53:22Z</time>
        <speed>3.826000</speed>
      </trkpt>
      <trkpt lat="59.564438201" lon="26.239184607">
        <ele>23.800</ele>
        <time>2026-08-12T07:53:29Z</time>
        <speed>4.341000</speed>
      </trkpt>
      <trkpt lat="59.564755037" lon="26.239561625">
        <ele>24.000</ele>
        <time>2026-08-12T07:53:37Z</time>
        <speed>4.583000</speed>
      </trkpt>
      <trkpt lat="59.564827122" lon="26.239664974">
        <ele>23.400</ele>
        <time>2026-08-12T07:53:39Z</time>
        <speed>4.298000</speed>
      </trkpt>
      <trkpt lat="59.564905073" lon="26.239755834">
        <ele>23.400</ele>
        <time>2026-08-12T07:53:41Z</time>
        <speed>4.720000</speed>
      </trkpt>
      <trkpt lat="59.564980930" lon="26.239864044">
        <ele>24.000</ele>
        <time>2026-08-12T07:53:43Z</time>
        <speed>4.767000</speed>
      </trkpt>
      <trkpt lat="59.565250073" lon="26.240268052">
        <ele>24.000</ele>
        <time>2026-08-12T07:53:50Z</time>
        <speed>5.147000</speed>
      </trkpt>
      <trkpt lat="59.565386781" lon="26.240449185">
        <ele>23.400</ele>
        <time>2026-08-12T07:53:53Z</time>
        <speed>5.473000</speed>
      </trkpt>
      <trkpt lat="59.565462554" lon="26.240576506">
        <ele>23.400</ele>
        <time>2026-08-12T07:53:55Z</time>
        <speed>5.317000</speed>
      </trkpt>
      <trkpt lat="59.565644357" lon="26.240889318">
        <ele>22.400</ele>
        <time>2026-08-12T07:54:00Z</time>
        <speed>5.262000</speed>
      </trkpt>
      <trkpt lat="59.565739576" lon="26.241096351">
        <ele>22.400</ele>
        <time>2026-08-12T07:54:03Z</time>
        <speed>5.073000</speed>
      </trkpt>
      <trkpt lat="59.565957505" lon="26.241577053">
        <ele>22.200</ele>
        <time>2026-08-12T07:54:10Z</time>
        <speed>5.255000</speed>
      </trkpt>
      <trkpt lat="59.566216003" lon="26.242182814">
        <ele>21.600</ele>
        <time>2026-08-12T07:54:18Z</time>
        <speed>5.554000</speed>
      </trkpt>
      <trkpt lat="59.566405769" lon="26.242638454">
        <ele>21.400</ele>
        <time>2026-08-12T07:54:24Z</time>
        <speed>5.590000</speed>
      </trkpt>
      <trkpt lat="59.566483553" lon="26.242780359">
        <ele>21.000</ele>
        <time>2026-08-12T07:54:26Z</time>
        <speed>5.730000</speed>
      </trkpt>
      <trkpt lat="59.566762084" lon="26.243353765">
        <ele>21.200</ele>
        <time>2026-08-12T07:54:34Z</time>
        <speed>5.496000</speed>
      </trkpt>
      <trkpt lat="59.566999124" lon="26.243931279">
        <ele>20.400</ele>
        <time>2026-08-12T07:54:42Z</time>
        <speed>4.933000</speed>
      </trkpt>
      <trkpt lat="59.567065677" lon="26.244059186">
        <ele>20.200</ele>
        <time>2026-08-12T07:54:44Z</time>
        <speed>5.085000</speed>
      </trkpt>
      <trkpt lat="59.567240439" lon="26.244429583">
        <ele>19.800</ele>
        <time>2026-08-12T07:54:50Z</time>
        <speed>4.404000</speed>
      </trkpt>
      <trkpt lat="59.567424422" lon="26.244878517">
        <ele>19.200</ele>
        <time>2026-08-12T07:54:57Z</time>
        <speed>4.623000</speed>
      </trkpt>
      <trkpt lat="59.567442862" lon="26.244947501">
        <ele>19.800</ele>
        <time>2026-08-12T07:54:58Z</time>
        <speed>4.222000</speed>
      </trkpt>
      <trkpt lat="59.567572614" lon="26.245373553">
        <ele>19.800</ele>
        <time>2026-08-12T07:55:05Z</time>
        <speed>4.109000</speed>
      </trkpt>
      <trkpt lat="59.567690715" lon="26.245805556">
        <ele>19.800</ele>
        <time>2026-08-12T07:55:11Z</time>
        <speed>4.436000</speed>
      </trkpt>
      <trkpt lat="59.567774283" lon="26.246080399">
        <ele>19.800</ele>
        <time>2026-08-12T07:55:15Z</time>
        <speed>4.504000</speed>
      </trkpt>
      <trkpt lat="59.567876039" lon="26.246443586">
        <ele>19.800</ele>
        <time>2026-08-12T07:55:20Z</time>
        <speed>4.400000</speed>
      </trkpt>
      <trkpt lat="59.567905376" lon="26.246607536">
        <ele>20.000</ele>
        <time>2026-08-12T07:55:22Z</time>
        <speed>4.586000</speed>
      </trkpt>
      <trkpt lat="59.567970419" lon="26.246926468">
        <ele>19.600</ele>
        <time>2026-08-12T07:55:26Z</time>
        <speed>4.750000</speed>
      </trkpt>
      <trkpt lat="59.568040743" lon="26.247263672">
        <ele>19.000</ele>
        <time>2026-08-12T07:55:30Z</time>
        <speed>4.900000</speed>
      </trkpt>
      <trkpt lat="59.568053400" lon="26.247355118">
        <ele>18.800</ele>
        <time>2026-08-12T07:55:31Z</time>
        <speed>4.983000</speed>
      </trkpt>
      <trkpt lat="59.568116516" lon="26.247618394">
        <ele>19.200</ele>
        <time>2026-08-12T07:55:34Z</time>
        <speed>5.290000</speed>
      </trkpt>
      <trkpt lat="59.568302259" lon="26.248330940">
        <ele>18.400</ele>
        <time>2026-08-12T07:55:42Z</time>
        <speed>5.252000</speed>
      </trkpt>
      <trkpt lat="59.568323046" lon="26.248424733">
        <ele>18.400</ele>
        <time>2026-08-12T07:55:43Z</time>
        <speed>5.287000</speed>
      </trkpt>
      <trkpt lat="59.568331847" lon="26.248530261">
        <ele>18.000</ele>
        <time>2026-08-12T07:55:44Z</time>
        <speed>5.317000</speed>
      </trkpt>
      <trkpt lat="59.568364536" lon="26.248937957">
        <ele>17.600</ele>
        <time>2026-08-12T07:55:48Z</time>
        <speed>5.344000</speed>
      </trkpt>
      <trkpt lat="59.568430753" lon="26.249821996">
        <ele>19.000</ele>
        <time>2026-08-12T07:55:57Z</time>
        <speed>5.104000</speed>
      </trkpt>
      <trkpt lat="59.568477189" lon="26.250512833">
        <ele>18.000</ele>
        <time>2026-08-12T07:56:05Z</time>
        <speed>4.882000</speed>
      </trkpt>
      <trkpt lat="59.568503257" lon="26.251021111">
        <ele>18.000</ele>
        <time>2026-08-12T07:56:11Z</time>
        <speed>4.593000</speed>
      </trkpt>
      <trkpt lat="59.568505017" lon="26.251112306">
        <ele>17.800</ele>
        <time>2026-08-12T07:56:12Z</time>
        <speed>4.666000</speed>
      </trkpt>
      <trkpt lat="59.568521949" lon="26.251551937">
        <ele>17.800</ele>
        <time>2026-08-12T07:56:17Z</time>
        <speed>4.609000</speed>
      </trkpt>
      <trkpt lat="59.568519518" lon="26.251633326">
        <ele>17.800</ele>
        <time>2026-08-12T07:56:18Z</time>
        <speed>4.028000</speed>
      </trkpt>
      <trkpt lat="59.568540892" lon="26.252238750">
        <ele>17.800</ele>
        <time>2026-08-12T07:56:25Z</time>
        <speed>4.748000</speed>
      </trkpt>
      <trkpt lat="59.568544747" lon="26.252504373">
        <ele>17.400</ele>
        <time>2026-08-12T07:56:28Z</time>
        <speed>5.022000</speed>
      </trkpt>
      <trkpt lat="59.568544077" lon="26.252676034">
        <ele>17.400</ele>
        <time>2026-08-12T07:56:30Z</time>
        <speed>4.509000</speed>
      </trkpt>
      <trkpt lat="59.568546843" lon="26.252764212">
        <ele>17.400</ele>
        <time>2026-08-12T07:56:31Z</time>
        <speed>4.427000</speed>
      </trkpt>
      <trkpt lat="59.568563690" lon="26.253011143">
        <ele>17.600</ele>
        <time>2026-08-12T07:56:34Z</time>
        <speed>4.505000</speed>
      </trkpt>
      <trkpt lat="59.568580789" lon="26.253285902">
        <ele>17.200</ele>
        <time>2026-08-12T07:56:37Z</time>
        <speed>4.993000</speed>
      </trkpt>
      <trkpt lat="59.568580035" lon="26.253379947">
        <ele>17.000</ele>
        <time>2026-08-12T07:56:38Z</time>
        <speed>5.274000</speed>
      </trkpt>
      <trkpt lat="59.568589171" lon="26.253470723">
        <ele>17.000</ele>
        <time>2026-08-12T07:56:39Z</time>
        <speed>5.059000</speed>
      </trkpt>
      <trkpt lat="59.568600487" lon="26.253648754">
        <ele>17.400</ele>
        <time>2026-08-12T07:56:41Z</time>
        <speed>5.029000</speed>
      </trkpt>
      <trkpt lat="59.568655137" lon="26.254241355">
        <ele>17.000</ele>
        <time>2026-08-12T07:56:48Z</time>
        <speed>4.779000</speed>
      </trkpt>
      <trkpt lat="59.568721605" lon="26.254877876">
        <ele>16.800</ele>
        <time>2026-08-12T07:56:55Z</time>
        <speed>5.416000</speed>
      </trkpt>
      <trkpt lat="59.568736190" lon="26.254972341">
        <ele>16.800</ele>
        <time>2026-08-12T07:56:56Z</time>
        <speed>5.437000</speed>
      </trkpt>
      <trkpt lat="59.568792181" lon="26.255447930">
        <ele>16.400</ele>
        <time>2026-08-12T07:57:01Z</time>
        <speed>5.444000</speed>
      </trkpt>
      <trkpt lat="59.568853537" lon="26.255938942">
        <ele>16.200</ele>
        <time>2026-08-12T07:57:06Z</time>
        <speed>5.326000</speed>
      </trkpt>
      <trkpt lat="59.568897123" lon="26.256223172">
        <ele>15.800</ele>
        <time>2026-08-12T07:57:09Z</time>
        <speed>5.285000</speed>
      </trkpt>
      <trkpt lat="59.569017235" lon="26.256984416">
        <ele>15.000</ele>
        <time>2026-08-12T07:57:17Z</time>
        <speed>5.695000</speed>
      </trkpt>
      <trkpt lat="59.569070293" lon="26.257289350">
        <ele>14.600</ele>
        <time>2026-08-12T07:57:20Z</time>
        <speed>5.934000</speed>
      </trkpt>
      <trkpt lat="59.569184706" lon="26.257902067">
        <ele>13.800</ele>
        <time>2026-08-12T07:57:26Z</time>
        <speed>6.070000</speed>
      </trkpt>
      <trkpt lat="59.569205325" lon="26.258000722">
        <ele>13.600</ele>
        <time>2026-08-12T07:57:27Z</time>
        <speed>6.004000</speed>
      </trkpt>
      <trkpt lat="59.569352427" lon="26.258681919">
        <ele>12.200</ele>
        <time>2026-08-12T07:57:34Z</time>
        <speed>5.809000</speed>
      </trkpt>
      <trkpt lat="59.569396852" lon="26.258870848">
        <ele>12.000</ele>
        <time>2026-08-12T07:57:36Z</time>
        <speed>5.812000</speed>
      </trkpt>
      <trkpt lat="59.569577649" lon="26.259721862">
        <ele>11.800</ele>
        <time>2026-08-12T07:57:45Z</time>
        <speed>5.726000</speed>
      </trkpt>
      <trkpt lat="59.569693822" lon="26.260185381">
        <ele>11.800</ele>
        <time>2026-08-12T07:57:50Z</time>
        <speed>5.872000</speed>
      </trkpt>
      <trkpt lat="59.569854420" lon="26.260731043">
        <ele>11.000</ele>
        <time>2026-08-12T07:57:56Z</time>
        <speed>6.066000</speed>
      </trkpt>
      <trkpt lat="59.569885768" lon="26.260821316">
        <ele>10.600</ele>
        <time>2026-08-12T07:57:57Z</time>
        <speed>6.053000</speed>
      </trkpt>
      <trkpt lat="59.569989620" lon="26.261093309">
        <ele>10.200</ele>
        <time>2026-08-12T07:58:00Z</time>
        <speed>6.324000</speed>
      </trkpt>
      <trkpt lat="59.570093304" lon="26.261363290">
        <ele>10.200</ele>
        <time>2026-08-12T07:58:03Z</time>
        <speed>6.269000</speed>
      </trkpt>
      <trkpt lat="59.570191288" lon="26.261645509">
        <ele>9.800</ele>
        <time>2026-08-12T07:58:06Z</time>
        <speed>6.330000</speed>
      </trkpt>
      <trkpt lat="59.570355071" lon="26.262097210">
        <ele>9.400</ele>
        <time>2026-08-12T07:58:11Z</time>
        <speed>6.037000</speed>
      </trkpt>
      <trkpt lat="59.570437213" lon="26.262366520">
        <ele>8.800</ele>
        <time>2026-08-12T07:58:14Z</time>
        <speed>5.837000</speed>
      </trkpt>
      <trkpt lat="59.570527403" lon="26.262615044">
        <ele>9.000</ele>
        <time>2026-08-12T07:58:17Z</time>
        <speed>5.670000</speed>
      </trkpt>
      <trkpt lat="59.570790594" lon="26.263274364">
        <ele>8.800</ele>
        <time>2026-08-12T07:58:26Z</time>
        <speed>4.644000</speed>
      </trkpt>
      <trkpt lat="59.571040040" lon="26.263860511">
        <ele>7.800</ele>
        <time>2026-08-12T07:58:35Z</time>
        <speed>4.570000</speed>
      </trkpt>
      <trkpt lat="59.571066527" lon="26.263922788">
        <ele>7.600</ele>
        <time>2026-08-12T07:58:36Z</time>
        <speed>4.663000</speed>
      </trkpt>
      <trkpt lat="59.571244307" lon="26.264340878">
        <ele>6.600</ele>
        <time>2026-08-12T07:58:42Z</time>
        <speed>5.166000</speed>
      </trkpt>
      <trkpt lat="59.571309267" lon="26.264476748">
        <ele>6.800</ele>
        <time>2026-08-12T07:58:44Z</time>
        <speed>5.122000</speed>
      </trkpt>
      <trkpt lat="59.571374059" lon="26.264596442">
        <ele>6.800</ele>
        <time>2026-08-12T07:58:46Z</time>
        <speed>4.998000</speed>
      </trkpt>
      <trkpt lat="59.571535829" lon="26.264923839">
        <ele>7.200</ele>
        <time>2026-08-12T07:58:51Z</time>
        <speed>5.121000</speed>
      </trkpt>
      <trkpt lat="59.571717046" lon="26.265326003">
        <ele>7.600</ele>
        <time>2026-08-12T07:58:57Z</time>
        <speed>4.788000</speed>
      </trkpt>
      <trkpt lat="59.571774462" lon="26.265451731">
        <ele>7.400</ele>
        <time>2026-08-12T07:58:59Z</time>
        <speed>4.823000</speed>
      </trkpt>
      <trkpt lat="59.571978645" lon="26.265789187">
        <ele>7.200</ele>
        <time>2026-08-12T07:59:05Z</time>
        <speed>4.691000</speed>
      </trkpt>
      <trkpt lat="59.572235635" lon="26.266110968">
        <ele>7.200</ele>
        <time>2026-08-12T07:59:12Z</time>
        <speed>4.649000</speed>
      </trkpt>
      <trkpt lat="59.572458426" lon="26.266341722">
        <ele>6.400</ele>
        <time>2026-08-12T07:59:18Z</time>
        <speed>4.401000</speed>
      </trkpt>
      <trkpt lat="59.572495557" lon="26.266380949">
        <ele>6.400</ele>
        <time>2026-08-12T07:59:19Z</time>
        <speed>4.651000</speed>
      </trkpt>
      <trkpt lat="59.572814824" lon="26.266694684">
        <ele>7.000</ele>
        <time>2026-08-12T07:59:27Z</time>
        <speed>4.772000</speed>
      </trkpt>
      <trkpt lat="59.573170133" lon="26.266998528">
        <ele>7.000</ele>
        <time>2026-08-12T07:59:36Z</time>
        <speed>4.598000</speed>
      </trkpt>
      <trkpt lat="59.573554443" lon="26.267240765">
        <ele>7.200</ele>
        <time>2026-08-12T07:59:45Z</time>
        <speed>5.474000</speed>
      </trkpt>
      <trkpt lat="59.573863065" lon="26.267395662">
        <ele>6.200</ele>
        <time>2026-08-12T07:59:52Z</time>
        <speed>4.731000</speed>
      </trkpt>
      <trkpt lat="59.574121479" lon="26.267516613">
        <ele>5.800</ele>
        <time>2026-08-12T07:59:58Z</time>
        <speed>4.917000</speed>
      </trkpt>
      <trkpt lat="59.574447116" lon="26.267662374">
        <ele>5.800</ele>
        <time>2026-08-12T08:00:06Z</time>
        <speed>4.691000</speed>
      </trkpt>
      <trkpt lat="59.574709972" lon="26.267755246">
        <ele>5.600</ele>
        <time>2026-08-12T08:00:12Z</time>
        <speed>4.548000</speed>
      </trkpt>
      <trkpt lat="59.574897056" lon="26.267860606">
        <ele>6.000</ele>
        <time>2026-08-12T08:00:17Z</time>
        <speed>4.721000</speed>
      </trkpt>
      <trkpt lat="59.574972242" lon="26.267907964">
        <ele>5.800</ele>
        <time>2026-08-12T08:00:19Z</time>
        <speed>4.471000</speed>
      </trkpt>
      <trkpt lat="59.575144993" lon="26.267996645">
        <ele>6.000</ele>
        <time>2026-08-12T08:00:24Z</time>
        <speed>4.313000</speed>
      </trkpt>
      <trkpt lat="59.575399971" lon="26.268143663">
        <ele>6.800</ele>
        <time>2026-08-12T08:00:31Z</time>
        <speed>4.255000</speed>
      </trkpt>
      <trkpt lat="59.575644722" lon="26.268214658">
        <ele>6.600</ele>
        <time>2026-08-12T08:00:37Z</time>
        <speed>3.744000</speed>
      </trkpt>
      <trkpt lat="59.575945549" lon="26.268304847">
        <ele>5.800</ele>
        <time>2026-08-12T08:00:43Z</time>
        <speed>4.437000</speed>
      </trkpt>
      <trkpt lat="59.576226678" lon="26.268428899">
        <ele>5.800</ele>
        <time>2026-08-12T08:00:49Z</time>
        <speed>4.469000</speed>
      </trkpt>
      <trkpt lat="59.576412002" lon="26.268525878">
        <ele>6.000</ele>
        <time>2026-08-12T08:00:53Z</time>
        <speed>4.877000</speed>
      </trkpt>
      <trkpt lat="59.576545106" lon="26.268642806">
        <ele>6.200</ele>
        <time>2026-08-12T08:00:56Z</time>
        <speed>5.107000</speed>
      </trkpt>
      <trkpt lat="59.576732442" lon="26.268817401">
        <ele>5.400</ele>
        <time>2026-08-12T08:01:00Z</time>
        <speed>4.920000</speed>
      </trkpt>
      <trkpt lat="59.576830091" lon="26.269001300">
        <ele>5.200</ele>
        <time>2026-08-12T08:01:03Z</time>
        <speed>4.139000</speed>
      </trkpt>
      <trkpt lat="59.576990940" lon="26.269370439">
        <ele>5.000</ele>
        <time>2026-08-12T08:01:09Z</time>
        <speed>4.390000</speed>
      </trkpt>
      <trkpt lat="59.577053469" lon="26.269793389">
        <ele>4.800</ele>
        <time>2026-08-12T08:01:14Z</time>
        <speed>4.404000</speed>
      </trkpt>
      <trkpt lat="59.577064868" lon="26.269871844">
        <ele>4.800</ele>
        <time>2026-08-12T08:01:15Z</time>
        <speed>4.526000</speed>
      </trkpt>
      <trkpt lat="59.577089427" lon="26.270225476">
        <ele>5.400</ele>
        <time>2026-08-12T08:01:20Z</time>
        <speed>3.492000</speed>
      </trkpt>
      <trkpt lat="59.577061599" lon="26.270695617">
        <ele>4.400</ele>
        <time>2026-08-12T08:01:25Z</time>
        <speed>4.791000</speed>
      </trkpt>
      <trkpt lat="59.577026479" lon="26.270879935">
        <ele>4.600</ele>
        <time>2026-08-12T08:01:27Z</time>
        <speed>4.904000</speed>
      </trkpt>
      <trkpt lat="59.576963531" lon="26.271143965">
        <ele>4.800</ele>
        <time>2026-08-12T08:01:30Z</time>
        <speed>4.828000</speed>
      </trkpt>
      <trkpt lat="59.576813495" lon="26.271855338">
        <ele>3.800</ele>
        <time>2026-08-12T08:01:38Z</time>
        <speed>5.407000</speed>
      </trkpt>
      <trkpt lat="59.576764209" lon="26.272040829">
        <ele>3.800</ele>
        <time>2026-08-12T08:01:40Z</time>
        <speed>5.667000</speed>
      </trkpt>
      <trkpt lat="59.576719366" lon="26.272240737">
        <ele>3.400</ele>
        <time>2026-08-12T08:01:42Z</time>
        <speed>5.930000</speed>
      </trkpt>
      <trkpt lat="59.576698160" lon="26.272338973">
        <ele>2.800</ele>
        <time>2026-08-12T08:01:43Z</time>
        <speed>5.861000</speed>
      </trkpt>
      <trkpt lat="59.576588608" lon="26.272906680">
        <ele>3.600</ele>
        <time>2026-08-12T08:01:49Z</time>
        <speed>5.455000</speed>
      </trkpt>
      <trkpt lat="59.576567570" lon="26.272994271">
        <ele>3.800</ele>
        <time>2026-08-12T08:01:50Z</time>
        <speed>5.334000</speed>
      </trkpt>
      <trkpt lat="59.576483667" lon="26.273328541">
        <ele>3.400</ele>
        <time>2026-08-12T08:01:54Z</time>
        <speed>5.083000</speed>
      </trkpt>
      <trkpt lat="59.576385934" lon="26.273799855">
        <ele>3.800</ele>
        <time>2026-08-12T08:02:00Z</time>
        <speed>4.405000</speed>
      </trkpt>
      <trkpt lat="59.576291637" lon="26.274213837">
        <ele>4.000</ele>
        <time>2026-08-12T08:02:06Z</time>
        <speed>4.258000</speed>
      </trkpt>
      <trkpt lat="59.576254254" lon="26.274356833">
        <ele>4.000</ele>
        <time>2026-08-12T08:02:08Z</time>
        <speed>4.602000</speed>
      </trkpt>
      <trkpt lat="59.576161047" lon="26.274734354">
        <ele>4.000</ele>
        <time>2026-08-12T08:02:13Z</time>
        <speed>4.649000</speed>
      </trkpt>
      <trkpt lat="59.576150989" lon="26.274814736">
        <ele>4.200</ele>
        <time>2026-08-12T08:02:14Z</time>
        <speed>4.678000</speed>
      </trkpt>
      <trkpt lat="59.576097932" lon="26.275047753">
        <ele>3.800</ele>
        <time>2026-08-12T08:02:17Z</time>
        <speed>4.705000</speed>
      </trkpt>
      <trkpt lat="59.576082258" lon="26.275128303">
        <ele>4.000</ele>
        <time>2026-08-12T08:02:18Z</time>
        <speed>4.611000</speed>
      </trkpt>
      <trkpt lat="59.575979831" lon="26.275661476">
        <ele>4.200</ele>
        <time>2026-08-12T08:02:25Z</time>
        <speed>4.340000</speed>
      </trkpt>
      <trkpt lat="59.575906992" lon="26.276007062">
        <ele>4.000</ele>
        <time>2026-08-12T08:02:30Z</time>
        <speed>3.955000</speed>
      </trkpt>
      <trkpt lat="59.575775480" lon="26.276423894">
        <ele>4.400</ele>
        <time>2026-08-12T08:02:37Z</time>
        <speed>3.516000</speed>
      </trkpt>
      <trkpt lat="59.575649416" lon="26.276749698">
        <ele>4.600</ele>
        <time>2026-08-12T08:02:43Z</time>
        <speed>3.743000</speed>
      </trkpt>
      <trkpt lat="59.575492591" lon="26.277057314">
        <ele>5.400</ele>
        <time>2026-08-12T08:02:49Z</time>
        <speed>4.176000</speed>
      </trkpt>
      <trkpt lat="59.575273823" lon="26.277487641">
        <ele>5.400</ele>
        <time>2026-08-12T08:02:57Z</time>
        <speed>3.541000</speed>
      </trkpt>
      <trkpt lat="59.575107694" lon="26.277772458">
        <ele>5.600</ele>
        <time>2026-08-12T08:03:02Z</time>
        <speed>4.374000</speed>
      </trkpt>
      <trkpt lat="59.574884232" lon="26.278128689">
        <ele>5.400</ele>
        <time>2026-08-12T08:03:09Z</time>
        <speed>3.687000</speed>
      </trkpt>
      <trkpt lat="59.574665129" lon="26.278481400">
        <ele>5.200</ele>
        <time>2026-08-12T08:03:16Z</time>
        <speed>4.378000</speed>
      </trkpt>
      <trkpt lat="59.574491791" lon="26.278774012">
        <ele>5.200</ele>
        <time>2026-08-12T08:03:22Z</time>
        <speed>4.119000</speed>
      </trkpt>
      <trkpt lat="59.574280232" lon="26.279141810">
        <ele>5.200</ele>
        <time>2026-08-12T08:03:29Z</time>
        <speed>4.092000</speed>
      </trkpt>
      <trkpt lat="59.574090634" lon="26.279445402">
        <ele>5.400</ele>
        <time>2026-08-12T08:03:35Z</time>
        <speed>4.174000</speed>
      </trkpt>
      <trkpt lat="59.573825346" lon="26.279855780">
        <ele>4.800</ele>
        <time>2026-08-12T08:03:43Z</time>
        <speed>4.371000</speed>
      </trkpt>
      <trkpt lat="59.573527956" lon="26.280335141">
        <ele>5.400</ele>
        <time>2026-08-12T08:03:52Z</time>
        <speed>4.175000</speed>
      </trkpt>
      <trkpt lat="59.573289743" lon="26.280710232">
        <ele>5.800</ele>
        <time>2026-08-12T08:03:59Z</time>
        <speed>4.603000</speed>
      </trkpt>
      <trkpt lat="59.573146664" lon="26.280969903">
        <ele>6.000</ele>
        <time>2026-08-12T08:04:03Z</time>
        <speed>4.711000</speed>
      </trkpt>
      <trkpt lat="59.573034430" lon="26.281143241">
        <ele>5.600</ele>
        <time>2026-08-12T08:04:06Z</time>
        <speed>4.459000</speed>
      </trkpt>
      <trkpt lat="59.572879029" lon="26.281345831">
        <ele>5.800</ele>
        <time>2026-08-12T08:04:10Z</time>
        <speed>4.511000</speed>
      </trkpt>
      <trkpt lat="59.572813399" lon="26.281440463">
        <ele>5.200</ele>
        <time>2026-08-12T08:04:12Z</time>
        <speed>4.327000</speed>
      </trkpt>
      <trkpt lat="59.572781799" lon="26.281485893">
        <ele>5.200</ele>
        <time>2026-08-12T08:04:13Z</time>
        <speed>4.347000</speed>
      </trkpt>
      <trkpt lat="59.572567055" lon="26.281758305">
        <ele>5.400</ele>
        <time>2026-08-12T08:04:19Z</time>
        <speed>4.356000</speed>
      </trkpt>
      <trkpt lat="59.572320459" lon="26.282110848">
        <ele>5.400</ele>
        <time>2026-08-12T08:04:26Z</time>
        <speed>4.294000</speed>
      </trkpt>
      <trkpt lat="59.572182326" lon="26.282349229">
        <ele>5.800</ele>
        <time>2026-08-12T08:04:31Z</time>
        <speed>3.139000</speed>
      </trkpt>
      <trkpt lat="59.572029859" lon="26.282662544">
        <ele>6.000</ele>
        <time>2026-08-12T08:04:37Z</time>
        <speed>3.743000</speed>
      </trkpt>
      <trkpt lat="59.571953584" lon="26.282840744">
        <ele>6.400</ele>
        <time>2026-08-12T08:04:40Z</time>
        <speed>3.623000</speed>
      </trkpt>
      <trkpt lat="59.571893821" lon="26.283049788">
        <ele>6.600</ele>
        <time>2026-08-12T08:04:43Z</time>
        <speed>4.273000</speed>
      </trkpt>
      <trkpt lat="59.571764907" lon="26.283575837">
        <ele>7.000</ele>
        <time>2026-08-12T08:04:50Z</time>
        <speed>4.027000</speed>
      </trkpt>
      <trkpt lat="59.571669688" lon="26.284110602">
        <ele>6.800</ele>
        <time>2026-08-12T08:04:57Z</time>
        <speed>4.525000</speed>
      </trkpt>
      <trkpt lat="59.571552509" lon="26.284745112">
        <ele>6.800</ele>
        <time>2026-08-12T08:05:05Z</time>
        <speed>4.268000</speed>
      </trkpt>
      <trkpt lat="59.571441533" lon="26.285356320">
        <ele>6.400</ele>
        <time>2026-08-12T08:05:13Z</time>
        <speed>4.427000</speed>
      </trkpt>
      <trkpt lat="59.571333239" lon="26.285987645">
        <ele>6.400</ele>
        <time>2026-08-12T08:05:21Z</time>
        <speed>4.350000</speed>
      </trkpt>
      <trkpt lat="59.571212288" lon="26.286729025">
        <ele>6.600</ele>
        <time>2026-08-12T08:05:30Z</time>
        <speed>4.544000</speed>
      </trkpt>
      <trkpt lat="59.571122266" lon="26.287453054">
        <ele>6.000</ele>
        <time>2026-08-12T08:05:38Z</time>
        <speed>4.875000</speed>
      </trkpt>
      <trkpt lat="59.571089996" lon="26.287819091">
        <ele>5.200</ele>
        <time>2026-08-12T08:05:42Z</time>
        <speed>5.034000</speed>
      </trkpt>
      <trkpt lat="59.571072394" lon="26.288006511">
        <ele>5.200</ele>
        <time>2026-08-12T08:05:44Z</time>
        <speed>5.110000</speed>
      </trkpt>
      <trkpt lat="59.571068035" lon="26.288101478">
        <ele>5.400</ele>
        <time>2026-08-12T08:05:45Z</time>
        <speed>5.207000</speed>
      </trkpt>
      <trkpt lat="59.571016487" lon="26.288735736">
        <ele>5.000</ele>
        <time>2026-08-12T08:05:52Z</time>
        <speed>5.077000</speed>
      </trkpt>
      <trkpt lat="59.570980193" lon="26.289094901">
        <ele>4.600</ele>
        <time>2026-08-12T08:05:56Z</time>
        <speed>5.038000</speed>
      </trkpt>
      <trkpt lat="59.570935015" lon="26.289355243">
        <ele>5.000</ele>
        <time>2026-08-12T08:05:59Z</time>
        <speed>5.142000</speed>
      </trkpt>
      <trkpt lat="59.570762850" lon="26.289887242">
        <ele>5.000</ele>
        <time>2026-08-12T08:06:06Z</time>
        <speed>4.988000</speed>
      </trkpt>
      <trkpt lat="59.570592446" lon="26.290298123">
        <ele>4.600</ele>
        <time>2026-08-12T08:06:12Z</time>
        <speed>4.926000</speed>
      </trkpt>
      <trkpt lat="59.570481386" lon="26.290477328">
        <ele>4.200</ele>
        <time>2026-08-12T08:06:15Z</time>
        <speed>5.317000</speed>
      </trkpt>
      <trkpt lat="59.570366638" lon="26.290667849">
        <ele>4.000</ele>
        <time>2026-08-12T08:06:18Z</time>
        <speed>5.509000</speed>
      </trkpt>
      <trkpt lat="59.570254488" lon="26.290881084">
        <ele>4.600</ele>
        <time>2026-08-12T08:06:21Z</time>
        <speed>5.626000</speed>
      </trkpt>
      <trkpt lat="59.570190283" lon="26.291022906">
        <ele>4.600</ele>
        <time>2026-08-12T08:06:23Z</time>
        <speed>5.208000</speed>
      </trkpt>
      <trkpt lat="59.570004959" lon="26.291394727">
        <ele>4.800</ele>
        <time>2026-08-12T08:06:29Z</time>
        <speed>4.439000</speed>
      </trkpt>
      <trkpt lat="59.569786107" lon="26.291888505">
        <ele>5.000</ele>
        <time>2026-08-12T08:06:37Z</time>
        <speed>4.869000</speed>
      </trkpt>
      <trkpt lat="59.569765739" lon="26.291966289">
        <ele>4.800</ele>
        <time>2026-08-12T08:06:38Z</time>
        <speed>4.949000</speed>
      </trkpt>
      <trkpt lat="59.569647470" lon="26.292441962">
        <ele>5.000</ele>
        <time>2026-08-12T08:06:44Z</time>
        <speed>5.091000</speed>
      </trkpt>
      <trkpt lat="59.569550240" lon="26.293042442">
        <ele>5.400</ele>
        <time>2026-08-12T08:06:51Z</time>
        <speed>5.026000</speed>
      </trkpt>
      <trkpt lat="59.569416633" lon="26.293917093">
        <ele>5.000</ele>
        <time>2026-08-12T08:07:01Z</time>
        <speed>4.685000</speed>
      </trkpt>
      <trkpt lat="59.569376484" lon="26.294233846">
        <ele>5.400</ele>
        <time>2026-08-12T08:07:05Z</time>
        <speed>4.482000</speed>
      </trkpt>
      <trkpt lat="59.569356116" lon="26.294394610">
        <ele>5.400</ele>
        <time>2026-08-12T08:07:07Z</time>
        <speed>4.598000</speed>
      </trkpt>
      <trkpt lat="59.569297861" lon="26.294965586">
        <ele>5.400</ele>
        <time>2026-08-12T08:07:14Z</time>
        <speed>4.550000</speed>
      </trkpt>
      <trkpt lat="59.569288809" lon="26.295045214">
        <ele>5.600</ele>
        <time>2026-08-12T08:07:15Z</time>
        <speed>4.541000</speed>
      </trkpt>
      <trkpt lat="59.569274308" lon="26.295123920">
        <ele>5.400</ele>
        <time>2026-08-12T08:07:16Z</time>
        <speed>4.554000</speed>
      </trkpt>
      <trkpt lat="59.569238434" lon="26.295444360">
        <ele>5.000</ele>
        <time>2026-08-12T08:07:20Z</time>
        <speed>4.546000</speed>
      </trkpt>
      <trkpt lat="59.569227453" lon="26.295525162">
        <ele>4.800</ele>
        <time>2026-08-12T08:07:21Z</time>
        <speed>4.637000</speed>
      </trkpt>
      <trkpt lat="59.569202727" lon="26.295691794">
        <ele>4.400</ele>
        <time>2026-08-12T08:07:23Z</time>
        <speed>4.413000</speed>
      </trkpt>
      <trkpt lat="59.569105916" lon="26.296159672">
        <ele>4.800</ele>
        <time>2026-08-12T08:07:29Z</time>
        <speed>4.662000</speed>
      </trkpt>
      <trkpt lat="59.569081776" lon="26.296229996">
        <ele>5.000</ele>
        <time>2026-08-12T08:07:30Z</time>
        <speed>4.558000</speed>
      </trkpt>
      <trkpt lat="59.568883628" lon="26.296785129">
        <ele>4.600</ele>
        <time>2026-08-12T08:07:38Z</time>
        <speed>4.171000</speed>
      </trkpt>
      <trkpt lat="59.568695454" lon="26.297275303">
        <ele>4.600</ele>
        <time>2026-08-12T08:07:46Z</time>
        <speed>4.612000</speed>
      </trkpt>
      <trkpt lat="59.568499066" lon="26.297890367">
        <ele>4.000</ele>
        <time>2026-08-12T08:07:54Z</time>
        <speed>4.273000</speed>
      </trkpt>
      <trkpt lat="59.568380546" lon="26.298177112">
        <ele>4.200</ele>
        <time>2026-08-12T08:07:59Z</time>
        <speed>4.393000</speed>
      </trkpt>
      <trkpt lat="59.568191199" lon="26.298726462">
        <ele>4.200</ele>
        <time>2026-08-12T08:08:07Z</time>
        <speed>4.609000</speed>
      </trkpt>
      <trkpt lat="59.567982238" lon="26.299157795">
        <ele>4.200</ele>
        <time>2026-08-12T08:08:14Z</time>
        <speed>4.723000</speed>
      </trkpt>
      <trkpt lat="59.567944771" lon="26.299200291">
        <ele>4.000</ele>
        <time>2026-08-12T08:08:15Z</time>
        <speed>4.755000</speed>
      </trkpt>
      <trkpt lat="59.567821892" lon="26.299283439">
        <ele>4.000</ele>
        <time>2026-08-12T08:08:18Z</time>
        <speed>4.564000</speed>
      </trkpt>
      <trkpt lat="59.567781910" lon="26.299298024">
        <ele>3.800</ele>
        <time>2026-08-12T08:08:19Z</time>
        <speed>4.433000</speed>
      </trkpt>
      <trkpt lat="59.567575799" lon="26.299371198">
        <ele>3.200</ele>
        <time>2026-08-12T08:08:24Z</time>
        <speed>4.473000</speed>
      </trkpt>
      <trkpt lat="59.567497512" lon="26.299388967">
        <ele>2.800</ele>
        <time>2026-08-12T08:08:26Z</time>
        <speed>4.359000</speed>
      </trkpt>
      <trkpt lat="59.567252677" lon="26.299401959">
        <ele>3.800</ele>
        <time>2026-08-12T08:08:33Z</time>
        <speed>3.953000</speed>
      </trkpt>
      <trkpt lat="59.567091577" lon="26.299487455">
        <ele>4.400</ele>
        <time>2026-08-12T08:08:38Z</time>
        <speed>3.526000</speed>
      </trkpt>
      <trkpt lat="59.567068694" lon="26.299518719">
        <ele>4.600</ele>
        <time>2026-08-12T08:08:39Z</time>
        <speed>3.255000</speed>
      </trkpt>
      <trkpt lat="59.566890579" lon="26.299713347">
        <ele>4.600</ele>
        <time>2026-08-12T08:08:45Z</time>
        <speed>4.062000</speed>
      </trkpt>
      <trkpt lat="59.566681534" lon="26.300040074">
        <ele>3.600</ele>
        <time>2026-08-12T08:08:52Z</time>
        <speed>4.248000</speed>
      </trkpt>
      <trkpt lat="59.566489672" lon="26.300283568">
        <ele>3.200</ele>
        <time>2026-08-12T08:08:58Z</time>
        <speed>4.469000</speed>
      </trkpt>
      <trkpt lat="59.566427898" lon="26.300369734">
        <ele>3.800</ele>
        <time>2026-08-12T08:09:00Z</time>
        <speed>4.281000</speed>
      </trkpt>
      <trkpt lat="59.566304600" lon="26.300659999">
        <ele>4.200</ele>
        <time>2026-08-12T08:09:05Z</time>
        <speed>4.145000</speed>
      </trkpt>
      <trkpt lat="59.566276604" lon="26.301088147">
        <ele>4.200</ele>
        <time>2026-08-12T08:09:11Z</time>
        <speed>4.162000</speed>
      </trkpt>
      <trkpt lat="59.566260511" lon="26.301742522">
        <ele>3.800</ele>
        <time>2026-08-12T08:09:19Z</time>
        <speed>4.390000</speed>
      </trkpt>
      <trkpt lat="59.566243580" lon="26.302492786">
        <ele>3.400</ele>
        <time>2026-08-12T08:09:28Z</time>
        <speed>4.888000</speed>
      </trkpt>
      <trkpt lat="59.566226983" lon="26.303176582">
        <ele>3.400</ele>
        <time>2026-08-12T08:09:36Z</time>
        <speed>4.630000</speed>
      </trkpt>
      <trkpt lat="59.566205610" lon="26.303869849">
        <ele>4.200</ele>
        <time>2026-08-12T08:09:44Z</time>
        <speed>5.055000</speed>
      </trkpt>
      <trkpt lat="59.566184320" lon="26.304480806">
        <ele>3.400</ele>
        <time>2026-08-12T08:09:51Z</time>
        <speed>4.552000</speed>
      </trkpt>
      <trkpt lat="59.566118773" lon="26.305044489">
        <ele>3.600</ele>
        <time>2026-08-12T08:09:58Z</time>
        <speed>4.662000</speed>
      </trkpt>
      <trkpt lat="59.566090442" lon="26.305209696">
        <ele>3.600</ele>
        <time>2026-08-12T08:10:00Z</time>
        <speed>4.900000</speed>
      </trkpt>
      <trkpt lat="59.566003773" lon="26.305622840">
        <ele>3.400</ele>
        <time>2026-08-12T08:10:05Z</time>
        <speed>4.818000</speed>
      </trkpt>
      <trkpt lat="59.565883912" lon="26.306114020">
        <ele>3.400</ele>
        <time>2026-08-12T08:10:12Z</time>
        <speed>4.365000</speed>
      </trkpt>
      <trkpt lat="59.565835716" lon="26.306335721">
        <ele>3.600</ele>
        <time>2026-08-12T08:10:15Z</time>
        <speed>4.565000</speed>
      </trkpt>
      <trkpt lat="59.565765308" lon="26.306570163">
        <ele>3.600</ele>
        <time>2026-08-12T08:10:18Z</time>
        <speed>5.374000</speed>
      </trkpt>
      <trkpt lat="59.565607477" lon="26.307203416">
        <ele>4.000</ele>
        <time>2026-08-12T08:10:26Z</time>
        <speed>4.479000</speed>
      </trkpt>
      <trkpt lat="59.565555928" lon="26.307470044">
        <ele>4.400</ele>
        <time>2026-08-12T08:10:30Z</time>
        <speed>3.772000</speed>
      </trkpt>
      <trkpt lat="59.565539081" lon="26.307520503">
        <ele>4.400</ele>
        <time>2026-08-12T08:10:31Z</time>
        <speed>3.567000</speed>
      </trkpt>
      <trkpt lat="59.565462722" lon="26.307786712">
        <ele>5.000</ele>
        <time>2026-08-12T08:10:37Z</time>
        <speed>2.583000</speed>
      </trkpt>
      <trkpt lat="59.565352499" lon="26.308083683">
        <ele>4.400</ele>
        <time>2026-08-12T08:10:43Z</time>
        <speed>3.771000</speed>
      </trkpt>
      <trkpt lat="59.565154435" lon="26.308453409">
        <ele>4.200</ele>
        <time>2026-08-12T08:10:50Z</time>
        <speed>3.999000</speed>
      </trkpt>
      <trkpt lat="59.564920161" lon="26.308708806">
        <ele>4.200</ele>
        <time>2026-08-12T08:10:57Z</time>
        <speed>4.151000</speed>
      </trkpt>
      <trkpt lat="59.564658646" lon="26.308946935">
        <ele>4.000</ele>
        <time>2026-08-12T08:11:04Z</time>
        <speed>4.317000</speed>
      </trkpt>
      <trkpt lat="59.564434011" lon="26.309104180">
        <ele>4.200</ele>
        <time>2026-08-12T08:11:10Z</time>
        <speed>4.339000</speed>
      </trkpt>
      <trkpt lat="59.564393526" lon="26.309137791">
        <ele>4.200</ele>
        <time>2026-08-12T08:11:11Z</time>
        <speed>4.498000</speed>
      </trkpt>
      <trkpt lat="59.564238545" lon="26.309257736">
        <ele>3.800</ele>
        <time>2026-08-12T08:11:15Z</time>
        <speed>4.832000</speed>
      </trkpt>
      <trkpt lat="59.563984238" lon="26.309458902">
        <ele>4.400</ele>
        <time>2026-08-12T08:11:22Z</time>
        <speed>3.839000</speed>
      </trkpt>
      <trkpt lat="59.563818444" lon="26.309578428">
        <ele>5.400</ele>
        <time>2026-08-12T08:11:28Z</time>
        <speed>3.179000</speed>
      </trkpt>
      <trkpt lat="59.563602610" lon="26.309764674">
        <ele>5.800</ele>
        <time>2026-08-12T08:11:36Z</time>
        <speed>3.419000</speed>
      </trkpt>
      <trkpt lat="59.563352661" lon="26.310002049">
        <ele>4.800</ele>
        <time>2026-08-12T08:11:44Z</time>
        <speed>4.046000</speed>
      </trkpt>
      <trkpt lat="59.563252414" lon="26.310104644">
        <ele>4.400</ele>
        <time>2026-08-12T08:11:47Z</time>
        <speed>4.020000</speed>
      </trkpt>
      <trkpt lat="59.563154429" lon="26.310204891">
        <ele>4.000</ele>
        <time>2026-08-12T08:11:50Z</time>
        <speed>4.078000</speed>
      </trkpt>
      <trkpt lat="59.562925100" lon="26.310434891">
        <ele>3.600</ele>
        <time>2026-08-12T08:11:57Z</time>
        <speed>3.826000</speed>
      </trkpt>
      <trkpt lat="59.562787469" lon="26.310563972">
        <ele>4.000</ele>
        <time>2026-08-12T08:12:02Z</time>
        <speed>2.189000</speed>
      </trkpt>
      <trkpt lat="59.562662244" lon="26.310733538">
        <ele>4.000</ele>
        <time>2026-08-12T08:12:06Z</time>
        <speed>3.862000</speed>
      </trkpt>
      <trkpt lat="59.562510196" lon="26.311027827">
        <ele>4.400</ele>
        <time>2026-08-12T08:12:12Z</time>
        <speed>3.448000</speed>
      </trkpt>
      <trkpt lat="59.562354041" lon="26.311316080">
        <ele>5.000</ele>
        <time>2026-08-12T08:12:19Z</time>
        <speed>2.979000</speed>
      </trkpt>
      <trkpt lat="59.562168634" lon="26.311696870">
        <ele>4.800</ele>
        <time>2026-08-12T08:12:27Z</time>
        <speed>3.463000</speed>
      </trkpt>
      <trkpt lat="59.562047850" lon="26.311958553">
        <ele>4.000</ele>
        <time>2026-08-12T08:12:32Z</time>
        <speed>4.098000</speed>
      </trkpt>
      <trkpt lat="59.561835621" lon="26.312386449">
        <ele>3.800</ele>
        <time>2026-08-12T08:12:39Z</time>
        <speed>3.785000</speed>
      </trkpt>
      <trkpt lat="59.561627079" lon="26.312697669">
        <ele>4.000</ele>
        <time>2026-08-12T08:12:45Z</time>
        <speed>3.844000</speed>
      </trkpt>
      <trkpt lat="59.561427841" lon="26.312921634">
        <ele>3.800</ele>
        <time>2026-08-12T08:12:50Z</time>
        <speed>4.131000</speed>
      </trkpt>
      <trkpt lat="59.561258443" lon="26.313106287">
        <ele>3.600</ele>
        <time>2026-08-12T08:12:54Z</time>
        <speed>4.660000</speed>
      </trkpt>
      <trkpt lat="59.561129361" lon="26.313220533">
        <ele>3.400</ele>
        <time>2026-08-12T08:12:57Z</time>
        <speed>4.609000</speed>
      </trkpt>
      <trkpt lat="59.561049230" lon="26.313273422">
        <ele>3.200</ele>
        <time>2026-08-12T08:12:59Z</time>
        <speed>4.476000</speed>
      </trkpt>
      <trkpt lat="59.560924508" lon="26.313374843">
        <ele>3.200</ele>
        <time>2026-08-12T08:13:02Z</time>
        <speed>4.574000</speed>
      </trkpt>
      <trkpt lat="59.560670620" lon="26.313512223">
        <ele>3.600</ele>
        <time>2026-08-12T08:13:08Z</time>
        <speed>4.086000</speed>
      </trkpt>
      <trkpt lat="59.560438609" lon="26.313658403">
        <ele>3.400</ele>
        <time>2026-08-12T08:13:14Z</time>
        <speed>4.096000</speed>
      </trkpt>
      <trkpt lat="59.560195198" lon="26.313824952">
        <ele>3.800</ele>
        <time>2026-08-12T08:13:20Z</time>
        <speed>4.243000</speed>
      </trkpt>
      <trkpt lat="59.559986070" lon="26.314181183">
        <ele>4.000</ele>
        <time>2026-08-12T08:13:27Z</time>
        <speed>4.020000</speed>
      </trkpt>
      <trkpt lat="59.559829161" lon="26.314535402">
        <ele>3.400</ele>
        <time>2026-08-12T08:13:33Z</time>
        <speed>4.316000</speed>
      </trkpt>
      <trkpt lat="59.559697816" lon="26.314921221">
        <ele>3.600</ele>
        <time>2026-08-12T08:13:39Z</time>
        <speed>4.566000</speed>
      </trkpt>
      <trkpt lat="59.559578793" lon="26.315427655">
        <ele>4.000</ele>
        <time>2026-08-12T08:13:45Z</time>
        <speed>4.816000</speed>
      </trkpt>
      <trkpt lat="59.559476869" lon="26.315807272">
        <ele>3.800</ele>
        <time>2026-08-12T08:13:50Z</time>
        <speed>5.028000</speed>
      </trkpt>
      <trkpt lat="59.559398917" lon="26.316081025">
        <ele>3.800</ele>
        <time>2026-08-12T08:13:54Z</time>
        <speed>4.432000</speed>
      </trkpt>
      <trkpt lat="59.559236895" lon="26.316634482">
        <ele>3.600</ele>
        <time>2026-08-12T08:14:01Z</time>
        <speed>5.153000</speed>
      </trkpt>
      <trkpt lat="59.559113933" lon="26.317158015">
        <ele>3.400</ele>
        <time>2026-08-12T08:14:07Z</time>
        <speed>4.801000</speed>
      </trkpt>
      <trkpt lat="59.559047045" lon="26.317420788">
        <ele>3.000</ele>
        <time>2026-08-12T08:14:10Z</time>
        <speed>4.604000</speed>
      </trkpt>
      <trkpt lat="59.558949647" lon="26.317702923">
        <ele>2.400</ele>
        <time>2026-08-12T08:14:14Z</time>
        <speed>4.830000</speed>
      </trkpt>
      <trkpt lat="59.558922322" lon="26.317782132">
        <ele>2.400</ele>
        <time>2026-08-12T08:14:15Z</time>
        <speed>4.755000</speed>
      </trkpt>
      <trkpt lat="59.558872869" lon="26.317932503">
        <ele>2.400</ele>
        <time>2026-08-12T08:14:17Z</time>
        <speed>4.810000</speed>
      </trkpt>
      <trkpt lat="59.558769017" lon="26.318182787">
        <ele>2.400</ele>
        <time>2026-08-12T08:14:21Z</time>
        <speed>4.670000</speed>
      </trkpt>
      <trkpt lat="59.558714367" lon="26.318305330">
        <ele>2.400</ele>
        <time>2026-08-12T08:14:23Z</time>
        <speed>4.622000</speed>
      </trkpt>
      <trkpt lat="59.558582772" lon="26.318629291">
        <ele>2.000</ele>
        <time>2026-08-12T08:14:28Z</time>
        <speed>4.618000</speed>
      </trkpt>
      <trkpt lat="59.558395939" lon="26.319254665">
        <ele>2.000</ele>
        <time>2026-08-12T08:14:36Z</time>
        <speed>4.328000</speed>
      </trkpt>
      <trkpt lat="59.558289740" lon="26.319497153">
        <ele>3.200</ele>
        <time>2026-08-12T08:14:41Z</time>
        <speed>3.189000</speed>
      </trkpt>
      <trkpt lat="59.558152361" lon="26.319861766">
        <ele>2.800</ele>
        <time>2026-08-12T08:14:48Z</time>
        <speed>3.845000</speed>
      </trkpt>
      <trkpt lat="59.558016239" lon="26.320132753">
        <ele>2.200</ele>
        <time>2026-08-12T08:14:53Z</time>
        <speed>4.481000</speed>
      </trkpt>
      <trkpt lat="59.557986651" lon="26.320197042">
        <ele>2.000</ele>
        <time>2026-08-12T08:14:54Z</time>
        <speed>4.658000</speed>
      </trkpt>
      <trkpt lat="59.557844661" lon="26.320420001">
        <ele>1.400</ele>
        <time>2026-08-12T08:14:58Z</time>
        <speed>4.673000</speed>
      </trkpt>
      <trkpt lat="59.557692194" lon="26.320581101">
        <ele>1.600</ele>
        <time>2026-08-12T08:15:02Z</time>
        <speed>4.681000</speed>
      </trkpt>
      <trkpt lat="59.557604184" lon="26.320644552">
        <ele>1.600</ele>
        <time>2026-08-12T08:15:04Z</time>
        <speed>4.856000</speed>
      </trkpt>
      <trkpt lat="59.557346944" lon="26.320863739">
        <ele>2.600</ele>
        <time>2026-08-12T08:15:11Z</time>
        <speed>3.527000</speed>
      </trkpt>
      <trkpt lat="59.557166984" lon="26.320928866">
        <ele>3.400</ele>
        <time>2026-08-12T08:15:16Z</time>
        <speed>4.145000</speed>
      </trkpt>
      <trkpt lat="59.557130691" lon="26.320952503">
        <ele>3.400</ele>
        <time>2026-08-12T08:15:17Z</time>
        <speed>4.105000</speed>
      </trkpt>
      <trkpt lat="59.556828355" lon="26.321126763">
        <ele>3.400</ele>
        <time>2026-08-12T08:15:25Z</time>
        <speed>3.288000</speed>
      </trkpt>
      <trkpt lat="59.556640936" lon="26.321295407">
        <ele>4.000</ele>
        <time>2026-08-12T08:15:31Z</time>
        <speed>3.918000</speed>
      </trkpt>
      <trkpt lat="59.556409176" lon="26.321528424">
        <ele>4.000</ele>
        <time>2026-08-12T08:15:39Z</time>
        <speed>3.258000</speed>
      </trkpt>
      <trkpt lat="59.556334578" lon="26.321627162">
        <ele>4.600</ele>
        <time>2026-08-12T08:15:42Z</time>
        <speed>3.515000</speed>
      </trkpt>
      <trkpt lat="59.556250926" lon="26.321733948">
        <ele>4.600</ele>
        <time>2026-08-12T08:15:45Z</time>
        <speed>3.524000</speed>
      </trkpt>
      <trkpt lat="59.556060908" lon="26.322000995">
        <ele>4.800</ele>
        <time>2026-08-12T08:15:52Z</time>
        <speed>3.622000</speed>
      </trkpt>
      <trkpt lat="59.555931492" lon="26.322186487">
        <ele>3.800</ele>
        <time>2026-08-12T08:15:57Z</time>
        <speed>3.961000</speed>
      </trkpt>
      <trkpt lat="59.555875165" lon="26.322282208">
        <ele>3.600</ele>
        <time>2026-08-12T08:15:59Z</time>
        <speed>4.301000</speed>
      </trkpt>
      <trkpt lat="59.555731835" lon="26.322543556">
        <ele>2.600</ele>
        <time>2026-08-12T08:16:04Z</time>
        <speed>4.232000</speed>
      </trkpt>
      <trkpt lat="59.555529747" lon="26.322848322">
        <ele>3.600</ele>
        <time>2026-08-12T08:16:11Z</time>
        <speed>4.173000</speed>
      </trkpt>
      <trkpt lat="59.555251049" lon="26.323251659">
        <ele>3.800</ele>
        <time>2026-08-12T08:16:20Z</time>
        <speed>3.965000</speed>
      </trkpt>
      <trkpt lat="59.555034628" lon="26.323563298">
        <ele>4.200</ele>
        <time>2026-08-12T08:16:27Z</time>
        <speed>4.100000</speed>
      </trkpt>
      <trkpt lat="59.554853328" lon="26.323851887">
        <ele>4.600</ele>
        <time>2026-08-12T08:16:33Z</time>
        <speed>4.235000</speed>
      </trkpt>
      <trkpt lat="59.554823069" lon="26.323906789">
        <ele>4.800</ele>
        <time>2026-08-12T08:16:34Z</time>
        <speed>4.327000</speed>
      </trkpt>
      <trkpt lat="59.554599607" lon="26.324394448">
        <ele>4.600</ele>
        <time>2026-08-12T08:16:42Z</time>
        <speed>4.400000</speed>
      </trkpt>
      <trkpt lat="59.554446889" lon="26.324806418">
        <ele>4.600</ele>
        <time>2026-08-12T08:16:49Z</time>
        <speed>3.857000</speed>
      </trkpt>
      <trkpt lat="59.554358209" lon="26.325214701">
        <ele>5.000</ele>
        <time>2026-08-12T08:16:55Z</time>
        <speed>4.357000</speed>
      </trkpt>
      <trkpt lat="59.554225020" lon="26.325830938">
        <ele>5.200</ele>
        <time>2026-08-12T08:17:03Z</time>
        <speed>4.599000</speed>
      </trkpt>
      <trkpt lat="59.554209765" lon="26.325925151">
        <ele>5.200</ele>
        <time>2026-08-12T08:17:04Z</time>
        <speed>4.798000</speed>
      </trkpt>
      <trkpt lat="59.554120330" lon="26.326428987">
        <ele>5.600</ele>
        <time>2026-08-12T08:17:10Z</time>
        <speed>4.683000</speed>
      </trkpt>
      <trkpt lat="59.554010862" lon="26.327141868">
        <ele>5.200</ele>
        <time>2026-08-12T08:17:18Z</time>
        <speed>5.284000</speed>
      </trkpt>
      <trkpt lat="59.553966857" lon="26.327440264">
        <ele>4.600</ele>
        <time>2026-08-12T08:17:21Z</time>
        <speed>5.551000</speed>
      </trkpt>
      <trkpt lat="59.553933749" lon="26.327712424">
        <ele>4.200</ele>
        <time>2026-08-12T08:17:24Z</time>
        <speed>4.982000</speed>
      </trkpt>
      <trkpt lat="59.553869627" lon="26.328248614">
        <ele>4.800</ele>
        <time>2026-08-12T08:17:31Z</time>
        <speed>4.179000</speed>
      </trkpt>
      <trkpt lat="59.553784635" lon="26.328769801">
        <ele>5.000</ele>
        <time>2026-08-12T08:17:38Z</time>
        <speed>4.468000</speed>
      </trkpt>
      <trkpt lat="59.553691763" lon="26.329370951">
        <ele>5.000</ele>
        <time>2026-08-12T08:17:46Z</time>
        <speed>4.304000</speed>
      </trkpt>
      <trkpt lat="59.553568382" lon="26.330056675">
        <ele>4.600</ele>
        <time>2026-08-12T08:17:55Z</time>
        <speed>4.521000</speed>
      </trkpt>
      <trkpt lat="59.553535022" lon="26.330208723">
        <ele>4.400</ele>
        <time>2026-08-12T08:17:57Z</time>
        <speed>4.720000</speed>
      </trkpt>
      <trkpt lat="59.553431254" lon="26.330763269">
        <ele>4.800</ele>
        <time>2026-08-12T08:18:04Z</time>
        <speed>4.747000</speed>
      </trkpt>
      <trkpt lat="59.553314829" lon="26.331279092">
        <ele>4.800</ele>
        <time>2026-08-12T08:18:11Z</time>
        <speed>4.089000</speed>
      </trkpt>
      <trkpt lat="59.553212151" lon="26.331689553">
        <ele>4.400</ele>
        <time>2026-08-12T08:18:17Z</time>
        <speed>4.444000</speed>
      </trkpt>
      <trkpt lat="59.553057505" lon="26.332207555">
        <ele>4.400</ele>
        <time>2026-08-12T08:18:25Z</time>
        <speed>3.894000</speed>
      </trkpt>
      <trkpt lat="59.552937895" lon="26.332660429">
        <ele>5.000</ele>
        <time>2026-08-12T08:18:32Z</time>
        <speed>3.776000</speed>
      </trkpt>
      <trkpt lat="59.552823314" lon="26.333204163">
        <ele>5.200</ele>
        <time>2026-08-12T08:18:39Z</time>
        <speed>4.097000</speed>
      </trkpt>
      <trkpt lat="59.552724324" lon="26.333716633">
        <ele>5.200</ele>
        <time>2026-08-12T08:18:46Z</time>
        <speed>4.347000</speed>
      </trkpt>
      <trkpt lat="59.552676715" lon="26.334271934">
        <ele>5.000</ele>
        <time>2026-08-12T08:18:53Z</time>
        <speed>4.349000</speed>
      </trkpt>
      <trkpt lat="59.552667495" lon="26.334815249">
        <ele>4.800</ele>
        <time>2026-08-12T08:19:00Z</time>
        <speed>4.315000</speed>
      </trkpt>
      <trkpt lat="59.552653665" lon="26.335415142">
        <ele>5.000</ele>
        <time>2026-08-12T08:19:07Z</time>
        <speed>4.705000</speed>
      </trkpt>
      <trkpt lat="59.552626424" lon="26.335992487">
        <ele>5.400</ele>
        <time>2026-08-12T08:19:14Z</time>
        <speed>4.738000</speed>
      </trkpt>
      <trkpt lat="59.552619802" lon="26.336080916">
        <ele>5.600</ele>
        <time>2026-08-12T08:19:15Z</time>
        <speed>4.599000</speed>
      </trkpt>
      <trkpt lat="59.552607145" lon="26.336252494">
        <ele>5.600</ele>
        <time>2026-08-12T08:19:17Z</time>
        <speed>4.421000</speed>
      </trkpt>
      <trkpt lat="59.552606139" lon="26.336333631">
        <ele>5.800</ele>
        <time>2026-08-12T08:19:18Z</time>
        <speed>4.493000</speed>
      </trkpt>
      <trkpt lat="59.552604463" lon="26.336498754">
        <ele>5.800</ele>
        <time>2026-08-12T08:19:20Z</time>
        <speed>4.462000</speed>
      </trkpt>
      <trkpt lat="59.552577138" lon="26.336987419">
        <ele>5.400</ele>
        <time>2026-08-12T08:19:26Z</time>
        <speed>4.594000</speed>
      </trkpt>
      <trkpt lat="59.552578228" lon="26.337622181">
        <ele>4.800</ele>
        <time>2026-08-12T08:19:33Z</time>
        <speed>5.009000</speed>
      </trkpt>
      <trkpt lat="59.552551070" lon="26.338435058">
        <ele>5.800</ele>
        <time>2026-08-12T08:19:42Z</time>
        <speed>4.834000</speed>
      </trkpt>
      <trkpt lat="59.552558865" lon="26.339201415">
        <ele>5.200</ele>
        <time>2026-08-12T08:19:51Z</time>
        <speed>4.480000</speed>
      </trkpt>
      <trkpt lat="59.552587867" lon="26.339690164">
        <ele>5.200</ele>
        <time>2026-08-12T08:19:57Z</time>
        <speed>4.496000</speed>
      </trkpt>
      <trkpt lat="59.552603792" lon="26.339848330">
        <ele>5.400</ele>
        <time>2026-08-12T08:19:59Z</time>
        <speed>4.544000</speed>
      </trkpt>
      <trkpt lat="59.552659113" lon="26.340466160">
        <ele>5.200</ele>
        <time>2026-08-12T08:20:07Z</time>
        <speed>4.422000</speed>
      </trkpt>
      <trkpt lat="59.552714517" lon="26.341104694">
        <ele>5.200</ele>
        <time>2026-08-12T08:20:15Z</time>
        <speed>4.646000</speed>
      </trkpt>
      <trkpt lat="59.552780399" lon="26.341826627">
        <ele>5.200</ele>
        <time>2026-08-12T08:20:24Z</time>
        <speed>4.496000</speed>
      </trkpt>
      <trkpt lat="59.552792553" lon="26.342061823">
        <ele>5.000</ele>
        <time>2026-08-12T08:20:27Z</time>
        <speed>4.591000</speed>
      </trkpt>
      <trkpt lat="59.552805210" lon="26.342223762">
        <ele>5.200</ele>
        <time>2026-08-12T08:20:29Z</time>
        <speed>4.566000</speed>
      </trkpt>
      <trkpt lat="59.552852819" lon="26.342777470">
        <ele>5.600</ele>
        <time>2026-08-12T08:20:36Z</time>
        <speed>4.403000</speed>
      </trkpt>
      <trkpt lat="59.552919790" lon="26.343335286">
        <ele>6.000</ele>
        <time>2026-08-12T08:20:43Z</time>
        <speed>4.283000</speed>
      </trkpt>
      <trkpt lat="59.552982152" lon="26.343798134">
        <ele>5.800</ele>
        <time>2026-08-12T08:20:49Z</time>
        <speed>4.278000</speed>
      </trkpt>
      <trkpt lat="59.553064713" lon="26.344301049">
        <ele>6.000</ele>
        <time>2026-08-12T08:20:56Z</time>
        <speed>4.228000</speed>
      </trkpt>
      <trkpt lat="59.553148951" lon="26.344920136">
        <ele>5.800</ele>
        <time>2026-08-12T08:21:04Z</time>
        <speed>4.704000</speed>
      </trkpt>
      <trkpt lat="59.553171163" lon="26.345561435">
        <ele>6.000</ele>
        <time>2026-08-12T08:21:12Z</time>
        <speed>4.169000</speed>
      </trkpt>
      <trkpt lat="59.553134032" lon="26.346093686">
        <ele>6.000</ele>
        <time>2026-08-12T08:21:19Z</time>
        <speed>3.786000</speed>
      </trkpt>
      <trkpt lat="59.553096481" lon="26.346353609">
        <ele>6.800</ele>
        <time>2026-08-12T08:21:23Z</time>
        <speed>3.487000</speed>
      </trkpt>
      <trkpt lat="59.553074185" lon="26.346480008">
        <ele>6.800</ele>
        <time>2026-08-12T08:21:25Z</time>
        <speed>3.563000</speed>
      </trkpt>
      <trkpt lat="59.552976871" lon="26.346934056">
        <ele>7.400</ele>
        <time>2026-08-12T08:21:32Z</time>
        <speed>3.903000</speed>
      </trkpt>
      <trkpt lat="59.552912749" lon="26.347247455">
        <ele>7.400</ele>
        <time>2026-08-12T08:21:37Z</time>
        <speed>3.560000</speed>
      </trkpt>
      <trkpt lat="59.552807640" lon="26.347730169">
        <ele>7.200</ele>
        <time>2026-08-12T08:21:45Z</time>
        <speed>3.050000</speed>
      </trkpt>
      <trkpt lat="59.552695658" lon="26.348190587">
        <ele>7.600</ele>
        <time>2026-08-12T08:21:53Z</time>
        <speed>3.149000</speed>
      </trkpt>
      <trkpt lat="59.552600021" lon="26.348547153">
        <ele>7.600</ele>
        <time>2026-08-12T08:22:00Z</time>
        <speed>2.891000</speed>
      </trkpt>
      <trkpt lat="59.552585436" lon="26.348595349">
        <ele>7.800</ele>
        <time>2026-08-12T08:22:01Z</time>
        <speed>2.803000</speed>
      </trkpt>
      <trkpt lat="59.552517626" lon="26.348966165">
        <ele>8.200</ele>
        <time>2026-08-12T08:22:07Z</time>
        <speed>3.133000</speed>
      </trkpt>
      <trkpt lat="59.552456187" lon="26.349265063">
        <ele>8.800</ele>
        <time>2026-08-12T08:22:12Z</time>
        <speed>2.930000</speed>
      </trkpt>
      <trkpt lat="59.552429281" lon="26.349426918">
        <ele>8.800</ele>
        <time>2026-08-12T08:22:15Z</time>
        <speed>2.729000</speed>
      </trkpt>
      <trkpt lat="59.552344372" lon="26.349986745">
        <ele>9.200</ele>
        <time>2026-08-12T08:22:24Z</time>
        <speed>3.038000</speed>
      </trkpt>
      <trkpt lat="59.552324424" lon="26.350391004">
        <ele>9.400</ele>
        <time>2026-08-12T08:22:30Z</time>
        <speed>3.469000</speed>
      </trkpt>
      <trkpt lat="59.552322580" lon="26.351001123">
        <ele>9.600</ele>
        <time>2026-08-12T08:22:39Z</time>
        <speed>3.237000</speed>
      </trkpt>
      <trkpt lat="59.552327441" lon="26.351466319">
        <ele>9.600</ele>
        <time>2026-08-12T08:22:46Z</time>
        <speed>3.765000</speed>
      </trkpt>
      <trkpt lat="59.552332135" lon="26.351668406">
        <ele>9.800</ele>
        <time>2026-08-12T08:22:49Z</time>
        <speed>3.495000</speed>
      </trkpt>
      <trkpt lat="59.552335069" lon="26.352039557">
        <ele>9.600</ele>
        <time>2026-08-12T08:22:55Z</time>
        <speed>3.634000</speed>
      </trkpt>
      <trkpt lat="59.552335571" lon="26.352689574">
        <ele>10.000</ele>
        <time>2026-08-12T08:23:05Z</time>
        <speed>3.419000</speed>
      </trkpt>
      <trkpt lat="59.552326603" lon="26.353160134">
        <ele>10.400</ele>
        <time>2026-08-12T08:23:12Z</time>
        <speed>3.795000</speed>
      </trkpt>
      <trkpt lat="59.552322999" lon="26.353513934">
        <ele>11.000</ele>
        <time>2026-08-12T08:23:17Z</time>
        <speed>4.033000</speed>
      </trkpt>
      <trkpt lat="59.552325513" lon="26.353662545">
        <ele>11.000</ele>
        <time>2026-08-12T08:23:19Z</time>
        <speed>4.017000</speed>
      </trkpt>
      <trkpt lat="59.552318892" lon="26.354111983">
        <ele>10.600</ele>
        <time>2026-08-12T08:23:25Z</time>
        <speed>4.245000</speed>
      </trkpt>
      <trkpt lat="59.552314533" lon="26.354531329">
        <ele>11.000</ele>
        <time>2026-08-12T08:23:31Z</time>
        <speed>4.005000</speed>
      </trkpt>
      <trkpt lat="59.552290728" lon="26.355040530">
        <ele>11.000</ele>
        <time>2026-08-12T08:23:38Z</time>
        <speed>3.994000</speed>
      </trkpt>
      <trkpt lat="59.552304223" lon="26.355540846">
        <ele>11.000</ele>
        <time>2026-08-12T08:23:45Z</time>
        <speed>4.112000</speed>
      </trkpt>
      <trkpt lat="59.552298272" lon="26.356169488">
        <ele>10.400</ele>
        <time>2026-08-12T08:23:53Z</time>
        <speed>4.204000</speed>
      </trkpt>
      <trkpt lat="59.552289806" lon="26.356632169">
        <ele>9.800</ele>
        <time>2026-08-12T08:23:59Z</time>
        <speed>4.319000</speed>
      </trkpt>
      <trkpt lat="59.552287543" lon="26.356785307">
        <ele>10.000</ele>
        <time>2026-08-12T08:24:01Z</time>
        <speed>4.374000</speed>
      </trkpt>
      <trkpt lat="59.552272540" lon="26.357222842">
        <ele>10.800</ele>
        <time>2026-08-12T08:24:07Z</time>
        <speed>3.749000</speed>
      </trkpt>
      <trkpt lat="59.552271366" lon="26.357290903">
        <ele>11.000</ele>
        <time>2026-08-12T08:24:08Z</time>
        <speed>3.823000</speed>
      </trkpt>
      <trkpt lat="59.552245131" lon="26.357732210">
        <ele>10.800</ele>
        <time>2026-08-12T08:24:14Z</time>
        <speed>4.304000</speed>
      </trkpt>
      <trkpt lat="59.552240605" lon="26.358268820">
        <ele>10.200</ele>
        <time>2026-08-12T08:24:21Z</time>
        <speed>4.367000</speed>
      </trkpt>
      <trkpt lat="59.552235994" lon="26.358348280">
        <ele>10.000</ele>
        <time>2026-08-12T08:24:22Z</time>
        <speed>4.626000</speed>
      </trkpt>
      <trkpt lat="59.552228954" lon="26.358508375">
        <ele>9.800</ele>
        <time>2026-08-12T08:24:24Z</time>
        <speed>4.417000</speed>
      </trkpt>
      <trkpt lat="59.552225014" lon="26.358663356">
        <ele>9.600</ele>
        <time>2026-08-12T08:24:26Z</time>
        <speed>4.114000</speed>
      </trkpt>
      <trkpt lat="59.552223673" lon="26.359331394">
        <ele>10.200</ele>
        <time>2026-08-12T08:24:35Z</time>
        <speed>4.386000</speed>
      </trkpt>
      <trkpt lat="59.552229373" lon="26.360078389">
        <ele>10.000</ele>
        <time>2026-08-12T08:24:44Z</time>
        <speed>4.857000</speed>
      </trkpt>
      <trkpt lat="59.552227193" lon="26.360651292">
        <ele>10.200</ele>
        <time>2026-08-12T08:24:51Z</time>
        <speed>4.583000</speed>
      </trkpt>
      <trkpt lat="59.552212106" lon="26.361494595">
        <ele>9.600</ele>
        <time>2026-08-12T08:25:01Z</time>
        <speed>4.806000</speed>
      </trkpt>
      <trkpt lat="59.552174890" lon="26.362162968">
        <ele>9.800</ele>
        <time>2026-08-12T08:25:09Z</time>
        <speed>4.726000</speed>
      </trkpt>
      <trkpt lat="59.552159887" lon="26.362421717">
        <ele>9.400</ele>
        <time>2026-08-12T08:25:12Z</time>
        <speed>5.087000</speed>
      </trkpt>
      <trkpt lat="59.552139686" lon="26.362713827">
        <ele>8.800</ele>
        <time>2026-08-12T08:25:15Z</time>
        <speed>5.690000</speed>
      </trkpt>
      <trkpt lat="59.552130802" lon="26.362813655">
        <ele>8.600</ele>
        <time>2026-08-12T08:25:16Z</time>
        <speed>5.547000</speed>
      </trkpt>
      <trkpt lat="59.552057460" lon="26.363485213">
        <ele>7.800</ele>
        <time>2026-08-12T08:25:23Z</time>
        <speed>5.381000</speed>
      </trkpt>
      <trkpt lat="59.552048910" lon="26.363578755">
        <ele>7.600</ele>
        <time>2026-08-12T08:25:24Z</time>
        <speed>5.310000</speed>
      </trkpt>
      <trkpt lat="59.551992249" lon="26.364103379">
        <ele>7.600</ele>
        <time>2026-08-12T08:25:30Z</time>
        <speed>4.913000</speed>
      </trkpt>
      <trkpt lat="59.551984034" lon="26.364189377">
        <ele>7.600</ele>
        <time>2026-08-12T08:25:31Z</time>
        <speed>4.913000</speed>
      </trkpt>
      <trkpt lat="59.551938688" lon="26.364528593">
        <ele>7.400</ele>
        <time>2026-08-12T08:25:35Z</time>
        <speed>4.670000</speed>
      </trkpt>
      <trkpt lat="59.551822515" lon="26.365133682">
        <ele>7.600</ele>
        <time>2026-08-12T08:25:42Z</time>
        <speed>5.289000</speed>
      </trkpt>
      <trkpt lat="59.551714137" lon="26.365674650">
        <ele>7.000</ele>
        <time>2026-08-12T08:25:48Z</time>
        <speed>5.070000</speed>
      </trkpt>
      <trkpt lat="59.551583882" lon="26.366249146">
        <ele>7.200</ele>
        <time>2026-08-12T08:25:55Z</time>
        <speed>5.271000</speed>
      </trkpt>
      <trkpt lat="59.551555468" lon="26.366422987">
        <ele>6.800</ele>
        <time>2026-08-12T08:25:57Z</time>
        <speed>5.110000</speed>
      </trkpt>
      <trkpt lat="59.551544655" lon="26.366511751">
        <ele>6.400</ele>
        <time>2026-08-12T08:25:58Z</time>
        <speed>5.088000</speed>
      </trkpt>
      <trkpt lat="59.551509870" lon="26.366766645">
        <ele>7.000</ele>
        <time>2026-08-12T08:26:01Z</time>
        <speed>5.095000</speed>
      </trkpt>
      <trkpt lat="59.551464440" lon="26.367300572">
        <ele>6.400</ele>
        <time>2026-08-12T08:26:07Z</time>
        <speed>4.969000</speed>
      </trkpt>
      <trkpt lat="59.551429404" lon="26.368034910">
        <ele>6.600</ele>
        <time>2026-08-12T08:26:15Z</time>
        <speed>5.321000</speed>
      </trkpt>
      <trkpt lat="59.551389674" lon="26.368900845">
        <ele>6.400</ele>
        <time>2026-08-12T08:26:24Z</time>
        <speed>5.193000</speed>
      </trkpt>
      <trkpt lat="59.551337957" lon="26.369415494">
        <ele>6.200</ele>
        <time>2026-08-12T08:26:30Z</time>
        <speed>4.816000</speed>
      </trkpt>
      <trkpt lat="59.551272159" lon="26.369752949">
        <ele>6.000</ele>
        <time>2026-08-12T08:26:34Z</time>
        <speed>5.500000</speed>
      </trkpt>
      <trkpt lat="59.551245756" lon="26.369847665">
        <ele>6.000</ele>
        <time>2026-08-12T08:26:35Z</time>
        <speed>5.881000</speed>
      </trkpt>
      <trkpt lat="59.551160261" lon="26.370130638">
        <ele>5.000</ele>
        <time>2026-08-12T08:26:38Z</time>
        <speed>6.317000</speed>
      </trkpt>
      <trkpt lat="59.551037215" lon="26.370486617">
        <ele>4.800</ele>
        <time>2026-08-12T08:26:42Z</time>
        <speed>4.305000</speed>
      </trkpt>
      <trkpt lat="59.550965885" lon="26.370650567">
        <ele>4.800</ele>
        <time>2026-08-12T08:26:46Z</time>
        <speed>1.437000</speed>
      </trkpt>
    </trkseg>
    <trkseg>
      <trkpt lat="59.550964795" lon="26.370644951">
        <ele>5.000</ele>
        <time>2026-08-12T08:31:52Z</time>
        <speed>1.538000</speed>
      </trkpt>
      <trkpt lat="59.550875193" lon="26.370853325">
        <ele>4.600</ele>
        <time>2026-08-12T08:31:58Z</time>
        <speed>2.510000</speed>
      </trkpt>
      <trkpt lat="59.550746949" lon="26.371166138">
        <ele>5.000</ele>
        <time>2026-08-12T08:32:06Z</time>
        <speed>2.767000</speed>
      </trkpt>
      <trkpt lat="59.550593644" lon="26.371622030">
        <ele>4.400</ele>
        <time>2026-08-12T08:32:15Z</time>
        <speed>3.537000</speed>
      </trkpt>
      <trkpt lat="59.550429611" lon="26.372192418">
        <ele>4.600</ele>
        <time>2026-08-12T08:32:24Z</time>
        <speed>4.259000</speed>
      </trkpt>
      <trkpt lat="59.550320730" lon="26.372591732">
        <ele>4.400</ele>
        <time>2026-08-12T08:32:30Z</time>
        <speed>4.240000</speed>
      </trkpt>
      <trkpt lat="59.550181506" lon="26.373030441">
        <ele>4.400</ele>
        <time>2026-08-12T08:32:37Z</time>
        <speed>3.678000</speed>
      </trkpt>
      <trkpt lat="59.550105063" lon="26.373382229">
        <ele>4.800</ele>
        <time>2026-08-12T08:32:42Z</time>
        <speed>4.207000</speed>
      </trkpt>
      <trkpt lat="59.550010012" lon="26.373868044">
        <ele>4.800</ele>
        <time>2026-08-12T08:32:48Z</time>
        <speed>4.003000</speed>
      </trkpt>
      <trkpt lat="59.549898533" lon="26.374482773">
        <ele>3.800</ele>
        <time>2026-08-12T08:32:55Z</time>
        <speed>4.978000</speed>
      </trkpt>
      <trkpt lat="59.549881853" lon="26.374571370">
        <ele>3.400</ele>
        <time>2026-08-12T08:32:56Z</time>
        <speed>4.598000</speed>
      </trkpt>
      <trkpt lat="59.549761238" lon="26.375323981">
        <ele>4.200</ele>
        <time>2026-08-12T08:33:05Z</time>
        <speed>3.988000</speed>
      </trkpt>
      <trkpt lat="59.549723854" lon="26.375748189">
        <ele>4.200</ele>
        <time>2026-08-12T08:33:11Z</time>
        <speed>4.014000</speed>
      </trkpt>
      <trkpt lat="59.549661577" lon="26.376333749">
        <ele>3.600</ele>
        <time>2026-08-12T08:33:19Z</time>
        <speed>4.210000</speed>
      </trkpt>
      <trkpt lat="59.549593097" lon="26.376911011">
        <ele>3.000</ele>
        <time>2026-08-12T08:33:27Z</time>
        <speed>3.952000</speed>
      </trkpt>
      <trkpt lat="59.549577842" lon="26.377059454">
        <ele>2.800</ele>
        <time>2026-08-12T08:33:29Z</time>
        <speed>4.012000</speed>
      </trkpt>
      <trkpt lat="59.549532495" lon="26.377395652">
        <ele>3.200</ele>
        <time>2026-08-12T08:33:34Z</time>
        <speed>3.826000</speed>
      </trkpt>
      <trkpt lat="59.549462004" lon="26.377893370">
        <ele>3.200</ele>
        <time>2026-08-12T08:33:41Z</time>
        <speed>4.187000</speed>
      </trkpt>
      <trkpt lat="59.549417496" lon="26.378359906">
        <ele>3.400</ele>
        <time>2026-08-12T08:33:47Z</time>
        <speed>4.532000</speed>
      </trkpt>
      <trkpt lat="59.549389668" lon="26.378791910">
        <ele>3.400</ele>
        <time>2026-08-12T08:33:53Z</time>
        <speed>3.975000</speed>
      </trkpt>
      <trkpt lat="59.549369719" lon="26.379140597">
        <ele>3.200</ele>
        <time>2026-08-12T08:33:58Z</time>
        <speed>3.970000</speed>
      </trkpt>
      <trkpt lat="59.549365779" lon="26.379712159">
        <ele>2.000</ele>
        <time>2026-08-12T08:34:05Z</time>
        <speed>4.918000</speed>
      </trkpt>
      <trkpt lat="59.549368126" lon="26.380220605">
        <ele>2.200</ele>
        <time>2026-08-12T08:34:11Z</time>
        <speed>4.767000</speed>
      </trkpt>
      <trkpt lat="59.549385812" lon="26.380798705">
        <ele>1.800</ele>
        <time>2026-08-12T08:34:18Z</time>
        <speed>4.425000</speed>
      </trkpt>
      <trkpt lat="59.549387908" lon="26.381029878">
        <ele>1.400</ele>
        <time>2026-08-12T08:34:21Z</time>
        <speed>3.955000</speed>
      </trkpt>
      <trkpt lat="59.549384555" lon="26.381373117">
        <ele>1.600</ele>
        <time>2026-08-12T08:34:26Z</time>
        <speed>3.726000</speed>
      </trkpt>
      <trkpt lat="59.549391763" lon="26.381986253">
        <ele>1.200</ele>
        <time>2026-08-12T08:34:34Z</time>
        <speed>4.214000</speed>
      </trkpt>
      <trkpt lat="59.549392434" lon="26.382522443">
        <ele>1.000</ele>
        <time>2026-08-12T08:34:41Z</time>
        <speed>3.715000</speed>
      </trkpt>
      <trkpt lat="59.549389584" lon="26.382927960">
        <ele>1.600</ele>
        <time>2026-08-12T08:34:48Z</time>
        <speed>1.202000</speed>
      </trkpt>
      <trkpt lat="59.549408443" lon="26.382977748">
        <ele>1.200</ele>
        <time>2026-08-12T08:34:51Z</time>
        <speed>1.134000</speed>
      </trkpt>
      <trkpt lat="59.549427722" lon="26.383009600">
        <ele>0.800</ele>
        <time>2026-08-12T08:34:53Z</time>
        <speed>0.963000</speed>
      </trkpt>
    </trkseg>
    <trkseg>
      <trkpt lat="59.549369216" lon="26.383226188">
        <ele>0.800</ele>
        <time>2026-08-12T08:41:09Z</time>
        <speed>1.951000</speed>
      </trkpt>
      <trkpt lat="59.549364354" lon="26.383275222">
        <ele>0.800</ele>
        <time>2026-08-12T08:41:10Z</time>
        <speed>2.445000</speed>
      </trkpt>
      <trkpt lat="59.549361337" lon="26.383325681">
        <ele>0.600</ele>
        <time>2026-08-12T08:41:11Z</time>
        <speed>2.611000</speed>
      </trkpt>
      <trkpt lat="59.549349602" lon="26.383692306">
        <ele>0.800</ele>
        <time>2026-08-12T08:41:17Z</time>
        <speed>3.415000</speed>
      </trkpt>
      <trkpt lat="59.549292270" lon="26.384266382">
        <ele>0.000</ele>
        <time>2026-08-12T08:41:26Z</time>
        <speed>3.397000</speed>
      </trkpt>
      <trkpt lat="59.549226891" lon="26.384693943">
        <ele>0.200</ele>
        <time>2026-08-12T08:41:33Z</time>
        <speed>3.497000</speed>
      </trkpt>
      <trkpt lat="59.549129326" lon="26.385107338">
        <ele>0.200</ele>
        <time>2026-08-12T08:41:40Z</time>
        <speed>3.056000</speed>
      </trkpt>
      <trkpt lat="59.549073754" lon="26.385264164">
        <ele>0.200</ele>
        <time>2026-08-12T08:41:44Z</time>
        <speed>2.916000</speed>
      </trkpt>
      <trkpt lat="59.549000328" lon="26.385571864">
        <ele>-0.800</ele>
        <time>2026-08-12T08:41:49Z</time>
        <speed>3.732000</speed>
      </trkpt>
      <trkpt lat="59.548889520" lon="26.385894567">
        <ele>-0.800</ele>
        <time>2026-08-12T08:41:55Z</time>
        <speed>3.451000</speed>
      </trkpt>
      <trkpt lat="59.548807796" lon="26.386172846">
        <ele>-0.400</ele>
        <time>2026-08-12T08:42:00Z</time>
        <speed>3.149000</speed>
      </trkpt>
      <trkpt lat="59.548666477" lon="26.386587834">
        <ele>0.000</ele>
        <time>2026-08-12T08:42:07Z</time>
        <speed>3.279000</speed>
      </trkpt>
      <trkpt lat="59.548577629" lon="26.386923110">
        <ele>-0.200</ele>
        <time>2026-08-12T08:42:13Z</time>
        <speed>3.483000</speed>
      </trkpt>
      <trkpt lat="59.548453074" lon="26.387367016">
        <ele>-0.200</ele>
        <time>2026-08-12T08:42:20Z</time>
        <speed>3.568000</speed>
      </trkpt>
      <trkpt lat="59.548315527" lon="26.387809832">
        <ele>0.000</ele>
        <time>2026-08-12T08:42:27Z</time>
        <speed>3.762000</speed>
      </trkpt>
      <trkpt lat="59.548211005" lon="26.388170086">
        <ele>0.200</ele>
        <time>2026-08-12T08:42:33Z</time>
        <speed>3.392000</speed>
      </trkpt>
      <trkpt lat="59.548193989" lon="26.388231693">
        <ele>0.400</ele>
        <time>2026-08-12T08:42:34Z</time>
        <speed>3.442000</speed>
      </trkpt>
      <trkpt lat="59.548068177" lon="26.388611896">
        <ele>0.800</ele>
        <time>2026-08-12T08:42:41Z</time>
        <speed>3.451000</speed>
      </trkpt>
      <trkpt lat="59.548024843" lon="26.388782384">
        <ele>1.200</ele>
        <time>2026-08-12T08:42:44Z</time>
        <speed>3.552000</speed>
      </trkpt>
      <trkpt lat="59.547963738" lon="26.389000397">
        <ele>1.400</ele>
        <time>2026-08-12T08:42:48Z</time>
        <speed>3.520000</speed>
      </trkpt>
      <trkpt lat="59.547883356" lon="26.389295273">
        <ele>1.600</ele>
        <time>2026-08-12T08:42:53Z</time>
        <speed>3.821000</speed>
      </trkpt>
      <trkpt lat="59.547780845" lon="26.389775891">
        <ele>1.400</ele>
        <time>2026-08-12T08:43:00Z</time>
        <speed>4.123000</speed>
      </trkpt>
      <trkpt lat="59.547716472" lon="26.390292132">
        <ele>1.200</ele>
        <time>2026-08-12T08:43:07Z</time>
        <speed>4.207000</speed>
      </trkpt>
      <trkpt lat="59.547661487" lon="26.390834861">
        <ele>1.000</ele>
        <time>2026-08-12T08:43:14Z</time>
        <speed>4.194000</speed>
      </trkpt>
      <trkpt lat="59.547602981" lon="26.391287651">
        <ele>1.000</ele>
        <time>2026-08-12T08:43:20Z</time>
        <speed>4.254000</speed>
      </trkpt>
      <trkpt lat="59.547510864" lon="26.391755026">
        <ele>1.200</ele>
        <time>2026-08-12T08:43:26Z</time>
        <speed>4.496000</speed>
      </trkpt>
      <trkpt lat="59.547415059" lon="26.392209157">
        <ele>1.400</ele>
        <time>2026-08-12T08:43:32Z</time>
        <speed>4.593000</speed>
      </trkpt>
      <trkpt lat="59.547288995" lon="26.392791951">
        <ele>1.600</ele>
        <time>2026-08-12T08:43:40Z</time>
        <speed>4.390000</speed>
      </trkpt>
      <trkpt lat="59.547141641" lon="26.393358652">
        <ele>1.200</ele>
        <time>2026-08-12T08:43:48Z</time>
        <speed>4.355000</speed>
      </trkpt>
      <trkpt lat="59.547025803" lon="26.393754110">
        <ele>1.800</ele>
        <time>2026-08-12T08:43:54Z</time>
        <speed>4.283000</speed>
      </trkpt>
      <trkpt lat="59.546896890" lon="26.394196423">
        <ele>2.000</ele>
        <time>2026-08-12T08:44:01Z</time>
        <speed>3.807000</speed>
      </trkpt>
      <trkpt lat="59.546811059" lon="26.394491885">
        <ele>2.400</ele>
        <time>2026-08-12T08:44:06Z</time>
        <speed>3.734000</speed>
      </trkpt>
      <trkpt lat="59.546777196" lon="26.394618535">
        <ele>2.400</ele>
        <time>2026-08-12T08:44:08Z</time>
        <speed>3.796000</speed>
      </trkpt>
      <trkpt lat="59.546668064" lon="26.394969989">
        <ele>2.600</ele>
        <time>2026-08-12T08:44:14Z</time>
        <speed>3.594000</speed>
      </trkpt>
      <trkpt lat="59.546541497" lon="26.395394113">
        <ele>2.800</ele>
        <time>2026-08-12T08:44:21Z</time>
        <speed>3.867000</speed>
      </trkpt>
      <trkpt lat="59.546404956" lon="26.395886969">
        <ele>3.000</ele>
        <time>2026-08-12T08:44:29Z</time>
        <speed>3.802000</speed>
      </trkpt>
      <trkpt lat="59.546368495" lon="26.396006495">
        <ele>3.600</ele>
        <time>2026-08-12T08:44:31Z</time>
        <speed>3.931000</speed>
      </trkpt>
      <trkpt lat="59.546315772" lon="26.396188717">
        <ele>4.200</ele>
        <time>2026-08-12T08:44:34Z</time>
        <speed>3.651000</speed>
      </trkpt>
      <trkpt lat="59.546191134" lon="26.396665815">
        <ele>4.200</ele>
        <time>2026-08-12T08:44:42Z</time>
        <speed>3.352000</speed>
      </trkpt>
      <trkpt lat="59.546055095" lon="26.397122210">
        <ele>4.200</ele>
        <time>2026-08-12T08:44:50Z</time>
        <speed>3.740000</speed>
      </trkpt>
      <trkpt lat="59.546001870" lon="26.397288591">
        <ele>4.600</ele>
        <time>2026-08-12T08:44:53Z</time>
        <speed>3.777000</speed>
      </trkpt>
      <trkpt lat="59.545953171" lon="26.397469975">
        <ele>5.200</ele>
        <time>2026-08-12T08:44:56Z</time>
        <speed>3.697000</speed>
      </trkpt>
      <trkpt lat="59.545870023" lon="26.397841042">
        <ele>4.400</ele>
        <time>2026-08-12T08:45:02Z</time>
        <speed>4.082000</speed>
      </trkpt>
      <trkpt lat="59.545788383" lon="26.398203056">
        <ele>3.600</ele>
        <time>2026-08-12T08:45:07Z</time>
        <speed>4.367000</speed>
      </trkpt>
      <trkpt lat="59.545757622" lon="26.398351667">
        <ele>4.200</ele>
        <time>2026-08-12T08:45:09Z</time>
        <speed>4.303000</speed>
      </trkpt>
      <trkpt lat="59.545652596" lon="26.398838069">
        <ele>4.000</ele>
        <time>2026-08-12T08:45:15Z</time>
        <speed>4.443000</speed>
      </trkpt>
      <trkpt lat="59.545555115" lon="26.399263032">
        <ele>4.400</ele>
        <time>2026-08-12T08:45:21Z</time>
        <speed>3.894000</speed>
      </trkpt>
      <trkpt lat="59.545492083" lon="26.399528906">
        <ele>4.600</ele>
        <time>2026-08-12T08:45:25Z</time>
        <speed>3.804000</speed>
      </trkpt>
      <trkpt lat="59.545437265" lon="26.399713643">
        <ele>4.800</ele>
        <time>2026-08-12T08:45:28Z</time>
        <speed>3.819000</speed>
      </trkpt>
      <trkpt lat="59.545328468" lon="26.400036849">
        <ele>5.000</ele>
        <time>2026-08-12T08:45:34Z</time>
        <speed>3.395000</speed>
      </trkpt>
      <trkpt lat="59.545244481" lon="26.400260311">
        <ele>4.800</ele>
        <time>2026-08-12T08:45:39Z</time>
        <speed>2.910000</speed>
      </trkpt>
      <trkpt lat="59.545112299" lon="26.400568429">
        <ele>5.200</ele>
        <time>2026-08-12T08:45:45Z</time>
        <speed>2.406000</speed>
      </trkpt>
      <trkpt lat="59.545011884" lon="26.400783677">
        <ele>5.600</ele>
        <time>2026-08-12T08:45:50Z</time>
        <speed>2.357000</speed>
      </trkpt>
      <trkpt lat="59.544992186" lon="26.400820976">
        <ele>5.800</ele>
        <time>2026-08-12T08:45:51Z</time>
        <speed>2.140000</speed>
      </trkpt>
      <trkpt lat="59.544836283" lon="26.401101016">
        <ele>6.200</ele>
        <time>2026-08-12T08:45:58Z</time>
        <speed>2.442000</speed>
      </trkpt>
      <trkpt lat="59.544712147" lon="26.401348952">
        <ele>6.400</ele>
        <time>2026-08-12T08:46:04Z</time>
        <speed>2.299000</speed>
      </trkpt>
      <trkpt lat="59.544570157" lon="26.401670482">
        <ele>6.600</ele>
        <time>2026-08-12T08:46:09Z</time>
        <speed>3.330000</speed>
      </trkpt>
      <trkpt lat="59.544383744" lon="26.402100306">
        <ele>6.000</ele>
        <time>2026-08-12T08:46:16Z</time>
        <speed>3.814000</speed>
      </trkpt>
      <trkpt lat="59.544219123" lon="26.402573967">
        <ele>6.000</ele>
        <time>2026-08-12T08:46:23Z</time>
        <speed>4.046000</speed>
      </trkpt>
      <trkpt lat="59.544018880" lon="26.403147206">
        <ele>5.400</ele>
        <time>2026-08-12T08:46:32Z</time>
        <speed>4.025000</speed>
      </trkpt>
      <trkpt lat="59.543934725" lon="26.403577030">
        <ele>5.000</ele>
        <time>2026-08-12T08:46:38Z</time>
        <speed>4.068000</speed>
      </trkpt>
      <trkpt lat="59.543916704" lon="26.403654395">
        <ele>5.000</ele>
        <time>2026-08-12T08:46:39Z</time>
        <speed>4.513000</speed>
      </trkpt>
      <trkpt lat="59.543894995" lon="26.403814908">
        <ele>5.000</ele>
        <time>2026-08-12T08:46:41Z</time>
        <speed>4.682000</speed>
      </trkpt>
      <trkpt lat="59.543890972" lon="26.403995622">
        <ele>4.800</ele>
        <time>2026-08-12T08:46:43Z</time>
        <speed>4.852000</speed>
      </trkpt>
      <trkpt lat="59.543880578" lon="26.404094193">
        <ele>4.600</ele>
        <time>2026-08-12T08:46:44Z</time>
        <speed>5.331000</speed>
      </trkpt>
      <trkpt lat="59.543854846" lon="26.404395103">
        <ele>3.000</ele>
        <time>2026-08-12T08:46:47Z</time>
        <speed>5.566000</speed>
      </trkpt>
      <trkpt lat="59.543845374" lon="26.404492417">
        <ele>2.200</ele>
        <time>2026-08-12T08:46:48Z</time>
        <speed>5.551000</speed>
      </trkpt>
      <trkpt lat="59.543840261" lon="26.404600628">
        <ele>1.600</ele>
        <time>2026-08-12T08:46:49Z</time>
        <speed>5.999000</speed>
      </trkpt>
      <trkpt lat="59.543832634" lon="26.404985357">
        <ele>2.200</ele>
        <time>2026-08-12T08:46:53Z</time>
        <speed>4.920000</speed>
      </trkpt>
      <trkpt lat="59.543821486" lon="26.405365309">
        <ele>2.600</ele>
        <time>2026-08-12T08:46:58Z</time>
        <speed>3.943000</speed>
      </trkpt>
      <trkpt lat="59.543808494" lon="26.405487768">
        <ele>2.800</ele>
        <time>2026-08-12T08:47:00Z</time>
        <speed>3.552000</speed>
      </trkpt>
      <trkpt lat="59.543781588" lon="26.405731346">
        <ele>3.600</ele>
        <time>2026-08-12T08:47:04Z</time>
        <speed>3.489000</speed>
      </trkpt>
      <trkpt lat="59.543775804" lon="26.405795552">
        <ele>4.000</ele>
        <time>2026-08-12T08:47:05Z</time>
        <speed>3.580000</speed>
      </trkpt>
      <trkpt lat="59.543754347" lon="26.406059079">
        <ele>5.000</ele>
        <time>2026-08-12T08:47:10Z</time>
        <speed>2.644000</speed>
      </trkpt>
      <trkpt lat="59.543753089" lon="26.406093696">
        <ele>5.200</ele>
        <time>2026-08-12T08:47:11Z</time>
        <speed>2.028000</speed>
      </trkpt>
      <trkpt lat="59.543715874" lon="26.406345991">
        <ele>6.000</ele>
        <time>2026-08-12T08:47:17Z</time>
        <speed>1.888000</speed>
      </trkpt>
      <trkpt lat="59.543682178" lon="26.406588899">
        <ele>6.800</ele>
        <time>2026-08-12T08:47:24Z</time>
        <speed>1.915000</speed>
      </trkpt>
      <trkpt lat="59.543643454" lon="26.406777240">
        <ele>7.200</ele>
        <time>2026-08-12T08:47:30Z</time>
        <speed>1.648000</speed>
      </trkpt>
      <trkpt lat="59.543631719" lon="26.406804146">
        <ele>7.200</ele>
        <time>2026-08-12T08:47:31Z</time>
        <speed>1.751000</speed>
      </trkpt>
      <trkpt lat="59.543591319" lon="26.406918811">
        <ele>7.800</ele>
        <time>2026-08-12T08:47:37Z</time>
        <speed>0.000000</speed>
      </trkpt>
    </trkseg>
    <trkseg>
      <trkpt lat="59.543563575" lon="26.407041103">
        <ele>7.600</ele>
        <time>2026-08-12T08:48:29Z</time>
        <speed>1.432000</speed>
      </trkpt>
      <trkpt lat="59.543544967" lon="26.407106565">
        <ele>7.600</ele>
        <time>2026-08-12T08:48:31Z</time>
        <speed>1.634000</speed>
      </trkpt>
      <trkpt lat="59.543474307" lon="26.407317370">
        <ele>8.000</ele>
        <time>2026-08-12T08:48:37Z</time>
        <speed>1.821000</speed>
      </trkpt>
      <trkpt lat="59.543462321" lon="26.407354167">
        <ele>8.200</ele>
        <time>2026-08-12T08:48:38Z</time>
        <speed>2.082000</speed>
      </trkpt>
      <trkpt lat="59.543377245" lon="26.407542173">
        <ele>8.200</ele>
        <time>2026-08-12T08:48:44Z</time>
        <speed>2.171000</speed>
      </trkpt>
      <trkpt lat="59.543344304" lon="26.407611826">
        <ele>8.400</ele>
        <time>2026-08-12T08:48:46Z</time>
        <speed>2.048000</speed>
      </trkpt>
      <trkpt lat="59.543286385" lon="26.407744680">
        <ele>8.200</ele>
        <time>2026-08-12T08:48:49Z</time>
        <speed>2.391000</speed>
      </trkpt>
      <trkpt lat="59.543117993" lon="26.408028994">
        <ele>9.000</ele>
        <time>2026-08-12T08:48:57Z</time>
        <speed>2.040000</speed>
      </trkpt>
      <trkpt lat="59.543078598" lon="26.408099402">
        <ele>9.200</ele>
        <time>2026-08-12T08:48:59Z</time>
        <speed>2.199000</speed>
      </trkpt>
      <trkpt lat="59.542943230" lon="26.408281540">
        <ele>9.400</ele>
        <time>2026-08-12T08:49:05Z</time>
        <speed>2.762000</speed>
      </trkpt>
      <trkpt lat="59.542743070" lon="26.408536267">
        <ele>9.800</ele>
        <time>2026-08-12T08:49:13Z</time>
        <speed>2.531000</speed>
      </trkpt>
      <trkpt lat="59.542540060" lon="26.408691751">
        <ele>9.800</ele>
        <time>2026-08-12T08:49:21Z</time>
        <speed>2.492000</speed>
      </trkpt>
      <trkpt lat="59.542487171" lon="26.408733409">
        <ele>10.200</ele>
        <time>2026-08-12T08:49:23Z</time>
        <speed>2.531000</speed>
      </trkpt>
      <trkpt lat="59.542350713" lon="26.408785628">
        <ele>10.600</ele>
        <time>2026-08-12T08:49:28Z</time>
        <speed>2.587000</speed>
      </trkpt>
      <trkpt lat="59.542181483" lon="26.408864334">
        <ele>10.800</ele>
        <time>2026-08-12T08:49:34Z</time>
        <speed>2.626000</speed>
      </trkpt>
      <trkpt lat="59.541969588" lon="26.408891156">
        <ele>11.200</ele>
        <time>2026-08-12T08:49:41Z</time>
        <speed>2.763000</speed>
      </trkpt>
      <trkpt lat="59.541943688" lon="26.408902388">
        <ele>11.400</ele>
        <time>2026-08-12T08:49:42Z</time>
        <speed>2.750000</speed>
      </trkpt>
      <trkpt lat="59.541744282" lon="26.408914207">
        <ele>11.800</ele>
        <time>2026-08-12T08:49:49Z</time>
        <speed>2.599000</speed>
      </trkpt>
      <trkpt lat="59.541526269" lon="26.408878751">
        <ele>12.000</ele>
        <time>2026-08-12T08:49:56Z</time>
        <speed>2.938000</speed>
      </trkpt>
      <trkpt lat="59.541271878" lon="26.408860311">
        <ele>11.800</ele>
        <time>2026-08-12T08:50:04Z</time>
        <speed>3.561000</speed>
      </trkpt>
      <trkpt lat="59.541039700" lon="26.408857377">
        <ele>11.600</ele>
        <time>2026-08-12T08:50:11Z</time>
        <speed>3.070000</speed>
      </trkpt>
      <trkpt lat="59.540782375" lon="26.408854863">
        <ele>11.600</ele>
        <time>2026-08-12T08:50:18Z</time>
        <speed>3.421000</speed>
      </trkpt>
      <trkpt lat="59.540597890" lon="26.408872381">
        <ele>11.600</ele>
        <time>2026-08-12T08:50:24Z</time>
        <speed>3.424000</speed>
      </trkpt>
      <trkpt lat="59.540401921" lon="26.408919906">
        <ele>11.600</ele>
        <time>2026-08-12T08:50:30Z</time>
        <speed>3.656000</speed>
      </trkpt>
      <trkpt lat="59.540131018" lon="26.409063572">
        <ele>11.400</ele>
        <time>2026-08-12T08:50:38Z</time>
        <speed>3.601000</speed>
      </trkpt>
      <trkpt lat="59.539867826" lon="26.409264989">
        <ele>12.200</ele>
        <time>2026-08-12T08:50:46Z</time>
        <speed>3.524000</speed>
      </trkpt>
      <trkpt lat="59.539836729" lon="26.409292817">
        <ele>12.400</ele>
        <time>2026-08-12T08:50:47Z</time>
        <speed>3.523000</speed>
      </trkpt>
      <trkpt lat="59.539613267" lon="26.409556512">
        <ele>12.000</ele>
        <time>2026-08-12T08:50:55Z</time>
        <speed>3.370000</speed>
      </trkpt>
      <trkpt lat="59.539450658" lon="26.409739740">
        <ele>12.800</ele>
        <time>2026-08-12T08:51:01Z</time>
        <speed>3.776000</speed>
      </trkpt>
      <trkpt lat="59.539266508" lon="26.409975942">
        <ele>12.600</ele>
        <time>2026-08-12T08:51:08Z</time>
        <speed>2.971000</speed>
      </trkpt>
      <trkpt lat="59.539098451" lon="26.410238883">
        <ele>12.800</ele>
        <time>2026-08-12T08:51:15Z</time>
        <speed>2.871000</speed>
      </trkpt>
      <trkpt lat="59.538960988" lon="26.410485730">
        <ele>12.200</ele>
        <time>2026-08-12T08:51:20Z</time>
        <speed>3.707000</speed>
      </trkpt>
      <trkpt lat="59.538852274" lon="26.410699552">
        <ele>11.200</ele>
        <time>2026-08-12T08:51:24Z</time>
        <speed>3.756000</speed>
      </trkpt>
      <trkpt lat="59.538804833" lon="26.410790496">
        <ele>11.400</ele>
        <time>2026-08-12T08:51:26Z</time>
        <speed>3.456000</speed>
      </trkpt>
      <trkpt lat="59.538658820" lon="26.411070535">
        <ele>11.000</ele>
        <time>2026-08-12T08:51:31Z</time>
        <speed>4.134000</speed>
      </trkpt>
      <trkpt lat="59.538540384" lon="26.411389885">
        <ele>10.400</ele>
        <time>2026-08-12T08:51:36Z</time>
        <speed>4.515000</speed>
      </trkpt>
      <trkpt lat="59.538504845" lon="26.411443697">
        <ele>10.000</ele>
        <time>2026-08-12T08:51:37Z</time>
        <speed>4.630000</speed>
      </trkpt>
      <trkpt lat="59.538411135" lon="26.411639415">
        <ele>9.800</ele>
        <time>2026-08-12T08:51:40Z</time>
        <speed>4.808000</speed>
      </trkpt>
      <trkpt lat="59.538314827" lon="26.411824822">
        <ele>9.800</ele>
        <time>2026-08-12T08:51:43Z</time>
        <speed>4.919000</speed>
      </trkpt>
      <trkpt lat="59.538198989" lon="26.412098994">
        <ele>10.000</ele>
        <time>2026-08-12T08:51:47Z</time>
        <speed>4.973000</speed>
      </trkpt>
      <trkpt lat="59.538102848" lon="26.412278619">
        <ele>10.000</ele>
        <time>2026-08-12T08:51:50Z</time>
        <speed>4.996000</speed>
      </trkpt>
      <trkpt lat="59.538019532" lon="26.412466709">
        <ele>10.200</ele>
        <time>2026-08-12T08:51:53Z</time>
        <speed>4.559000</speed>
      </trkpt>
      <trkpt lat="59.537931858" lon="26.412654379">
        <ele>10.200</ele>
        <time>2026-08-12T08:51:56Z</time>
        <speed>4.372000</speed>
      </trkpt>
      <trkpt lat="59.537707809" lon="26.413119491">
        <ele>10.400</ele>
        <time>2026-08-12T08:52:04Z</time>
        <speed>3.972000</speed>
      </trkpt>
      <trkpt lat="59.537534639" lon="26.413487876">
        <ele>11.000</ele>
        <time>2026-08-12T08:52:11Z</time>
        <speed>3.634000</speed>
      </trkpt>
      <trkpt lat="59.537404133" lon="26.413756767">
        <ele>11.800</ele>
        <time>2026-08-12T08:52:17Z</time>
        <speed>3.022000</speed>
      </trkpt>
      <trkpt lat="59.537338000" lon="26.413906636">
        <ele>12.000</ele>
        <time>2026-08-12T08:52:20Z</time>
        <speed>3.333000</speed>
      </trkpt>
      <trkpt lat="59.537235238" lon="26.414131522">
        <ele>12.200</ele>
        <time>2026-08-12T08:52:25Z</time>
        <speed>3.267000</speed>
      </trkpt>
      <trkpt lat="59.537104648" lon="26.414438970">
        <ele>12.600</ele>
        <time>2026-08-12T08:52:32Z</time>
        <speed>3.137000</speed>
      </trkpt>
      <trkpt lat="59.536948828" lon="26.414870387">
        <ele>12.400</ele>
        <time>2026-08-12T08:52:40Z</time>
        <speed>3.565000</speed>
      </trkpt>
      <trkpt lat="59.536827793" lon="26.415293422">
        <ele>12.000</ele>
        <time>2026-08-12T08:52:47Z</time>
        <speed>3.873000</speed>
      </trkpt>
      <trkpt lat="59.536697371" lon="26.415764652">
        <ele>12.400</ele>
        <time>2026-08-12T08:52:55Z</time>
        <speed>3.735000</speed>
      </trkpt>
      <trkpt lat="59.536615144" lon="26.416226830">
        <ele>12.200</ele>
        <time>2026-08-12T08:53:02Z</time>
        <speed>3.788000</speed>
      </trkpt>
      <trkpt lat="59.536517998" lon="26.416738881">
        <ele>11.800</ele>
        <time>2026-08-12T08:53:10Z</time>
        <speed>3.842000</speed>
      </trkpt>
      <trkpt lat="59.536408614" lon="26.417321507">
        <ele>11.600</ele>
        <time>2026-08-12T08:53:19Z</time>
        <speed>3.717000</speed>
      </trkpt>
      <trkpt lat="59.536315827" lon="26.417833054">
        <ele>11.600</ele>
        <time>2026-08-12T08:53:27Z</time>
        <speed>4.012000</speed>
      </trkpt>
      <trkpt lat="59.536255058" lon="26.418192303">
        <ele>11.600</ele>
        <time>2026-08-12T08:53:33Z</time>
        <speed>3.789000</speed>
      </trkpt>
      <trkpt lat="59.536221446" lon="26.418587593">
        <ele>11.800</ele>
        <time>2026-08-12T08:53:39Z</time>
        <speed>3.384000</speed>
      </trkpt>
      <trkpt lat="59.536199318" lon="26.419035187">
        <ele>11.800</ele>
        <time>2026-08-12T08:53:45Z</time>
        <speed>3.858000</speed>
      </trkpt>
      <trkpt lat="59.536141818" lon="26.419562241">
        <ele>11.800</ele>
        <time>2026-08-12T08:53:52Z</time>
        <speed>4.189000</speed>
      </trkpt>
      <trkpt lat="59.536081217" lon="26.420071945">
        <ele>12.000</ele>
        <time>2026-08-12T08:53:59Z</time>
        <speed>3.696000</speed>
      </trkpt>
      <trkpt lat="59.536004523" lon="26.420498583">
        <ele>12.000</ele>
        <time>2026-08-12T08:54:05Z</time>
        <speed>3.652000</speed>
      </trkpt>
      <trkpt lat="59.535902431" lon="26.421180703">
        <ele>12.400</ele>
        <time>2026-08-12T08:54:14Z</time>
        <speed>3.443000</speed>
      </trkpt>
      <trkpt lat="59.535826575" lon="26.421566186">
        <ele>12.400</ele>
        <time>2026-08-12T08:54:20Z</time>
        <speed>3.236000</speed>
      </trkpt>
      <trkpt lat="59.535760023" lon="26.421932727">
        <ele>12.600</ele>
        <time>2026-08-12T08:54:26Z</time>
        <speed>3.205000</speed>
      </trkpt>
      <trkpt lat="59.535676707" lon="26.422487525">
        <ele>12.600</ele>
        <time>2026-08-12T08:54:34Z</time>
        <speed>3.602000</speed>
      </trkpt>
      <trkpt lat="59.535599677" lon="26.423071157">
        <ele>12.800</ele>
        <time>2026-08-12T08:54:42Z</time>
        <speed>3.558000</speed>
      </trkpt>
      <trkpt lat="59.535535555" lon="26.423506262">
        <ele>12.800</ele>
        <time>2026-08-12T08:54:48Z</time>
        <speed>3.847000</speed>
      </trkpt>
      <trkpt lat="59.535485264" lon="26.423822427">
        <ele>13.200</ele>
        <time>2026-08-12T08:54:53Z</time>
        <speed>3.316000</speed>
      </trkpt>
      <trkpt lat="59.535479648" lon="26.423888644">
        <ele>13.200</ele>
        <time>2026-08-12T08:54:54Z</time>
        <speed>3.454000</speed>
      </trkpt>
      <trkpt lat="59.535410330" lon="26.424524998">
        <ele>13.400</ele>
        <time>2026-08-12T08:55:03Z</time>
        <speed>3.550000</speed>
      </trkpt>
      <trkpt lat="59.535317291" lon="26.425194964">
        <ele>14.000</ele>
        <time>2026-08-12T08:55:12Z</time>
        <speed>3.560000</speed>
      </trkpt>
      <trkpt lat="59.535293402" lon="26.425383473">
        <ele>14.200</ele>
        <time>2026-08-12T08:55:15Z</time>
        <speed>3.556000</speed>
      </trkpt>
      <trkpt lat="59.535240512" lon="26.425761916">
        <ele>14.600</ele>
        <time>2026-08-12T08:55:21Z</time>
        <speed>3.498000</speed>
      </trkpt>
      <trkpt lat="59.535185108" lon="26.426228620">
        <ele>14.800</ele>
        <time>2026-08-12T08:55:28Z</time>
        <speed>3.929000</speed>
      </trkpt>
      <trkpt lat="59.535126770" lon="26.426726170">
        <ele>14.200</ele>
        <time>2026-08-12T08:55:35Z</time>
        <speed>4.108000</speed>
      </trkpt>
      <trkpt lat="59.535047729" lon="26.427321117">
        <ele>13.600</ele>
        <time>2026-08-12T08:55:43Z</time>
        <speed>4.322000</speed>
      </trkpt>
      <trkpt lat="59.534957120" lon="26.427905168">
        <ele>13.200</ele>
        <time>2026-08-12T08:55:51Z</time>
        <speed>4.253000</speed>
      </trkpt>
      <trkpt lat="59.534879085" lon="26.428433396">
        <ele>14.000</ele>
        <time>2026-08-12T08:55:58Z</time>
        <speed>4.339000</speed>
      </trkpt>
      <trkpt lat="59.534806330" lon="26.428955924">
        <ele>14.000</ele>
        <time>2026-08-12T08:56:05Z</time>
        <speed>4.531000</speed>
      </trkpt>
      <trkpt lat="59.534716643" lon="26.429425310">
        <ele>13.200</ele>
        <time>2026-08-12T08:56:11Z</time>
        <speed>4.518000</speed>
      </trkpt>
      <trkpt lat="59.534683032" lon="26.429572245">
        <ele>13.400</ele>
        <time>2026-08-12T08:56:13Z</time>
        <speed>4.689000</speed>
      </trkpt>
      <trkpt lat="59.534621425" lon="26.429791348">
        <ele>13.000</ele>
        <time>2026-08-12T08:56:16Z</time>
        <speed>4.678000</speed>
      </trkpt>
      <trkpt lat="59.534596195" lon="26.429862259">
        <ele>12.200</ele>
        <time>2026-08-12T08:56:17Z</time>
        <speed>4.778000</speed>
      </trkpt>
      <trkpt lat="59.534513298" lon="26.430070633">
        <ele>11.600</ele>
        <time>2026-08-12T08:56:20Z</time>
        <speed>4.876000</speed>
      </trkpt>
      <trkpt lat="59.534457726" lon="26.430189908">
        <ele>11.400</ele>
        <time>2026-08-12T08:56:22Z</time>
        <speed>4.688000</speed>
      </trkpt>
      <trkpt lat="59.534358401" lon="26.430374729">
        <ele>11.800</ele>
        <time>2026-08-12T08:56:25Z</time>
        <speed>5.183000</speed>
      </trkpt>
      <trkpt lat="59.534180202" lon="26.430756189">
        <ele>13.200</ele>
        <time>2026-08-12T08:56:31Z</time>
        <speed>4.896000</speed>
      </trkpt>
      <trkpt lat="59.534134269" lon="26.430902705">
        <ele>13.800</ele>
        <time>2026-08-12T08:56:33Z</time>
        <speed>4.627000</speed>
      </trkpt>
      <trkpt lat="59.534117002" lon="26.430979567">
        <ele>13.800</ele>
        <time>2026-08-12T08:56:34Z</time>
        <speed>4.501000</speed>
      </trkpt>
      <trkpt lat="59.534000913" lon="26.431342587">
        <ele>13.600</ele>
        <time>2026-08-12T08:56:39Z</time>
        <speed>4.857000</speed>
      </trkpt>
      <trkpt lat="59.533791030" lon="26.432033423">
        <ele>12.600</ele>
        <time>2026-08-12T08:56:48Z</time>
        <speed>4.933000</speed>
      </trkpt>
      <trkpt lat="59.533667481" lon="26.432464672">
        <ele>12.200</ele>
        <time>2026-08-12T08:56:54Z</time>
        <speed>4.518000</speed>
      </trkpt>
      <trkpt lat="59.533647029" lon="26.432535248">
        <ele>12.000</ele>
        <time>2026-08-12T08:56:55Z</time>
        <speed>4.544000</speed>
      </trkpt>
      <trkpt lat="59.533470673" lon="26.433083843">
        <ele>12.600</ele>
        <time>2026-08-12T08:57:03Z</time>
        <speed>4.549000</speed>
      </trkpt>
      <trkpt lat="59.533362715" lon="26.433410486">
        <ele>13.200</ele>
        <time>2026-08-12T08:57:08Z</time>
        <speed>4.166000</speed>
      </trkpt>
      <trkpt lat="59.533237992" lon="26.433843998">
        <ele>13.600</ele>
        <time>2026-08-12T08:57:15Z</time>
        <speed>3.534000</speed>
      </trkpt>
      <trkpt lat="59.533131374" lon="26.434157314">
        <ele>14.400</ele>
        <time>2026-08-12T08:57:21Z</time>
        <speed>2.910000</speed>
      </trkpt>
      <trkpt lat="59.533037078" lon="26.434576325">
        <ele>14.600</ele>
        <time>2026-08-12T08:57:28Z</time>
        <speed>3.522000</speed>
      </trkpt>
      <trkpt lat="59.532902716" lon="26.435170015">
        <ele>13.800</ele>
        <time>2026-08-12T08:57:37Z</time>
        <speed>4.178000</speed>
      </trkpt>
      <trkpt lat="59.532867260" lon="26.435326338">
        <ele>13.400</ele>
        <time>2026-08-12T08:57:39Z</time>
        <speed>4.771000</speed>
      </trkpt>
      <trkpt lat="59.532805821" lon="26.435619788">
        <ele>12.400</ele>
        <time>2026-08-12T08:57:42Z</time>
        <speed>6.101000</speed>
      </trkpt>
      <trkpt lat="59.532775981" lon="26.435724730">
        <ele>12.000</ele>
        <time>2026-08-12T08:57:43Z</time>
        <speed>6.442000</speed>
      </trkpt>
      <trkpt lat="59.532706831" lon="26.435936959">
        <ele>11.000</ele>
        <time>2026-08-12T08:57:45Z</time>
        <speed>7.013000</speed>
      </trkpt>
      <trkpt lat="59.532664502" lon="26.436032262">
        <ele>10.400</ele>
        <time>2026-08-12T08:57:46Z</time>
        <speed>7.088000</speed>
      </trkpt>
      <trkpt lat="59.532578085" lon="26.436219513">
        <ele>10.000</ele>
        <time>2026-08-12T08:57:48Z</time>
        <speed>7.088000</speed>
      </trkpt>
      <trkpt lat="59.532318329" lon="26.436665263">
        <ele>9.600</ele>
        <time>2026-08-12T08:57:54Z</time>
        <speed>5.996000</speed>
      </trkpt>
      <trkpt lat="59.532050276" lon="26.437055944">
        <ele>10.400</ele>
        <time>2026-08-12T08:58:01Z</time>
        <speed>5.234000</speed>
      </trkpt>
      <trkpt lat="59.531847937" lon="26.437386861">
        <ele>10.600</ele>
        <time>2026-08-12T08:58:07Z</time>
        <speed>4.492000</speed>
      </trkpt>
      <trkpt lat="59.531726735" lon="26.437594816">
        <ele>11.200</ele>
        <time>2026-08-12T08:58:11Z</time>
        <speed>4.207000</speed>
      </trkpt>
      <trkpt lat="59.531673593" lon="26.437702524">
        <ele>11.400</ele>
        <time>2026-08-12T08:58:13Z</time>
        <speed>3.957000</speed>
      </trkpt>
      <trkpt lat="59.531518361" lon="26.437993962">
        <ele>12.200</ele>
        <time>2026-08-12T08:58:19Z</time>
        <speed>3.575000</speed>
      </trkpt>
      <trkpt lat="59.531490784" lon="26.438038219">
        <ele>12.600</ele>
        <time>2026-08-12T08:58:20Z</time>
        <speed>3.623000</speed>
      </trkpt>
      <trkpt lat="59.531260533" lon="26.438439796">
        <ele>12.600</ele>
        <time>2026-08-12T08:58:28Z</time>
        <speed>3.481000</speed>
      </trkpt>
      <trkpt lat="59.531089459" lon="26.438713465">
        <ele>12.800</ele>
        <time>2026-08-12T08:58:35Z</time>
        <speed>3.401000</speed>
      </trkpt>
      <trkpt lat="59.530940512" lon="26.438924689">
        <ele>13.000</ele>
        <time>2026-08-12T08:58:41Z</time>
        <speed>3.282000</speed>
      </trkpt>
      <trkpt lat="59.530870104" lon="26.439037090">
        <ele>13.400</ele>
        <time>2026-08-12T08:58:44Z</time>
        <speed>3.078000</speed>
      </trkpt>
      <trkpt lat="59.530776646" lon="26.439229120">
        <ele>13.200</ele>
        <time>2026-08-12T08:58:48Z</time>
        <speed>3.503000</speed>
      </trkpt>
      <trkpt lat="59.530620491" lon="26.439590128">
        <ele>13.400</ele>
        <time>2026-08-12T08:58:55Z</time>
        <speed>3.724000</speed>
      </trkpt>
      <trkpt lat="59.530447405" lon="26.440123888">
        <ele>13.800</ele>
        <time>2026-08-12T08:59:03Z</time>
        <speed>4.373000</speed>
      </trkpt>
      <trkpt lat="59.530310361" lon="26.440542815">
        <ele>13.400</ele>
        <time>2026-08-12T08:59:09Z</time>
        <speed>4.607000</speed>
      </trkpt>
      <trkpt lat="59.530289322" lon="26.440612804">
        <ele>13.400</ele>
        <time>2026-08-12T08:59:10Z</time>
        <speed>4.527000</speed>
      </trkpt>
      <trkpt lat="59.530119756" lon="26.441083532">
        <ele>13.400</ele>
        <time>2026-08-12T08:59:17Z</time>
        <speed>4.267000</speed>
      </trkpt>
      <trkpt lat="59.529937031" lon="26.441612933">
        <ele>13.200</ele>
        <time>2026-08-12T08:59:25Z</time>
        <speed>4.292000</speed>
      </trkpt>
      <trkpt lat="59.529819852" lon="26.441985006">
        <ele>13.200</ele>
        <time>2026-08-12T08:59:31Z</time>
        <speed>3.831000</speed>
      </trkpt>
      <trkpt lat="59.529647855" lon="26.442432515">
        <ele>13.400</ele>
        <time>2026-08-12T08:59:39Z</time>
        <speed>4.118000</speed>
      </trkpt>
      <trkpt lat="59.529498741" lon="26.442748681">
        <ele>13.800</ele>
        <time>2026-08-12T08:59:45Z</time>
        <speed>3.951000</speed>
      </trkpt>
      <trkpt lat="59.529343508" lon="26.443099966">
        <ele>14.400</ele>
        <time>2026-08-12T08:59:51Z</time>
        <speed>4.241000</speed>
      </trkpt>
      <trkpt lat="59.529317524" lon="26.443154113">
        <ele>14.200</ele>
        <time>2026-08-12T08:59:52Z</time>
        <speed>4.090000</speed>
      </trkpt>
      <trkpt lat="59.529159190" lon="26.443483438">
        <ele>13.800</ele>
        <time>2026-08-12T08:59:58Z</time>
        <speed>4.009000</speed>
      </trkpt>
      <trkpt lat="59.528990714" lon="26.444002278">
        <ele>13.400</ele>
        <time>2026-08-12T09:00:05Z</time>
        <speed>4.410000</speed>
      </trkpt>
      <trkpt lat="59.528968921" lon="26.444074195">
        <ele>13.200</ele>
        <time>2026-08-12T09:00:06Z</time>
        <speed>4.309000</speed>
      </trkpt>
      <trkpt lat="59.528835816" lon="26.444428666">
        <ele>13.000</ele>
        <time>2026-08-12T09:00:11Z</time>
        <speed>4.425000</speed>
      </trkpt>
      <trkpt lat="59.528632304" lon="26.444996037">
        <ele>12.800</ele>
        <time>2026-08-12T09:00:19Z</time>
        <speed>4.260000</speed>
      </trkpt>
      <trkpt lat="59.528417643" lon="26.445682347">
        <ele>13.400</ele>
        <time>2026-08-12T09:00:28Z</time>
        <speed>4.404000</speed>
      </trkpt>
      <trkpt lat="59.528305493" lon="26.446137819">
        <ele>14.200</ele>
        <time>2026-08-12T09:00:34Z</time>
        <speed>4.584000</speed>
      </trkpt>
      <trkpt lat="59.528285125" lon="26.446211077">
        <ele>14.200</ele>
        <time>2026-08-12T09:00:35Z</time>
        <speed>4.533000</speed>
      </trkpt>
      <trkpt lat="59.528122516" lon="26.446760930">
        <ele>13.200</ele>
        <time>2026-08-12T09:00:43Z</time>
        <speed>4.149000</speed>
      </trkpt>
      <trkpt lat="59.528104998" lon="26.446831254">
        <ele>13.200</ele>
        <time>2026-08-12T09:00:44Z</time>
        <speed>4.228000</speed>
      </trkpt>
      <trkpt lat="59.527933002" lon="26.447457047">
        <ele>13.600</ele>
        <time>2026-08-12T09:00:53Z</time>
        <speed>4.296000</speed>
      </trkpt>
      <trkpt lat="59.527808530" lon="26.447948897">
        <ele>13.800</ele>
        <time>2026-08-12T09:01:00Z</time>
        <speed>4.324000</speed>
      </trkpt>
      <trkpt lat="59.527664362" lon="26.448426666">
        <ele>14.000</ele>
        <time>2026-08-12T09:01:07Z</time>
        <speed>4.096000</speed>
      </trkpt>
      <trkpt lat="59.527625889" lon="26.448562117">
        <ele>14.200</ele>
        <time>2026-08-12T09:01:09Z</time>
        <speed>4.209000</speed>
      </trkpt>
      <trkpt lat="59.527545087" lon="26.448909212">
        <ele>14.000</ele>
        <time>2026-08-12T09:01:14Z</time>
        <speed>4.319000</speed>
      </trkpt>
      <trkpt lat="59.527421286" lon="26.449501980">
        <ele>14.200</ele>
        <time>2026-08-12T09:01:22Z</time>
        <speed>4.323000</speed>
      </trkpt>
      <trkpt lat="59.527309053" lon="26.450111344">
        <ele>14.000</ele>
        <time>2026-08-12T09:01:30Z</time>
        <speed>4.377000</speed>
      </trkpt>
      <trkpt lat="59.527219618" lon="26.450752057">
        <ele>13.800</ele>
        <time>2026-08-12T09:01:38Z</time>
        <speed>4.445000</speed>
      </trkpt>
      <trkpt lat="59.527122555" lon="26.451257905">
        <ele>13.800</ele>
        <time>2026-08-12T09:01:45Z</time>
        <speed>4.304000</speed>
      </trkpt>
      <trkpt lat="59.527011747" lon="26.451852769">
        <ele>14.200</ele>
        <time>2026-08-12T09:01:53Z</time>
        <speed>4.471000</speed>
      </trkpt>
      <trkpt lat="59.526963551" lon="26.452082014">
        <ele>14.000</ele>
        <time>2026-08-12T09:01:56Z</time>
        <speed>4.571000</speed>
      </trkpt>
      <trkpt lat="59.526910828" lon="26.452399269">
        <ele>14.200</ele>
        <time>2026-08-12T09:02:00Z</time>
        <speed>4.502000</speed>
      </trkpt>
      <trkpt lat="59.526813515" lon="26.453050124">
        <ele>13.800</ele>
        <time>2026-08-12T09:02:08Z</time>
        <speed>4.910000</speed>
      </trkpt>
      <trkpt lat="59.526708154" lon="26.453809692">
        <ele>14.600</ele>
        <time>2026-08-12T09:02:17Z</time>
        <speed>4.780000</speed>
      </trkpt>
      <trkpt lat="59.526661802" lon="26.454424169">
        <ele>13.800</ele>
        <time>2026-08-12T09:02:24Z</time>
        <speed>5.088000</speed>
      </trkpt>
      <trkpt lat="59.526671944" lon="26.455075527">
        <ele>13.200</ele>
        <time>2026-08-12T09:02:31Z</time>
        <speed>5.031000</speed>
      </trkpt>
      <trkpt lat="59.526668340" lon="26.455261353">
        <ele>13.200</ele>
        <time>2026-08-12T09:02:33Z</time>
        <speed>5.277000</speed>
      </trkpt>
      <trkpt lat="59.526663730" lon="26.455882788">
        <ele>12.800</ele>
        <time>2026-08-12T09:02:39Z</time>
        <speed>5.723000</speed>
      </trkpt>
      <trkpt lat="59.526659874" lon="26.456640009">
        <ele>13.200</ele>
        <time>2026-08-12T09:02:47Z</time>
        <speed>5.307000</speed>
      </trkpt>
      <trkpt lat="59.526651325" lon="26.457459340">
        <ele>13.200</ele>
        <time>2026-08-12T09:02:56Z</time>
        <speed>4.520000</speed>
      </trkpt>
      <trkpt lat="59.526666999" lon="26.457972229">
        <ele>13.000</ele>
        <time>2026-08-12T09:03:02Z</time>
        <speed>4.807000</speed>
      </trkpt>
      <trkpt lat="59.526682673" lon="26.458883677">
        <ele>13.000</ele>
        <time>2026-08-12T09:03:12Z</time>
        <speed>5.054000</speed>
      </trkpt>
      <trkpt lat="59.526704550" lon="26.459534364">
        <ele>14.000</ele>
        <time>2026-08-12T09:03:20Z</time>
        <speed>4.360000</speed>
      </trkpt>
      <trkpt lat="59.526702957" lon="26.459614243">
        <ele>14.200</ele>
        <time>2026-08-12T09:03:21Z</time>
        <speed>4.387000</speed>
      </trkpt>
      <trkpt lat="59.526689295" lon="26.460125288">
        <ele>14.200</ele>
        <time>2026-08-12T09:03:27Z</time>
        <speed>4.915000</speed>
      </trkpt>
      <trkpt lat="59.526629113" lon="26.460819729">
        <ele>14.800</ele>
        <time>2026-08-12T09:03:35Z</time>
        <speed>4.638000</speed>
      </trkpt>
      <trkpt lat="59.526603715" lon="26.461251061">
        <ele>15.200</ele>
        <time>2026-08-12T09:03:41Z</time>
        <speed>3.581000</speed>
      </trkpt>
      <trkpt lat="59.526636321" lon="26.461333875">
        <ele>15.200</ele>
        <time>2026-08-12T09:03:43Z</time>
        <speed>2.595000</speed>
      </trkpt>
      <trkpt lat="59.526670268" lon="26.461403109">
        <ele>15.000</ele>
        <time>2026-08-12T09:03:45Z</time>
        <speed>2.454000</speed>
      </trkpt>
      <trkpt lat="59.526753584" lon="26.461553816">
        <ele>14.000</ele>
        <time>2026-08-12T09:03:50Z</time>
        <speed>2.278000</speed>
      </trkpt>
      <trkpt lat="59.526841007" lon="26.461680131">
        <ele>13.000</ele>
        <time>2026-08-12T09:03:53Z</time>
        <speed>3.289000</speed>
      </trkpt>
      <trkpt lat="59.526921222" lon="26.461770069">
        <ele>11.600</ele>
        <time>2026-08-12T09:03:55Z</time>
        <speed>4.045000</speed>
      </trkpt>
      <trkpt lat="59.526968664" lon="26.461821869">
        <ele>11.000</ele>
        <time>2026-08-12T09:03:56Z</time>
        <speed>4.460000</speed>
      </trkpt>
      <trkpt lat="59.527011914" lon="26.461871155">
        <ele>10.400</ele>
        <time>2026-08-12T09:03:57Z</time>
        <speed>4.496000</speed>
      </trkpt>
      <trkpt lat="59.527168991" lon="26.462004259">
        <ele>9.800</ele>
        <time>2026-08-12T09:04:00Z</time>
        <speed>5.662000</speed>
      </trkpt>
      <trkpt lat="59.527236968" lon="26.462096795">
        <ele>10.600</ele>
        <time>2026-08-12T09:04:02Z</time>
        <speed>4.304000</speed>
      </trkpt>
      <trkpt lat="59.527427321" lon="26.462360239">
        <ele>10.200</ele>
        <time>2026-08-12T09:04:09Z</time>
        <speed>2.869000</speed>
      </trkpt>
      <trkpt lat="59.527467890" lon="26.462402148">
        <ele>9.400</ele>
        <time>2026-08-12T09:04:11Z</time>
        <speed>2.257000</speed>
      </trkpt>
      <trkpt lat="59.527577106" lon="26.462527877">
        <ele>9.200</ele>
        <time>2026-08-12T09:04:15Z</time>
        <speed>2.868000</speed>
      </trkpt>
      <trkpt lat="59.527706858" lon="26.462658634">
        <ele>8.600</ele>
        <time>2026-08-12T09:04:20Z</time>
        <speed>2.228000</speed>
      </trkpt>
      <trkpt lat="59.527732339" lon="26.462676236">
        <ele>8.400</ele>
        <time>2026-08-12T09:04:21Z</time>
        <speed>2.329000</speed>
      </trkpt>
      <trkpt lat="59.527804172" lon="26.462763995">
        <ele>8.600</ele>
        <time>2026-08-12T09:04:26Z</time>
        <speed>1.438000</speed>
      </trkpt>
      <trkpt lat="59.527978096" lon="26.463006483">
        <ele>7.800</ele>
        <time>2026-08-12T09:04:33Z</time>
        <speed>2.986000</speed>
      </trkpt>
      <trkpt lat="59.528061412" lon="26.463085609">
        <ele>7.200</ele>
        <time>2026-08-12T09:04:35Z</time>
        <speed>3.189000</speed>
      </trkpt>
      <trkpt lat="59.528146740" lon="26.463227263">
        <ele>6.000</ele>
        <time>2026-08-12T09:04:38Z</time>
        <speed>2.992000</speed>
      </trkpt>
      <trkpt lat="59.528389480" lon="26.463579386">
        <ele>5.600</ele>
        <time>2026-08-12T09:04:45Z</time>
        <speed>4.359000</speed>
      </trkpt>
      <trkpt lat="59.528591819" lon="26.463818690">
        <ele>4.800</ele>
        <time>2026-08-12T09:04:49Z</time>
        <speed>5.795000</speed>
      </trkpt>
      <trkpt lat="59.528652001" lon="26.463876273">
        <ele>3.800</ele>
        <time>2026-08-12T09:04:50Z</time>
        <speed>6.288000</speed>
      </trkpt>
      <trkpt lat="59.528779322" lon="26.463986915">
        <ele>2.000</ele>
        <time>2026-08-12T09:04:52Z</time>
        <speed>6.649000</speed>
      </trkpt>
      <trkpt lat="59.529019715" lon="26.464208029">
        <ele>0.800</ele>
        <time>2026-08-12T09:04:56Z</time>
        <speed>6.252000</speed>
      </trkpt>
      <trkpt lat="59.529326074" lon="26.464502066">
        <ele>0.600</ele>
        <time>2026-08-12T09:05:02Z</time>
        <speed>5.236000</speed>
      </trkpt>
      <trkpt lat="59.529366810" lon="26.464543892">
        <ele>0.400</ele>
        <time>2026-08-12T09:05:03Z</time>
        <speed>4.861000</speed>
      </trkpt>
      <trkpt lat="59.529447276" lon="26.464622766">
        <ele>-0.200</ele>
        <time>2026-08-12T09:05:05Z</time>
        <speed>4.724000</speed>
      </trkpt>
      <trkpt lat="59.529622374" lon="26.464815130">
        <ele>0.800</ele>
        <time>2026-08-12T09:05:10Z</time>
        <speed>3.990000</speed>
      </trkpt>
      <trkpt lat="59.529661098" lon="26.464856202">
        <ele>1.000</ele>
        <time>2026-08-12T09:05:11Z</time>
        <speed>4.114000</speed>
      </trkpt>
      <trkpt lat="59.529891852" lon="26.465067426">
        <ele>0.200</ele>
        <time>2026-08-12T09:05:16Z</time>
        <speed>4.865000</speed>
      </trkpt>
      <trkpt lat="59.530300470" lon="26.465485599">
        <ele>1.000</ele>
        <time>2026-08-12T09:05:24Z</time>
        <speed>5.106000</speed>
      </trkpt>
      <trkpt lat="59.530386049" lon="26.465607975">
        <ele>0.800</ele>
        <time>2026-08-12T09:05:26Z</time>
        <speed>4.954000</speed>
      </trkpt>
      <trkpt lat="59.530507922" lon="26.465756586">
        <ele>1.200</ele>
        <time>2026-08-12T09:05:29Z</time>
        <speed>4.521000</speed>
      </trkpt>
      <trkpt lat="59.530544635" lon="26.465810733">
        <ele>1.600</ele>
        <time>2026-08-12T09:05:30Z</time>
        <speed>4.514000</speed>
      </trkpt>
      <trkpt lat="59.530836074" lon="26.466110889">
        <ele>1.000</ele>
        <time>2026-08-12T09:05:38Z</time>
        <speed>3.768000</speed>
      </trkpt>
      <trkpt lat="59.531066827" lon="26.466342648">
        <ele>1.200</ele>
        <time>2026-08-12T09:05:45Z</time>
        <speed>2.555000</speed>
      </trkpt>
      <trkpt lat="59.531155592" lon="26.466439124">
        <ele>2.000</ele>
        <time>2026-08-12T09:05:50Z</time>
        <speed>0.843000</speed>
      </trkpt>
    </trkseg>
    <trkseg>
      <trkpt lat="59.531400930" lon="26.466589747">
        <ele>1.600</ele>
        <time>2026-08-12T09:06:16Z</time>
        <speed>1.537000</speed>
      </trkpt>
      <trkpt lat="59.531460945" lon="26.466627717">
        <ele>1.600</ele>
        <time>2026-08-12T09:06:17Z</time>
        <speed>1.512000</speed>
      </trkpt>
      <trkpt lat="59.531646268" lon="26.466716398">
        <ele>1.400</ele>
        <time>2026-08-12T09:06:24Z</time>
        <speed>1.971000</speed>
      </trkpt>
      <trkpt lat="59.531786833" lon="26.466781273">
        <ele>1.000</ele>
        <time>2026-08-12T09:06:29Z</time>
        <speed>2.080000</speed>
      </trkpt>
      <trkpt lat="59.531921446" lon="26.466817064">
        <ele>0.600</ele>
        <time>2026-08-12T09:06:32Z</time>
        <speed>2.564000</speed>
      </trkpt>
      <trkpt lat="59.532101741" lon="26.466830140">
        <ele>0.200</ele>
        <time>2026-08-12T09:06:38Z</time>
        <speed>1.575000</speed>
      </trkpt>
      <trkpt lat="59.532176089" lon="26.466819914">
        <ele>-0.200</ele>
        <time>2026-08-12T09:06:42Z</time>
        <speed>1.184000</speed>
      </trkpt>
      <trkpt lat="59.532202072" lon="26.466809437">
        <ele>-0.400</ele>
        <time>2026-08-12T09:06:44Z</time>
        <speed>1.043000</speed>
      </trkpt>
      <trkpt lat="59.532336267" lon="26.466801809">
        <ele>0.800</ele>
        <time>2026-08-12T09:06:52Z</time>
        <speed>2.675000</speed>
      </trkpt>
      <trkpt lat="59.532365436" lon="26.466809353">
        <ele>1.200</ele>
        <time>2026-08-12T09:06:53Z</time>
        <speed>2.960000</speed>
      </trkpt>
      <trkpt lat="59.532456463" lon="26.466840366">
        <ele>-0.200</ele>
        <time>2026-08-12T09:06:56Z</time>
        <speed>2.802000</speed>
      </trkpt>
      <trkpt lat="59.532511448" lon="26.466855370">
        <ele>-0.800</ele>
        <time>2026-08-12T09:06:58Z</time>
        <speed>2.519000</speed>
      </trkpt>
      <trkpt lat="59.532647151" lon="26.466911109">
        <ele>-1.200</ele>
        <time>2026-08-12T09:07:03Z</time>
        <speed>3.474000</speed>
      </trkpt>
      <trkpt lat="59.532712195" lon="26.466933489">
        <ele>-2.000</ele>
        <time>2026-08-12T09:07:05Z</time>
        <speed>3.466000</speed>
      </trkpt>
      <trkpt lat="59.532895340" lon="26.467088051">
        <ele>-1.000</ele>
        <time>2026-08-12T09:07:11Z</time>
        <speed>3.533000</speed>
      </trkpt>
      <trkpt lat="59.533144198" lon="26.467391057">
        <ele>-1.400</ele>
        <time>2026-08-12T09:07:19Z</time>
        <speed>3.601000</speed>
      </trkpt>
      <trkpt lat="59.533308651" lon="26.467529107">
        <ele>-0.800</ele>
        <time>2026-08-12T09:07:25Z</time>
        <speed>3.293000</speed>
      </trkpt>
      <trkpt lat="59.533500094" lon="26.467606807">
        <ele>-0.600</ele>
        <time>2026-08-12T09:07:31Z</time>
        <speed>3.271000</speed>
      </trkpt>
      <trkpt lat="59.533644933" lon="26.467589708">
        <ele>-0.200</ele>
        <time>2026-08-12T09:07:37Z</time>
        <speed>2.632000</speed>
      </trkpt>
      <trkpt lat="59.533826653" lon="26.467509996">
        <ele>-1.800</ele>
        <time>2026-08-12T09:07:44Z</time>
        <speed>2.825000</speed>
      </trkpt>
      <trkpt lat="59.534033351" lon="26.467452412">
        <ele>-1.800</ele>
        <time>2026-08-12T09:07:51Z</time>
        <speed>3.388000</speed>
      </trkpt>
      <trkpt lat="59.534259913" lon="26.467430536">
        <ele>-1.600</ele>
        <time>2026-08-12T09:07:58Z</time>
        <speed>3.572000</speed>
      </trkpt>
      <trkpt lat="59.534480274" lon="26.467464231">
        <ele>-1.400</ele>
        <time>2026-08-12T09:08:06Z</time>
        <speed>2.587000</speed>
      </trkpt>
      <trkpt lat="59.534523441" lon="26.467468003">
        <ele>-2.200</ele>
        <time>2026-08-12T09:08:08Z</time>
        <speed>2.074000</speed>
      </trkpt>
      <trkpt lat="59.534557052" lon="26.467483090">
        <ele>-1.400</ele>
        <time>2026-08-12T09:08:12Z</time>
        <speed>0.000000</speed>
      </trkpt>
      <trkpt lat="59.534558393" lon="26.467488119">
        <ele>-1.000</ele>
        <time>2026-08-12T09:08:13Z</time>
        <speed>0.558000</speed>
      </trkpt>
      <trkpt lat="59.534563841" lon="26.467496417">
        <ele>-1.000</ele>
        <time>2026-08-12T09:08:14Z</time>
        <speed>0.963000</speed>
      </trkpt>
      <trkpt lat="59.534594100" lon="26.467523323">
        <ele>-1.200</ele>
        <time>2026-08-12T09:08:17Z</time>
        <speed>1.259000</speed>
      </trkpt>
      <trkpt lat="59.534616647" lon="26.467539584">
        <ele>-2.200</ele>
        <time>2026-08-12T09:08:19Z</time>
        <speed>1.280000</speed>
      </trkpt>
      <trkpt lat="59.534671716" lon="26.467583086">
        <ele>-2.000</ele>
        <time>2026-08-12T09:08:24Z</time>
        <speed>1.272000</speed>
      </trkpt>
      <trkpt lat="59.534728965" lon="26.467663385">
        <ele>-1.000</ele>
        <time>2026-08-12T09:08:31Z</time>
        <speed>0.804000</speed>
      </trkpt>
    </trkseg>
    <trkseg>
      <trkpt lat="59.534655623" lon="26.467563976">
        <ele>-2.000</ele>
        <time>2026-08-12T09:30:36Z</time>
        <speed>2.041000</speed>
      </trkpt>
      <trkpt lat="59.534611534" lon="26.467525335">
        <ele>-2.200</ele>
        <time>2026-08-12T09:30:38Z</time>
        <speed>2.701000</speed>
      </trkpt>
      <trkpt lat="59.534526542" lon="26.467481330">
        <ele>-1.600</ele>
        <time>2026-08-12T09:30:41Z</time>
        <speed>3.418000</speed>
      </trkpt>
      <trkpt lat="59.534494188" lon="26.467469428">
        <ele>-1.600</ele>
        <time>2026-08-12T09:30:42Z</time>
        <speed>3.602000</speed>
      </trkpt>
      <trkpt lat="59.534247927" lon="26.467444953">
        <ele>-1.600</ele>
        <time>2026-08-12T09:30:49Z</time>
        <speed>4.039000</speed>
      </trkpt>
      <trkpt lat="59.533907957" lon="26.467502117">
        <ele>-1.600</ele>
        <time>2026-08-12T09:30:58Z</time>
        <speed>4.096000</speed>
      </trkpt>
      <trkpt lat="59.533754820" lon="26.467556600">
        <ele>-1.200</ele>
        <time>2026-08-12T09:31:03Z</time>
        <speed>3.306000</speed>
      </trkpt>
      <trkpt lat="59.533695560" lon="26.467585685">
        <ele>-1.000</ele>
        <time>2026-08-12T09:31:05Z</time>
        <speed>3.422000</speed>
      </trkpt>
      <trkpt lat="59.533502273" lon="26.467621140">
        <ele>-1.400</ele>
        <time>2026-08-12T09:31:12Z</time>
        <speed>2.995000</speed>
      </trkpt>
      <trkpt lat="59.533292893" lon="26.467520306">
        <ele>-2.000</ele>
        <time>2026-08-12T09:31:19Z</time>
        <speed>3.483000</speed>
      </trkpt>
      <trkpt lat="59.533262216" lon="26.467499519">
        <ele>-2.200</ele>
        <time>2026-08-12T09:31:20Z</time>
        <speed>3.486000</speed>
      </trkpt>
      <trkpt lat="59.533114778" lon="26.467340598">
        <ele>-2.800</ele>
        <time>2026-08-12T09:31:25Z</time>
        <speed>3.787000</speed>
      </trkpt>
      <trkpt lat="59.533059960" lon="26.467262143">
        <ele>-3.400</ele>
        <time>2026-08-12T09:31:27Z</time>
        <speed>3.628000</speed>
      </trkpt>
      <trkpt lat="59.532969017" lon="26.467144461">
        <ele>-2.400</ele>
        <time>2026-08-12T09:31:30Z</time>
        <speed>3.929000</speed>
      </trkpt>
      <trkpt lat="59.532906739" lon="26.467061648">
        <ele>-2.400</ele>
        <time>2026-08-12T09:31:32Z</time>
        <speed>4.144000</speed>
      </trkpt>
      <trkpt lat="59.532696353" lon="26.466925526">
        <ele>-2.800</ele>
        <time>2026-08-12T09:31:38Z</time>
        <speed>4.000000</speed>
      </trkpt>
      <trkpt lat="59.532474820" lon="26.466846569">
        <ele>-0.600</ele>
        <time>2026-08-12T09:31:45Z</time>
        <speed>3.462000</speed>
      </trkpt>
      <trkpt lat="59.532328639" lon="26.466813795">
        <ele>-2.200</ele>
        <time>2026-08-12T09:31:50Z</time>
        <speed>2.978000</speed>
      </trkpt>
      <trkpt lat="59.532251274" lon="26.466832235">
        <ele>-1.800</ele>
        <time>2026-08-12T09:31:53Z</time>
        <speed>2.810000</speed>
      </trkpt>
      <trkpt lat="59.532175837" lon="26.466842126">
        <ele>-0.600</ele>
        <time>2026-08-12T09:31:56Z</time>
        <speed>2.652000</speed>
      </trkpt>
      <trkpt lat="59.532054635" lon="26.466837935">
        <ele>0.000</ele>
        <time>2026-08-12T09:32:01Z</time>
        <speed>2.672000</speed>
      </trkpt>
      <trkpt lat="59.531821702" lon="26.466729976">
        <ele>0.400</ele>
        <time>2026-08-12T09:32:10Z</time>
        <speed>3.190000</speed>
      </trkpt>
      <trkpt lat="59.531654399" lon="26.466615815">
        <ele>1.000</ele>
        <time>2026-08-12T09:32:17Z</time>
        <speed>2.217000</speed>
      </trkpt>
      <trkpt lat="59.531616261" lon="26.466595950">
        <ele>1.600</ele>
        <time>2026-08-12T09:32:19Z</time>
        <speed>1.724000</speed>
      </trkpt>
      <trkpt lat="59.531609807" lon="26.466606343">
        <ele>1.600</ele>
        <time>2026-08-12T09:32:22Z</time>
        <speed>0.773000</speed>
      </trkpt>
    </trkseg>
    <trkseg>
      <trkpt lat="59.531558258" lon="26.466525374">
        <ele>1.400</ele>
        <time>2026-08-12T09:32:34Z</time>
        <speed>1.429000</speed>
      </trkpt>
      <trkpt lat="59.531526994" lon="26.466494026">
        <ele>1.600</ele>
        <time>2026-08-12T09:32:36Z</time>
        <speed>1.883000</speed>
      </trkpt>
      <trkpt lat="59.531362290" lon="26.466327813">
        <ele>1.000</ele>
        <time>2026-08-12T09:32:44Z</time>
        <speed>2.797000</speed>
      </trkpt>
      <trkpt lat="59.531250140" lon="26.466193032">
        <ele>0.400</ele>
        <time>2026-08-12T09:32:49Z</time>
        <speed>2.798000</speed>
      </trkpt>
      <trkpt lat="59.531230107" lon="26.466160007">
        <ele>0.000</ele>
        <time>2026-08-12T09:32:50Z</time>
        <speed>2.687000</speed>
      </trkpt>
      <trkpt lat="59.531132625" lon="26.466021957">
        <ele>1.800</ele>
        <time>2026-08-12T09:32:55Z</time>
        <speed>2.701000</speed>
      </trkpt>
      <trkpt lat="59.531079484" lon="26.465950292">
        <ele>1.400</ele>
        <time>2026-08-12T09:32:58Z</time>
        <speed>2.333000</speed>
      </trkpt>
      <trkpt lat="59.530916624" lon="26.465704953">
        <ele>0.800</ele>
        <time>2026-08-12T09:33:06Z</time>
        <speed>2.734000</speed>
      </trkpt>
      <trkpt lat="59.530793661" lon="26.465543685">
        <ele>1.000</ele>
        <time>2026-08-12T09:33:12Z</time>
        <speed>2.771000</speed>
      </trkpt>
      <trkpt lat="59.530750830" lon="26.465486940">
        <ele>0.400</ele>
        <time>2026-08-12T09:33:14Z</time>
        <speed>2.731000</speed>
      </trkpt>
      <trkpt lat="59.530584700" lon="26.465272363">
        <ele>0.000</ele>
        <time>2026-08-12T09:33:22Z</time>
        <speed>2.672000</speed>
      </trkpt>
      <trkpt lat="59.530451931" lon="26.465126686">
        <ele>0.600</ele>
        <time>2026-08-12T09:33:29Z</time>
        <speed>2.021000</speed>
      </trkpt>
      <trkpt lat="59.530398957" lon="26.465069521">
        <ele>-0.200</ele>
        <time>2026-08-12T09:33:32Z</time>
        <speed>2.112000</speed>
      </trkpt>
      <trkpt lat="59.530339278" lon="26.464998526">
        <ele>1.000</ele>
        <time>2026-08-12T09:33:35Z</time>
        <speed>2.409000</speed>
      </trkpt>
      <trkpt lat="59.530270798" lon="26.464926777">
        <ele>1.400</ele>
        <time>2026-08-12T09:33:38Z</time>
        <speed>2.751000</speed>
      </trkpt>
      <trkpt lat="59.530115901" lon="26.464772802">
        <ele>1.200</ele>
        <time>2026-08-12T09:33:45Z</time>
        <speed>2.632000</speed>
      </trkpt>
      <trkpt lat="59.530049013" lon="26.464695353">
        <ele>2.000</ele>
        <time>2026-08-12T09:33:48Z</time>
        <speed>2.720000</speed>
      </trkpt>
      <trkpt lat="59.529958740" lon="26.464613881">
        <ele>2.400</ele>
        <time>2026-08-12T09:33:52Z</time>
        <speed>2.595000</speed>
      </trkpt>
      <trkpt lat="59.529808369" lon="26.464482956">
        <ele>2.000</ele>
        <time>2026-08-12T09:33:59Z</time>
        <speed>2.641000</speed>
      </trkpt>
      <trkpt lat="59.529600078" lon="26.464305259">
        <ele>2.200</ele>
        <time>2026-08-12T09:34:08Z</time>
        <speed>2.786000</speed>
      </trkpt>
      <trkpt lat="59.529433614" lon="26.464198139">
        <ele>2.600</ele>
        <time>2026-08-12T09:34:15Z</time>
        <speed>2.478000</speed>
      </trkpt>
      <trkpt lat="59.529350800" lon="26.464142064">
        <ele>3.200</ele>
        <time>2026-08-12T09:34:19Z</time>
        <speed>2.346000</speed>
      </trkpt>
      <trkpt lat="59.529271508" lon="26.464067884">
        <ele>4.000</ele>
        <time>2026-08-12T09:34:23Z</time>
        <speed>2.240000</speed>
      </trkpt>
      <trkpt lat="59.529166818" lon="26.463964619">
        <ele>4.400</ele>
        <time>2026-08-12T09:34:29Z</time>
        <speed>2.002000</speed>
      </trkpt>
      <trkpt lat="59.529135721" lon="26.463928660">
        <ele>4.600</ele>
        <time>2026-08-12T09:34:31Z</time>
        <speed>1.967000</speed>
      </trkpt>
      <trkpt lat="59.528979985" lon="26.463769153">
        <ele>5.400</ele>
        <time>2026-08-12T09:34:40Z</time>
        <speed>1.920000</speed>
      </trkpt>
      <trkpt lat="59.528951738" lon="26.463735458">
        <ele>5.600</ele>
        <time>2026-08-12T09:34:42Z</time>
        <speed>1.653000</speed>
      </trkpt>
      <trkpt lat="59.528861297" lon="26.463599754">
        <ele>6.200</ele>
        <time>2026-08-12T09:34:48Z</time>
        <speed>2.004000</speed>
      </trkpt>
      <trkpt lat="59.528732719" lon="26.463462459">
        <ele>6.000</ele>
        <time>2026-08-12T09:34:55Z</time>
        <speed>2.191000</speed>
      </trkpt>
      <trkpt lat="59.528673459" lon="26.463417364">
        <ele>6.400</ele>
        <time>2026-08-12T09:34:58Z</time>
        <speed>2.179000</speed>
      </trkpt>
      <trkpt lat="59.528640937" lon="26.463357098">
        <ele>6.600</ele>
        <time>2026-08-12T09:35:01Z</time>
        <speed>1.392000</speed>
      </trkpt>
      <trkpt lat="59.528628867" lon="26.463345615">
        <ele>7.000</ele>
        <time>2026-08-12T09:35:02Z</time>
        <speed>1.380000</speed>
      </trkpt>
      <trkpt lat="59.528611600" lon="26.463320218">
        <ele>7.800</ele>
        <time>2026-08-12T09:35:04Z</time>
        <speed>1.153000</speed>
      </trkpt>
      <trkpt lat="59.528587963" lon="26.463278560">
        <ele>8.200</ele>
        <time>2026-08-12T09:35:06Z</time>
        <speed>1.637000</speed>
      </trkpt>
      <trkpt lat="59.528466510" lon="26.463080831">
        <ele>8.000</ele>
        <time>2026-08-12T09:35:14Z</time>
        <speed>1.803000</speed>
      </trkpt>
      <trkpt lat="59.528385373" lon="26.462946553">
        <ele>8.000</ele>
        <time>2026-08-12T09:35:19Z</time>
        <speed>1.757000</speed>
      </trkpt>
      <trkpt lat="59.528271547" lon="26.462858040">
        <ele>7.400</ele>
        <time>2026-08-12T09:35:25Z</time>
        <speed>2.092000</speed>
      </trkpt>
      <trkpt lat="59.528170209" lon="26.462782519">
        <ele>6.800</ele>
        <time>2026-08-12T09:35:30Z</time>
        <speed>2.263000</speed>
      </trkpt>
      <trkpt lat="59.527989663" lon="26.462684954">
        <ele>8.000</ele>
        <time>2026-08-12T09:35:37Z</time>
        <speed>2.373000</speed>
      </trkpt>
      <trkpt lat="59.527847590" lon="26.462582778">
        <ele>7.800</ele>
        <time>2026-08-12T09:35:43Z</time>
        <speed>2.182000</speed>
      </trkpt>
      <trkpt lat="59.527732255" lon="26.462495523">
        <ele>9.000</ele>
        <time>2026-08-12T09:35:49Z</time>
        <speed>2.159000</speed>
      </trkpt>
      <trkpt lat="59.527694369" lon="26.462457888">
        <ele>9.200</ele>
        <time>2026-08-12T09:35:51Z</time>
        <speed>2.079000</speed>
      </trkpt>
      <trkpt lat="59.527612478" lon="26.462370297">
        <ele>10.000</ele>
        <time>2026-08-12T09:35:55Z</time>
        <speed>2.198000</speed>
      </trkpt>
      <trkpt lat="59.527534693" lon="26.462306846">
        <ele>10.000</ele>
        <time>2026-08-12T09:35:59Z</time>
        <speed>1.989000</speed>
      </trkpt>
      <trkpt lat="59.527363367" lon="26.462187571">
        <ele>9.400</ele>
        <time>2026-08-12T09:36:06Z</time>
        <speed>2.213000</speed>
      </trkpt>
      <trkpt lat="59.527172176" lon="26.462002331">
        <ele>10.000</ele>
        <time>2026-08-12T09:36:15Z</time>
        <speed>2.062000</speed>
      </trkpt>
      <trkpt lat="59.527078550" lon="26.461940557">
        <ele>10.600</ele>
        <time>2026-08-12T09:36:20Z</time>
        <speed>1.831000</speed>
      </trkpt>
      <trkpt lat="59.527040496" lon="26.461895462">
        <ele>10.800</ele>
        <time>2026-08-12T09:36:22Z</time>
        <speed>1.875000</speed>
      </trkpt>
      <trkpt lat="59.527020631" lon="26.461873585">
        <ele>11.000</ele>
        <time>2026-08-12T09:36:23Z</time>
        <speed>1.779000</speed>
      </trkpt>
      <trkpt lat="59.526908733" lon="26.461716676">
        <ele>11.800</ele>
        <time>2026-08-12T09:36:29Z</time>
        <speed>1.994000</speed>
      </trkpt>
      <trkpt lat="59.526791302" lon="26.461587260">
        <ele>12.400</ele>
        <time>2026-08-12T09:36:36Z</time>
        <speed>1.752000</speed>
      </trkpt>
      <trkpt lat="59.526676470" lon="26.461449461">
        <ele>13.400</ele>
        <time>2026-08-12T09:36:43Z</time>
        <speed>1.781000</speed>
      </trkpt>
      <trkpt lat="59.526660712" lon="26.461436134">
        <ele>13.400</ele>
        <time>2026-08-12T09:36:44Z</time>
        <speed>1.671000</speed>
      </trkpt>
      <trkpt lat="59.526597681" lon="26.461440409">
        <ele>14.200</ele>
        <time>2026-08-12T09:36:49Z</time>
        <speed>1.432000</speed>
      </trkpt>
    </trkseg>
    <trkseg>
      <trkpt lat="59.526531044" lon="26.461614752">
        <ele>14.600</ele>
        <time>2026-08-12T09:38:36Z</time>
        <speed>1.875000</speed>
      </trkpt>
      <trkpt lat="59.526464492" lon="26.461835699">
        <ele>14.400</ele>
        <time>2026-08-12T09:38:42Z</time>
        <speed>2.544000</speed>
      </trkpt>
      <trkpt lat="59.526347145" lon="26.462079780">
        <ele>13.800</ele>
        <time>2026-08-12T09:38:49Z</time>
        <speed>2.320000</speed>
      </trkpt>
      <trkpt lat="59.526277995" lon="26.462169215">
        <ele>13.400</ele>
        <time>2026-08-12T09:38:52Z</time>
        <speed>2.952000</speed>
      </trkpt>
      <trkpt lat="59.526233068" lon="26.462228559">
        <ele>13.400</ele>
        <time>2026-08-12T09:38:54Z</time>
        <speed>2.184000</speed>
      </trkpt>
      <trkpt lat="59.526077667" lon="26.462410362">
        <ele>13.000</ele>
        <time>2026-08-12T09:39:00Z</time>
        <speed>2.514000</speed>
      </trkpt>
      <trkpt lat="59.525899384" lon="26.462634495">
        <ele>12.800</ele>
        <time>2026-08-12T09:39:06Z</time>
        <speed>3.030000</speed>
      </trkpt>
      <trkpt lat="59.525678270" lon="26.462879665">
        <ele>12.800</ele>
        <time>2026-08-12T09:39:13Z</time>
        <speed>2.824000</speed>
      </trkpt>
      <trkpt lat="59.525496382" lon="26.463109748">
        <ele>12.600</ele>
        <time>2026-08-12T09:39:19Z</time>
        <speed>3.564000</speed>
      </trkpt>
      <trkpt lat="59.525320111" lon="26.463375790">
        <ele>12.600</ele>
        <time>2026-08-12T09:39:25Z</time>
        <speed>3.765000</speed>
      </trkpt>
      <trkpt lat="59.525158927" lon="26.463611154">
        <ele>13.400</ele>
        <time>2026-08-12T09:39:31Z</time>
        <speed>2.957000</speed>
      </trkpt>
      <trkpt lat="59.524967903" lon="26.463932013">
        <ele>13.400</ele>
        <time>2026-08-12T09:39:38Z</time>
        <speed>3.657000</speed>
      </trkpt>
      <trkpt lat="59.524759278" lon="26.464349097">
        <ele>13.000</ele>
        <time>2026-08-12T09:39:46Z</time>
        <speed>2.995000</speed>
      </trkpt>
      <trkpt lat="59.524526680" lon="26.464796690">
        <ele>13.200</ele>
        <time>2026-08-12T09:39:53Z</time>
        <speed>3.690000</speed>
      </trkpt>
      <trkpt lat="59.524416793" lon="26.465080585">
        <ele>12.400</ele>
        <time>2026-08-12T09:39:56Z</time>
        <speed>4.604000</speed>
      </trkpt>
      <trkpt lat="59.524380499" lon="26.465189885">
        <ele>11.600</ele>
        <time>2026-08-12T09:39:57Z</time>
        <speed>4.920000</speed>
      </trkpt>
      <trkpt lat="59.524348145" lon="26.465317626">
        <ele>11.200</ele>
        <time>2026-08-12T09:39:58Z</time>
        <speed>5.899000</speed>
      </trkpt>
      <trkpt lat="59.524320820" lon="26.465437487">
        <ele>10.600</ele>
        <time>2026-08-12T09:39:59Z</time>
        <speed>6.315000</speed>
      </trkpt>
      <trkpt lat="59.524296680" lon="26.465559276">
        <ele>10.000</ele>
        <time>2026-08-12T09:40:00Z</time>
        <speed>6.586000</speed>
      </trkpt>
      <trkpt lat="59.524257034" lon="26.465821378">
        <ele>8.600</ele>
        <time>2026-08-12T09:40:02Z</time>
        <speed>7.389000</speed>
      </trkpt>
      <trkpt lat="59.524228368" lon="26.466077277">
        <ele>8.000</ele>
        <time>2026-08-12T09:40:04Z</time>
        <speed>6.879000</speed>
      </trkpt>
      <trkpt lat="59.524164582" lon="26.466592345">
        <ele>7.400</ele>
        <time>2026-08-12T09:40:08Z</time>
        <speed>7.139000</speed>
      </trkpt>
      <trkpt lat="59.524088977" lon="26.467096517">
        <ele>6.200</ele>
        <time>2026-08-12T09:40:12Z</time>
        <speed>6.855000</speed>
      </trkpt>
      <trkpt lat="59.524011528" lon="26.467464063">
        <ele>6.400</ele>
        <time>2026-08-12T09:40:15Z</time>
        <speed>7.682000</speed>
      </trkpt>
      <trkpt lat="59.523925362" lon="26.467715604">
        <ele>5.400</ele>
        <time>2026-08-12T09:40:17Z</time>
        <speed>8.717000</speed>
      </trkpt>
      <trkpt lat="59.523863085" lon="26.467833705">
        <ele>4.600</ele>
        <time>2026-08-12T09:40:18Z</time>
        <speed>9.425000</speed>
      </trkpt>
      <trkpt lat="59.523717407" lon="26.468045181">
        <ele>3.200</ele>
        <time>2026-08-12T09:40:20Z</time>
        <speed>10.435000</speed>
      </trkpt>
      <trkpt lat="59.523638114" lon="26.468141908">
        <ele>1.600</ele>
        <time>2026-08-12T09:40:21Z</time>
        <speed>10.585000</speed>
      </trkpt>
      <trkpt lat="59.523558822" lon="26.468244335">
        <ele>0.400</ele>
        <time>2026-08-12T09:40:22Z</time>
        <speed>10.566000</speed>
      </trkpt>
      <trkpt lat="59.523478523" lon="26.468348270">
        <ele>-1.600</ele>
        <time>2026-08-12T09:40:23Z</time>
        <speed>10.461000</speed>
      </trkpt>
      <trkpt lat="59.523398979" lon="26.468455810">
        <ele>-3.000</ele>
        <time>2026-08-12T09:40:24Z</time>
        <speed>10.174000</speed>
      </trkpt>
      <trkpt lat="59.523245255" lon="26.468670219">
        <ele>-3.200</ele>
        <time>2026-08-12T09:40:26Z</time>
        <speed>9.793000</speed>
      </trkpt>
      <trkpt lat="59.522962868" lon="26.469031395">
        <ele>-1.600</ele>
        <time>2026-08-12T09:40:30Z</time>
        <speed>8.026000</speed>
      </trkpt>
      <trkpt lat="59.522901010" lon="26.469111191">
        <ele>-0.800</ele>
        <time>2026-08-12T09:40:31Z</time>
        <speed>7.601000</speed>
      </trkpt>
      <trkpt lat="59.522845019" lon="26.469176486">
        <ele>0.000</ele>
        <time>2026-08-12T09:40:32Z</time>
        <speed>6.903000</speed>
      </trkpt>
      <trkpt lat="59.522710405" lon="26.469337251">
        <ele>1.600</ele>
        <time>2026-08-12T09:40:35Z</time>
        <speed>4.870000</speed>
      </trkpt>
      <trkpt lat="59.522562632" lon="26.469511008">
        <ele>3.000</ele>
        <time>2026-08-12T09:40:40Z</time>
        <speed>3.052000</speed>
      </trkpt>
      <trkpt lat="59.522517370" lon="26.469562054">
        <ele>4.000</ele>
        <time>2026-08-12T09:40:42Z</time>
        <speed>2.831000</speed>
      </trkpt>
      <trkpt lat="59.522388959" lon="26.469663223">
        <ele>3.600</ele>
        <time>2026-08-12T09:40:47Z</time>
        <speed>3.020000</speed>
      </trkpt>
      <trkpt lat="59.522167929" lon="26.469800184">
        <ele>5.000</ele>
        <time>2026-08-12T09:40:55Z</time>
        <speed>3.298000</speed>
      </trkpt>
      <trkpt lat="59.522108752" lon="26.469840501">
        <ele>5.200</ele>
        <time>2026-08-12T09:40:57Z</time>
        <speed>3.419000</speed>
      </trkpt>
      <trkpt lat="59.521998866" lon="26.469924822">
        <ele>6.200</ele>
        <time>2026-08-12T09:41:01Z</time>
        <speed>3.069000</speed>
      </trkpt>
      <trkpt lat="59.521918818" lon="26.469958182">
        <ele>6.600</ele>
        <time>2026-08-12T09:41:04Z</time>
        <speed>2.779000</speed>
      </trkpt>
      <trkpt lat="59.521752940" lon="26.470051976">
        <ele>7.000</ele>
        <time>2026-08-12T09:41:11Z</time>
        <speed>2.391000</speed>
      </trkpt>
      <trkpt lat="59.521687478" lon="26.470103608">
        <ele>7.400</ele>
        <time>2026-08-12T09:41:14Z</time>
        <speed>2.347000</speed>
      </trkpt>
      <trkpt lat="59.521606592" lon="26.470130766">
        <ele>7.600</ele>
        <time>2026-08-12T09:41:18Z</time>
        <speed>1.799000</speed>
      </trkpt>
      <trkpt lat="59.521496622" lon="26.470147949">
        <ele>8.200</ele>
        <time>2026-08-12T09:41:24Z</time>
        <speed>1.654000</speed>
      </trkpt>
      <trkpt lat="59.521458820" lon="26.470160689">
        <ele>8.400</ele>
        <time>2026-08-12T09:41:26Z</time>
        <speed>1.747000</speed>
      </trkpt>
      <trkpt lat="59.521369133" lon="26.470170831">
        <ele>9.200</ele>
        <time>2026-08-12T09:41:31Z</time>
        <speed>1.580000</speed>
      </trkpt>
      <trkpt lat="59.521352118" lon="26.470160438">
        <ele>9.400</ele>
        <time>2026-08-12T09:41:32Z</time>
        <speed>1.724000</speed>
      </trkpt>
      <trkpt lat="59.521236699" lon="26.470161946">
        <ele>10.400</ele>
        <time>2026-08-12T09:41:38Z</time>
        <speed>1.604000</speed>
      </trkpt>
      <trkpt lat="59.521136032" lon="26.470139232">
        <ele>11.600</ele>
        <time>2026-08-12T09:41:44Z</time>
        <speed>1.554000</speed>
      </trkpt>
      <trkpt lat="59.521045005" lon="26.470096903">
        <ele>12.200</ele>
        <time>2026-08-12T09:41:49Z</time>
        <speed>1.711000</speed>
      </trkpt>
      <trkpt lat="59.521011896" lon="26.470083911">
        <ele>12.600</ele>
        <time>2026-08-12T09:41:51Z</time>
        <speed>1.589000</speed>
      </trkpt>
      <trkpt lat="59.520949032" lon="26.470063124">
        <ele>13.200</ele>
        <time>2026-08-12T09:41:55Z</time>
        <speed>1.292000</speed>
      </trkpt>
      <trkpt lat="59.520904273" lon="26.470028339">
        <ele>13.800</ele>
        <time>2026-08-12T09:41:58Z</time>
        <speed>1.583000</speed>
      </trkpt>
      <trkpt lat="59.520860268" lon="26.470008977">
        <ele>14.200</ele>
        <time>2026-08-12T09:42:01Z</time>
        <speed>1.070000</speed>
      </trkpt>
      <trkpt lat="59.520823890" lon="26.470007719">
        <ele>14.800</ele>
        <time>2026-08-12T09:42:03Z</time>
        <speed>1.638000</speed>
      </trkpt>
      <trkpt lat="59.520789189" lon="26.469988776">
        <ele>15.200</ele>
        <time>2026-08-12T09:42:05Z</time>
        <speed>1.637000</speed>
      </trkpt>
      <trkpt lat="59.520773264" lon="26.469976539">
        <ele>15.400</ele>
        <time>2026-08-12T09:42:06Z</time>
        <speed>1.614000</speed>
      </trkpt>
      <trkpt lat="59.520730264" lon="26.469930438">
        <ele>16.000</ele>
        <time>2026-08-12T09:42:09Z</time>
        <speed>1.564000</speed>
      </trkpt>
      <trkpt lat="59.520717189" lon="26.469928343">
        <ele>16.200</ele>
        <time>2026-08-12T09:42:10Z</time>
        <speed>1.175000</speed>
      </trkpt>
      <trkpt lat="59.520685673" lon="26.469947789">
        <ele>16.600</ele>
        <time>2026-08-12T09:42:12Z</time>
        <speed>1.257000</speed>
      </trkpt>
      <trkpt lat="59.520629849" lon="26.469895067">
        <ele>17.200</ele>
        <time>2026-08-12T09:42:16Z</time>
        <speed>1.551000</speed>
      </trkpt>
      <trkpt lat="59.520617528" lon="26.469872268">
        <ele>17.200</ele>
        <time>2026-08-12T09:42:17Z</time>
        <speed>1.656000</speed>
      </trkpt>
      <trkpt lat="59.520551311" lon="26.469845865">
        <ele>17.800</ele>
        <time>2026-08-12T09:42:22Z</time>
        <speed>1.160000</speed>
      </trkpt>
      <trkpt lat="59.520480568" lon="26.469786186">
        <ele>18.200</ele>
        <time>2026-08-12T09:42:27Z</time>
        <speed>1.678000</speed>
      </trkpt>
      <trkpt lat="59.520463552" lon="26.469776630">
        <ele>18.400</ele>
        <time>2026-08-12T09:42:28Z</time>
        <speed>1.609000</speed>
      </trkpt>
      <trkpt lat="59.520453410" lon="26.469756681">
        <ele>18.600</ele>
        <time>2026-08-12T09:42:29Z</time>
        <speed>1.463000</speed>
      </trkpt>
      <trkpt lat="59.520424996" lon="26.469716867">
        <ele>19.400</ele>
        <time>2026-08-12T09:42:32Z</time>
        <speed>0.778000</speed>
      </trkpt>
      <trkpt lat="59.520413764" lon="26.469718544">
        <ele>19.600</ele>
        <time>2026-08-12T09:42:33Z</time>
        <speed>0.783000</speed>
      </trkpt>
      <trkpt lat="59.520400437" lon="26.469720639">
        <ele>19.600</ele>
        <time>2026-08-12T09:42:34Z</time>
        <speed>1.038000</speed>
      </trkpt>
      <trkpt lat="59.520312762" lon="26.469683843">
        <ele>19.800</ele>
        <time>2026-08-12T09:42:39Z</time>
        <speed>1.526000</speed>
      </trkpt>
      <trkpt lat="59.520284096" lon="26.469652662">
        <ele>20.000</ele>
        <time>2026-08-12T09:42:41Z</time>
        <speed>1.521000</speed>
      </trkpt>
      <trkpt lat="59.520246042" lon="26.469663056">
        <ele>20.200</ele>
        <time>2026-08-12T09:42:43Z</time>
        <speed>0.897000</speed>
      </trkpt>
      <trkpt lat="59.520233553" lon="26.469669593">
        <ele>20.400</ele>
        <time>2026-08-12T09:42:44Z</time>
        <speed>1.064000</speed>
      </trkpt>
      <trkpt lat="59.520221734" lon="26.469667917">
        <ele>20.800</ele>
        <time>2026-08-12T09:42:45Z</time>
        <speed>1.204000</speed>
      </trkpt>
      <trkpt lat="59.520206479" lon="26.469648220">
        <ele>21.000</ele>
        <time>2026-08-12T09:42:46Z</time>
        <speed>1.604000</speed>
      </trkpt>
      <trkpt lat="59.520162391" lon="26.469605137">
        <ele>21.600</ele>
        <time>2026-08-12T09:42:49Z</time>
        <speed>1.650000</speed>
      </trkpt>
      <trkpt lat="59.520140011" lon="26.469566664">
        <ele>21.800</ele>
        <time>2026-08-12T09:42:51Z</time>
        <speed>1.546000</speed>
      </trkpt>
      <trkpt lat="59.520088211" lon="26.469551828">
        <ele>22.400</ele>
        <time>2026-08-12T09:42:57Z</time>
        <speed>0.000000</speed>
      </trkpt>
      <trkpt lat="59.520047307" lon="26.469540261">
        <ele>22.400</ele>
        <time>2026-08-12T09:42:59Z</time>
        <speed>1.032000</speed>
      </trkpt>
      <trkpt lat="59.520021994" lon="26.469511343">
        <ele>22.600</ele>
        <time>2026-08-12T09:43:01Z</time>
        <speed>1.230000</speed>
      </trkpt>
      <trkpt lat="59.520009337" lon="26.469495166">
        <ele>22.800</ele>
        <time>2026-08-12T09:43:02Z</time>
        <speed>1.376000</speed>
      </trkpt>
      <trkpt lat="59.519999530" lon="26.469487958">
        <ele>23.000</ele>
        <time>2026-08-12T09:43:03Z</time>
        <speed>1.107000</speed>
      </trkpt>
      <trkpt lat="59.519924177" lon="26.469435319">
        <ele>23.400</ele>
        <time>2026-08-12T09:43:09Z</time>
        <speed>1.259000</speed>
      </trkpt>
      <trkpt lat="59.519884530" lon="26.469439678">
        <ele>23.600</ele>
        <time>2026-08-12T09:43:12Z</time>
        <speed>1.305000</speed>
      </trkpt>
      <trkpt lat="59.519858882" lon="26.469415370">
        <ele>23.600</ele>
        <time>2026-08-12T09:43:14Z</time>
        <speed>1.095000</speed>
      </trkpt>
      <trkpt lat="59.519848991" lon="26.469407827">
        <ele>23.800</ele>
        <time>2026-08-12T09:43:15Z</time>
        <speed>1.028000</speed>
      </trkpt>
      <trkpt lat="59.519830467" lon="26.469377652">
        <ele>24.200</ele>
        <time>2026-08-12T09:43:17Z</time>
        <speed>1.168000</speed>
      </trkpt>
      <trkpt lat="59.519797107" lon="26.469365163">
        <ele>24.400</ele>
        <time>2026-08-12T09:43:20Z</time>
        <speed>0.995000</speed>
      </trkpt>
    </trkseg>
    <trkseg>
      <trkpt lat="59.519621590" lon="26.469277488">
        <ele>26.400</ele>
        <time>2026-08-12T09:43:34Z</time>
        <speed>1.459000</speed>
      </trkpt>
      <trkpt lat="59.519608347" lon="26.469259970">
        <ele>26.400</ele>
        <time>2026-08-12T09:43:35Z</time>
        <speed>1.450000</speed>
      </trkpt>
      <trkpt lat="59.519595187" lon="26.469237506">
        <ele>26.600</ele>
        <time>2026-08-12T09:43:36Z</time>
        <speed>1.506000</speed>
      </trkpt>
      <trkpt lat="59.519557972" lon="26.469199788">
        <ele>27.400</ele>
        <time>2026-08-12T09:43:39Z</time>
        <speed>0.997000</speed>
      </trkpt>
      <trkpt lat="59.519532155" lon="26.469186125">
        <ele>27.400</ele>
        <time>2026-08-12T09:43:41Z</time>
        <speed>1.114000</speed>
      </trkpt>
      <trkpt lat="59.519502567" lon="26.469168607">
        <ele>27.800</ele>
        <time>2026-08-12T09:43:43Z</time>
        <speed>1.145000</speed>
      </trkpt>
      <trkpt lat="59.519386562" lon="26.469072634">
        <ele>28.200</ele>
        <time>2026-08-12T09:43:50Z</time>
        <speed>1.768000</speed>
      </trkpt>
      <trkpt lat="59.519226970" lon="26.468925197">
        <ele>28.600</ele>
        <time>2026-08-12T09:43:58Z</time>
        <speed>1.932000</speed>
      </trkpt>
      <trkpt lat="59.519205932" lon="26.468906002">
        <ele>28.600</ele>
        <time>2026-08-12T09:43:59Z</time>
        <speed>1.911000</speed>
      </trkpt>
      <trkpt lat="59.519053046" lon="26.468774322">
        <ele>29.400</ele>
        <time>2026-08-12T09:44:08Z</time>
        <speed>1.790000</speed>
      </trkpt>
      <trkpt lat="59.518964197" lon="26.468738699">
        <ele>29.400</ele>
        <time>2026-08-12T09:44:13Z</time>
        <speed>1.851000</speed>
      </trkpt>
      <trkpt lat="59.518945003" lon="26.468748339">
        <ele>29.400</ele>
        <time>2026-08-12T09:44:14Z</time>
        <speed>1.916000</speed>
      </trkpt>
      <trkpt lat="59.518867889" lon="26.468698299">
        <ele>29.200</ele>
        <time>2026-08-12T09:44:18Z</time>
        <speed>2.004000</speed>
      </trkpt>
      <trkpt lat="59.518850036" lon="26.468683043">
        <ele>29.200</ele>
        <time>2026-08-12T09:44:19Z</time>
        <speed>1.939000</speed>
      </trkpt>
      <trkpt lat="59.518817933" lon="26.468644068">
        <ele>29.600</ele>
        <time>2026-08-12T09:44:21Z</time>
        <speed>1.855000</speed>
      </trkpt>
      <trkpt lat="59.518752974" lon="26.468574079">
        <ele>30.200</ele>
        <time>2026-08-12T09:44:25Z</time>
        <speed>2.137000</speed>
      </trkpt>
      <trkpt lat="59.518697066" lon="26.468531163">
        <ele>30.800</ele>
        <time>2026-08-12T09:44:28Z</time>
        <speed>2.204000</speed>
      </trkpt>
      <trkpt lat="59.518655073" lon="26.468508700">
        <ele>30.800</ele>
        <time>2026-08-12T09:44:30Z</time>
        <speed>2.333000</speed>
      </trkpt>
      <trkpt lat="59.518460780" lon="26.468389258">
        <ele>31.200</ele>
        <time>2026-08-12T09:44:39Z</time>
        <speed>2.330000</speed>
      </trkpt>
      <trkpt lat="59.518369921" lon="26.468346678">
        <ele>31.200</ele>
        <time>2026-08-12T09:44:44Z</time>
        <speed>1.464000</speed>
      </trkpt>
    </trkseg>
    <trkseg>
      <trkpt lat="59.518294064" lon="26.468348103">
        <ele>31.400</ele>
        <time>2026-08-12T09:45:17Z</time>
        <speed>1.664000</speed>
      </trkpt>
      <trkpt lat="59.518280150" lon="26.468333770">
        <ele>31.200</ele>
        <time>2026-08-12T09:45:18Z</time>
        <speed>1.752000</speed>
      </trkpt>
      <trkpt lat="59.518166576" lon="26.468272917">
        <ele>31.400</ele>
        <time>2026-08-12T09:45:25Z</time>
        <speed>1.684000</speed>
      </trkpt>
      <trkpt lat="59.518068088" lon="26.468251124">
        <ele>31.400</ele>
        <time>2026-08-12T09:45:31Z</time>
        <speed>1.971000</speed>
      </trkpt>
      <trkpt lat="59.518051911" lon="26.468235450">
        <ele>31.800</ele>
        <time>2026-08-12T09:45:32Z</time>
        <speed>2.007000</speed>
      </trkpt>
      <trkpt lat="59.517953508" lon="26.468215836">
        <ele>32.400</ele>
        <time>2026-08-12T09:45:37Z</time>
        <speed>2.128000</speed>
      </trkpt>
      <trkpt lat="59.517782098" lon="26.468175352">
        <ele>32.400</ele>
        <time>2026-08-12T09:45:45Z</time>
        <speed>2.478000</speed>
      </trkpt>
      <trkpt lat="59.517570874" lon="26.468166718">
        <ele>32.200</ele>
        <time>2026-08-12T09:45:54Z</time>
        <speed>2.631000</speed>
      </trkpt>
      <trkpt lat="59.517327547" lon="26.468187170">
        <ele>32.000</ele>
        <time>2026-08-12T09:46:03Z</time>
        <speed>3.027000</speed>
      </trkpt>
      <trkpt lat="59.517249092" lon="26.468178872">
        <ele>33.000</ele>
        <time>2026-08-12T09:46:06Z</time>
        <speed>2.912000</speed>
      </trkpt>
      <trkpt lat="59.517144989" lon="26.468183231">
        <ele>33.200</ele>
        <time>2026-08-12T09:46:10Z</time>
        <speed>2.823000</speed>
      </trkpt>
      <trkpt lat="59.516923707" lon="26.468217345">
        <ele>33.000</ele>
        <time>2026-08-12T09:46:18Z</time>
        <speed>3.068000</speed>
      </trkpt>
      <trkpt lat="59.516731426" lon="26.468220530">
        <ele>33.400</ele>
        <time>2026-08-12T09:46:25Z</time>
        <speed>2.936000</speed>
      </trkpt>
      <trkpt lat="59.516543001" lon="26.468229918">
        <ele>33.800</ele>
        <time>2026-08-12T09:46:32Z</time>
        <speed>2.930000</speed>
      </trkpt>
      <trkpt lat="59.516336387" lon="26.468260596">
        <ele>33.600</ele>
        <time>2026-08-12T09:46:39Z</time>
        <speed>3.221000</speed>
      </trkpt>
      <trkpt lat="59.516108651" lon="26.468277611">
        <ele>33.400</ele>
        <time>2026-08-12T09:46:47Z</time>
        <speed>2.796000</speed>
      </trkpt>
      <trkpt lat="59.515943360" lon="26.468332345">
        <ele>33.600</ele>
        <time>2026-08-12T09:46:53Z</time>
        <speed>3.008000</speed>
      </trkpt>
      <trkpt lat="59.515677569" lon="26.468488164">
        <ele>33.400</ele>
        <time>2026-08-12T09:47:01Z</time>
        <speed>2.932000</speed>
      </trkpt>
      <trkpt lat="59.515397530" lon="26.468670052">
        <ele>33.600</ele>
        <time>2026-08-12T09:47:09Z</time>
        <speed>3.495000</speed>
      </trkpt>
      <trkpt lat="59.515299043" lon="26.468748590">
        <ele>34.000</ele>
        <time>2026-08-12T09:47:12Z</time>
        <speed>3.317000</speed>
      </trkpt>
      <trkpt lat="59.515124029" lon="26.468884461">
        <ele>34.400</ele>
        <time>2026-08-12T09:47:17Z</time>
        <speed>3.401000</speed>
      </trkpt>
      <trkpt lat="59.514894364" lon="26.469056122">
        <ele>35.000</ele>
        <time>2026-08-12T09:47:24Z</time>
        <speed>3.258000</speed>
      </trkpt>
      <trkpt lat="59.514656570" lon="26.469225353">
        <ele>34.800</ele>
        <time>2026-08-12T09:47:31Z</time>
        <speed>3.652000</speed>
      </trkpt>
      <trkpt lat="59.514427660" lon="26.469424590">
        <ele>34.600</ele>
        <time>2026-08-12T09:47:38Z</time>
        <speed>3.525000</speed>
      </trkpt>
      <trkpt lat="59.514256921" lon="26.469526514">
        <ele>34.800</ele>
        <time>2026-08-12T09:47:44Z</time>
        <speed>3.061000</speed>
      </trkpt>
      <trkpt lat="59.514056342" lon="26.469684597">
        <ele>34.600</ele>
        <time>2026-08-12T09:47:50Z</time>
        <speed>3.387000</speed>
      </trkpt>
      <trkpt lat="59.513781080" lon="26.469852906">
        <ele>35.200</ele>
        <time>2026-08-12T09:47:58Z</time>
        <speed>4.039000</speed>
      </trkpt>
      <trkpt lat="59.513497520" lon="26.469928008">
        <ele>35.000</ele>
        <time>2026-08-12T09:48:06Z</time>
        <speed>3.591000</speed>
      </trkpt>
      <trkpt lat="59.513306580" lon="26.469986597">
        <ele>35.600</ele>
        <time>2026-08-12T09:48:12Z</time>
        <speed>2.766000</speed>
      </trkpt>
      <trkpt lat="59.513090830" lon="26.470007049">
        <ele>35.400</ele>
        <time>2026-08-12T09:48:19Z</time>
        <speed>2.812000</speed>
      </trkpt>
      <trkpt lat="59.512839541" lon="26.470054071">
        <ele>34.800</ele>
        <time>2026-08-12T09:48:26Z</time>
        <speed>3.380000</speed>
      </trkpt>
      <trkpt lat="59.512629490" lon="26.470102184">
        <ele>35.200</ele>
        <time>2026-08-12T09:48:32Z</time>
        <speed>3.346000</speed>
      </trkpt>
      <trkpt lat="59.512394797" lon="26.470157169">
        <ele>35.200</ele>
        <time>2026-08-12T09:48:39Z</time>
        <speed>3.200000</speed>
      </trkpt>
      <trkpt lat="59.512178963" lon="26.470228415">
        <ele>35.400</ele>
        <time>2026-08-12T09:48:45Z</time>
        <speed>3.077000</speed>
      </trkpt>
      <trkpt lat="59.511899427" lon="26.470324052">
        <ele>35.800</ele>
        <time>2026-08-12T09:48:53Z</time>
        <speed>3.209000</speed>
      </trkpt>
      <trkpt lat="59.511776464" lon="26.470355401">
        <ele>36.000</ele>
        <time>2026-08-12T09:48:57Z</time>
        <speed>2.801000</speed>
      </trkpt>
      <trkpt lat="59.511656770" lon="26.470363028">
        <ele>36.200</ele>
        <time>2026-08-12T09:49:01Z</time>
        <speed>2.663000</speed>
      </trkpt>
      <trkpt lat="59.511497682" lon="26.470406950">
        <ele>37.000</ele>
        <time>2026-08-12T09:49:06Z</time>
        <speed>3.398000</speed>
      </trkpt>
      <trkpt lat="59.511463568" lon="26.470417008">
        <ele>37.200</ele>
        <time>2026-08-12T09:49:07Z</time>
        <speed>3.365000</speed>
      </trkpt>
      <trkpt lat="59.511207836" lon="26.470502922">
        <ele>37.400</ele>
        <time>2026-08-12T09:49:15Z</time>
        <speed>3.282000</speed>
      </trkpt>
      <trkpt lat="59.510925952" lon="26.470603840">
        <ele>36.200</ele>
        <time>2026-08-12T09:49:23Z</time>
        <speed>3.739000</speed>
      </trkpt>
      <trkpt lat="59.510892089" lon="26.470621778">
        <ele>36.000</ele>
        <time>2026-08-12T09:49:24Z</time>
        <speed>3.739000</speed>
      </trkpt>
      <trkpt lat="59.510595119" lon="26.470753625">
        <ele>36.000</ele>
        <time>2026-08-12T09:49:32Z</time>
        <speed>4.007000</speed>
      </trkpt>
      <trkpt lat="59.510335615" lon="26.470889999">
        <ele>36.200</ele>
        <time>2026-08-12T09:49:39Z</time>
        <speed>3.981000</speed>
      </trkpt>
      <trkpt lat="59.510027748" lon="26.471064594">
        <ele>36.600</ele>
        <time>2026-08-12T09:49:48Z</time>
        <speed>3.879000</speed>
      </trkpt>
      <trkpt lat="59.509924147" lon="26.471125782">
        <ele>37.200</ele>
        <time>2026-08-12T09:49:51Z</time>
        <speed>3.908000</speed>
      </trkpt>
      <trkpt lat="59.509674199" lon="26.471313620">
        <ele>37.400</ele>
        <time>2026-08-12T09:49:58Z</time>
        <speed>4.048000</speed>
      </trkpt>
      <trkpt lat="59.509390136" lon="26.471538926">
        <ele>36.600</ele>
        <time>2026-08-12T09:50:06Z</time>
        <speed>4.182000</speed>
      </trkpt>
      <trkpt lat="59.509154772" lon="26.471730787">
        <ele>36.600</ele>
        <time>2026-08-12T09:50:13Z</time>
        <speed>3.635000</speed>
      </trkpt>
      <trkpt lat="59.508928461" lon="26.471916782">
        <ele>36.000</ele>
        <time>2026-08-12T09:50:20Z</time>
        <speed>4.187000</speed>
      </trkpt>
      <trkpt lat="59.508893844" lon="26.471955338">
        <ele>36.000</ele>
        <time>2026-08-12T09:50:21Z</time>
        <speed>4.273000</speed>
      </trkpt>
      <trkpt lat="59.508610032" lon="26.472250968">
        <ele>36.800</ele>
        <time>2026-08-12T09:50:29Z</time>
        <speed>4.353000</speed>
      </trkpt>
      <trkpt lat="59.508431749" lon="26.472420115">
        <ele>37.200</ele>
        <time>2026-08-12T09:50:34Z</time>
        <speed>4.299000</speed>
      </trkpt>
      <trkpt lat="59.508320689" lon="26.472522123">
        <ele>37.000</ele>
        <time>2026-08-12T09:50:37Z</time>
        <speed>4.518000</speed>
      </trkpt>
      <trkpt lat="59.507983737" lon="26.472823033">
        <ele>36.600</ele>
        <time>2026-08-12T09:50:46Z</time>
        <speed>4.621000</speed>
      </trkpt>
      <trkpt lat="59.507735549" lon="26.473060073">
        <ele>36.600</ele>
        <time>2026-08-12T09:50:53Z</time>
        <speed>4.288000</speed>
      </trkpt>
      <trkpt lat="59.507481912" lon="26.473315973">
        <ele>36.600</ele>
        <time>2026-08-12T09:51:01Z</time>
        <speed>4.115000</speed>
      </trkpt>
      <trkpt lat="59.507194245" lon="26.473652339">
        <ele>36.800</ele>
        <time>2026-08-12T09:51:10Z</time>
        <speed>4.159000</speed>
      </trkpt>
      <trkpt lat="59.506945219" lon="26.473954674">
        <ele>36.400</ele>
        <time>2026-08-12T09:51:17Z</time>
        <speed>4.814000</speed>
      </trkpt>
      <trkpt lat="59.506770540" lon="26.474183667">
        <ele>36.000</ele>
        <time>2026-08-12T09:51:22Z</time>
        <speed>4.581000</speed>
      </trkpt>
      <trkpt lat="59.506666856" lon="26.474308055">
        <ele>35.800</ele>
        <time>2026-08-12T09:51:25Z</time>
        <speed>4.386000</speed>
      </trkpt>
      <trkpt lat="59.506345158" lon="26.474692114">
        <ele>35.800</ele>
        <time>2026-08-12T09:51:34Z</time>
        <speed>4.684000</speed>
      </trkpt>
      <trkpt lat="59.505998986" lon="26.475077430">
        <ele>36.000</ele>
        <time>2026-08-12T09:51:43Z</time>
        <speed>4.760000</speed>
      </trkpt>
      <trkpt lat="59.505737890" lon="26.475386471">
        <ele>35.400</ele>
        <time>2026-08-12T09:51:50Z</time>
        <speed>4.890000</speed>
      </trkpt>
      <trkpt lat="59.505700339" lon="26.475433493">
        <ele>35.400</ele>
        <time>2026-08-12T09:51:51Z</time>
        <speed>4.899000</speed>
      </trkpt>
      <trkpt lat="59.505595732" lon="26.475580344">
        <ele>35.200</ele>
        <time>2026-08-12T09:51:54Z</time>
        <speed>4.515000</speed>
      </trkpt>
      <trkpt lat="59.505483918" lon="26.475727949">
        <ele>35.200</ele>
        <time>2026-08-12T09:51:57Z</time>
        <speed>4.947000</speed>
      </trkpt>
      <trkpt lat="59.505210835" lon="26.476150481">
        <ele>35.400</ele>
        <time>2026-08-12T09:52:05Z</time>
        <speed>4.734000</speed>
      </trkpt>
      <trkpt lat="59.505110504" lon="26.476327172">
        <ele>35.200</ele>
        <time>2026-08-12T09:52:08Z</time>
        <speed>4.955000</speed>
      </trkpt>
      <trkpt lat="59.505004976" lon="26.476470418">
        <ele>35.400</ele>
        <time>2026-08-12T09:52:11Z</time>
        <speed>4.594000</speed>
      </trkpt>
      <trkpt lat="59.504970107" lon="26.476520961">
        <ele>35.400</ele>
        <time>2026-08-12T09:52:12Z</time>
        <speed>4.637000</speed>
      </trkpt>
      <trkpt lat="59.504759219" lon="26.476861686">
        <ele>35.600</ele>
        <time>2026-08-12T09:52:18Z</time>
        <speed>4.915000</speed>
      </trkpt>
      <trkpt lat="59.504454788" lon="26.477339203">
        <ele>35.800</ele>
        <time>2026-08-12T09:52:27Z</time>
        <speed>4.445000</speed>
      </trkpt>
      <trkpt lat="59.504297292" lon="26.477569873">
        <ele>35.600</ele>
        <time>2026-08-12T09:52:32Z</time>
        <speed>4.528000</speed>
      </trkpt>
      <trkpt lat="59.504264686" lon="26.477610944">
        <ele>35.600</ele>
        <time>2026-08-12T09:52:33Z</time>
        <speed>4.298000</speed>
      </trkpt>
      <trkpt lat="59.503968051" lon="26.478042863">
        <ele>35.800</ele>
        <time>2026-08-12T09:52:42Z</time>
        <speed>4.347000</speed>
      </trkpt>
      <trkpt lat="59.503700836" lon="26.478426000">
        <ele>35.000</ele>
        <time>2026-08-12T09:52:50Z</time>
        <speed>4.652000</speed>
      </trkpt>
      <trkpt lat="59.503665715" lon="26.478473693">
        <ele>34.800</ele>
        <time>2026-08-12T09:52:51Z</time>
        <speed>4.776000</speed>
      </trkpt>
      <trkpt lat="59.503375618" lon="26.478866301">
        <ele>35.000</ele>
        <time>2026-08-12T09:52:59Z</time>
        <speed>4.730000</speed>
      </trkpt>
      <trkpt lat="59.503342677" lon="26.478924807">
        <ele>35.200</ele>
        <time>2026-08-12T09:53:00Z</time>
        <speed>4.757000</speed>
      </trkpt>
      <trkpt lat="59.503159532" lon="26.479168469">
        <ele>35.200</ele>
        <time>2026-08-12T09:53:05Z</time>
        <speed>4.749000</speed>
      </trkpt>
      <trkpt lat="59.502991978" lon="26.479420261">
        <ele>36.000</ele>
        <time>2026-08-12T09:53:10Z</time>
        <speed>4.516000</speed>
      </trkpt>
      <trkpt lat="59.502910422" lon="26.479498129">
        <ele>36.000</ele>
        <time>2026-08-12T09:53:12Z</time>
        <speed>5.148000</speed>
      </trkpt>
      <trkpt lat="59.502631472" lon="26.479864167">
        <ele>36.400</ele>
        <time>2026-08-12T09:53:19Z</time>
        <speed>4.823000</speed>
      </trkpt>
      <trkpt lat="59.502395270" lon="26.480203466">
        <ele>36.200</ele>
        <time>2026-08-12T09:53:26Z</time>
        <speed>4.225000</speed>
      </trkpt>
      <trkpt lat="59.502208102" lon="26.480440423">
        <ele>35.800</ele>
        <time>2026-08-12T09:53:32Z</time>
        <speed>4.285000</speed>
      </trkpt>
      <trkpt lat="59.501856901" lon="26.480803024">
        <ele>36.200</ele>
        <time>2026-08-12T09:53:41Z</time>
        <speed>4.968000</speed>
      </trkpt>
      <trkpt lat="59.501527157" lon="26.481049368">
        <ele>36.400</ele>
        <time>2026-08-12T09:53:49Z</time>
        <speed>4.609000</speed>
      </trkpt>
      <trkpt lat="59.501183499" lon="26.481256988">
        <ele>36.000</ele>
        <time>2026-08-12T09:53:58Z</time>
        <speed>4.317000</speed>
      </trkpt>
      <trkpt lat="59.500933969" lon="26.481425213">
        <ele>35.600</ele>
        <time>2026-08-12T09:54:05Z</time>
        <speed>4.454000</speed>
      </trkpt>
      <trkpt lat="59.500610428" lon="26.481626630">
        <ele>36.600</ele>
        <time>2026-08-12T09:54:13Z</time>
        <speed>4.296000</speed>
      </trkpt>
      <trkpt lat="59.500372130" lon="26.481753029">
        <ele>36.600</ele>
        <time>2026-08-12T09:54:20Z</time>
        <speed>3.498000</speed>
      </trkpt>
      <trkpt lat="59.500303399" lon="26.481803823">
        <ele>37.000</ele>
        <time>2026-08-12T09:54:22Z</time>
        <speed>3.717000</speed>
      </trkpt>
      <trkpt lat="59.500126708" lon="26.481928378">
        <ele>37.400</ele>
        <time>2026-08-12T09:54:27Z</time>
        <speed>4.056000</speed>
      </trkpt>
      <trkpt lat="59.499882208" lon="26.482096100">
        <ele>37.800</ele>
        <time>2026-08-12T09:54:34Z</time>
        <speed>3.967000</speed>
      </trkpt>
      <trkpt lat="59.499649610" lon="26.482236749">
        <ele>37.400</ele>
        <time>2026-08-12T09:54:40Z</time>
        <speed>4.368000</speed>
      </trkpt>
      <trkpt lat="59.499344928" lon="26.482440429">
        <ele>37.000</ele>
        <time>2026-08-12T09:54:48Z</time>
        <speed>4.185000</speed>
      </trkpt>
      <trkpt lat="59.498945531" lon="26.482711500">
        <ele>37.000</ele>
        <time>2026-08-12T09:54:59Z</time>
        <speed>4.363000</speed>
      </trkpt>
      <trkpt lat="59.498663396" lon="26.482895147">
        <ele>37.000</ele>
        <time>2026-08-12T09:55:07Z</time>
        <speed>3.855000</speed>
      </trkpt>
      <trkpt lat="59.498324096" lon="26.483143922">
        <ele>37.000</ele>
        <time>2026-08-12T09:55:17Z</time>
        <speed>3.803000</speed>
      </trkpt>
      <trkpt lat="59.498048080" lon="26.483384483">
        <ele>37.200</ele>
        <time>2026-08-12T09:55:25Z</time>
        <speed>3.684000</speed>
      </trkpt>
      <trkpt lat="59.497792432" lon="26.483604508">
        <ele>37.400</ele>
        <time>2026-08-12T09:55:33Z</time>
        <speed>3.950000</speed>
      </trkpt>
      <trkpt lat="59.497538712" lon="26.483844062">
        <ele>38.200</ele>
        <time>2026-08-12T09:55:41Z</time>
        <speed>3.816000</speed>
      </trkpt>
      <trkpt lat="59.497504262" lon="26.483867867">
        <ele>38.400</ele>
        <time>2026-08-12T09:55:42Z</time>
        <speed>3.904000</speed>
      </trkpt>
      <trkpt lat="59.497443493" lon="26.483917069">
        <ele>38.400</ele>
        <time>2026-08-12T09:55:44Z</time>
        <speed>3.518000</speed>
      </trkpt>
      <trkpt lat="59.497284992" lon="26.484100800">
        <ele>38.800</ele>
        <time>2026-08-12T09:55:50Z</time>
        <speed>3.360000</speed>
      </trkpt>
      <trkpt lat="59.497179799" lon="26.484386623">
        <ele>38.800</ele>
        <time>2026-08-12T09:55:55Z</time>
        <speed>4.072000</speed>
      </trkpt>
      <trkpt lat="59.497058094" lon="26.484879060">
        <ele>38.600</ele>
        <time>2026-08-12T09:56:03Z</time>
        <speed>3.995000</speed>
      </trkpt>
      <trkpt lat="59.496960444" lon="26.485306621">
        <ele>39.000</ele>
        <time>2026-08-12T09:56:10Z</time>
        <speed>3.544000</speed>
      </trkpt>
      <trkpt lat="59.496871177" lon="26.485661007">
        <ele>39.200</ele>
        <time>2026-08-12T09:56:16Z</time>
        <speed>3.677000</speed>
      </trkpt>
      <trkpt lat="59.496858185" lon="26.485716663">
        <ele>39.200</ele>
        <time>2026-08-12T09:56:17Z</time>
        <speed>3.531000</speed>
      </trkpt>
      <trkpt lat="59.496714436" lon="26.486283280">
        <ele>39.200</ele>
        <time>2026-08-12T09:56:26Z</time>
        <speed>3.699000</speed>
      </trkpt>
      <trkpt lat="59.496592479" lon="26.486750739">
        <ele>39.400</ele>
        <time>2026-08-12T09:56:34Z</time>
        <speed>3.557000</speed>
      </trkpt>
      <trkpt lat="59.496426685" lon="26.487359433">
        <ele>40.200</ele>
        <time>2026-08-12T09:56:44Z</time>
        <speed>3.528000</speed>
      </trkpt>
      <trkpt lat="59.496363066" lon="26.487597898">
        <ele>40.200</ele>
        <time>2026-08-12T09:56:48Z</time>
        <speed>3.622000</speed>
      </trkpt>
      <trkpt lat="59.496303471" lon="26.487859748">
        <ele>40.400</ele>
        <time>2026-08-12T09:56:52Z</time>
        <speed>3.592000</speed>
      </trkpt>
      <trkpt lat="59.496150417" lon="26.488464167">
        <ele>40.200</ele>
        <time>2026-08-12T09:57:01Z</time>
        <speed>4.114000</speed>
      </trkpt>
      <trkpt lat="59.495978588" lon="26.489143604">
        <ele>40.400</ele>
        <time>2026-08-12T09:57:11Z</time>
        <speed>3.861000</speed>
      </trkpt>
      <trkpt lat="59.495866019" lon="26.489580218">
        <ele>40.200</ele>
        <time>2026-08-12T09:57:18Z</time>
        <speed>3.477000</speed>
      </trkpt>
      <trkpt lat="59.495734423" lon="26.490074666">
        <ele>40.400</ele>
        <time>2026-08-12T09:57:26Z</time>
        <speed>4.355000</speed>
      </trkpt>
      <trkpt lat="59.495590171" lon="26.490674643">
        <ele>41.000</ele>
        <time>2026-08-12T09:57:35Z</time>
        <speed>3.991000</speed>
      </trkpt>
      <trkpt lat="59.495498640" lon="26.491133301">
        <ele>40.800</ele>
        <time>2026-08-12T09:57:42Z</time>
        <speed>4.153000</speed>
      </trkpt>
      <trkpt lat="59.495401662" lon="26.491716849">
        <ele>40.800</ele>
        <time>2026-08-12T09:57:50Z</time>
        <speed>4.300000</speed>
      </trkpt>
      <trkpt lat="59.495327314" lon="26.492193947">
        <ele>40.600</ele>
        <time>2026-08-12T09:57:56Z</time>
        <speed>4.369000</speed>
      </trkpt>
      <trkpt lat="59.495305354" lon="26.492344737">
        <ele>40.600</ele>
        <time>2026-08-12T09:57:58Z</time>
        <speed>4.210000</speed>
      </trkpt>
      <trkpt lat="59.495249111" lon="26.492789062">
        <ele>41.200</ele>
        <time>2026-08-12T09:58:04Z</time>
        <speed>3.975000</speed>
      </trkpt>
      <trkpt lat="59.495238718" lon="26.492860476">
        <ele>41.200</ele>
        <time>2026-08-12T09:58:05Z</time>
        <speed>4.064000</speed>
      </trkpt>
      <trkpt lat="59.495161939" lon="26.493493561">
        <ele>40.800</ele>
        <time>2026-08-12T09:58:14Z</time>
        <speed>4.000000</speed>
      </trkpt>
      <trkpt lat="59.495123634" lon="26.493834034">
        <ele>40.600</ele>
        <time>2026-08-12T09:58:19Z</time>
        <speed>4.253000</speed>
      </trkpt>
      <trkpt lat="59.495061105" lon="26.494484553">
        <ele>41.400</ele>
        <time>2026-08-12T09:58:28Z</time>
        <speed>3.503000</speed>
      </trkpt>
      <trkpt lat="59.495020201" lon="26.494821422">
        <ele>42.000</ele>
        <time>2026-08-12T09:58:34Z</time>
        <speed>3.137000</speed>
      </trkpt>
      <trkpt lat="59.494993798" lon="26.495039016">
        <ele>42.200</ele>
        <time>2026-08-12T09:58:38Z</time>
        <speed>3.143000</speed>
      </trkpt>
      <trkpt lat="59.494973682" lon="26.495219981">
        <ele>42.600</ele>
        <time>2026-08-12T09:58:41Z</time>
        <speed>3.095000</speed>
      </trkpt>
      <trkpt lat="59.494915092" lon="26.495691044">
        <ele>42.800</ele>
        <time>2026-08-12T09:58:49Z</time>
        <speed>3.350000</speed>
      </trkpt>
      <trkpt lat="59.494851474" lon="26.496194964">
        <ele>43.200</ele>
        <time>2026-08-12T09:58:57Z</time>
        <speed>3.532000</speed>
      </trkpt>
      <trkpt lat="59.494837308" lon="26.496318346">
        <ele>43.200</ele>
        <time>2026-08-12T09:58:59Z</time>
        <speed>3.457000</speed>
      </trkpt>
      <trkpt lat="59.494781401" lon="26.496715397">
        <ele>43.200</ele>
        <time>2026-08-12T09:59:05Z</time>
        <speed>3.576000</speed>
      </trkpt>
      <trkpt lat="59.494717279" lon="26.497213533">
        <ele>44.000</ele>
        <time>2026-08-12T09:59:13Z</time>
        <speed>3.510000</speed>
      </trkpt>
      <trkpt lat="59.494661540" lon="26.497716364">
        <ele>43.800</ele>
        <time>2026-08-12T09:59:21Z</time>
        <speed>3.499000</speed>
      </trkpt>
      <trkpt lat="59.494613260" lon="26.498140404">
        <ele>44.000</ele>
        <time>2026-08-12T09:59:28Z</time>
        <speed>3.422000</speed>
      </trkpt>
      <trkpt lat="59.494585264" lon="26.498421617">
        <ele>44.400</ele>
        <time>2026-08-12T09:59:33Z</time>
        <speed>3.083000</speed>
      </trkpt>
      <trkpt lat="59.494571770" lon="26.498536030">
        <ele>44.600</ele>
        <time>2026-08-12T09:59:35Z</time>
        <speed>3.418000</speed>
      </trkpt>
      <trkpt lat="59.494518293" lon="26.499021091">
        <ele>44.800</ele>
        <time>2026-08-12T09:59:43Z</time>
        <speed>3.261000</speed>
      </trkpt>
      <trkpt lat="59.494461296" lon="26.499516377">
        <ele>45.000</ele>
        <time>2026-08-12T09:59:51Z</time>
        <speed>3.706000</speed>
      </trkpt>
      <trkpt lat="59.494414106" lon="26.499922397">
        <ele>44.800</ele>
        <time>2026-08-12T09:59:57Z</time>
        <speed>3.874000</speed>
      </trkpt>
      <trkpt lat="59.494359791" lon="26.500400417">
        <ele>44.800</ele>
        <time>2026-08-12T10:00:04Z</time>
        <speed>4.002000</speed>
      </trkpt>
      <trkpt lat="59.494295334" lon="26.500942810">
        <ele>45.000</ele>
        <time>2026-08-12T10:00:12Z</time>
        <speed>3.996000</speed>
      </trkpt>
      <trkpt lat="59.494236242" lon="26.501503894">
        <ele>45.200</ele>
        <time>2026-08-12T10:00:20Z</time>
        <speed>4.145000</speed>
      </trkpt>
      <trkpt lat="59.494215287" lon="26.501709754">
        <ele>45.600</ele>
        <time>2026-08-12T10:00:23Z</time>
        <speed>3.771000</speed>
      </trkpt>
      <trkpt lat="59.494177150" lon="26.502055842">
        <ele>45.200</ele>
        <time>2026-08-12T10:00:28Z</time>
        <speed>4.218000</speed>
      </trkpt>
      <trkpt lat="59.494117554" lon="26.502641654">
        <ele>45.200</ele>
        <time>2026-08-12T10:00:36Z</time>
        <speed>4.329000</speed>
      </trkpt>
      <trkpt lat="59.494059635" lon="26.503164936">
        <ele>45.400</ele>
        <time>2026-08-12T10:00:43Z</time>
        <speed>4.528000</speed>
      </trkpt>
      <trkpt lat="59.494006662" lon="26.503670951">
        <ele>45.400</ele>
        <time>2026-08-12T10:00:50Z</time>
        <speed>3.998000</speed>
      </trkpt>
      <trkpt lat="59.493951090" lon="26.504214266">
        <ele>46.000</ele>
        <time>2026-08-12T10:00:58Z</time>
        <speed>3.822000</speed>
      </trkpt>
      <trkpt lat="59.493885962" lon="26.504778536">
        <ele>45.600</ele>
        <time>2026-08-12T10:01:07Z</time>
        <speed>3.670000</speed>
      </trkpt>
      <trkpt lat="59.493830474" lon="26.505168797">
        <ele>46.200</ele>
        <time>2026-08-12T10:01:14Z</time>
        <speed>2.678000</speed>
      </trkpt>
      <trkpt lat="59.493789570" lon="26.505504660">
        <ele>46.400</ele>
        <time>2026-08-12T10:01:20Z</time>
        <speed>3.653000</speed>
      </trkpt>
      <trkpt lat="59.493713044" lon="26.505843122">
        <ele>46.400</ele>
        <time>2026-08-12T10:01:26Z</time>
        <speed>3.543000</speed>
      </trkpt>
      <trkpt lat="59.493676247" lon="26.505936831">
        <ele>46.600</ele>
        <time>2026-08-12T10:01:28Z</time>
        <speed>3.036000</speed>
      </trkpt>
      <trkpt lat="59.493657891" lon="26.505969018">
        <ele>46.600</ele>
        <time>2026-08-12T10:01:29Z</time>
        <speed>2.452000</speed>
      </trkpt>
      <trkpt lat="59.493592596" lon="26.506052585">
        <ele>46.600</ele>
        <time>2026-08-12T10:01:33Z</time>
        <speed>2.153000</speed>
      </trkpt>
      <trkpt lat="59.493526714" lon="26.506298762">
        <ele>46.800</ele>
        <time>2026-08-12T10:01:39Z</time>
        <speed>2.865000</speed>
      </trkpt>
      <trkpt lat="59.493570551" lon="26.506521637">
        <ele>47.000</ele>
        <time>2026-08-12T10:01:43Z</time>
        <speed>3.976000</speed>
      </trkpt>
      <trkpt lat="59.493579520" lon="26.506592799">
        <ele>47.000</ele>
        <time>2026-08-12T10:01:44Z</time>
        <speed>4.086000</speed>
      </trkpt>
      <trkpt lat="59.493675744" lon="26.507004686">
        <ele>46.400</ele>
        <time>2026-08-12T10:01:50Z</time>
        <speed>3.959000</speed>
      </trkpt>
      <trkpt lat="59.493788816" lon="26.507414896">
        <ele>47.000</ele>
        <time>2026-08-12T10:01:57Z</time>
        <speed>3.743000</speed>
      </trkpt>
      <trkpt lat="59.493915550" lon="26.507850084">
        <ele>47.600</ele>
        <time>2026-08-12T10:02:05Z</time>
        <speed>3.436000</speed>
      </trkpt>
      <trkpt lat="59.494047146" lon="26.508350233">
        <ele>47.200</ele>
        <time>2026-08-12T10:02:14Z</time>
        <speed>3.697000</speed>
      </trkpt>
      <trkpt lat="59.494161308" lon="26.508767232">
        <ele>47.800</ele>
        <time>2026-08-12T10:02:21Z</time>
        <speed>3.715000</speed>
      </trkpt>
      <trkpt lat="59.494339088" lon="26.509413645">
        <ele>48.200</ele>
        <time>2026-08-12T10:02:32Z</time>
        <speed>3.446000</speed>
      </trkpt>
      <trkpt lat="59.494484263" lon="26.509948997">
        <ele>48.200</ele>
        <time>2026-08-12T10:02:41Z</time>
        <speed>4.030000</speed>
      </trkpt>
      <trkpt lat="59.494627509" lon="26.510411510">
        <ele>48.400</ele>
        <time>2026-08-12T10:02:49Z</time>
        <speed>3.786000</speed>
      </trkpt>
      <trkpt lat="59.494746868" lon="26.510729603">
        <ele>48.600</ele>
        <time>2026-08-12T10:02:55Z</time>
        <speed>3.602000</speed>
      </trkpt>
      <trkpt lat="59.494768409" lon="26.510778386">
        <ele>48.800</ele>
        <time>2026-08-12T10:02:56Z</time>
        <speed>3.581000</speed>
      </trkpt>
      <trkpt lat="59.494939232" lon="26.511056498">
        <ele>49.200</ele>
        <time>2026-08-12T10:03:03Z</time>
        <speed>3.272000</speed>
      </trkpt>
      <trkpt lat="59.495044257" lon="26.511284905">
        <ele>49.400</ele>
        <time>2026-08-12T10:03:09Z</time>
        <speed>3.067000</speed>
      </trkpt>
      <trkpt lat="59.495068481" lon="26.511587743">
        <ele>49.400</ele>
        <time>2026-08-12T10:03:15Z</time>
        <speed>3.457000</speed>
      </trkpt>
      <trkpt lat="59.495033948" lon="26.511967443">
        <ele>49.200</ele>
        <time>2026-08-12T10:03:21Z</time>
        <speed>3.309000</speed>
      </trkpt>
      <trkpt lat="59.495102260" lon="26.512299702">
        <ele>49.400</ele>
        <time>2026-08-12T10:03:27Z</time>
        <speed>3.491000</speed>
      </trkpt>
      <trkpt lat="59.495193455" lon="26.512633720">
        <ele>49.800</ele>
        <time>2026-08-12T10:03:33Z</time>
        <speed>3.379000</speed>
      </trkpt>
      <trkpt lat="59.495235030" lon="26.512780571">
        <ele>50.200</ele>
        <time>2026-08-12T10:03:36Z</time>
        <speed>3.262000</speed>
      </trkpt>
      <trkpt lat="59.495322956" lon="26.513114758">
        <ele>50.000</ele>
        <time>2026-08-12T10:03:42Z</time>
        <speed>3.498000</speed>
      </trkpt>
      <trkpt lat="59.495416582" lon="26.513456153">
        <ele>50.000</ele>
        <time>2026-08-12T10:03:48Z</time>
        <speed>3.717000</speed>
      </trkpt>
      <trkpt lat="59.495503586" lon="26.513844403">
        <ele>50.800</ele>
        <time>2026-08-12T10:03:55Z</time>
        <speed>3.185000</speed>
      </trkpt>
      <trkpt lat="59.495560164" lon="26.514152689">
        <ele>51.600</ele>
        <time>2026-08-12T10:04:01Z</time>
        <speed>3.086000</speed>
      </trkpt>
      <trkpt lat="59.495679438" lon="26.514574885">
        <ele>51.600</ele>
        <time>2026-08-12T10:04:09Z</time>
        <speed>3.345000</speed>
      </trkpt>
      <trkpt lat="59.495751187" lon="26.514825504">
        <ele>51.600</ele>
        <time>2026-08-12T10:04:14Z</time>
        <speed>3.149000</speed>
      </trkpt>
      <trkpt lat="59.495848166" lon="26.515044188">
        <ele>51.600</ele>
        <time>2026-08-12T10:04:20Z</time>
        <speed>2.492000</speed>
      </trkpt>
      <trkpt lat="59.495875156" lon="26.515128259">
        <ele>52.200</ele>
        <time>2026-08-12T10:04:22Z</time>
        <speed>2.979000</speed>
      </trkpt>
      <trkpt lat="59.495936176" lon="26.515386337">
        <ele>52.400</ele>
        <time>2026-08-12T10:04:27Z</time>
        <speed>3.297000</speed>
      </trkpt>
      <trkpt lat="59.496058887" lon="26.515852120">
        <ele>52.200</ele>
        <time>2026-08-12T10:04:35Z</time>
        <speed>3.369000</speed>
      </trkpt>
      <trkpt lat="59.496160308" lon="26.516246237">
        <ele>52.200</ele>
        <time>2026-08-12T10:04:42Z</time>
        <speed>3.466000</speed>
      </trkpt>
      <trkpt lat="59.496281175" lon="26.516737668">
        <ele>52.600</ele>
        <time>2026-08-12T10:04:51Z</time>
        <speed>3.516000</speed>
      </trkpt>
      <trkpt lat="59.496365497" lon="26.517162211">
        <ele>53.200</ele>
        <time>2026-08-12T10:04:58Z</time>
        <speed>3.530000</speed>
      </trkpt>
      <trkpt lat="59.496379159" lon="26.517221136">
        <ele>53.200</ele>
        <time>2026-08-12T10:04:59Z</time>
        <speed>3.689000</speed>
      </trkpt>
      <trkpt lat="59.496454597" lon="26.517708879">
        <ele>52.800</ele>
        <time>2026-08-12T10:05:07Z</time>
        <speed>3.675000</speed>
      </trkpt>
      <trkpt lat="59.496480916" lon="26.517977687">
        <ele>52.800</ele>
        <time>2026-08-12T10:05:12Z</time>
        <speed>1.749000</speed>
      </trkpt>
    </trkseg>
    <trkseg>
      <trkpt lat="59.496497093" lon="26.518050777">
        <ele>52.200</ele>
        <time>2026-08-12T10:06:31Z</time>
        <speed>1.778000</speed>
      </trkpt>
      <trkpt lat="59.496502709" lon="26.518260995">
        <ele>52.200</ele>
        <time>2026-08-12T10:06:35Z</time>
        <speed>3.148000</speed>
      </trkpt>
      <trkpt lat="59.496504972" lon="26.518323189">
        <ele>52.200</ele>
        <time>2026-08-12T10:06:36Z</time>
        <speed>3.339000</speed>
      </trkpt>
      <trkpt lat="59.496507235" lon="26.518387226">
        <ele>52.000</ele>
        <time>2026-08-12T10:06:37Z</time>
        <speed>3.434000</speed>
      </trkpt>
      <trkpt lat="59.496536907" lon="26.518812021">
        <ele>51.600</ele>
        <time>2026-08-12T10:06:43Z</time>
        <speed>4.360000</speed>
      </trkpt>
      <trkpt lat="59.496551408" lon="26.519165402">
        <ele>51.000</ele>
        <time>2026-08-12T10:06:47Z</time>
        <speed>5.334000</speed>
      </trkpt>
      <trkpt lat="59.496561550" lon="26.519362712">
        <ele>50.400</ele>
        <time>2026-08-12T10:06:49Z</time>
        <speed>5.600000</speed>
      </trkpt>
      <trkpt lat="59.496583343" lon="26.519783568">
        <ele>49.800</ele>
        <time>2026-08-12T10:06:53Z</time>
        <speed>6.015000</speed>
      </trkpt>
      <trkpt lat="59.496596670" lon="26.520009041">
        <ele>49.200</ele>
        <time>2026-08-12T10:06:55Z</time>
        <speed>6.490000</speed>
      </trkpt>
      <trkpt lat="59.496604465" lon="26.520122280">
        <ele>48.800</ele>
        <time>2026-08-12T10:06:56Z</time>
        <speed>6.340000</speed>
      </trkpt>
      <trkpt lat="59.496637406" lon="26.520678084">
        <ele>47.600</ele>
        <time>2026-08-12T10:07:01Z</time>
        <speed>6.448000</speed>
      </trkpt>
      <trkpt lat="59.496664312" lon="26.521013528">
        <ele>46.600</ele>
        <time>2026-08-12T10:07:04Z</time>
        <speed>6.214000</speed>
      </trkpt>
      <trkpt lat="59.496686189" lon="26.521338997">
        <ele>46.400</ele>
        <time>2026-08-12T10:07:07Z</time>
        <speed>6.441000</speed>
      </trkpt>
      <trkpt lat="59.496702617" lon="26.521563465">
        <ele>45.400</ele>
        <time>2026-08-12T10:07:09Z</time>
        <speed>6.189000</speed>
      </trkpt>
      <trkpt lat="59.496725164" lon="26.521870410">
        <ele>44.200</ele>
        <time>2026-08-12T10:07:12Z</time>
        <speed>5.732000</speed>
      </trkpt>
      <trkpt lat="59.496737318" lon="26.522072917">
        <ele>43.400</ele>
        <time>2026-08-12T10:07:14Z</time>
        <speed>5.789000</speed>
      </trkpt>
      <trkpt lat="59.496743269" lon="26.522169225">
        <ele>43.000</ele>
        <time>2026-08-12T10:07:15Z</time>
        <speed>5.548000</speed>
      </trkpt>
      <trkpt lat="59.496764140" lon="26.522581279">
        <ele>42.000</ele>
        <time>2026-08-12T10:07:20Z</time>
        <speed>3.568000</speed>
      </trkpt>
      <trkpt lat="59.496787945" lon="26.522844639">
        <ele>40.800</ele>
        <time>2026-08-12T10:07:24Z</time>
        <speed>3.960000</speed>
      </trkpt>
      <trkpt lat="59.496790124" lon="26.522917394">
        <ele>40.000</ele>
        <time>2026-08-12T10:07:25Z</time>
        <speed>4.160000</speed>
      </trkpt>
      <trkpt lat="59.496799931" lon="26.522974726">
        <ele>39.800</ele>
        <time>2026-08-12T10:07:26Z</time>
        <speed>3.212000</speed>
      </trkpt>
      <trkpt lat="59.496841924" lon="26.523008002">
        <ele>40.000</ele>
        <time>2026-08-12T10:07:28Z</time>
        <speed>2.727000</speed>
      </trkpt>
      <trkpt lat="59.496892719" lon="26.523001296">
        <ele>41.000</ele>
        <time>2026-08-12T10:07:30Z</time>
        <speed>2.832000</speed>
      </trkpt>
      <trkpt lat="59.496945022" lon="26.523010433">
        <ele>41.600</ele>
        <time>2026-08-12T10:07:32Z</time>
        <speed>2.898000</speed>
      </trkpt>
      <trkpt lat="59.496999839" lon="26.523009427">
        <ele>40.800</ele>
        <time>2026-08-12T10:07:34Z</time>
        <speed>3.001000</speed>
      </trkpt>
      <trkpt lat="59.497056333" lon="26.523015127">
        <ele>39.800</ele>
        <time>2026-08-12T10:07:36Z</time>
        <speed>3.163000</speed>
      </trkpt>
      <trkpt lat="59.497137722" lon="26.523065334">
        <ele>40.400</ele>
        <time>2026-08-12T10:07:39Z</time>
        <speed>3.361000</speed>
      </trkpt>
      <trkpt lat="59.497146020" lon="26.523116715">
        <ele>40.400</ele>
        <time>2026-08-12T10:07:40Z</time>
        <speed>3.038000</speed>
      </trkpt>
      <trkpt lat="59.497150881" lon="26.523470180">
        <ele>39.600</ele>
        <time>2026-08-12T10:07:45Z</time>
        <speed>4.392000</speed>
      </trkpt>
      <trkpt lat="59.497146690" lon="26.523548970">
        <ele>39.400</ele>
        <time>2026-08-12T10:07:46Z</time>
        <speed>4.574000</speed>
      </trkpt>
      <trkpt lat="59.497144930" lon="26.523875361">
        <ele>39.000</ele>
        <time>2026-08-12T10:07:50Z</time>
        <speed>4.589000</speed>
      </trkpt>
      <trkpt lat="59.497145517" lon="26.523957839">
        <ele>39.000</ele>
        <time>2026-08-12T10:07:51Z</time>
        <speed>4.632000</speed>
      </trkpt>
      <trkpt lat="59.497138811" lon="26.524127992">
        <ele>38.800</ele>
        <time>2026-08-12T10:07:53Z</time>
        <speed>4.777000</speed>
      </trkpt>
      <trkpt lat="59.497132106" lon="26.524305521">
        <ele>38.800</ele>
        <time>2026-08-12T10:07:55Z</time>
        <speed>5.139000</speed>
      </trkpt>
      <trkpt lat="59.497129172" lon="26.524393363">
        <ele>39.000</ele>
        <time>2026-08-12T10:07:56Z</time>
        <speed>5.013000</speed>
      </trkpt>
      <trkpt lat="59.497116683" lon="26.524652867">
        <ele>39.400</ele>
        <time>2026-08-12T10:07:59Z</time>
        <speed>4.817000</speed>
      </trkpt>
      <trkpt lat="59.497112576" lon="26.524805082">
        <ele>38.200</ele>
        <time>2026-08-12T10:08:01Z</time>
        <speed>4.219000</speed>
      </trkpt>
      <trkpt lat="59.497153815" lon="26.524912454">
        <ele>37.800</ele>
        <time>2026-08-12T10:08:03Z</time>
        <speed>3.757000</speed>
      </trkpt>
      <trkpt lat="59.497184912" lon="26.524946485">
        <ele>37.600</ele>
        <time>2026-08-12T10:08:04Z</time>
        <speed>3.912000</speed>
      </trkpt>
      <trkpt lat="59.497250877" lon="26.524996106">
        <ele>37.600</ele>
        <time>2026-08-12T10:08:06Z</time>
        <speed>3.907000</speed>
      </trkpt>
      <trkpt lat="59.497395884" lon="26.525091073">
        <ele>38.600</ele>
        <time>2026-08-12T10:08:10Z</time>
        <speed>4.445000</speed>
      </trkpt>
      <trkpt lat="59.497433938" lon="26.525117140">
        <ele>38.800</ele>
        <time>2026-08-12T10:08:11Z</time>
        <speed>4.493000</speed>
      </trkpt>
      <trkpt lat="59.497619346" lon="26.525248736">
        <ele>38.800</ele>
        <time>2026-08-12T10:08:16Z</time>
        <speed>4.182000</speed>
      </trkpt>
      <trkpt lat="59.497875245" lon="26.525438922">
        <ele>39.000</ele>
        <time>2026-08-12T10:08:23Z</time>
        <speed>4.047000</speed>
      </trkpt>
      <trkpt lat="59.498045817" lon="26.525550317">
        <ele>39.000</ele>
        <time>2026-08-12T10:08:28Z</time>
        <speed>4.070000</speed>
      </trkpt>
      <trkpt lat="59.498261148" lon="26.525711836">
        <ele>39.400</ele>
        <time>2026-08-12T10:08:35Z</time>
        <speed>2.540000</speed>
      </trkpt>
      <trkpt lat="59.498367682" lon="26.525842510">
        <ele>38.400</ele>
        <time>2026-08-12T10:08:40Z</time>
        <speed>2.921000</speed>
      </trkpt>
      <trkpt lat="59.498381764" lon="26.526020542">
        <ele>38.600</ele>
        <time>2026-08-12T10:08:44Z</time>
        <speed>2.910000</speed>
      </trkpt>
      <trkpt lat="59.498423003" lon="26.526100421">
        <ele>38.400</ele>
        <time>2026-08-12T10:08:46Z</time>
        <speed>3.044000</speed>
      </trkpt>
      <trkpt lat="59.498471031" lon="26.526156329">
        <ele>38.000</ele>
        <time>2026-08-12T10:08:48Z</time>
        <speed>2.909000</speed>
      </trkpt>
      <trkpt lat="59.498523502" lon="26.526340647">
        <ele>38.800</ele>
        <time>2026-08-12T10:08:53Z</time>
        <speed>2.260000</speed>
      </trkpt>
      <trkpt lat="59.498575637" lon="26.526523288">
        <ele>39.000</ele>
        <time>2026-08-12T10:08:57Z</time>
        <speed>3.145000</speed>
      </trkpt>
      <trkpt lat="59.498612601" lon="26.526619345">
        <ele>39.400</ele>
        <time>2026-08-12T10:08:59Z</time>
        <speed>3.290000</speed>
      </trkpt>
      <trkpt lat="59.498732965" lon="26.526953112">
        <ele>37.000</ele>
        <time>2026-08-12T10:09:06Z</time>
        <speed>2.877000</speed>
      </trkpt>
      <trkpt lat="59.498748304" lon="26.526994519">
        <ele>35.800</ele>
        <time>2026-08-12T10:09:07Z</time>
        <speed>2.825000</speed>
      </trkpt>
      <trkpt lat="59.498794321" lon="26.527125025">
        <ele>37.800</ele>
        <time>2026-08-12T10:09:10Z</time>
        <speed>2.983000</speed>
      </trkpt>
      <trkpt lat="59.498881996" lon="26.527361814">
        <ele>38.600</ele>
        <time>2026-08-12T10:09:15Z</time>
        <speed>3.424000</speed>
      </trkpt>
      <trkpt lat="59.498901190" lon="26.527409591">
        <ele>39.200</ele>
        <time>2026-08-12T10:09:16Z</time>
        <speed>3.427000</speed>
      </trkpt>
      <trkpt lat="59.498999175" lon="26.527636657">
        <ele>38.000</ele>
        <time>2026-08-12T10:09:21Z</time>
        <speed>3.171000</speed>
      </trkpt>
      <trkpt lat="59.499030355" lon="26.527728187">
        <ele>38.000</ele>
        <time>2026-08-12T10:09:23Z</time>
        <speed>2.941000</speed>
      </trkpt>
      <trkpt lat="59.499136638" lon="26.528018871">
        <ele>37.200</ele>
        <time>2026-08-12T10:09:30Z</time>
        <speed>2.332000</speed>
      </trkpt>
      <trkpt lat="59.499226073" lon="26.528206458">
        <ele>38.400</ele>
        <time>2026-08-12T10:09:37Z</time>
        <speed>1.992000</speed>
      </trkpt>
      <trkpt lat="59.499290278" lon="26.528267311">
        <ele>37.400</ele>
        <time>2026-08-12T10:09:41Z</time>
        <speed>1.850000</speed>
      </trkpt>
      <trkpt lat="59.499306371" lon="26.528283572">
        <ele>36.800</ele>
        <time>2026-08-12T10:09:42Z</time>
        <speed>1.853000</speed>
      </trkpt>
      <trkpt lat="59.499338055" lon="26.528323637">
        <ele>36.800</ele>
        <time>2026-08-12T10:09:44Z</time>
        <speed>1.835000</speed>
      </trkpt>
      <trkpt lat="59.499364290" lon="26.528389687">
        <ele>37.000</ele>
        <time>2026-08-12T10:09:47Z</time>
        <speed>1.385000</speed>
      </trkpt>
      <trkpt lat="59.499429502" lon="26.528367894">
        <ele>35.800</ele>
        <time>2026-08-12T10:09:52Z</time>
        <speed>1.550000</speed>
      </trkpt>
      <trkpt lat="59.499428747" lon="26.528289774">
        <ele>36.400</ele>
        <time>2026-08-12T10:09:55Z</time>
        <speed>1.549000</speed>
      </trkpt>
      <trkpt lat="59.499422796" lon="26.528266137">
        <ele>37.000</ele>
        <time>2026-08-12T10:09:56Z</time>
        <speed>1.403000</speed>
      </trkpt>
      <trkpt lat="59.499416091" lon="26.528248955">
        <ele>37.200</ele>
        <time>2026-08-12T10:09:57Z</time>
        <speed>1.288000</speed>
      </trkpt>
      <trkpt lat="59.499409301" lon="26.528189275">
        <ele>35.200</ele>
        <time>2026-08-12T10:10:00Z</time>
        <speed>1.510000</speed>
      </trkpt>
      <trkpt lat="59.499419527" lon="26.528128171">
        <ele>36.800</ele>
        <time>2026-08-12T10:10:02Z</time>
        <speed>1.701000</speed>
      </trkpt>
      <trkpt lat="59.499429585" lon="26.528068995">
        <ele>37.800</ele>
        <time>2026-08-12T10:10:04Z</time>
        <speed>1.634000</speed>
      </trkpt>
      <trkpt lat="59.499425394" lon="26.528024487">
        <ele>37.200</ele>
        <time>2026-08-12T10:10:06Z</time>
        <speed>1.255000</speed>
      </trkpt>
      <trkpt lat="59.499417683" lon="26.528002108">
        <ele>36.800</ele>
        <time>2026-08-12T10:10:07Z</time>
        <speed>1.391000</speed>
      </trkpt>
      <trkpt lat="59.499408295" lon="26.527978303">
        <ele>36.200</ele>
        <time>2026-08-12T10:10:08Z</time>
        <speed>1.682000</speed>
      </trkpt>
      <trkpt lat="59.499346940" lon="26.527887862">
        <ele>38.000</ele>
        <time>2026-08-12T10:10:13Z</time>
        <speed>1.401000</speed>
      </trkpt>
      <trkpt lat="59.499326991" lon="26.527897250">
        <ele>39.000</ele>
        <time>2026-08-12T10:10:16Z</time>
        <speed>0.000000</speed>
      </trkpt>
    </trkseg>
    <trkseg>
      <trkpt lat="59.499282734" lon="26.527873026">
        <ele>39.000</ele>
        <time>2026-08-12T10:10:24Z</time>
        <speed>1.702000</speed>
      </trkpt>
    </trkseg>
    <trkseg>
      <trkpt lat="59.499202520" lon="26.527956342">
        <ele>37.600</ele>
        <time>2026-08-12T11:00:31Z</time>
        <speed>1.695000</speed>
      </trkpt>
      <trkpt lat="59.499258343" lon="26.527977632">
        <ele>37.600</ele>
        <time>2026-08-12T11:00:34Z</time>
        <speed>2.241000</speed>
      </trkpt>
      <trkpt lat="59.499372421" lon="26.528061954">
        <ele>36.600</ele>
        <time>2026-08-12T11:00:39Z</time>
        <speed>2.881000</speed>
      </trkpt>
      <trkpt lat="59.499398572" lon="26.528079975">
        <ele>36.400</ele>
        <time>2026-08-12T11:00:40Z</time>
        <speed>3.151000</speed>
      </trkpt>
      <trkpt lat="59.499426987" lon="26.528079137">
        <ele>36.400</ele>
        <time>2026-08-12T11:00:41Z</time>
        <speed>3.336000</speed>
      </trkpt>
      <trkpt lat="59.499512734" lon="26.528093135">
        <ele>35.800</ele>
        <time>2026-08-12T11:00:44Z</time>
        <speed>3.410000</speed>
      </trkpt>
      <trkpt lat="59.499544417" lon="26.528273262">
        <ele>36.400</ele>
        <time>2026-08-12T11:00:48Z</time>
        <speed>2.540000</speed>
      </trkpt>
      <trkpt lat="59.499547686" lon="26.528362865">
        <ele>36.200</ele>
        <time>2026-08-12T11:00:50Z</time>
        <speed>2.490000</speed>
      </trkpt>
      <trkpt lat="59.499570485" lon="26.528593954">
        <ele>36.200</ele>
        <time>2026-08-12T11:00:55Z</time>
        <speed>2.610000</speed>
      </trkpt>
      <trkpt lat="59.499617256" lon="26.529002152">
        <ele>37.200</ele>
        <time>2026-08-12T11:01:03Z</time>
        <speed>2.666000</speed>
      </trkpt>
      <trkpt lat="59.499644581" lon="26.529370369">
        <ele>37.400</ele>
        <time>2026-08-12T11:01:09Z</time>
        <speed>3.418000</speed>
      </trkpt>
      <trkpt lat="59.499693280" lon="26.529855598">
        <ele>37.000</ele>
        <time>2026-08-12T11:01:16Z</time>
        <speed>3.733000</speed>
      </trkpt>
      <trkpt lat="59.499756228" lon="26.530360943">
        <ele>36.600</ele>
        <time>2026-08-12T11:01:23Z</time>
        <speed>3.943000</speed>
      </trkpt>
      <trkpt lat="59.499831162" lon="26.530824965">
        <ele>36.600</ele>
        <time>2026-08-12T11:01:30Z</time>
        <speed>3.474000</speed>
      </trkpt>
      <trkpt lat="59.499897379" lon="26.531255627">
        <ele>36.600</ele>
        <time>2026-08-12T11:01:37Z</time>
        <speed>3.607000</speed>
      </trkpt>
      <trkpt lat="59.499961752" lon="26.531561734">
        <ele>36.000</ele>
        <time>2026-08-12T11:01:42Z</time>
        <speed>3.458000</speed>
      </trkpt>
      <trkpt lat="59.500031825" lon="26.532101193">
        <ele>36.000</ele>
        <time>2026-08-12T11:01:50Z</time>
        <speed>3.933000</speed>
      </trkpt>
      <trkpt lat="59.500044733" lon="26.532476619">
        <ele>36.200</ele>
        <time>2026-08-12T11:01:56Z</time>
        <speed>3.458000</speed>
      </trkpt>
      <trkpt lat="59.500045320" lon="26.532536717">
        <ele>36.200</ele>
        <time>2026-08-12T11:01:57Z</time>
        <speed>3.355000</speed>
      </trkpt>
      <trkpt lat="59.500074657" lon="26.532732518">
        <ele>35.400</ele>
        <time>2026-08-12T11:02:00Z</time>
        <speed>3.775000</speed>
      </trkpt>
      <trkpt lat="59.500144059" lon="26.533292765">
        <ele>36.400</ele>
        <time>2026-08-12T11:02:08Z</time>
        <speed>4.031000</speed>
      </trkpt>
      <trkpt lat="59.500218574" lon="26.533819735">
        <ele>35.000</ele>
        <time>2026-08-12T11:02:16Z</time>
        <speed>3.386000</speed>
      </trkpt>
      <trkpt lat="59.500283198" lon="26.534248972">
        <ele>36.200</ele>
        <time>2026-08-12T11:02:24Z</time>
        <speed>2.537000</speed>
      </trkpt>
      <trkpt lat="59.500336507" lon="26.534348382">
        <ele>36.800</ele>
        <time>2026-08-12T11:02:28Z</time>
        <speed>1.803000</speed>
      </trkpt>
      <trkpt lat="59.500377411" lon="26.534595480">
        <ele>36.000</ele>
        <time>2026-08-12T11:02:33Z</time>
        <speed>3.294000</speed>
      </trkpt>
      <trkpt lat="59.500433151" lon="26.534914495">
        <ele>35.600</ele>
        <time>2026-08-12T11:02:38Z</time>
        <speed>3.892000</speed>
      </trkpt>
      <trkpt lat="59.500473635" lon="26.535189589">
        <ele>36.200</ele>
        <time>2026-08-12T11:02:42Z</time>
        <speed>3.968000</speed>
      </trkpt>
      <trkpt lat="59.500557454" lon="26.535744388">
        <ele>35.800</ele>
        <time>2026-08-12T11:02:50Z</time>
        <speed>3.907000</speed>
      </trkpt>
      <trkpt lat="59.500543121" lon="26.536174798">
        <ele>36.000</ele>
        <time>2026-08-12T11:02:56Z</time>
        <speed>4.078000</speed>
      </trkpt>
      <trkpt lat="59.500505319" lon="26.536432290">
        <ele>36.800</ele>
        <time>2026-08-12T11:03:00Z</time>
        <speed>3.547000</speed>
      </trkpt>
      <trkpt lat="59.500496099" lon="26.536554666">
        <ele>37.400</ele>
        <time>2026-08-12T11:03:02Z</time>
        <speed>3.459000</speed>
      </trkpt>
      <trkpt lat="59.500438599" lon="26.537022125">
        <ele>37.200</ele>
        <time>2026-08-12T11:03:09Z</time>
        <speed>3.912000</speed>
      </trkpt>
      <trkpt lat="59.500433402" lon="26.537090940">
        <ele>37.200</ele>
        <time>2026-08-12T11:03:10Z</time>
        <speed>3.876000</speed>
      </trkpt>
      <trkpt lat="59.500383697" lon="26.537428396">
        <ele>36.800</ele>
        <time>2026-08-12T11:03:15Z</time>
        <speed>4.155000</speed>
      </trkpt>
      <trkpt lat="59.500301555" lon="26.538017225">
        <ele>36.400</ele>
        <time>2026-08-12T11:03:23Z</time>
        <speed>4.363000</speed>
      </trkpt>
      <trkpt lat="59.500222849" lon="26.538702613">
        <ele>36.200</ele>
        <time>2026-08-12T11:03:32Z</time>
        <speed>4.285000</speed>
      </trkpt>
      <trkpt lat="59.500112543" lon="26.539238719">
        <ele>36.000</ele>
        <time>2026-08-12T11:03:40Z</time>
        <speed>3.959000</speed>
      </trkpt>
      <trkpt lat="59.499969380" lon="26.539328322">
        <ele>36.000</ele>
        <time>2026-08-12T11:03:44Z</time>
        <speed>4.420000</speed>
      </trkpt>
      <trkpt lat="59.499889417" lon="26.539368052">
        <ele>36.000</ele>
        <time>2026-08-12T11:03:46Z</time>
        <speed>4.505000</speed>
      </trkpt>
      <trkpt lat="59.499812471" lon="26.539401328">
        <ele>35.600</ele>
        <time>2026-08-12T11:03:48Z</time>
        <speed>4.313000</speed>
      </trkpt>
      <trkpt lat="59.499741895" lon="26.539447010">
        <ele>36.000</ele>
        <time>2026-08-12T11:03:50Z</time>
        <speed>4.202000</speed>
      </trkpt>
      <trkpt lat="59.499670900" lon="26.539479783">
        <ele>36.600</ele>
        <time>2026-08-12T11:03:52Z</time>
        <speed>3.974000</speed>
      </trkpt>
      <trkpt lat="59.499499742" lon="26.539557567">
        <ele>36.400</ele>
        <time>2026-08-12T11:03:57Z</time>
        <speed>3.621000</speed>
      </trkpt>
      <trkpt lat="59.499345347" lon="26.539645409">
        <ele>36.000</ele>
        <time>2026-08-12T11:04:03Z</time>
        <speed>1.742000</speed>
      </trkpt>
      <trkpt lat="59.499334116" lon="26.539656976">
        <ele>35.800</ele>
        <time>2026-08-12T11:04:04Z</time>
        <speed>1.207000</speed>
      </trkpt>
    </trkseg>
    <trkseg>
      <trkpt lat="59.499270748" lon="26.539658569">
        <ele>35.600</ele>
        <time>2026-08-12T11:04:48Z</time>
        <speed>2.237000</speed>
      </trkpt>
      <trkpt lat="59.499243926" lon="26.539663849">
        <ele>35.600</ele>
        <time>2026-08-12T11:04:49Z</time>
        <speed>2.995000</speed>
      </trkpt>
      <trkpt lat="59.499117443" lon="26.539685223">
        <ele>35.400</ele>
        <time>2026-08-12T11:04:53Z</time>
        <speed>3.603000</speed>
      </trkpt>
      <trkpt lat="59.498982830" lon="26.539745321">
        <ele>34.800</ele>
        <time>2026-08-12T11:04:58Z</time>
        <speed>2.676000</speed>
      </trkpt>
      <trkpt lat="59.498829693" lon="26.539796283">
        <ele>34.800</ele>
        <time>2026-08-12T11:05:05Z</time>
        <speed>2.664000</speed>
      </trkpt>
      <trkpt lat="59.498805134" lon="26.539804749">
        <ele>34.600</ele>
        <time>2026-08-12T11:05:06Z</time>
        <speed>2.645000</speed>
      </trkpt>
      <trkpt lat="59.498781916" lon="26.539815394">
        <ele>34.400</ele>
        <time>2026-08-12T11:05:07Z</time>
        <speed>2.523000</speed>
      </trkpt>
      <trkpt lat="59.498629365" lon="26.539858226">
        <ele>33.400</ele>
        <time>2026-08-12T11:05:12Z</time>
        <speed>3.374000</speed>
      </trkpt>
      <trkpt lat="59.498595167" lon="26.539872894">
        <ele>33.200</ele>
        <time>2026-08-12T11:05:13Z</time>
        <speed>3.793000</speed>
      </trkpt>
      <trkpt lat="59.498295514" lon="26.540018236">
        <ele>34.000</ele>
        <time>2026-08-12T11:05:21Z</time>
        <speed>4.380000</speed>
      </trkpt>
      <trkpt lat="59.498184035" lon="26.540080598">
        <ele>34.400</ele>
        <time>2026-08-12T11:05:24Z</time>
        <speed>3.849000</speed>
      </trkpt>
      <trkpt lat="59.498096695" lon="26.540176235">
        <ele>35.400</ele>
        <time>2026-08-12T11:05:27Z</time>
        <speed>3.195000</speed>
      </trkpt>
      <trkpt lat="59.497936098" lon="26.540364493">
        <ele>35.600</ele>
        <time>2026-08-12T11:05:33Z</time>
        <speed>2.788000</speed>
      </trkpt>
      <trkpt lat="59.497847334" lon="26.540587787">
        <ele>35.600</ele>
        <time>2026-08-12T11:05:39Z</time>
        <speed>2.138000</speed>
      </trkpt>
      <trkpt lat="59.497722108" lon="26.540858354">
        <ele>36.400</ele>
        <time>2026-08-12T11:05:48Z</time>
        <speed>2.327000</speed>
      </trkpt>
      <trkpt lat="59.497709200" lon="26.540899090">
        <ele>36.600</ele>
        <time>2026-08-12T11:05:49Z</time>
        <speed>2.493000</speed>
      </trkpt>
      <trkpt lat="59.497636277" lon="26.541142501">
        <ele>36.800</ele>
        <time>2026-08-12T11:05:55Z</time>
        <speed>2.530000</speed>
      </trkpt>
      <trkpt lat="59.497554302" lon="26.541456403">
        <ele>37.000</ele>
        <time>2026-08-12T11:06:02Z</time>
        <speed>2.613000</speed>
      </trkpt>
      <trkpt lat="59.497497976" lon="26.541756475">
        <ele>37.800</ele>
        <time>2026-08-12T11:06:09Z</time>
        <speed>2.537000</speed>
      </trkpt>
      <trkpt lat="59.497494875" lon="26.541801989">
        <ele>38.000</ele>
        <time>2026-08-12T11:06:10Z</time>
        <speed>2.481000</speed>
      </trkpt>
      <trkpt lat="59.497488588" lon="26.541889831">
        <ele>38.800</ele>
        <time>2026-08-12T11:06:12Z</time>
        <speed>2.414000</speed>
      </trkpt>
      <trkpt lat="59.497483140" lon="26.542013716">
        <ele>39.800</ele>
        <time>2026-08-12T11:06:15Z</time>
        <speed>2.343000</speed>
      </trkpt>
      <trkpt lat="59.497490181" lon="26.542140702">
        <ele>40.200</ele>
        <time>2026-08-12T11:06:18Z</time>
        <speed>2.436000</speed>
      </trkpt>
      <trkpt lat="59.497497473" lon="26.542270873">
        <ele>41.200</ele>
        <time>2026-08-12T11:06:21Z</time>
        <speed>2.466000</speed>
      </trkpt>
      <trkpt lat="59.497519685" lon="26.542432141">
        <ele>42.200</ele>
        <time>2026-08-12T11:06:25Z</time>
        <speed>2.264000</speed>
      </trkpt>
      <trkpt lat="59.497581543" lon="26.542741684">
        <ele>43.200</ele>
        <time>2026-08-12T11:06:34Z</time>
        <speed>2.385000</speed>
      </trkpt>
      <trkpt lat="59.497609958" lon="26.542850230">
        <ele>43.800</ele>
        <time>2026-08-12T11:06:37Z</time>
        <speed>2.330000</speed>
      </trkpt>
      <trkpt lat="59.497625716" lon="26.542929523">
        <ele>44.400</ele>
        <time>2026-08-12T11:06:39Z</time>
        <speed>2.484000</speed>
      </trkpt>
      <trkpt lat="59.497689586" lon="26.543112248">
        <ele>43.800</ele>
        <time>2026-08-12T11:06:44Z</time>
        <speed>2.432000</speed>
      </trkpt>
      <trkpt lat="59.497759910" lon="26.543381726">
        <ele>43.600</ele>
        <time>2026-08-12T11:06:51Z</time>
        <speed>2.640000</speed>
      </trkpt>
      <trkpt lat="59.497852614" lon="26.543671237">
        <ele>44.400</ele>
        <time>2026-08-12T11:06:59Z</time>
        <speed>2.212000</speed>
      </trkpt>
      <trkpt lat="59.497935008" lon="26.543964185">
        <ele>44.600</ele>
        <time>2026-08-12T11:07:06Z</time>
        <speed>2.819000</speed>
      </trkpt>
      <trkpt lat="59.497937104" lon="26.544211619">
        <ele>44.800</ele>
        <time>2026-08-12T11:07:11Z</time>
        <speed>2.584000</speed>
      </trkpt>
      <trkpt lat="59.497983959" lon="26.544419657">
        <ele>44.600</ele>
        <time>2026-08-12T11:07:16Z</time>
        <speed>2.350000</speed>
      </trkpt>
      <trkpt lat="59.498044476" lon="26.544648902">
        <ele>45.200</ele>
        <time>2026-08-12T11:07:23Z</time>
        <speed>2.243000</speed>
      </trkpt>
      <trkpt lat="59.498109436" lon="26.544860797">
        <ele>45.200</ele>
        <time>2026-08-12T11:07:29Z</time>
        <speed>2.695000</speed>
      </trkpt>
      <trkpt lat="59.498189734" lon="26.545132203">
        <ele>45.200</ele>
        <time>2026-08-12T11:07:35Z</time>
        <speed>2.835000</speed>
      </trkpt>
      <trkpt lat="59.498215131" lon="26.545221051">
        <ele>45.400</ele>
        <time>2026-08-12T11:07:37Z</time>
        <speed>2.960000</speed>
      </trkpt>
      <trkpt lat="59.498295430" lon="26.545471083">
        <ele>45.400</ele>
        <time>2026-08-12T11:07:42Z</time>
        <speed>3.557000</speed>
      </trkpt>
      <trkpt lat="59.498425182" lon="26.545882216">
        <ele>45.600</ele>
        <time>2026-08-12T11:07:50Z</time>
        <speed>3.080000</speed>
      </trkpt>
      <trkpt lat="59.498517048" lon="26.546212379">
        <ele>45.600</ele>
        <time>2026-08-12T11:07:57Z</time>
        <speed>3.223000</speed>
      </trkpt>
      <trkpt lat="59.498627353" lon="26.546596941">
        <ele>45.600</ele>
        <time>2026-08-12T11:08:04Z</time>
        <speed>3.652000</speed>
      </trkpt>
      <trkpt lat="59.498749562" lon="26.547028441">
        <ele>45.800</ele>
        <time>2026-08-12T11:08:11Z</time>
        <speed>4.013000</speed>
      </trkpt>
      <trkpt lat="59.498831285" lon="26.547343852">
        <ele>45.400</ele>
        <time>2026-08-12T11:08:16Z</time>
        <speed>4.208000</speed>
      </trkpt>
      <trkpt lat="59.498947207" lon="26.547738975">
        <ele>45.200</ele>
        <time>2026-08-12T11:08:22Z</time>
        <speed>4.025000</speed>
      </trkpt>
      <trkpt lat="59.499047119" lon="26.548161088">
        <ele>45.600</ele>
        <time>2026-08-12T11:08:29Z</time>
        <speed>3.882000</speed>
      </trkpt>
      <trkpt lat="59.499165472" lon="26.548816888">
        <ele>45.800</ele>
        <time>2026-08-12T11:08:38Z</time>
        <speed>4.509000</speed>
      </trkpt>
      <trkpt lat="59.499258092" lon="26.549505126">
        <ele>46.000</ele>
        <time>2026-08-12T11:08:47Z</time>
        <speed>4.404000</speed>
      </trkpt>
      <trkpt lat="59.499276029" lon="26.549655329">
        <ele>46.600</ele>
        <time>2026-08-12T11:08:49Z</time>
        <speed>4.284000</speed>
      </trkpt>
      <trkpt lat="59.499294385" lon="26.550030923">
        <ele>46.800</ele>
        <time>2026-08-12T11:08:54Z</time>
        <speed>4.136000</speed>
      </trkpt>
      <trkpt lat="59.499317938" lon="26.550534843">
        <ele>47.800</ele>
        <time>2026-08-12T11:09:01Z</time>
        <speed>4.052000</speed>
      </trkpt>
      <trkpt lat="59.499319363" lon="26.550669959">
        <ele>47.600</ele>
        <time>2026-08-12T11:09:03Z</time>
        <speed>3.836000</speed>
      </trkpt>
      <trkpt lat="59.499298828" lon="26.551112188">
        <ele>48.200</ele>
        <time>2026-08-12T11:09:09Z</time>
        <speed>4.100000</speed>
      </trkpt>
      <trkpt lat="59.499294721" lon="26.551434724">
        <ele>48.800</ele>
        <time>2026-08-12T11:09:14Z</time>
        <speed>3.474000</speed>
      </trkpt>
      <trkpt lat="59.499297068" lon="26.551555339">
        <ele>48.800</ele>
        <time>2026-08-12T11:09:16Z</time>
        <speed>3.336000</speed>
      </trkpt>
      <trkpt lat="59.499273850" lon="26.551776538">
        <ele>49.800</ele>
        <time>2026-08-12T11:09:20Z</time>
        <speed>3.076000</speed>
      </trkpt>
      <trkpt lat="59.499259517" lon="26.551883910">
        <ele>50.000</ele>
        <time>2026-08-12T11:09:22Z</time>
        <speed>3.118000</speed>
      </trkpt>
      <trkpt lat="59.499226157" lon="26.552206362">
        <ele>51.000</ele>
        <time>2026-08-12T11:09:28Z</time>
        <speed>2.946000</speed>
      </trkpt>
      <trkpt lat="59.499211656" lon="26.552360505">
        <ele>51.200</ele>
        <time>2026-08-12T11:09:31Z</time>
        <speed>2.896000</speed>
      </trkpt>
      <trkpt lat="59.499157844" lon="26.552821510">
        <ele>52.000</ele>
        <time>2026-08-12T11:09:40Z</time>
        <speed>2.986000</speed>
      </trkpt>
      <trkpt lat="59.499107134" lon="26.553205233">
        <ele>52.400</ele>
        <time>2026-08-12T11:09:47Z</time>
        <speed>3.140000</speed>
      </trkpt>
      <trkpt lat="59.499045359" lon="26.553677469">
        <ele>52.800</ele>
        <time>2026-08-12T11:09:56Z</time>
        <speed>2.907000</speed>
      </trkpt>
      <trkpt lat="59.498997079" lon="26.554066306">
        <ele>52.600</ele>
        <time>2026-08-12T11:10:03Z</time>
        <speed>3.293000</speed>
      </trkpt>
      <trkpt lat="59.498943603" lon="26.554457070">
        <ele>52.800</ele>
        <time>2026-08-12T11:10:10Z</time>
        <speed>2.856000</speed>
      </trkpt>
      <trkpt lat="59.498884678" lon="26.554879854">
        <ele>52.800</ele>
        <time>2026-08-12T11:10:17Z</time>
        <speed>3.697000</speed>
      </trkpt>
      <trkpt lat="59.498858275" lon="26.555079930">
        <ele>53.000</ele>
        <time>2026-08-12T11:10:20Z</time>
        <speed>3.893000</speed>
      </trkpt>
      <trkpt lat="59.498806307" lon="26.555521153">
        <ele>53.800</ele>
        <time>2026-08-12T11:10:26Z</time>
        <speed>4.372000</speed>
      </trkpt>
      <trkpt lat="59.498710586" lon="26.556235878">
        <ele>54.000</ele>
        <time>2026-08-12T11:10:35Z</time>
        <speed>4.619000</speed>
      </trkpt>
      <trkpt lat="59.498644704" lon="26.556795537">
        <ele>53.400</ele>
        <time>2026-08-12T11:10:43Z</time>
        <speed>3.512000</speed>
      </trkpt>
      <trkpt lat="59.498582175" lon="26.557241119">
        <ele>53.200</ele>
        <time>2026-08-12T11:10:50Z</time>
        <speed>3.898000</speed>
      </trkpt>
      <trkpt lat="59.498521490" lon="26.557696257">
        <ele>53.800</ele>
        <time>2026-08-12T11:10:57Z</time>
        <speed>3.704000</speed>
      </trkpt>
      <trkpt lat="59.498512605" lon="26.557754260">
        <ele>54.000</ele>
        <time>2026-08-12T11:10:58Z</time>
        <speed>3.565000</speed>
      </trkpt>
      <trkpt lat="59.498453261" lon="26.558172014">
        <ele>54.200</ele>
        <time>2026-08-12T11:11:06Z</time>
        <speed>2.487000</speed>
      </trkpt>
      <trkpt lat="59.498395845" lon="26.558527406">
        <ele>54.400</ele>
        <time>2026-08-12T11:11:13Z</time>
        <speed>2.793000</speed>
      </trkpt>
      <trkpt lat="59.498346057" lon="26.558812391">
        <ele>54.600</ele>
        <time>2026-08-12T11:11:20Z</time>
        <speed>2.287000</speed>
      </trkpt>
      <trkpt lat="59.498287048" lon="26.559159653">
        <ele>54.800</ele>
        <time>2026-08-12T11:11:27Z</time>
        <speed>3.010000</speed>
      </trkpt>
      <trkpt lat="59.498234913" lon="26.559396861">
        <ele>55.000</ele>
        <time>2026-08-12T11:11:32Z</time>
        <speed>3.215000</speed>
      </trkpt>
      <trkpt lat="59.498225860" lon="26.559458049">
        <ele>54.800</ele>
        <time>2026-08-12T11:11:33Z</time>
        <speed>3.464000</speed>
      </trkpt>
      <trkpt lat="59.498145645" lon="26.559892483">
        <ele>55.000</ele>
        <time>2026-08-12T11:11:40Z</time>
        <speed>3.684000</speed>
      </trkpt>
      <trkpt lat="59.498058390" lon="26.560361534">
        <ele>54.800</ele>
        <time>2026-08-12T11:11:47Z</time>
        <speed>4.002000</speed>
      </trkpt>
      <trkpt lat="59.497950766" lon="26.560975844">
        <ele>54.800</ele>
        <time>2026-08-12T11:11:55Z</time>
        <speed>4.938000</speed>
      </trkpt>
      <trkpt lat="59.497817075" lon="26.561731054">
        <ele>55.400</ele>
        <time>2026-08-12T11:12:04Z</time>
        <speed>5.271000</speed>
      </trkpt>
      <trkpt lat="59.497645497" lon="26.562637221">
        <ele>55.200</ele>
        <time>2026-08-12T11:12:14Z</time>
        <speed>5.361000</speed>
      </trkpt>
      <trkpt lat="59.497493198" lon="26.563395113">
        <ele>55.400</ele>
        <time>2026-08-12T11:12:23Z</time>
        <speed>5.057000</speed>
      </trkpt>
      <trkpt lat="59.497441985" lon="26.563645732">
        <ele>55.000</ele>
        <time>2026-08-12T11:12:26Z</time>
        <speed>5.114000</speed>
      </trkpt>
      <trkpt lat="59.497394711" lon="26.563888723">
        <ele>54.800</ele>
        <time>2026-08-12T11:12:29Z</time>
        <speed>4.914000</speed>
      </trkpt>
      <trkpt lat="59.497358836" lon="26.564045632">
        <ele>54.600</ele>
        <time>2026-08-12T11:12:31Z</time>
        <speed>4.814000</speed>
      </trkpt>
      <trkpt lat="59.497276358" lon="26.564422566">
        <ele>54.800</ele>
        <time>2026-08-12T11:12:36Z</time>
        <speed>4.495000</speed>
      </trkpt>
      <trkpt lat="59.497157251" lon="26.564901927">
        <ele>54.800</ele>
        <time>2026-08-12T11:12:43Z</time>
        <speed>4.377000</speed>
      </trkpt>
      <trkpt lat="59.497021046" lon="26.565501150">
        <ele>54.800</ele>
        <time>2026-08-12T11:12:51Z</time>
        <speed>4.588000</speed>
      </trkpt>
      <trkpt lat="59.496865226" lon="26.566066844">
        <ele>54.600</ele>
        <time>2026-08-12T11:12:58Z</time>
        <speed>5.533000</speed>
      </trkpt>
      <trkpt lat="59.496665904" lon="26.566805961">
        <ele>54.400</ele>
        <time>2026-08-12T11:13:06Z</time>
        <speed>6.012000</speed>
      </trkpt>
      <trkpt lat="59.496499021" lon="26.567392526">
        <ele>54.000</ele>
        <time>2026-08-12T11:13:12Z</time>
        <speed>6.306000</speed>
      </trkpt>
      <trkpt lat="59.496441605" lon="26.567585478">
        <ele>53.800</ele>
        <time>2026-08-12T11:13:14Z</time>
        <speed>6.311000</speed>
      </trkpt>
      <trkpt lat="59.496184867" lon="26.568448646">
        <ele>53.200</ele>
        <time>2026-08-12T11:13:23Z</time>
        <speed>6.329000</speed>
      </trkpt>
      <trkpt lat="59.495986551" lon="26.569066225">
        <ele>53.000</ele>
        <time>2026-08-12T11:13:30Z</time>
        <speed>6.029000</speed>
      </trkpt>
      <trkpt lat="59.495833330" lon="26.569526223">
        <ele>52.800</ele>
        <time>2026-08-12T11:13:35Z</time>
        <speed>6.276000</speed>
      </trkpt>
      <trkpt lat="59.495706847" lon="26.569880191">
        <ele>52.200</ele>
        <time>2026-08-12T11:13:39Z</time>
        <speed>6.046000</speed>
      </trkpt>
      <trkpt lat="59.495512722" lon="26.570446640">
        <ele>52.800</ele>
        <time>2026-08-12T11:13:46Z</time>
        <speed>5.307000</speed>
      </trkpt>
      <trkpt lat="59.495393280" lon="26.570713017">
        <ele>52.800</ele>
        <time>2026-08-12T11:13:50Z</time>
        <speed>4.814000</speed>
      </trkpt>
      <trkpt lat="59.495326476" lon="26.570752580">
        <ele>52.800</ele>
        <time>2026-08-12T11:13:52Z</time>
        <speed>3.693000</speed>
      </trkpt>
      <trkpt lat="59.495276771" lon="26.570691476">
        <ele>52.600</ele>
        <time>2026-08-12T11:13:55Z</time>
        <speed>2.157000</speed>
      </trkpt>
      <trkpt lat="59.495262187" lon="26.570630120">
        <ele>52.600</ele>
        <time>2026-08-12T11:13:59Z</time>
        <speed>0.000000</speed>
      </trkpt>
    </trkseg>
    <trkseg>
      <trkpt lat="59.495226480" lon="26.570555437">
        <ele>52.600</ele>
        <time>2026-08-12T11:14:18Z</time>
        <speed>2.189000</speed>
      </trkpt>
      <trkpt lat="59.495196557" lon="26.570488969">
        <ele>52.400</ele>
        <time>2026-08-12T11:14:20Z</time>
        <speed>2.398000</speed>
      </trkpt>
      <trkpt lat="59.495135620" lon="26.570302807">
        <ele>52.200</ele>
        <time>2026-08-12T11:14:25Z</time>
        <speed>2.167000</speed>
      </trkpt>
      <trkpt lat="59.495109720" lon="26.570243295">
        <ele>52.200</ele>
        <time>2026-08-12T11:14:27Z</time>
        <speed>2.188000</speed>
      </trkpt>
      <trkpt lat="59.495023722" lon="26.570001477">
        <ele>52.000</ele>
        <time>2026-08-12T11:14:33Z</time>
        <speed>3.177000</speed>
      </trkpt>
      <trkpt lat="59.495010646" lon="26.569939367">
        <ele>51.800</ele>
        <time>2026-08-12T11:14:34Z</time>
        <speed>3.577000</speed>
      </trkpt>
      <trkpt lat="59.494983070" lon="26.569803581">
        <ele>50.600</ele>
        <time>2026-08-12T11:14:36Z</time>
        <speed>3.983000</speed>
      </trkpt>
      <trkpt lat="59.494950129" lon="26.569672655">
        <ele>51.400</ele>
        <time>2026-08-12T11:14:38Z</time>
        <speed>4.088000</speed>
      </trkpt>
      <trkpt lat="59.494931437" lon="26.569609456">
        <ele>52.400</ele>
        <time>2026-08-12T11:14:39Z</time>
        <speed>4.119000</speed>
      </trkpt>
      <trkpt lat="59.494807469" lon="26.569252638">
        <ele>52.200</ele>
        <time>2026-08-12T11:14:45Z</time>
        <speed>3.960000</speed>
      </trkpt>
      <trkpt lat="59.494643100" lon="26.568851732">
        <ele>52.600</ele>
        <time>2026-08-12T11:14:52Z</time>
        <speed>3.824000</speed>
      </trkpt>
      <trkpt lat="59.494573111" lon="26.568717202">
        <ele>53.400</ele>
        <time>2026-08-12T11:14:55Z</time>
        <speed>3.512000</speed>
      </trkpt>
      <trkpt lat="59.494475294" lon="26.568538919">
        <ele>53.600</ele>
        <time>2026-08-12T11:14:59Z</time>
        <speed>3.747000</speed>
      </trkpt>
      <trkpt lat="59.494311679" lon="26.568249157">
        <ele>53.000</ele>
        <time>2026-08-12T11:15:05Z</time>
        <speed>4.207000</speed>
      </trkpt>
      <trkpt lat="59.494058797" lon="26.567973979">
        <ele>53.400</ele>
        <time>2026-08-12T11:15:12Z</time>
        <speed>4.452000</speed>
      </trkpt>
      <trkpt lat="59.493945222" lon="26.567876749">
        <ele>53.400</ele>
        <time>2026-08-12T11:15:15Z</time>
        <speed>4.681000</speed>
      </trkpt>
      <trkpt lat="59.493730981" lon="26.567738364">
        <ele>52.800</ele>
        <time>2026-08-12T11:15:20Z</time>
        <speed>5.011000</speed>
      </trkpt>
      <trkpt lat="59.493335187" lon="26.567505179">
        <ele>53.200</ele>
        <time>2026-08-12T11:15:29Z</time>
        <speed>4.982000</speed>
      </trkpt>
      <trkpt lat="59.493067972" lon="26.567327986">
        <ele>53.200</ele>
        <time>2026-08-12T11:15:36Z</time>
        <speed>4.365000</speed>
      </trkpt>
      <trkpt lat="59.492921205" lon="26.567208124">
        <ele>53.200</ele>
        <time>2026-08-12T11:15:40Z</time>
        <speed>4.575000</speed>
      </trkpt>
      <trkpt lat="59.492842918" lon="26.567150289">
        <ele>52.800</ele>
        <time>2026-08-12T11:15:42Z</time>
        <speed>4.643000</speed>
      </trkpt>
      <trkpt lat="59.492764547" lon="26.567088934">
        <ele>52.000</ele>
        <time>2026-08-12T11:15:44Z</time>
        <speed>4.726000</speed>
      </trkpt>
      <trkpt lat="59.492522562" lon="26.566894641">
        <ele>52.400</ele>
        <time>2026-08-12T11:15:50Z</time>
        <speed>5.033000</speed>
      </trkpt>
      <trkpt lat="59.492250485" lon="26.566596832">
        <ele>51.600</ele>
        <time>2026-08-12T11:15:57Z</time>
        <speed>4.859000</speed>
      </trkpt>
      <trkpt lat="59.492180077" lon="26.566504883">
        <ele>51.000</ele>
        <time>2026-08-12T11:15:59Z</time>
        <speed>4.631000</speed>
      </trkpt>
      <trkpt lat="59.491973380" lon="26.566215372">
        <ele>50.200</ele>
        <time>2026-08-12T11:16:05Z</time>
        <speed>4.667000</speed>
      </trkpt>
      <trkpt lat="59.491680432" lon="26.565758809">
        <ele>51.200</ele>
        <time>2026-08-12T11:16:14Z</time>
        <speed>4.454000</speed>
      </trkpt>
      <trkpt lat="59.491559146" lon="26.565541467">
        <ele>52.200</ele>
        <time>2026-08-12T11:16:18Z</time>
        <speed>4.588000</speed>
      </trkpt>
      <trkpt lat="59.491467867" lon="26.565369219">
        <ele>51.000</ele>
        <time>2026-08-12T11:16:21Z</time>
        <speed>4.654000</speed>
      </trkpt>
      <trkpt lat="59.491439201" lon="26.565308115">
        <ele>50.600</ele>
        <time>2026-08-12T11:16:22Z</time>
        <speed>4.637000</speed>
      </trkpt>
      <trkpt lat="59.491392178" lon="26.565176267">
        <ele>49.800</ele>
        <time>2026-08-12T11:16:24Z</time>
        <speed>4.501000</speed>
      </trkpt>
      <trkpt lat="59.491285644" lon="26.564847697">
        <ele>49.800</ele>
        <time>2026-08-12T11:16:29Z</time>
        <speed>4.061000</speed>
      </trkpt>
      <trkpt lat="59.491189169" lon="26.564425919">
        <ele>50.400</ele>
        <time>2026-08-12T11:16:36Z</time>
        <speed>3.690000</speed>
      </trkpt>
      <trkpt lat="59.491106607" lon="26.563986540">
        <ele>48.600</ele>
        <time>2026-08-12T11:16:43Z</time>
        <speed>3.755000</speed>
      </trkpt>
      <trkpt lat="59.491083976" lon="26.563872630">
        <ele>48.000</ele>
        <time>2026-08-12T11:16:45Z</time>
        <speed>3.284000</speed>
      </trkpt>
      <trkpt lat="59.491013903" lon="26.563508939">
        <ele>48.600</ele>
        <time>2026-08-12T11:16:52Z</time>
        <speed>2.927000</speed>
      </trkpt>
      <trkpt lat="59.490991104" lon="26.563402573">
        <ele>49.800</ele>
        <time>2026-08-12T11:16:54Z</time>
        <speed>3.289000</speed>
      </trkpt>
      <trkpt lat="59.490930503" lon="26.563046845">
        <ele>50.400</ele>
        <time>2026-08-12T11:17:00Z</time>
        <speed>3.617000</speed>
      </trkpt>
      <trkpt lat="59.490835285" lon="26.562543763">
        <ele>48.600</ele>
        <time>2026-08-12T11:17:08Z</time>
        <speed>3.819000</speed>
      </trkpt>
      <trkpt lat="59.490821874" lon="26.562479893">
        <ele>49.000</ele>
        <time>2026-08-12T11:17:09Z</time>
        <speed>3.816000</speed>
      </trkpt>
      <trkpt lat="59.490742749" lon="26.561978990">
        <ele>48.800</ele>
        <time>2026-08-12T11:17:17Z</time>
        <speed>3.814000</speed>
      </trkpt>
      <trkpt lat="59.490689272" lon="26.561601805">
        <ele>49.600</ele>
        <time>2026-08-12T11:17:23Z</time>
        <speed>3.562000</speed>
      </trkpt>
      <trkpt lat="59.490680806" lon="26.561545478">
        <ele>49.800</ele>
        <time>2026-08-12T11:17:24Z</time>
        <speed>3.471000</speed>
      </trkpt>
      <trkpt lat="59.490673263" lon="26.561488397">
        <ele>49.600</ele>
        <time>2026-08-12T11:17:25Z</time>
        <speed>3.417000</speed>
      </trkpt>
      <trkpt lat="59.490615511" lon="26.561135771">
        <ele>48.600</ele>
        <time>2026-08-12T11:17:31Z</time>
        <speed>3.504000</speed>
      </trkpt>
      <trkpt lat="59.490564298" lon="26.560729668">
        <ele>49.000</ele>
        <time>2026-08-12T11:17:38Z</time>
        <speed>3.585000</speed>
      </trkpt>
      <trkpt lat="59.490508558" lon="26.560299089">
        <ele>48.600</ele>
        <time>2026-08-12T11:17:45Z</time>
        <speed>3.673000</speed>
      </trkpt>
      <trkpt lat="59.490450220" lon="26.559865996">
        <ele>48.200</ele>
        <time>2026-08-12T11:17:52Z</time>
        <speed>3.622000</speed>
      </trkpt>
      <trkpt lat="59.490374364" lon="26.559308348">
        <ele>48.000</ele>
        <time>2026-08-12T11:18:01Z</time>
        <speed>3.558000</speed>
      </trkpt>
      <trkpt lat="59.490327341" lon="26.558979359">
        <ele>48.400</ele>
        <time>2026-08-12T11:18:07Z</time>
        <speed>3.418000</speed>
      </trkpt>
      <trkpt lat="59.490281744" lon="26.558636036">
        <ele>48.600</ele>
        <time>2026-08-12T11:18:13Z</time>
        <speed>3.458000</speed>
      </trkpt>
      <trkpt lat="59.490225585" lon="26.558097163">
        <ele>47.800</ele>
        <time>2026-08-12T11:18:22Z</time>
        <speed>3.306000</speed>
      </trkpt>
      <trkpt lat="59.490199853" lon="26.557744369">
        <ele>49.200</ele>
        <time>2026-08-12T11:18:28Z</time>
        <speed>3.348000</speed>
      </trkpt>
      <trkpt lat="59.490164816" lon="26.557477908">
        <ele>49.800</ele>
        <time>2026-08-12T11:18:33Z</time>
        <speed>3.367000</speed>
      </trkpt>
      <trkpt lat="59.490141934" lon="26.557359807">
        <ele>50.000</ele>
        <time>2026-08-12T11:18:35Z</time>
        <speed>3.664000</speed>
      </trkpt>
      <trkpt lat="59.490098096" lon="26.557139279">
        <ele>51.200</ele>
        <time>2026-08-12T11:18:39Z</time>
        <speed>3.108000</speed>
      </trkpt>
      <trkpt lat="59.490058785" lon="26.557017826">
        <ele>51.600</ele>
        <time>2026-08-12T11:18:42Z</time>
        <speed>2.854000</speed>
      </trkpt>
      <trkpt lat="59.489923501" lon="26.556759831">
        <ele>51.000</ele>
        <time>2026-08-12T11:18:48Z</time>
        <speed>3.525000</speed>
      </trkpt>
      <trkpt lat="59.489847142" lon="26.556658158">
        <ele>49.800</ele>
        <time>2026-08-12T11:18:51Z</time>
        <speed>3.370000</speed>
      </trkpt>
      <trkpt lat="59.489798024" lon="26.556597138">
        <ele>51.800</ele>
        <time>2026-08-12T11:18:53Z</time>
        <speed>3.315000</speed>
      </trkpt>
      <trkpt lat="59.489714205" lon="26.556519438">
        <ele>51.400</ele>
        <time>2026-08-12T11:18:56Z</time>
        <speed>3.388000</speed>
      </trkpt>
      <trkpt lat="59.489684366" lon="26.556490939">
        <ele>50.800</ele>
        <time>2026-08-12T11:18:57Z</time>
        <speed>3.516000</speed>
      </trkpt>
      <trkpt lat="59.489531480" lon="26.556331599">
        <ele>50.600</ele>
        <time>2026-08-12T11:19:02Z</time>
        <speed>3.889000</speed>
      </trkpt>
      <trkpt lat="59.489474986" lon="26.556261275">
        <ele>49.800</ele>
        <time>2026-08-12T11:19:04Z</time>
        <speed>3.612000</speed>
      </trkpt>
      <trkpt lat="59.489392843" lon="26.556178797">
        <ele>51.000</ele>
        <time>2026-08-12T11:19:07Z</time>
        <speed>3.434000</speed>
      </trkpt>
      <trkpt lat="59.489362584" lon="26.556151891">
        <ele>51.600</ele>
        <time>2026-08-12T11:19:08Z</time>
        <speed>3.592000</speed>
      </trkpt>
      <trkpt lat="59.489171226" lon="26.555963466">
        <ele>50.200</ele>
        <time>2026-08-12T11:19:14Z</time>
        <speed>4.072000</speed>
      </trkpt>
      <trkpt lat="59.489107858" lon="26.555895824">
        <ele>50.000</ele>
        <time>2026-08-12T11:19:16Z</time>
        <speed>3.975000</speed>
      </trkpt>
      <trkpt lat="59.488912644" lon="26.555661047">
        <ele>49.200</ele>
        <time>2026-08-12T11:19:22Z</time>
        <speed>4.260000</speed>
      </trkpt>
      <trkpt lat="59.488877691" lon="26.555625759">
        <ele>48.600</ele>
        <time>2026-08-12T11:19:23Z</time>
        <speed>4.287000</speed>
      </trkpt>
      <trkpt lat="59.488676945" lon="26.555415289">
        <ele>49.000</ele>
        <time>2026-08-12T11:19:29Z</time>
        <speed>4.299000</speed>
      </trkpt>
      <trkpt lat="59.488474606" lon="26.555188308">
        <ele>48.800</ele>
        <time>2026-08-12T11:19:35Z</time>
        <speed>4.164000</speed>
      </trkpt>
      <trkpt lat="59.488333706" lon="26.554980520">
        <ele>47.800</ele>
        <time>2026-08-12T11:19:40Z</time>
        <speed>4.259000</speed>
      </trkpt>
      <trkpt lat="59.488271344" lon="26.554881949">
        <ele>47.600</ele>
        <time>2026-08-12T11:19:42Z</time>
        <speed>4.437000</speed>
      </trkpt>
      <trkpt lat="59.488127846" lon="26.554648848">
        <ele>46.400</ele>
        <time>2026-08-12T11:19:46Z</time>
        <speed>5.256000</speed>
      </trkpt>
      <trkpt lat="59.488024833" lon="26.554430164">
        <ele>45.200</ele>
        <time>2026-08-12T11:19:49Z</time>
        <speed>5.562000</speed>
      </trkpt>
      <trkpt lat="59.488002788" lon="26.554353386">
        <ele>44.400</ele>
        <time>2026-08-12T11:19:50Z</time>
        <speed>5.053000</speed>
      </trkpt>
      <trkpt lat="59.487986108" lon="26.554280967">
        <ele>43.800</ele>
        <time>2026-08-12T11:19:51Z</time>
        <speed>4.546000</speed>
      </trkpt>
      <trkpt lat="59.487959202" lon="26.554065971">
        <ele>42.600</ele>
        <time>2026-08-12T11:19:54Z</time>
        <speed>3.733000</speed>
      </trkpt>
      <trkpt lat="59.487948222" lon="26.554000759">
        <ele>42.800</ele>
        <time>2026-08-12T11:19:55Z</time>
        <speed>3.784000</speed>
      </trkpt>
      <trkpt lat="59.487916203" lon="26.553644529">
        <ele>43.600</ele>
        <time>2026-08-12T11:20:00Z</time>
        <speed>4.333000</speed>
      </trkpt>
      <trkpt lat="59.487913856" lon="26.553570349">
        <ele>44.200</ele>
        <time>2026-08-12T11:20:01Z</time>
        <speed>4.148000</speed>
      </trkpt>
      <trkpt lat="59.487888375" lon="26.553135579">
        <ele>42.600</ele>
        <time>2026-08-12T11:20:07Z</time>
        <speed>4.032000</speed>
      </trkpt>
      <trkpt lat="59.487865996" lon="26.552815726">
        <ele>43.800</ele>
        <time>2026-08-12T11:20:12Z</time>
        <speed>3.588000</speed>
      </trkpt>
      <trkpt lat="59.487857027" lon="26.552666863">
        <ele>44.400</ele>
        <time>2026-08-12T11:20:14Z</time>
        <speed>4.191000</speed>
      </trkpt>
      <trkpt lat="59.487838000" lon="26.552307699">
        <ele>42.600</ele>
        <time>2026-08-12T11:20:18Z</time>
        <speed>5.127000</speed>
      </trkpt>
      <trkpt lat="59.487830959" lon="26.552124806">
        <ele>42.000</ele>
        <time>2026-08-12T11:20:20Z</time>
        <speed>5.173000</speed>
      </trkpt>
      <trkpt lat="59.487825260" lon="26.552029336">
        <ele>41.400</ele>
        <time>2026-08-12T11:20:21Z</time>
        <speed>5.334000</speed>
      </trkpt>
      <trkpt lat="59.487794833" lon="26.551606804">
        <ele>42.000</ele>
        <time>2026-08-12T11:20:26Z</time>
        <speed>4.579000</speed>
      </trkpt>
      <trkpt lat="59.487770274" lon="26.551143285">
        <ele>41.000</ele>
        <time>2026-08-12T11:20:31Z</time>
        <speed>5.057000</speed>
      </trkpt>
      <trkpt lat="59.487760467" lon="26.551053850">
        <ele>41.000</ele>
        <time>2026-08-12T11:20:32Z</time>
        <speed>5.026000</speed>
      </trkpt>
      <trkpt lat="59.487736495" lon="26.550692506">
        <ele>40.200</ele>
        <time>2026-08-12T11:20:36Z</time>
        <speed>4.811000</speed>
      </trkpt>
      <trkpt lat="59.487725515" lon="26.550517157">
        <ele>39.800</ele>
        <time>2026-08-12T11:20:38Z</time>
        <speed>4.823000</speed>
      </trkpt>
      <trkpt lat="59.487714199" lon="26.550292438">
        <ele>38.600</ele>
        <time>2026-08-12T11:20:41Z</time>
        <speed>4.185000</speed>
      </trkpt>
      <trkpt lat="59.487704225" lon="26.550131422">
        <ele>37.400</ele>
        <time>2026-08-12T11:20:43Z</time>
        <speed>4.539000</speed>
      </trkpt>
      <trkpt lat="59.487667093" lon="26.549661616">
        <ele>37.600</ele>
        <time>2026-08-12T11:20:49Z</time>
        <speed>4.048000</speed>
      </trkpt>
      <trkpt lat="59.487656699" lon="26.549499677">
        <ele>38.800</ele>
        <time>2026-08-12T11:20:51Z</time>
        <speed>4.472000</speed>
      </trkpt>
      <trkpt lat="59.487634320" lon="26.549159708">
        <ele>39.800</ele>
        <time>2026-08-12T11:20:55Z</time>
        <speed>4.754000</speed>
      </trkpt>
      <trkpt lat="59.487625435" lon="26.549071446">
        <ele>40.200</ele>
        <time>2026-08-12T11:20:56Z</time>
        <speed>4.723000</speed>
      </trkpt>
      <trkpt lat="59.487620573" lon="26.548982346">
        <ele>40.400</ele>
        <time>2026-08-12T11:20:57Z</time>
        <speed>4.720000</speed>
      </trkpt>
      <trkpt lat="59.487616466" lon="26.548692249">
        <ele>39.200</ele>
        <time>2026-08-12T11:21:00Z</time>
        <speed>5.182000</speed>
      </trkpt>
      <trkpt lat="59.487609509" lon="26.548597366">
        <ele>38.400</ele>
        <time>2026-08-12T11:21:01Z</time>
        <speed>5.162000</speed>
      </trkpt>
      <trkpt lat="59.487579586" lon="26.548160501">
        <ele>39.800</ele>
        <time>2026-08-12T11:21:06Z</time>
        <speed>4.598000</speed>
      </trkpt>
      <trkpt lat="59.487568941" lon="26.547990600">
        <ele>40.000</ele>
        <time>2026-08-12T11:21:08Z</time>
        <speed>4.661000</speed>
      </trkpt>
      <trkpt lat="59.487542454" lon="26.547632860">
        <ele>38.600</ele>
        <time>2026-08-12T11:21:12Z</time>
        <speed>4.675000</speed>
      </trkpt>
      <trkpt lat="59.487523092" lon="26.547380146">
        <ele>39.200</ele>
        <time>2026-08-12T11:21:15Z</time>
        <speed>4.742000</speed>
      </trkpt>
      <trkpt lat="59.487500126" lon="26.547135143">
        <ele>39.200</ele>
        <time>2026-08-12T11:21:18Z</time>
        <speed>4.668000</speed>
      </trkpt>
      <trkpt lat="59.487494845" lon="26.546972869">
        <ele>37.200</ele>
        <time>2026-08-12T11:21:20Z</time>
        <speed>4.405000</speed>
      </trkpt>
      <trkpt lat="59.487490486" lon="26.546894163">
        <ele>36.400</ele>
        <time>2026-08-12T11:21:21Z</time>
        <speed>4.324000</speed>
      </trkpt>
      <trkpt lat="59.487455031" lon="26.546293767">
        <ele>38.200</ele>
        <time>2026-08-12T11:21:29Z</time>
        <speed>4.274000</speed>
      </trkpt>
      <trkpt lat="59.487453271" lon="26.546129901">
        <ele>39.600</ele>
        <time>2026-08-12T11:21:31Z</time>
        <speed>4.591000</speed>
      </trkpt>
      <trkpt lat="59.487439608" lon="26.545969471">
        <ele>39.600</ele>
        <time>2026-08-12T11:21:33Z</time>
        <speed>4.618000</speed>
      </trkpt>
      <trkpt lat="59.487433573" lon="26.545887329">
        <ele>39.000</ele>
        <time>2026-08-12T11:21:34Z</time>
        <speed>4.576000</speed>
      </trkpt>
      <trkpt lat="59.487410858" lon="26.545556914">
        <ele>40.800</ele>
        <time>2026-08-12T11:21:38Z</time>
        <speed>4.745000</speed>
      </trkpt>
      <trkpt lat="59.487396860" lon="26.545338063">
        <ele>39.800</ele>
        <time>2026-08-12T11:21:41Z</time>
        <speed>3.901000</speed>
      </trkpt>
      <trkpt lat="59.487379258" lon="26.544975210">
        <ele>38.400</ele>
        <time>2026-08-12T11:21:46Z</time>
        <speed>3.826000</speed>
      </trkpt>
      <trkpt lat="59.487363584" lon="26.544736577">
        <ele>38.600</ele>
        <time>2026-08-12T11:21:49Z</time>
        <speed>4.865000</speed>
      </trkpt>
      <trkpt lat="59.487363836" lon="26.544647813">
        <ele>38.200</ele>
        <time>2026-08-12T11:21:50Z</time>
        <speed>4.810000</speed>
      </trkpt>
      <trkpt lat="59.487334248" lon="26.544292336">
        <ele>37.600</ele>
        <time>2026-08-12T11:21:54Z</time>
        <speed>4.711000</speed>
      </trkpt>
      <trkpt lat="59.487301642" lon="26.543915737">
        <ele>38.400</ele>
        <time>2026-08-12T11:21:59Z</time>
        <speed>4.277000</speed>
      </trkpt>
      <trkpt lat="59.487238107" lon="26.543173604">
        <ele>39.400</ele>
        <time>2026-08-12T11:22:08Z</time>
        <speed>4.139000</speed>
      </trkpt>
      <trkpt lat="59.487235928" lon="26.543104788">
        <ele>39.600</ele>
        <time>2026-08-12T11:22:09Z</time>
        <speed>3.837000</speed>
      </trkpt>
      <trkpt lat="59.487214554" lon="26.542725842">
        <ele>38.600</ele>
        <time>2026-08-12T11:22:14Z</time>
        <speed>4.047000</speed>
      </trkpt>
      <trkpt lat="59.487206256" lon="26.542652836">
        <ele>38.200</ele>
        <time>2026-08-12T11:22:15Z</time>
        <speed>3.913000</speed>
      </trkpt>
      <trkpt lat="59.487174321" lon="26.542265760">
        <ele>37.800</ele>
        <time>2026-08-12T11:22:20Z</time>
        <speed>3.722000</speed>
      </trkpt>
      <trkpt lat="59.487139452" lon="26.541926796">
        <ele>39.600</ele>
        <time>2026-08-12T11:22:26Z</time>
        <speed>2.836000</speed>
      </trkpt>
      <trkpt lat="59.487120677" lon="26.541525386">
        <ele>39.200</ele>
        <time>2026-08-12T11:22:32Z</time>
        <speed>3.799000</speed>
      </trkpt>
      <trkpt lat="59.487088742" lon="26.541212993">
        <ele>38.600</ele>
        <time>2026-08-12T11:22:37Z</time>
        <speed>3.417000</speed>
      </trkpt>
      <trkpt lat="59.487072565" lon="26.541068405">
        <ele>37.800</ele>
        <time>2026-08-12T11:22:39Z</time>
        <speed>3.643000</speed>
      </trkpt>
      <trkpt lat="59.487058148" lon="26.540923817">
        <ele>36.400</ele>
        <time>2026-08-12T11:22:41Z</time>
        <speed>3.847000</speed>
      </trkpt>
      <trkpt lat="59.487038199" lon="26.540690800">
        <ele>36.200</ele>
        <time>2026-08-12T11:22:44Z</time>
        <speed>4.259000</speed>
      </trkpt>
      <trkpt lat="59.487028141" lon="26.540447390">
        <ele>38.200</ele>
        <time>2026-08-12T11:22:47Z</time>
        <speed>4.227000</speed>
      </trkpt>
      <trkpt lat="59.487007521" lon="26.540037682">
        <ele>38.200</ele>
        <time>2026-08-12T11:22:52Z</time>
        <speed>4.442000</speed>
      </trkpt>
      <trkpt lat="59.486998804" lon="26.539786393">
        <ele>37.000</ele>
        <time>2026-08-12T11:22:55Z</time>
        <speed>3.991000</speed>
      </trkpt>
      <trkpt lat="59.486985225" lon="26.539456649">
        <ele>35.400</ele>
        <time>2026-08-12T11:22:59Z</time>
        <speed>4.402000</speed>
      </trkpt>
      <trkpt lat="59.486983130" lon="26.539370902">
        <ele>34.400</ele>
        <time>2026-08-12T11:23:00Z</time>
        <speed>4.538000</speed>
      </trkpt>
      <trkpt lat="59.486964103" lon="26.538794395">
        <ele>33.800</ele>
        <time>2026-08-12T11:23:07Z</time>
        <speed>4.477000</speed>
      </trkpt>
      <trkpt lat="59.486952452" lon="26.538521899">
        <ele>35.600</ele>
        <time>2026-08-12T11:23:10Z</time>
        <speed>4.931000</speed>
      </trkpt>
      <trkpt lat="59.486945244" lon="26.538424334">
        <ele>36.800</ele>
        <time>2026-08-12T11:23:11Z</time>
        <speed>5.052000</speed>
      </trkpt>
      <trkpt lat="59.486929234" lon="26.538135912">
        <ele>36.600</ele>
        <time>2026-08-12T11:23:14Z</time>
        <speed>5.155000</speed>
      </trkpt>
      <trkpt lat="59.486901993" lon="26.537691085">
        <ele>35.600</ele>
        <time>2026-08-12T11:23:19Z</time>
        <speed>4.616000</speed>
      </trkpt>
      <trkpt lat="59.486892186" lon="26.537529901">
        <ele>36.600</ele>
        <time>2026-08-12T11:23:21Z</time>
        <speed>4.434000</speed>
      </trkpt>
      <trkpt lat="59.486876260" lon="26.537211975">
        <ele>35.600</ele>
        <time>2026-08-12T11:23:25Z</time>
        <speed>4.347000</speed>
      </trkpt>
      <trkpt lat="59.486870226" lon="26.537139723">
        <ele>34.400</ele>
        <time>2026-08-12T11:23:26Z</time>
        <speed>4.109000</speed>
      </trkpt>
      <trkpt lat="59.486849438" lon="26.537001086">
        <ele>34.400</ele>
        <time>2026-08-12T11:23:28Z</time>
        <speed>4.063000</speed>
      </trkpt>
      <trkpt lat="59.486840721" lon="26.536929673">
        <ele>35.400</ele>
        <time>2026-08-12T11:23:29Z</time>
        <speed>4.099000</speed>
      </trkpt>
      <trkpt lat="59.486749778" lon="26.536587859">
        <ele>36.000</ele>
        <time>2026-08-12T11:23:34Z</time>
        <speed>4.281000</speed>
      </trkpt>
      <trkpt lat="59.486727566" lon="26.536468416">
        <ele>36.600</ele>
        <time>2026-08-12T11:23:36Z</time>
        <speed>3.560000</speed>
      </trkpt>
      <trkpt lat="59.486680627" lon="26.536324080">
        <ele>38.000</ele>
        <time>2026-08-12T11:23:39Z</time>
        <speed>3.101000</speed>
      </trkpt>
      <trkpt lat="59.486638717" lon="26.536151413">
        <ele>39.000</ele>
        <time>2026-08-12T11:23:43Z</time>
        <speed>2.578000</speed>
      </trkpt>
      <trkpt lat="59.486613488" lon="26.536058290">
        <ele>39.600</ele>
        <time>2026-08-12T11:23:45Z</time>
        <speed>2.879000</speed>
      </trkpt>
      <trkpt lat="59.486589180" lon="26.535945972">
        <ele>40.200</ele>
        <time>2026-08-12T11:23:47Z</time>
        <speed>3.320000</speed>
      </trkpt>
      <trkpt lat="59.486537715" lon="26.535724690">
        <ele>40.800</ele>
        <time>2026-08-12T11:23:51Z</time>
        <speed>3.312000</speed>
      </trkpt>
      <trkpt lat="59.486421123" lon="26.535266954">
        <ele>40.800</ele>
        <time>2026-08-12T11:24:00Z</time>
        <speed>3.145000</speed>
      </trkpt>
      <trkpt lat="59.486352056" lon="26.534860684">
        <ele>40.400</ele>
        <time>2026-08-12T11:24:07Z</time>
        <speed>3.400000</speed>
      </trkpt>
      <trkpt lat="59.486254994" lon="26.534462292">
        <ele>40.400</ele>
        <time>2026-08-12T11:24:14Z</time>
        <speed>3.373000</speed>
      </trkpt>
      <trkpt lat="59.486127002" lon="26.534164315">
        <ele>41.000</ele>
        <time>2026-08-12T11:24:21Z</time>
        <speed>3.207000</speed>
      </trkpt>
      <trkpt lat="59.486100432" lon="26.534128943">
        <ele>41.200</ele>
        <time>2026-08-12T11:24:22Z</time>
        <speed>3.462000</speed>
      </trkpt>
      <trkpt lat="59.485897338" lon="26.533891400">
        <ele>40.600</ele>
        <time>2026-08-12T11:24:29Z</time>
        <speed>3.870000</speed>
      </trkpt>
      <trkpt lat="59.485703548" lon="26.533680176">
        <ele>40.200</ele>
        <time>2026-08-12T11:24:35Z</time>
        <speed>4.112000</speed>
      </trkpt>
      <trkpt lat="59.485478494" lon="26.533428887">
        <ele>39.800</ele>
        <time>2026-08-12T11:24:42Z</time>
        <speed>3.734000</speed>
      </trkpt>
      <trkpt lat="59.485328039" lon="26.533252867">
        <ele>40.400</ele>
        <time>2026-08-12T11:24:47Z</time>
        <speed>3.642000</speed>
      </trkpt>
      <trkpt lat="59.485136177" lon="26.532999901">
        <ele>39.800</ele>
        <time>2026-08-12T11:24:54Z</time>
        <speed>3.676000</speed>
      </trkpt>
      <trkpt lat="59.485079767" lon="26.532802004">
        <ele>40.400</ele>
        <time>2026-08-12T11:24:57Z</time>
        <speed>4.620000</speed>
      </trkpt>
      <trkpt lat="59.485054119" lon="26.532731010">
        <ele>40.400</ele>
        <time>2026-08-12T11:24:58Z</time>
        <speed>4.783000</speed>
      </trkpt>
      <trkpt lat="59.484914979" lon="26.532368073">
        <ele>40.200</ele>
        <time>2026-08-12T11:25:04Z</time>
        <speed>4.089000</speed>
      </trkpt>
      <trkpt lat="59.484780449" lon="26.531970603">
        <ele>39.800</ele>
        <time>2026-08-12T11:25:11Z</time>
        <speed>3.865000</speed>
      </trkpt>
      <trkpt lat="59.484669473" lon="26.531647649">
        <ele>40.400</ele>
        <time>2026-08-12T11:25:17Z</time>
        <speed>3.400000</speed>
      </trkpt>
      <trkpt lat="59.484572243" lon="26.531329807">
        <ele>40.600</ele>
        <time>2026-08-12T11:25:24Z</time>
        <speed>2.367000</speed>
      </trkpt>
      <trkpt lat="59.484597137" lon="26.531286724">
        <ele>40.800</ele>
        <time>2026-08-12T11:25:26Z</time>
        <speed>1.863000</speed>
      </trkpt>
      <trkpt lat="59.484633347" lon="26.531272139">
        <ele>40.600</ele>
        <time>2026-08-12T11:25:28Z</time>
        <speed>1.875000</speed>
      </trkpt>
      <trkpt lat="59.484651703" lon="26.531260405">
        <ele>41.200</ele>
        <time>2026-08-12T11:25:32Z</time>
        <speed>0.000000</speed>
      </trkpt>
    </trkseg>
    <trkseg>
      <trkpt lat="59.484733511" lon="26.531207431">
        <ele>41.600</ele>
        <time>2026-08-12T11:25:53Z</time>
        <speed>1.702000</speed>
      </trkpt>
      <trkpt lat="59.484767290" lon="26.531188404">
        <ele>41.200</ele>
        <time>2026-08-12T11:25:55Z</time>
        <speed>1.856000</speed>
      </trkpt>
      <trkpt lat="59.484851277" lon="26.531138616">
        <ele>40.200</ele>
        <time>2026-08-12T11:25:59Z</time>
        <speed>2.123000</speed>
      </trkpt>
      <trkpt lat="59.484878769" lon="26.531105926">
        <ele>40.000</ele>
        <time>2026-08-12T11:26:01Z</time>
        <speed>1.504000</speed>
      </trkpt>
      <trkpt lat="59.484945070" lon="26.530990759">
        <ele>39.000</ele>
        <time>2026-08-12T11:26:07Z</time>
        <speed>1.334000</speed>
      </trkpt>
      <trkpt lat="59.484965606" lon="26.530944742">
        <ele>38.400</ele>
        <time>2026-08-12T11:26:09Z</time>
        <speed>1.687000</speed>
      </trkpt>
    </trkseg>
    <trkseg>
      <trkpt lat="59.484627983" lon="26.531277504">
        <ele>41.800</ele>
        <time>2026-08-12T11:35:36Z</time>
        <speed>1.699000</speed>
      </trkpt>
      <trkpt lat="59.484583056" lon="26.531464672">
        <ele>41.400</ele>
        <time>2026-08-12T11:35:41Z</time>
        <speed>3.161000</speed>
      </trkpt>
      <trkpt lat="59.484623373" lon="26.531636249">
        <ele>40.600</ele>
        <time>2026-08-12T11:35:44Z</time>
        <speed>3.187000</speed>
      </trkpt>
      <trkpt lat="59.484663522" lon="26.531741610">
        <ele>40.600</ele>
        <time>2026-08-12T11:35:46Z</time>
        <speed>3.589000</speed>
      </trkpt>
      <trkpt lat="59.484697469" lon="26.531854263">
        <ele>40.600</ele>
        <time>2026-08-12T11:35:48Z</time>
        <speed>3.289000</speed>
      </trkpt>
      <trkpt lat="59.484784976" lon="26.532115275">
        <ele>40.600</ele>
        <time>2026-08-12T11:35:53Z</time>
        <speed>3.583000</speed>
      </trkpt>
      <trkpt lat="59.484864771" lon="26.532313591">
        <ele>40.600</ele>
        <time>2026-08-12T11:35:57Z</time>
        <speed>1.815000</speed>
      </trkpt>
      <trkpt lat="59.484877344" lon="26.532322643">
        <ele>40.600</ele>
        <time>2026-08-12T11:35:58Z</time>
        <speed>0.910000</speed>
      </trkpt>
    </trkseg>
    <trkseg>
      <trkpt lat="59.484914728" lon="26.532356925">
        <ele>40.600</ele>
        <time>2026-08-12T11:37:08Z</time>
        <speed>1.487000</speed>
      </trkpt>
      <trkpt lat="59.484921852" lon="26.532382239">
        <ele>40.600</ele>
        <time>2026-08-12T11:37:09Z</time>
        <speed>1.546000</speed>
      </trkpt>
      <trkpt lat="59.484980442" lon="26.532583488">
        <ele>40.400</ele>
        <time>2026-08-12T11:37:14Z</time>
        <speed>3.120000</speed>
      </trkpt>
      <trkpt lat="59.485159982" lon="26.533004930">
        <ele>40.000</ele>
        <time>2026-08-12T11:37:23Z</time>
        <speed>3.708000</speed>
      </trkpt>
      <trkpt lat="59.485419150" lon="26.533417488">
        <ele>40.200</ele>
        <time>2026-08-12T11:37:32Z</time>
        <speed>4.131000</speed>
      </trkpt>
      <trkpt lat="59.485551417" lon="26.533540282">
        <ele>39.200</ele>
        <time>2026-08-12T11:37:36Z</time>
        <speed>4.152000</speed>
      </trkpt>
      <trkpt lat="59.485619646" lon="26.533620078">
        <ele>39.000</ele>
        <time>2026-08-12T11:37:38Z</time>
        <speed>4.321000</speed>
      </trkpt>
      <trkpt lat="59.485876551" lon="26.533901040">
        <ele>40.200</ele>
        <time>2026-08-12T11:37:46Z</time>
        <speed>3.952000</speed>
      </trkpt>
      <trkpt lat="59.485906642" lon="26.533936327">
        <ele>40.400</ele>
        <time>2026-08-12T11:37:47Z</time>
        <speed>3.950000</speed>
      </trkpt>
      <trkpt lat="59.486108478" lon="26.534214439">
        <ele>40.600</ele>
        <time>2026-08-12T11:37:54Z</time>
        <speed>4.105000</speed>
      </trkpt>
      <trkpt lat="59.486281732" lon="26.534640156">
        <ele>40.600</ele>
        <time>2026-08-12T11:38:01Z</time>
        <speed>4.340000</speed>
      </trkpt>
      <trkpt lat="59.486380303" lon="26.535135945">
        <ele>40.400</ele>
        <time>2026-08-12T11:38:08Z</time>
        <speed>4.474000</speed>
      </trkpt>
      <trkpt lat="59.486440485" lon="26.535435598">
        <ele>40.400</ele>
        <time>2026-08-12T11:38:12Z</time>
        <speed>4.563000</speed>
      </trkpt>
      <trkpt lat="59.486487927" lon="26.535650762">
        <ele>40.400</ele>
        <time>2026-08-12T11:38:15Z</time>
        <speed>4.642000</speed>
      </trkpt>
      <trkpt lat="59.486508630" lon="26.535722092">
        <ele>40.400</ele>
        <time>2026-08-12T11:38:16Z</time>
        <speed>4.721000</speed>
      </trkpt>
      <trkpt lat="59.486603932" lon="26.536016800">
        <ele>38.600</ele>
        <time>2026-08-12T11:38:20Z</time>
        <speed>5.181000</speed>
      </trkpt>
      <trkpt lat="59.486623798" lon="26.536102463">
        <ele>38.400</ele>
        <time>2026-08-12T11:38:21Z</time>
        <speed>5.386000</speed>
      </trkpt>
      <trkpt lat="59.486646848" lon="26.536190137">
        <ele>38.600</ele>
        <time>2026-08-12T11:38:22Z</time>
        <speed>5.791000</speed>
      </trkpt>
      <trkpt lat="59.486736283" lon="26.536481827">
        <ele>37.400</ele>
        <time>2026-08-12T11:38:25Z</time>
        <speed>6.828000</speed>
      </trkpt>
      <trkpt lat="59.486765033" lon="26.536586182">
        <ele>36.600</ele>
        <time>2026-08-12T11:38:26Z</time>
        <speed>6.646000</speed>
      </trkpt>
      <trkpt lat="59.486792693" lon="26.536694476">
        <ele>36.200</ele>
        <time>2026-08-12T11:38:27Z</time>
        <speed>6.984000</speed>
      </trkpt>
      <trkpt lat="59.486886906" lon="26.537139388">
        <ele>36.800</ele>
        <time>2026-08-12T11:38:31Z</time>
        <speed>6.560000</speed>
      </trkpt>
      <trkpt lat="59.486898640" lon="26.537251202">
        <ele>36.400</ele>
        <time>2026-08-12T11:38:32Z</time>
        <speed>6.409000</speed>
      </trkpt>
      <trkpt lat="59.486944405" lon="26.537773730">
        <ele>36.200</ele>
        <time>2026-08-12T11:38:37Z</time>
        <speed>5.720000</speed>
      </trkpt>
      <trkpt lat="59.486948596" lon="26.537976069">
        <ele>36.000</ele>
        <time>2026-08-12T11:38:39Z</time>
        <speed>5.670000</speed>
      </trkpt>
      <trkpt lat="59.486972820" lon="26.538624577">
        <ele>37.200</ele>
        <time>2026-08-12T11:38:46Z</time>
        <speed>4.987000</speed>
      </trkpt>
      <trkpt lat="59.486975251" lon="26.538712671">
        <ele>37.400</ele>
        <time>2026-08-12T11:38:47Z</time>
        <speed>4.966000</speed>
      </trkpt>
      <trkpt lat="59.486991344" lon="26.539059430">
        <ele>37.800</ele>
        <time>2026-08-12T11:38:51Z</time>
        <speed>4.560000</speed>
      </trkpt>
      <trkpt lat="59.487004001" lon="26.539222291">
        <ele>38.200</ele>
        <time>2026-08-12T11:38:53Z</time>
        <speed>4.550000</speed>
      </trkpt>
      <trkpt lat="59.487020345" lon="26.539545162">
        <ele>38.600</ele>
        <time>2026-08-12T11:38:57Z</time>
        <speed>4.313000</speed>
      </trkpt>
      <trkpt lat="59.487032583" lon="26.539781615">
        <ele>38.200</ele>
        <time>2026-08-12T11:39:00Z</time>
        <speed>4.209000</speed>
      </trkpt>
      <trkpt lat="59.487062842" lon="26.540375054">
        <ele>38.600</ele>
        <time>2026-08-12T11:39:07Z</time>
        <speed>4.783000</speed>
      </trkpt>
      <trkpt lat="59.487088658" lon="26.540868916">
        <ele>39.000</ele>
        <time>2026-08-12T11:39:13Z</time>
        <speed>3.504000</speed>
      </trkpt>
      <trkpt lat="59.487090167" lon="26.541093383">
        <ele>39.600</ele>
        <time>2026-08-12T11:39:16Z</time>
        <speed>4.287000</speed>
      </trkpt>
      <trkpt lat="59.487098800" lon="26.541319108">
        <ele>39.600</ele>
        <time>2026-08-12T11:39:19Z</time>
        <speed>3.897000</speed>
      </trkpt>
      <trkpt lat="59.487129394" lon="26.541877761">
        <ele>40.000</ele>
        <time>2026-08-12T11:39:26Z</time>
        <speed>3.990000</speed>
      </trkpt>
      <trkpt lat="59.487159401" lon="26.542310016">
        <ele>40.400</ele>
        <time>2026-08-12T11:39:31Z</time>
        <speed>3.773000</speed>
      </trkpt>
      <trkpt lat="59.487189911" lon="26.542791724">
        <ele>40.400</ele>
        <time>2026-08-12T11:39:37Z</time>
        <speed>3.912000</speed>
      </trkpt>
      <trkpt lat="59.487207597" lon="26.543137394">
        <ele>40.800</ele>
        <time>2026-08-12T11:39:41Z</time>
        <speed>4.067000</speed>
      </trkpt>
      <trkpt lat="59.487223942" lon="26.543335626">
        <ele>40.800</ele>
        <time>2026-08-12T11:39:43Z</time>
        <speed>4.109000</speed>
      </trkpt>
      <trkpt lat="59.487261325" lon="26.543902745">
        <ele>40.400</ele>
        <time>2026-08-12T11:39:49Z</time>
        <speed>4.422000</speed>
      </trkpt>
      <trkpt lat="59.487302564" lon="26.544459471">
        <ele>41.000</ele>
        <time>2026-08-12T11:39:55Z</time>
        <speed>4.859000</speed>
      </trkpt>
      <trkpt lat="59.487358639" lon="26.545105716">
        <ele>41.000</ele>
        <time>2026-08-12T11:40:02Z</time>
        <speed>4.642000</speed>
      </trkpt>
      <trkpt lat="59.487363501" lon="26.545200264">
        <ele>41.200</ele>
        <time>2026-08-12T11:40:03Z</time>
        <speed>4.693000</speed>
      </trkpt>
      <trkpt lat="59.487386970" lon="26.545572756">
        <ele>41.200</ele>
        <time>2026-08-12T11:40:07Z</time>
        <speed>4.928000</speed>
      </trkpt>
      <trkpt lat="59.487432400" lon="26.546387142">
        <ele>40.600</ele>
        <time>2026-08-12T11:40:15Z</time>
        <speed>5.083000</speed>
      </trkpt>
      <trkpt lat="59.487478919" lon="26.547108991">
        <ele>42.000</ele>
        <time>2026-08-12T11:40:22Z</time>
        <speed>5.583000</speed>
      </trkpt>
      <trkpt lat="59.487520494" lon="26.547800750">
        <ele>41.800</ele>
        <time>2026-08-12T11:40:29Z</time>
        <speed>5.653000</speed>
      </trkpt>
      <trkpt lat="59.487550920" lon="26.548395446">
        <ele>42.200</ele>
        <time>2026-08-12T11:40:35Z</time>
        <speed>5.530000</speed>
      </trkpt>
      <trkpt lat="59.487599116" lon="26.549069602">
        <ele>42.000</ele>
        <time>2026-08-12T11:40:42Z</time>
        <speed>5.136000</speed>
      </trkpt>
      <trkpt lat="59.487634320" lon="26.549621550">
        <ele>43.000</ele>
        <time>2026-08-12T11:40:48Z</time>
        <speed>4.921000</speed>
      </trkpt>
      <trkpt lat="59.487643875" lon="26.549791871">
        <ele>42.600</ele>
        <time>2026-08-12T11:40:50Z</time>
        <speed>4.415000</speed>
      </trkpt>
      <trkpt lat="59.487689976" lon="26.550380196">
        <ele>42.800</ele>
        <time>2026-08-12T11:40:57Z</time>
        <speed>4.300000</speed>
      </trkpt>
      <trkpt lat="59.487727275" lon="26.550821923">
        <ele>42.600</ele>
        <time>2026-08-12T11:41:03Z</time>
        <speed>3.390000</speed>
      </trkpt>
      <trkpt lat="59.487741105" lon="26.551215956">
        <ele>43.000</ele>
        <time>2026-08-12T11:41:09Z</time>
        <speed>3.546000</speed>
      </trkpt>
      <trkpt lat="59.487764323" lon="26.551840072">
        <ele>43.800</ele>
        <time>2026-08-12T11:41:18Z</time>
        <speed>3.863000</speed>
      </trkpt>
      <trkpt lat="59.487775974" lon="26.551985247">
        <ele>44.000</ele>
        <time>2026-08-12T11:41:20Z</time>
        <speed>3.890000</speed>
      </trkpt>
      <trkpt lat="59.487806652" lon="26.552347681">
        <ele>44.400</ele>
        <time>2026-08-12T11:41:25Z</time>
        <speed>3.676000</speed>
      </trkpt>
      <trkpt lat="59.487835066" lon="26.552805584">
        <ele>44.800</ele>
        <time>2026-08-12T11:41:32Z</time>
        <speed>2.797000</speed>
      </trkpt>
      <trkpt lat="59.487840431" lon="26.552980850">
        <ele>45.000</ele>
        <time>2026-08-12T11:41:35Z</time>
        <speed>3.180000</speed>
      </trkpt>
      <trkpt lat="59.487858871" lon="26.553233396">
        <ele>45.400</ele>
        <time>2026-08-12T11:41:39Z</time>
        <speed>2.888000</speed>
      </trkpt>
      <trkpt lat="59.487886447" lon="26.553725498">
        <ele>45.800</ele>
        <time>2026-08-12T11:41:47Z</time>
        <speed>2.894000</speed>
      </trkpt>
      <trkpt lat="59.487896841" lon="26.553895818">
        <ele>46.000</ele>
        <time>2026-08-12T11:41:50Z</time>
        <speed>2.752000</speed>
      </trkpt>
      <trkpt lat="59.487913353" lon="26.554048788">
        <ele>46.000</ele>
        <time>2026-08-12T11:41:53Z</time>
        <speed>2.252000</speed>
      </trkpt>
      <trkpt lat="59.487924250" lon="26.554154987">
        <ele>46.200</ele>
        <time>2026-08-12T11:41:55Z</time>
        <speed>2.805000</speed>
      </trkpt>
      <trkpt lat="59.487966411" lon="26.554353973">
        <ele>47.000</ele>
        <time>2026-08-12T11:41:59Z</time>
        <speed>2.555000</speed>
      </trkpt>
      <trkpt lat="59.487997424" lon="26.554445168">
        <ele>47.200</ele>
        <time>2026-08-12T11:42:01Z</time>
        <speed>2.830000</speed>
      </trkpt>
      <trkpt lat="59.488089709" lon="26.554645160">
        <ele>47.600</ele>
        <time>2026-08-12T11:42:06Z</time>
        <speed>2.400000</speed>
      </trkpt>
      <trkpt lat="59.488208061" lon="26.554823527">
        <ele>47.800</ele>
        <time>2026-08-12T11:42:13Z</time>
        <speed>1.954000</speed>
      </trkpt>
      <trkpt lat="59.488267237" lon="26.554893767">
        <ele>48.400</ele>
        <time>2026-08-12T11:42:16Z</time>
        <speed>2.149000</speed>
      </trkpt>
      <trkpt lat="59.488349380" lon="26.554989070">
        <ele>48.600</ele>
        <time>2026-08-12T11:42:20Z</time>
        <speed>2.291000</speed>
      </trkpt>
      <trkpt lat="59.488512492" lon="26.555180093">
        <ele>48.400</ele>
        <time>2026-08-12T11:42:28Z</time>
        <speed>2.598000</speed>
      </trkpt>
      <trkpt lat="59.488669988" lon="26.555358712">
        <ele>49.000</ele>
        <time>2026-08-12T11:42:35Z</time>
        <speed>2.919000</speed>
      </trkpt>
      <trkpt lat="59.488711311" lon="26.555430042">
        <ele>49.600</ele>
        <time>2026-08-12T11:42:37Z</time>
        <speed>2.963000</speed>
      </trkpt>
      <trkpt lat="59.488898730" lon="26.555671943">
        <ele>49.800</ele>
        <time>2026-08-12T11:42:45Z</time>
        <speed>3.027000</speed>
      </trkpt>
      <trkpt lat="59.489107775" lon="26.555906888">
        <ele>50.000</ele>
        <time>2026-08-12T11:42:54Z</time>
        <speed>2.895000</speed>
      </trkpt>
      <trkpt lat="59.489217661" lon="26.556021553">
        <ele>51.200</ele>
        <time>2026-08-12T11:42:59Z</time>
        <speed>2.564000</speed>
      </trkpt>
      <trkpt lat="59.489275580" lon="26.556090452">
        <ele>51.600</ele>
        <time>2026-08-12T11:43:02Z</time>
        <speed>2.648000</speed>
      </trkpt>
      <trkpt lat="59.489426790" lon="26.556264376">
        <ele>50.400</ele>
        <time>2026-08-12T11:43:08Z</time>
        <speed>3.620000</speed>
      </trkpt>
      <trkpt lat="59.489620412" lon="26.556452801">
        <ele>50.600</ele>
        <time>2026-08-12T11:43:15Z</time>
        <speed>3.135000</speed>
      </trkpt>
      <trkpt lat="59.489646396" lon="26.556472415">
        <ele>50.200</ele>
        <time>2026-08-12T11:43:16Z</time>
        <speed>3.098000</speed>
      </trkpt>
      <trkpt lat="59.489766425" lon="26.556587666">
        <ele>51.200</ele>
        <time>2026-08-12T11:43:21Z</time>
        <speed>3.170000</speed>
      </trkpt>
      <trkpt lat="59.489789894" lon="26.556623289">
        <ele>51.200</ele>
        <time>2026-08-12T11:43:22Z</time>
        <speed>3.360000</speed>
      </trkpt>
      <trkpt lat="59.489994328" lon="26.556936186">
        <ele>51.000</ele>
        <time>2026-08-12T11:43:30Z</time>
        <speed>3.713000</speed>
      </trkpt>
      <trkpt lat="59.490116537" lon="26.557292249">
        <ele>51.600</ele>
        <time>2026-08-12T11:43:36Z</time>
        <speed>4.246000</speed>
      </trkpt>
      <trkpt lat="59.490185771" lon="26.557708327">
        <ele>52.200</ele>
        <time>2026-08-12T11:43:42Z</time>
        <speed>4.067000</speed>
      </trkpt>
      <trkpt lat="59.490195578" lon="26.557778651">
        <ele>52.400</ele>
        <time>2026-08-12T11:43:43Z</time>
        <speed>4.048000</speed>
      </trkpt>
      <trkpt lat="59.490221813" lon="26.558136223">
        <ele>51.200</ele>
        <time>2026-08-12T11:43:48Z</time>
        <speed>4.146000</speed>
      </trkpt>
      <trkpt lat="59.490240254" lon="26.558277458">
        <ele>51.200</ele>
        <time>2026-08-12T11:43:50Z</time>
        <speed>4.134000</speed>
      </trkpt>
      <trkpt lat="59.490295826" lon="26.558807278">
        <ele>51.600</ele>
        <time>2026-08-12T11:43:57Z</time>
        <speed>4.567000</speed>
      </trkpt>
      <trkpt lat="59.490319630" lon="26.559046749">
        <ele>52.200</ele>
        <time>2026-08-12T11:44:00Z</time>
        <speed>4.620000</speed>
      </trkpt>
      <trkpt lat="59.490382327" lon="26.559512364">
        <ele>51.600</ele>
        <time>2026-08-12T11:44:06Z</time>
        <speed>4.653000</speed>
      </trkpt>
      <trkpt lat="59.490473103" lon="26.560145114">
        <ele>51.800</ele>
        <time>2026-08-12T11:44:14Z</time>
        <speed>4.427000</speed>
      </trkpt>
      <trkpt lat="59.490570584" lon="26.560765039">
        <ele>52.000</ele>
        <time>2026-08-12T11:44:22Z</time>
        <speed>4.680000</speed>
      </trkpt>
      <trkpt lat="59.490639651" lon="26.561326794">
        <ele>52.600</ele>
        <time>2026-08-12T11:44:29Z</time>
        <speed>4.834000</speed>
      </trkpt>
      <trkpt lat="59.490751382" lon="26.562087033">
        <ele>51.800</ele>
        <time>2026-08-12T11:44:38Z</time>
        <speed>4.822000</speed>
      </trkpt>
      <trkpt lat="59.490855485" lon="26.562700085">
        <ele>52.400</ele>
        <time>2026-08-12T11:44:46Z</time>
        <speed>4.853000</speed>
      </trkpt>
      <trkpt lat="59.490958415" lon="26.563277598">
        <ele>52.000</ele>
        <time>2026-08-12T11:44:53Z</time>
        <speed>4.833000</speed>
      </trkpt>
      <trkpt lat="59.490971826" lon="26.563354796">
        <ele>52.000</ele>
        <time>2026-08-12T11:44:54Z</time>
        <speed>4.778000</speed>
      </trkpt>
      <trkpt lat="59.491084563" lon="26.563933231">
        <ele>52.200</ele>
        <time>2026-08-12T11:45:02Z</time>
        <speed>4.186000</speed>
      </trkpt>
      <trkpt lat="59.491149103" lon="26.564421812">
        <ele>52.200</ele>
        <time>2026-08-12T11:45:09Z</time>
        <speed>4.251000</speed>
      </trkpt>
      <trkpt lat="59.491295703" lon="26.564972587">
        <ele>52.600</ele>
        <time>2026-08-12T11:45:17Z</time>
        <speed>4.683000</speed>
      </trkpt>
      <trkpt lat="59.491342809" lon="26.565101501">
        <ele>52.800</ele>
        <time>2026-08-12T11:45:19Z</time>
        <speed>4.546000</speed>
      </trkpt>
      <trkpt lat="59.491460323" lon="26.565399729">
        <ele>53.000</ele>
        <time>2026-08-12T11:45:24Z</time>
        <speed>3.869000</speed>
      </trkpt>
      <trkpt lat="59.491503071" lon="26.565509783">
        <ele>53.400</ele>
        <time>2026-08-12T11:45:26Z</time>
        <speed>3.944000</speed>
      </trkpt>
      <trkpt lat="59.491662662" lon="26.565808933">
        <ele>53.400</ele>
        <time>2026-08-12T11:45:32Z</time>
        <speed>4.393000</speed>
      </trkpt>
      <trkpt lat="59.491882520" lon="26.566168517">
        <ele>52.200</ele>
        <time>2026-08-12T11:45:39Z</time>
        <speed>4.527000</speed>
      </trkpt>
      <trkpt lat="59.491915628" lon="26.566217970">
        <ele>51.800</ele>
        <time>2026-08-12T11:45:40Z</time>
        <speed>4.540000</speed>
      </trkpt>
      <trkpt lat="59.492213102" lon="26.566638574">
        <ele>52.200</ele>
        <time>2026-08-12T11:45:49Z</time>
        <speed>4.503000</speed>
      </trkpt>
      <trkpt lat="59.492246043" lon="26.566684255">
        <ele>52.200</ele>
        <time>2026-08-12T11:45:50Z</time>
        <speed>4.488000</speed>
      </trkpt>
      <trkpt lat="59.492455758" lon="26.566912578">
        <ele>52.000</ele>
        <time>2026-08-12T11:45:56Z</time>
        <speed>4.528000</speed>
      </trkpt>
      <trkpt lat="59.492707299" lon="26.567115672">
        <ele>52.400</ele>
        <time>2026-08-12T11:46:03Z</time>
        <speed>4.227000</speed>
      </trkpt>
      <trkpt lat="59.493035451" lon="26.567359166">
        <ele>51.800</ele>
        <time>2026-08-12T11:46:12Z</time>
        <speed>4.602000</speed>
      </trkpt>
      <trkpt lat="59.493114827" lon="26.567398226">
        <ele>51.200</ele>
        <time>2026-08-12T11:46:14Z</time>
        <speed>4.721000</speed>
      </trkpt>
      <trkpt lat="59.493278107" lon="26.567505766">
        <ele>52.200</ele>
        <time>2026-08-12T11:46:18Z</time>
        <speed>4.944000</speed>
      </trkpt>
      <trkpt lat="59.493360333" lon="26.567570390">
        <ele>52.600</ele>
        <time>2026-08-12T11:46:20Z</time>
        <speed>4.876000</speed>
      </trkpt>
      <trkpt lat="59.493569462" lon="26.567703662">
        <ele>51.200</ele>
        <time>2026-08-12T11:46:25Z</time>
        <speed>4.839000</speed>
      </trkpt>
      <trkpt lat="59.493692340" lon="26.567766527">
        <ele>50.800</ele>
        <time>2026-08-12T11:46:28Z</time>
        <speed>4.929000</speed>
      </trkpt>
      <trkpt lat="59.494026527" lon="26.567990240">
        <ele>51.600</ele>
        <time>2026-08-12T11:46:36Z</time>
        <speed>4.888000</speed>
      </trkpt>
      <trkpt lat="59.494265998" lon="26.568231974">
        <ele>52.000</ele>
        <time>2026-08-12T11:46:43Z</time>
        <speed>3.741000</speed>
      </trkpt>
      <trkpt lat="59.494495494" lon="26.568584014">
        <ele>52.400</ele>
        <time>2026-08-12T11:46:51Z</time>
        <speed>4.113000</speed>
      </trkpt>
      <trkpt lat="59.494710825" lon="26.569016939">
        <ele>52.200</ele>
        <time>2026-08-12T11:46:59Z</time>
        <speed>4.550000</speed>
      </trkpt>
      <trkpt lat="59.494781569" lon="26.569232857">
        <ele>51.400</ele>
        <time>2026-08-12T11:47:02Z</time>
        <speed>4.871000</speed>
      </trkpt>
      <trkpt lat="59.494912662" lon="26.569601241">
        <ele>52.000</ele>
        <time>2026-08-12T11:47:07Z</time>
        <speed>5.173000</speed>
      </trkpt>
      <trkpt lat="59.495077701" lon="26.570145981">
        <ele>51.400</ele>
        <time>2026-08-12T11:47:14Z</time>
        <speed>4.831000</speed>
      </trkpt>
      <trkpt lat="59.495128328" lon="26.570283277">
        <ele>51.400</ele>
        <time>2026-08-12T11:47:16Z</time>
        <speed>4.699000</speed>
      </trkpt>
      <trkpt lat="59.495258918" lon="26.570674963">
        <ele>51.800</ele>
        <time>2026-08-12T11:47:22Z</time>
        <speed>3.923000</speed>
      </trkpt>
      <trkpt lat="59.495309629" lon="26.570953662">
        <ele>52.200</ele>
        <time>2026-08-12T11:47:27Z</time>
        <speed>3.200000</speed>
      </trkpt>
      <trkpt lat="59.495291105" lon="26.571064470">
        <ele>52.400</ele>
        <time>2026-08-12T11:47:29Z</time>
        <speed>3.577000</speed>
      </trkpt>
      <trkpt lat="59.495250788" lon="26.571176033">
        <ele>52.600</ele>
        <time>2026-08-12T11:47:31Z</time>
        <speed>3.886000</speed>
      </trkpt>
      <trkpt lat="59.495074349" lon="26.571572749">
        <ele>52.000</ele>
        <time>2026-08-12T11:47:38Z</time>
        <speed>4.420000</speed>
      </trkpt>
      <trkpt lat="59.494918613" lon="26.571995029">
        <ele>51.400</ele>
        <time>2026-08-12T11:47:44Z</time>
        <speed>5.082000</speed>
      </trkpt>
      <trkpt lat="59.494857593" lon="26.572133247">
        <ele>50.800</ele>
        <time>2026-08-12T11:47:46Z</time>
        <speed>5.235000</speed>
      </trkpt>
      <trkpt lat="59.494595490" lon="26.572794579">
        <ele>51.600</ele>
        <time>2026-08-12T11:47:55Z</time>
        <speed>5.292000</speed>
      </trkpt>
      <trkpt lat="59.494476048" lon="26.573082414">
        <ele>52.000</ele>
        <time>2026-08-12T11:47:59Z</time>
        <speed>5.298000</speed>
      </trkpt>
      <trkpt lat="59.494409915" lon="26.573208813">
        <ele>51.400</ele>
        <time>2026-08-12T11:48:01Z</time>
        <speed>5.176000</speed>
      </trkpt>
      <trkpt lat="59.494194333" lon="26.573735615">
        <ele>51.200</ele>
        <time>2026-08-12T11:48:08Z</time>
        <speed>5.789000</speed>
      </trkpt>
      <trkpt lat="59.493851513" lon="26.574583109">
        <ele>50.800</ele>
        <time>2026-08-12T11:48:18Z</time>
        <speed>6.274000</speed>
      </trkpt>
      <trkpt lat="59.493582537" lon="26.575236563">
        <ele>50.800</ele>
        <time>2026-08-12T11:48:26Z</time>
        <speed>5.649000</speed>
      </trkpt>
      <trkpt lat="59.493549094" lon="26.575310072">
        <ele>50.400</ele>
        <time>2026-08-12T11:48:27Z</time>
        <speed>5.653000</speed>
      </trkpt>
      <trkpt lat="59.493517242" lon="26.575387437">
        <ele>50.200</ele>
        <time>2026-08-12T11:48:28Z</time>
        <speed>5.723000</speed>
      </trkpt>
      <trkpt lat="59.493316077" lon="26.575878616">
        <ele>51.000</ele>
        <time>2026-08-12T11:48:34Z</time>
        <speed>6.043000</speed>
      </trkpt>
      <trkpt lat="59.493000414" lon="26.576647237">
        <ele>49.800</ele>
        <time>2026-08-12T11:48:43Z</time>
        <speed>6.521000</speed>
      </trkpt>
      <trkpt lat="59.492627252" lon="26.577552231">
        <ele>49.400</ele>
        <time>2026-08-12T11:48:53Z</time>
        <speed>6.677000</speed>
      </trkpt>
      <trkpt lat="59.492258113" lon="26.578448089">
        <ele>50.000</ele>
        <time>2026-08-12T11:49:03Z</time>
        <speed>6.676000</speed>
      </trkpt>
      <trkpt lat="59.492063820" lon="26.578915212">
        <ele>49.200</ele>
        <time>2026-08-12T11:49:08Z</time>
        <speed>6.827000</speed>
      </trkpt>
      <trkpt lat="59.491872294" lon="26.579375546">
        <ele>48.800</ele>
        <time>2026-08-12T11:49:13Z</time>
        <speed>6.449000</speed>
      </trkpt>
      <trkpt lat="59.491560236" lon="26.580136288">
        <ele>49.200</ele>
        <time>2026-08-12T11:49:22Z</time>
        <speed>6.099000</speed>
      </trkpt>
      <trkpt lat="59.491219930" lon="26.580958217">
        <ele>49.600</ele>
        <time>2026-08-12T11:49:32Z</time>
        <speed>6.007000</speed>
      </trkpt>
      <trkpt lat="59.491152121" lon="26.581123006">
        <ele>49.800</ele>
        <time>2026-08-12T11:49:34Z</time>
        <speed>6.019000</speed>
      </trkpt>
      <trkpt lat="59.490807960" lon="26.581949629">
        <ele>49.600</ele>
        <time>2026-08-12T11:49:44Z</time>
        <speed>5.968000</speed>
      </trkpt>
      <trkpt lat="59.490709472" lon="26.582187926">
        <ele>50.200</ele>
        <time>2026-08-12T11:49:47Z</time>
        <speed>5.623000</speed>
      </trkpt>
      <trkpt lat="59.490559939" lon="26.582557820">
        <ele>50.400</ele>
        <time>2026-08-12T11:49:52Z</time>
        <speed>5.208000</speed>
      </trkpt>
      <trkpt lat="59.490316194" lon="26.583129801">
        <ele>50.000</ele>
        <time>2026-08-12T11:50:00Z</time>
        <speed>5.637000</speed>
      </trkpt>
      <trkpt lat="59.490008075" lon="26.583875539">
        <ele>49.800</ele>
        <time>2026-08-12T11:50:09Z</time>
        <speed>6.443000</speed>
      </trkpt>
      <trkpt lat="59.489669446" lon="26.584704341">
        <ele>49.800</ele>
        <time>2026-08-12T11:50:18Z</time>
        <speed>6.842000</speed>
      </trkpt>
      <trkpt lat="59.489630051" lon="26.584795034">
        <ele>49.600</ele>
        <time>2026-08-12T11:50:19Z</time>
        <speed>6.777000</speed>
      </trkpt>
      <trkpt lat="59.489479596" lon="26.585160987">
        <ele>49.200</ele>
        <time>2026-08-12T11:50:23Z</time>
        <speed>6.883000</speed>
      </trkpt>
      <trkpt lat="59.489279352" lon="26.585643198">
        <ele>48.600</ele>
        <time>2026-08-12T11:50:28Z</time>
        <speed>7.005000</speed>
      </trkpt>
      <trkpt lat="59.488938292" lon="26.586471330">
        <ele>49.000</ele>
        <time>2026-08-12T11:50:37Z</time>
        <speed>6.743000</speed>
      </trkpt>
      <trkpt lat="59.488595137" lon="26.587299295">
        <ele>48.600</ele>
        <time>2026-08-12T11:50:46Z</time>
        <speed>6.398000</speed>
      </trkpt>
      <trkpt lat="59.488522802" lon="26.587471040">
        <ele>48.600</ele>
        <time>2026-08-12T11:50:48Z</time>
        <speed>6.271000</speed>
      </trkpt>
      <trkpt lat="59.488207558" lon="26.588233206">
        <ele>48.800</ele>
        <time>2026-08-12T11:50:57Z</time>
        <speed>6.061000</speed>
      </trkpt>
      <trkpt lat="59.487941936" lon="26.588880541">
        <ele>48.600</ele>
        <time>2026-08-12T11:51:05Z</time>
        <speed>5.838000</speed>
      </trkpt>
      <trkpt lat="59.487658041" lon="26.589561403">
        <ele>48.400</ele>
        <time>2026-08-12T11:51:14Z</time>
        <speed>5.307000</speed>
      </trkpt>
      <trkpt lat="59.487432232" lon="26.590118380">
        <ele>48.800</ele>
        <time>2026-08-12T11:51:22Z</time>
        <speed>4.840000</speed>
      </trkpt>
      <trkpt lat="59.487203993" lon="26.590657672">
        <ele>49.000</ele>
        <time>2026-08-12T11:51:30Z</time>
        <speed>5.164000</speed>
      </trkpt>
      <trkpt lat="59.486961002" lon="26.591243735">
        <ele>48.400</ele>
        <time>2026-08-12T11:51:38Z</time>
        <speed>5.567000</speed>
      </trkpt>
      <trkpt lat="59.486833848" lon="26.591557050">
        <ele>48.000</ele>
        <time>2026-08-12T11:51:42Z</time>
        <speed>5.575000</speed>
      </trkpt>
      <trkpt lat="59.486712478" lon="26.591861565">
        <ele>48.800</ele>
        <time>2026-08-12T11:51:46Z</time>
        <speed>5.401000</speed>
      </trkpt>
      <trkpt lat="59.486482730" lon="26.592422314">
        <ele>49.000</ele>
        <time>2026-08-12T11:51:54Z</time>
        <speed>5.067000</speed>
      </trkpt>
      <trkpt lat="59.486212749" lon="26.593070906">
        <ele>50.000</ele>
        <time>2026-08-12T11:52:03Z</time>
        <speed>5.459000</speed>
      </trkpt>
      <trkpt lat="59.486148376" lon="26.593219182">
        <ele>50.400</ele>
        <time>2026-08-12T11:52:05Z</time>
        <speed>5.651000</speed>
      </trkpt>
      <trkpt lat="59.485878646" lon="26.593874311">
        <ele>49.800</ele>
        <time>2026-08-12T11:52:13Z</time>
        <speed>5.912000</speed>
      </trkpt>
      <trkpt lat="59.485545047" lon="26.594679812">
        <ele>50.000</ele>
        <time>2026-08-12T11:52:23Z</time>
        <speed>5.823000</speed>
      </trkpt>
      <trkpt lat="59.485279927" lon="26.595301162">
        <ele>49.600</ele>
        <time>2026-08-12T11:52:31Z</time>
        <speed>5.806000</speed>
      </trkpt>
      <trkpt lat="59.485118324" lon="26.595706008">
        <ele>49.200</ele>
        <time>2026-08-12T11:52:36Z</time>
        <speed>5.743000</speed>
      </trkpt>
      <trkpt lat="59.484923612" lon="26.596161984">
        <ele>49.400</ele>
        <time>2026-08-12T11:52:42Z</time>
        <speed>5.409000</speed>
      </trkpt>
      <trkpt lat="59.484684980" lon="26.596730361">
        <ele>49.400</ele>
        <time>2026-08-12T11:52:49Z</time>
        <speed>6.319000</speed>
      </trkpt>
      <trkpt lat="59.484347943" lon="26.597560588">
        <ele>48.400</ele>
        <time>2026-08-12T11:52:58Z</time>
        <speed>6.730000</speed>
      </trkpt>
      <trkpt lat="59.484308045" lon="26.597652957">
        <ele>48.000</ele>
        <time>2026-08-12T11:52:59Z</time>
        <speed>6.741000</speed>
      </trkpt>
      <trkpt lat="59.484196734" lon="26.597927883">
        <ele>48.600</ele>
        <time>2026-08-12T11:53:02Z</time>
        <speed>6.478000</speed>
      </trkpt>
      <trkpt lat="59.484013338" lon="26.598369777">
        <ele>47.800</ele>
        <time>2026-08-12T11:53:07Z</time>
        <speed>6.405000</speed>
      </trkpt>
      <trkpt lat="59.483649731" lon="26.599254319">
        <ele>48.200</ele>
        <time>2026-08-12T11:53:17Z</time>
        <speed>6.367000</speed>
      </trkpt>
      <trkpt lat="59.483575802" lon="26.599427070">
        <ele>48.000</ele>
        <time>2026-08-12T11:53:19Z</time>
        <speed>6.311000</speed>
      </trkpt>
      <trkpt lat="59.483288052" lon="26.600136515">
        <ele>48.400</ele>
        <time>2026-08-12T11:53:27Z</time>
        <speed>6.490000</speed>
      </trkpt>
      <trkpt lat="59.482952692" lon="26.600941597">
        <ele>48.800</ele>
        <time>2026-08-12T11:53:36Z</time>
        <speed>6.500000</speed>
      </trkpt>
      <trkpt lat="59.482669383" lon="26.601638552">
        <ele>48.400</ele>
        <time>2026-08-12T11:53:44Z</time>
        <speed>5.989000</speed>
      </trkpt>
      <trkpt lat="59.482356319" lon="26.602379344">
        <ele>48.600</ele>
        <time>2026-08-12T11:53:53Z</time>
        <speed>5.913000</speed>
      </trkpt>
      <trkpt lat="59.482231177" lon="26.602691738">
        <ele>48.800</ele>
        <time>2026-08-12T11:53:57Z</time>
        <speed>5.390000</speed>
      </trkpt>
      <trkpt lat="59.482168732" lon="26.602840181">
        <ele>48.800</ele>
        <time>2026-08-12T11:53:59Z</time>
        <speed>5.397000</speed>
      </trkpt>
      <trkpt lat="59.481985169" lon="26.603272688">
        <ele>49.000</ele>
        <time>2026-08-12T11:54:05Z</time>
        <speed>5.223000</speed>
      </trkpt>
      <trkpt lat="59.481708147" lon="26.603953382">
        <ele>49.000</ele>
        <time>2026-08-12T11:54:14Z</time>
        <speed>5.630000</speed>
      </trkpt>
      <trkpt lat="59.481587447" lon="26.604253873">
        <ele>48.800</ele>
        <time>2026-08-12T11:54:18Z</time>
        <speed>5.272000</speed>
      </trkpt>
      <trkpt lat="59.481501197" lon="26.604471048">
        <ele>49.000</ele>
        <time>2026-08-12T11:54:21Z</time>
        <speed>5.273000</speed>
      </trkpt>
      <trkpt lat="59.481379827" lon="26.604769612">
        <ele>49.200</ele>
        <time>2026-08-12T11:54:25Z</time>
        <speed>5.399000</speed>
      </trkpt>
      <trkpt lat="59.481246388" lon="26.605070438">
        <ele>49.000</ele>
        <time>2026-08-12T11:54:29Z</time>
        <speed>5.666000</speed>
      </trkpt>
      <trkpt lat="59.481017394" lon="26.605641916">
        <ele>49.400</ele>
        <time>2026-08-12T11:54:36Z</time>
        <speed>5.888000</speed>
      </trkpt>
      <trkpt lat="59.480679687" lon="26.606436353">
        <ele>49.600</ele>
        <time>2026-08-12T11:54:46Z</time>
        <speed>5.750000</speed>
      </trkpt>
      <trkpt lat="59.480393697" lon="26.607110174">
        <ele>49.400</ele>
        <time>2026-08-12T11:54:54Z</time>
        <speed>6.424000</speed>
      </trkpt>
      <trkpt lat="59.480053894" lon="26.607932271">
        <ele>49.800</ele>
        <time>2026-08-12T11:55:03Z</time>
        <speed>6.779000</speed>
      </trkpt>
      <trkpt lat="59.480014751" lon="26.608024472">
        <ele>49.600</ele>
        <time>2026-08-12T11:55:04Z</time>
        <speed>6.714000</speed>
      </trkpt>
      <trkpt lat="59.479686851" lon="26.608836092">
        <ele>49.400</ele>
        <time>2026-08-12T11:55:13Z</time>
        <speed>6.281000</speed>
      </trkpt>
      <trkpt lat="59.479452828" lon="26.609409414">
        <ele>49.600</ele>
        <time>2026-08-12T11:55:20Z</time>
        <speed>5.716000</speed>
      </trkpt>
      <trkpt lat="59.479178404" lon="26.610077033">
        <ele>49.600</ele>
        <time>2026-08-12T11:55:28Z</time>
        <speed>6.089000</speed>
      </trkpt>
      <trkpt lat="59.479073212" lon="26.610325472">
        <ele>49.600</ele>
        <time>2026-08-12T11:55:31Z</time>
        <speed>6.180000</speed>
      </trkpt>
      <trkpt lat="59.478863915" lon="26.610829392">
        <ele>50.000</ele>
        <time>2026-08-12T11:55:37Z</time>
        <speed>5.896000</speed>
      </trkpt>
      <trkpt lat="59.478611788" lon="26.611447306">
        <ele>49.600</ele>
        <time>2026-08-12T11:55:46Z</time>
        <speed>5.313000</speed>
      </trkpt>
      <trkpt lat="59.478420513" lon="26.611903198">
        <ele>49.200</ele>
        <time>2026-08-12T11:55:52Z</time>
        <speed>5.684000</speed>
      </trkpt>
      <trkpt lat="59.478157237" lon="26.612543911">
        <ele>49.800</ele>
        <time>2026-08-12T11:56:00Z</time>
        <speed>5.950000</speed>
      </trkpt>
      <trkpt lat="59.477842832" lon="26.613304736">
        <ele>49.400</ele>
        <time>2026-08-12T11:56:09Z</time>
        <speed>6.072000</speed>
      </trkpt>
      <trkpt lat="59.477496408" lon="26.614144016">
        <ele>49.200</ele>
        <time>2026-08-12T11:56:19Z</time>
        <speed>6.133000</speed>
      </trkpt>
      <trkpt lat="59.477199856" lon="26.614855472">
        <ele>49.400</ele>
        <time>2026-08-12T11:56:28Z</time>
        <speed>5.400000</speed>
      </trkpt>
      <trkpt lat="59.476985531" lon="26.615386382">
        <ele>49.200</ele>
        <time>2026-08-12T11:56:35Z</time>
        <speed>5.689000</speed>
      </trkpt>
      <trkpt lat="59.476740863" lon="26.615958698">
        <ele>48.800</ele>
        <time>2026-08-12T11:56:42Z</time>
        <speed>6.185000</speed>
      </trkpt>
      <trkpt lat="59.476450346" lon="26.616653726">
        <ele>49.000</ele>
        <time>2026-08-12T11:56:50Z</time>
        <speed>6.274000</speed>
      </trkpt>
      <trkpt lat="59.476099312" lon="26.617487976">
        <ele>48.800</ele>
        <time>2026-08-12T11:56:59Z</time>
        <speed>7.252000</speed>
      </trkpt>
      <trkpt lat="59.475735957" lon="26.618382074">
        <ele>48.000</ele>
        <time>2026-08-12T11:57:08Z</time>
        <speed>7.364000</speed>
      </trkpt>
      <trkpt lat="59.475693293" lon="26.618480897">
        <ele>48.000</ele>
        <time>2026-08-12T11:57:09Z</time>
        <speed>7.337000</speed>
      </trkpt>
      <trkpt lat="59.475331027" lon="26.619358649">
        <ele>47.600</ele>
        <time>2026-08-12T11:57:18Z</time>
        <speed>6.915000</speed>
      </trkpt>
      <trkpt lat="59.475292722" lon="26.619452275">
        <ele>47.400</ele>
        <time>2026-08-12T11:57:19Z</time>
        <speed>6.849000</speed>
      </trkpt>
      <trkpt lat="59.475036403" lon="26.620073710">
        <ele>47.400</ele>
        <time>2026-08-12T11:57:26Z</time>
        <speed>6.241000</speed>
      </trkpt>
      <trkpt lat="59.474688973" lon="26.620908631">
        <ele>47.200</ele>
        <time>2026-08-12T11:57:36Z</time>
        <speed>6.200000</speed>
      </trkpt>
      <trkpt lat="59.474337436" lon="26.621758472">
        <ele>47.400</ele>
        <time>2026-08-12T11:57:46Z</time>
        <speed>6.028000</speed>
      </trkpt>
      <trkpt lat="59.474303825" lon="26.621842124">
        <ele>47.600</ele>
        <time>2026-08-12T11:57:47Z</time>
        <speed>6.015000</speed>
      </trkpt>
      <trkpt lat="59.474017248" lon="26.622533631">
        <ele>47.800</ele>
        <time>2026-08-12T11:57:56Z</time>
        <speed>5.334000</speed>
      </trkpt>
      <trkpt lat="59.473787164" lon="26.623099409">
        <ele>47.400</ele>
        <time>2026-08-12T11:58:04Z</time>
        <speed>4.932000</speed>
      </trkpt>
      <trkpt lat="59.473542580" lon="26.623662589">
        <ele>47.400</ele>
        <time>2026-08-12T11:58:12Z</time>
        <speed>5.667000</speed>
      </trkpt>
      <trkpt lat="59.473343678" lon="26.624154188">
        <ele>47.000</ele>
        <time>2026-08-12T11:58:18Z</time>
        <speed>6.194000</speed>
      </trkpt>
      <trkpt lat="59.473233456" lon="26.624414781">
        <ele>46.800</ele>
        <time>2026-08-12T11:58:21Z</time>
        <speed>6.527000</speed>
      </trkpt>
      <trkpt lat="59.472917709" lon="26.625170745">
        <ele>46.400</ele>
        <time>2026-08-12T11:58:30Z</time>
        <speed>5.873000</speed>
      </trkpt>
      <trkpt lat="59.472552845" lon="26.626053778">
        <ele>46.400</ele>
        <time>2026-08-12T11:58:40Z</time>
        <speed>6.919000</speed>
      </trkpt>
      <trkpt lat="59.472364085" lon="26.626516460">
        <ele>45.800</ele>
        <time>2026-08-12T11:58:45Z</time>
        <speed>6.640000</speed>
      </trkpt>
      <trkpt lat="59.472218659" lon="26.626867075">
        <ele>46.400</ele>
        <time>2026-08-12T11:58:49Z</time>
        <speed>6.259000</speed>
      </trkpt>
      <trkpt lat="59.471881539" lon="26.627681712">
        <ele>46.200</ele>
        <time>2026-08-12T11:58:58Z</time>
        <speed>6.928000</speed>
      </trkpt>
      <trkpt lat="59.471840719" lon="26.627774667">
        <ele>45.800</ele>
        <time>2026-08-12T11:58:59Z</time>
        <speed>6.909000</speed>
      </trkpt>
      <trkpt lat="59.471579036" lon="26.628417475">
        <ele>45.400</ele>
        <time>2026-08-12T11:59:06Z</time>
        <speed>6.654000</speed>
      </trkpt>
      <trkpt lat="59.471375272" lon="26.628893232">
        <ele>44.800</ele>
        <time>2026-08-12T11:59:11Z</time>
        <speed>7.085000</speed>
      </trkpt>
      <trkpt lat="59.471258596" lon="26.629180647">
        <ele>45.000</ele>
        <time>2026-08-12T11:59:14Z</time>
        <speed>6.817000</speed>
      </trkpt>
      <trkpt lat="59.470957853" lon="26.629916662">
        <ele>45.000</ele>
        <time>2026-08-12T11:59:22Z</time>
        <speed>6.865000</speed>
      </trkpt>
      <trkpt lat="59.470582008" lon="26.630818723">
        <ele>44.600</ele>
        <time>2026-08-12T11:59:32Z</time>
        <speed>6.550000</speed>
      </trkpt>
      <trkpt lat="59.470223431" lon="26.631679963">
        <ele>45.000</ele>
        <time>2026-08-12T11:59:42Z</time>
        <speed>6.135000</speed>
      </trkpt>
      <trkpt lat="59.469902487" lon="26.632458391">
        <ele>44.600</ele>
        <time>2026-08-12T11:59:51Z</time>
        <speed>6.503000</speed>
      </trkpt>
      <trkpt lat="59.469570899" lon="26.633261042">
        <ele>44.600</ele>
        <time>2026-08-12T12:00:00Z</time>
        <speed>6.442000</speed>
      </trkpt>
      <trkpt lat="59.469303014" lon="26.633915165">
        <ele>44.600</ele>
        <time>2026-08-12T12:00:08Z</time>
        <speed>5.944000</speed>
      </trkpt>
      <trkpt lat="59.469066141" lon="26.634493181">
        <ele>45.000</ele>
        <time>2026-08-12T12:00:15Z</time>
        <speed>6.163000</speed>
      </trkpt>
      <trkpt lat="59.468798842" lon="26.635136828">
        <ele>45.000</ele>
        <time>2026-08-12T12:00:23Z</time>
        <speed>5.952000</speed>
      </trkpt>
      <trkpt lat="59.468514863" lon="26.635837220">
        <ele>44.400</ele>
        <time>2026-08-12T12:00:32Z</time>
        <speed>5.236000</speed>
      </trkpt>
      <trkpt lat="59.468318643" lon="26.636288837">
        <ele>45.000</ele>
        <time>2026-08-12T12:00:38Z</time>
        <speed>5.816000</speed>
      </trkpt>
      <trkpt lat="59.468067521" lon="26.636899542">
        <ele>44.600</ele>
        <time>2026-08-12T12:00:46Z</time>
        <speed>5.343000</speed>
      </trkpt>
      <trkpt lat="59.467850262" lon="26.637439337">
        <ele>44.400</ele>
        <time>2026-08-12T12:00:53Z</time>
        <speed>5.421000</speed>
      </trkpt>
      <trkpt lat="59.467700729" lon="26.637787437">
        <ele>44.600</ele>
        <time>2026-08-12T12:00:58Z</time>
        <speed>4.935000</speed>
      </trkpt>
      <trkpt lat="59.467610037" lon="26.638005702">
        <ele>44.400</ele>
        <time>2026-08-12T12:01:01Z</time>
        <speed>5.376000</speed>
      </trkpt>
      <trkpt lat="59.467355898" lon="26.638638703">
        <ele>44.800</ele>
        <time>2026-08-12T12:01:09Z</time>
        <speed>5.524000</speed>
      </trkpt>
      <trkpt lat="59.467104943" lon="26.639227364">
        <ele>44.400</ele>
        <time>2026-08-12T12:01:17Z</time>
        <speed>5.331000</speed>
      </trkpt>
      <trkpt lat="59.466868825" lon="26.639783503">
        <ele>43.800</ele>
        <time>2026-08-12T12:01:24Z</time>
        <speed>6.178000</speed>
      </trkpt>
      <trkpt lat="59.466554504" lon="26.640542569">
        <ele>44.400</ele>
        <time>2026-08-12T12:01:33Z</time>
        <speed>5.930000</speed>
      </trkpt>
      <trkpt lat="59.466342190" lon="26.641054954">
        <ele>43.600</ele>
        <time>2026-08-12T12:01:39Z</time>
        <speed>6.427000</speed>
      </trkpt>
      <trkpt lat="59.466235321" lon="26.641320493">
        <ele>43.800</ele>
        <time>2026-08-12T12:01:42Z</time>
        <speed>6.210000</speed>
      </trkpt>
      <trkpt lat="59.465979673" lon="26.641933043">
        <ele>43.400</ele>
        <time>2026-08-12T12:01:50Z</time>
        <speed>5.492000</speed>
      </trkpt>
      <trkpt lat="59.465763336" lon="26.642475268">
        <ele>43.600</ele>
        <time>2026-08-12T12:01:58Z</time>
        <speed>4.637000</speed>
      </trkpt>
      <trkpt lat="59.465551944" lon="26.642969800">
        <ele>43.800</ele>
        <time>2026-08-12T12:02:05Z</time>
        <speed>5.518000</speed>
      </trkpt>
      <trkpt lat="59.465248520" lon="26.643699193">
        <ele>43.600</ele>
        <time>2026-08-12T12:02:14Z</time>
        <speed>6.310000</speed>
      </trkpt>
      <trkpt lat="59.464928247" lon="26.644486673">
        <ele>43.600</ele>
        <time>2026-08-12T12:02:23Z</time>
        <speed>6.042000</speed>
      </trkpt>
      <trkpt lat="59.464783072" lon="26.644810047">
        <ele>43.400</ele>
        <time>2026-08-12T12:02:27Z</time>
        <speed>6.204000</speed>
      </trkpt>
      <trkpt lat="59.464713670" lon="26.644976679">
        <ele>43.400</ele>
        <time>2026-08-12T12:02:29Z</time>
        <speed>6.340000</speed>
      </trkpt>
      <trkpt lat="59.464451736" lon="26.645611441">
        <ele>42.600</ele>
        <time>2026-08-12T12:02:36Z</time>
        <speed>6.518000</speed>
      </trkpt>
      <trkpt lat="59.464348890" lon="26.645866418">
        <ele>42.800</ele>
        <time>2026-08-12T12:02:39Z</time>
        <speed>6.167000</speed>
      </trkpt>
      <trkpt lat="59.464056781" lon="26.646550465">
        <ele>42.800</ele>
        <time>2026-08-12T12:02:47Z</time>
        <speed>6.618000</speed>
      </trkpt>
      <trkpt lat="59.463747405" lon="26.647285977">
        <ele>42.800</ele>
        <time>2026-08-12T12:02:55Z</time>
        <speed>6.971000</speed>
      </trkpt>
      <trkpt lat="59.463400310" lon="26.648126682">
        <ele>42.800</ele>
        <time>2026-08-12T12:03:04Z</time>
        <speed>6.429000</speed>
      </trkpt>
      <trkpt lat="59.463362340" lon="26.648213016">
        <ele>42.800</ele>
        <time>2026-08-12T12:03:05Z</time>
        <speed>6.455000</speed>
      </trkpt>
      <trkpt lat="59.463058161" lon="26.648953054">
        <ele>42.800</ele>
        <time>2026-08-12T12:03:13Z</time>
        <speed>6.776000</speed>
      </trkpt>
      <trkpt lat="59.462840147" lon="26.649481030">
        <ele>42.600</ele>
        <time>2026-08-12T12:03:19Z</time>
        <speed>6.250000</speed>
      </trkpt>
      <trkpt lat="59.462573938" lon="26.650120905">
        <ele>42.800</ele>
        <time>2026-08-12T12:03:27Z</time>
        <speed>5.976000</speed>
      </trkpt>
      <trkpt lat="59.462228855" lon="26.650969153">
        <ele>42.000</ele>
        <time>2026-08-12T12:03:37Z</time>
        <speed>6.340000</speed>
      </trkpt>
      <trkpt lat="59.462155178" lon="26.651142491">
        <ele>42.400</ele>
        <time>2026-08-12T12:03:39Z</time>
        <speed>6.425000</speed>
      </trkpt>
      <trkpt lat="59.461860638" lon="26.651863335">
        <ele>42.400</ele>
        <time>2026-08-12T12:03:47Z</time>
        <speed>6.603000</speed>
      </trkpt>
      <trkpt lat="59.461576408" lon="26.652549813">
        <ele>42.400</ele>
        <time>2026-08-12T12:03:55Z</time>
        <speed>5.932000</speed>
      </trkpt>
      <trkpt lat="59.461321849" lon="26.653155740">
        <ele>42.800</ele>
        <time>2026-08-12T12:04:03Z</time>
        <speed>5.426000</speed>
      </trkpt>
      <trkpt lat="59.461057317" lon="26.653768122">
        <ele>42.800</ele>
        <time>2026-08-12T12:04:12Z</time>
        <speed>4.875000</speed>
      </trkpt>
      <trkpt lat="59.460942233" lon="26.654029554">
        <ele>42.400</ele>
        <time>2026-08-12T12:04:16Z</time>
        <speed>4.866000</speed>
      </trkpt>
      <trkpt lat="59.460845087" lon="26.654303893">
        <ele>42.400</ele>
        <time>2026-08-12T12:04:20Z</time>
        <speed>4.691000</speed>
      </trkpt>
      <trkpt lat="59.460644592" lon="26.654792558">
        <ele>42.200</ele>
        <time>2026-08-12T12:04:28Z</time>
        <speed>4.387000</speed>
      </trkpt>
      <trkpt lat="59.460423226" lon="26.655328246">
        <ele>42.400</ele>
        <time>2026-08-12T12:04:37Z</time>
        <speed>4.257000</speed>
      </trkpt>
      <trkpt lat="59.460243937" lon="26.655753795">
        <ele>42.400</ele>
        <time>2026-08-12T12:04:45Z</time>
        <speed>3.641000</speed>
      </trkpt>
      <trkpt lat="59.460058948" lon="26.656214297">
        <ele>42.600</ele>
        <time>2026-08-12T12:04:53Z</time>
        <speed>4.489000</speed>
      </trkpt>
      <trkpt lat="59.459819980" lon="26.656780662">
        <ele>42.400</ele>
        <time>2026-08-12T12:05:02Z</time>
        <speed>4.708000</speed>
      </trkpt>
      <trkpt lat="59.459712943" lon="26.657162877">
        <ele>42.600</ele>
        <time>2026-08-12T12:05:08Z</time>
        <speed>3.818000</speed>
      </trkpt>
      <trkpt lat="59.459747979" lon="26.657456411">
        <ele>42.400</ele>
        <time>2026-08-12T12:05:12Z</time>
        <speed>4.742000</speed>
      </trkpt>
      <trkpt lat="59.459676482" lon="26.657631677">
        <ele>41.600</ele>
        <time>2026-08-12T12:05:15Z</time>
        <speed>4.208000</speed>
      </trkpt>
      <trkpt lat="59.459647899" lon="26.657684399">
        <ele>41.600</ele>
        <time>2026-08-12T12:05:16Z</time>
        <speed>4.327000</speed>
      </trkpt>
      <trkpt lat="59.459522087" lon="26.658014143">
        <ele>41.400</ele>
        <time>2026-08-12T12:05:21Z</time>
        <speed>4.811000</speed>
      </trkpt>
      <trkpt lat="59.459302565" lon="26.658518985">
        <ele>42.200</ele>
        <time>2026-08-12T12:05:29Z</time>
        <speed>4.649000</speed>
      </trkpt>
      <trkpt lat="59.459165018" lon="26.658878317">
        <ele>42.600</ele>
        <time>2026-08-12T12:05:35Z</time>
        <speed>4.099000</speed>
      </trkpt>
      <trkpt lat="59.459141213" lon="26.658933805">
        <ele>42.800</ele>
        <time>2026-08-12T12:05:36Z</time>
        <speed>4.096000</speed>
      </trkpt>
      <trkpt lat="59.458922530" lon="26.659429427">
        <ele>42.800</ele>
        <time>2026-08-12T12:05:44Z</time>
        <speed>4.774000</speed>
      </trkpt>
      <trkpt lat="59.458716167" lon="26.659946088">
        <ele>42.800</ele>
        <time>2026-08-12T12:05:52Z</time>
        <speed>4.517000</speed>
      </trkpt>
      <trkpt lat="59.458532436" lon="26.660384294">
        <ele>42.400</ele>
        <time>2026-08-12T12:05:59Z</time>
        <speed>4.590000</speed>
      </trkpt>
      <trkpt lat="59.458305705" lon="26.660934649">
        <ele>42.400</ele>
        <time>2026-08-12T12:06:08Z</time>
        <speed>4.413000</speed>
      </trkpt>
      <trkpt lat="59.458116693" lon="26.661377549">
        <ele>42.200</ele>
        <time>2026-08-12T12:06:15Z</time>
        <speed>4.754000</speed>
      </trkpt>
      <trkpt lat="59.457910750" lon="26.661887839">
        <ele>42.200</ele>
        <time>2026-08-12T12:06:23Z</time>
        <speed>4.523000</speed>
      </trkpt>
      <trkpt lat="59.457730874" lon="26.662302576">
        <ele>41.800</ele>
        <time>2026-08-12T12:06:30Z</time>
        <speed>4.067000</speed>
      </trkpt>
      <trkpt lat="59.457517304" lon="26.662833821">
        <ele>42.000</ele>
        <time>2026-08-12T12:06:39Z</time>
        <speed>4.686000</speed>
      </trkpt>
      <trkpt lat="59.457314797" lon="26.663328186">
        <ele>42.400</ele>
        <time>2026-08-12T12:06:46Z</time>
        <speed>5.179000</speed>
      </trkpt>
      <trkpt lat="59.457072141" lon="26.663946770">
        <ele>42.200</ele>
        <time>2026-08-12T12:06:55Z</time>
        <speed>4.532000</speed>
      </trkpt>
      <trkpt lat="59.456876591" lon="26.664399309">
        <ele>42.400</ele>
        <time>2026-08-12T12:07:03Z</time>
        <speed>3.849000</speed>
      </trkpt>
      <trkpt lat="59.456664026" lon="26.664914461">
        <ele>43.000</ele>
        <time>2026-08-12T12:07:11Z</time>
        <speed>5.028000</speed>
      </trkpt>
      <trkpt lat="59.456431931" lon="26.665495913">
        <ele>43.400</ele>
        <time>2026-08-12T12:07:20Z</time>
        <speed>4.044000</speed>
      </trkpt>
      <trkpt lat="59.456383986" lon="26.665610159">
        <ele>43.800</ele>
        <time>2026-08-12T12:07:22Z</time>
        <speed>3.964000</speed>
      </trkpt>
      <trkpt lat="59.456267478" lon="26.665860107">
        <ele>44.000</ele>
        <time>2026-08-12T12:07:27Z</time>
        <speed>3.266000</speed>
      </trkpt>
      <trkpt lat="59.456239901" lon="26.665976951">
        <ele>44.200</ele>
        <time>2026-08-12T12:07:31Z</time>
        <speed>0.601000</speed>
      </trkpt>
    </trkseg>
    <trkseg>
      <trkpt lat="59.456186928" lon="26.666044677">
        <ele>43.800</ele>
        <time>2026-08-12T12:08:26Z</time>
        <speed>2.009000</speed>
      </trkpt>
      <trkpt lat="59.456172679" lon="26.666077785">
        <ele>44.000</ele>
        <time>2026-08-12T12:08:27Z</time>
        <speed>2.314000</speed>
      </trkpt>
      <trkpt lat="59.456040412" lon="26.666375510">
        <ele>44.000</ele>
        <time>2026-08-12T12:08:33Z</time>
        <speed>3.940000</speed>
      </trkpt>
      <trkpt lat="59.455914097" lon="26.666663345">
        <ele>43.600</ele>
        <time>2026-08-12T12:08:38Z</time>
        <speed>4.500000</speed>
      </trkpt>
      <trkpt lat="59.455836732" lon="26.666864427">
        <ele>43.400</ele>
        <time>2026-08-12T12:08:41Z</time>
        <speed>4.649000</speed>
      </trkpt>
      <trkpt lat="59.455663227" lon="26.667273799">
        <ele>43.800</ele>
        <time>2026-08-12T12:08:48Z</time>
        <speed>4.130000</speed>
      </trkpt>
      <trkpt lat="59.455470778" lon="26.667742012">
        <ele>43.800</ele>
        <time>2026-08-12T12:08:56Z</time>
        <speed>4.325000</speed>
      </trkpt>
      <trkpt lat="59.455262655" lon="26.668237550">
        <ele>43.200</ele>
        <time>2026-08-12T12:09:04Z</time>
        <speed>4.640000</speed>
      </trkpt>
      <trkpt lat="59.455144135" lon="26.668523373">
        <ele>43.000</ele>
        <time>2026-08-12T12:09:08Z</time>
        <speed>5.422000</speed>
      </trkpt>
      <trkpt lat="59.455079259" lon="26.668677432">
        <ele>42.800</ele>
        <time>2026-08-12T12:09:10Z</time>
        <speed>5.427000</speed>
      </trkpt>
      <trkpt lat="59.455047576" lon="26.668754462">
        <ele>42.600</ele>
        <time>2026-08-12T12:09:11Z</time>
        <speed>5.380000</speed>
      </trkpt>
      <trkpt lat="59.454810536" lon="26.669300040">
        <ele>42.400</ele>
        <time>2026-08-12T12:09:19Z</time>
        <speed>4.713000</speed>
      </trkpt>
      <trkpt lat="59.454595372" lon="26.669799266">
        <ele>43.200</ele>
        <time>2026-08-12T12:09:26Z</time>
        <speed>5.500000</speed>
      </trkpt>
      <trkpt lat="59.454360763" lon="26.670326991">
        <ele>43.400</ele>
        <time>2026-08-12T12:09:34Z</time>
        <speed>4.534000</speed>
      </trkpt>
      <trkpt lat="59.454279793" lon="26.670513405">
        <ele>43.800</ele>
        <time>2026-08-12T12:09:37Z</time>
        <speed>4.559000</speed>
      </trkpt>
      <trkpt lat="59.454138558" lon="26.670849519">
        <ele>44.400</ele>
        <time>2026-08-12T12:09:42Z</time>
        <speed>4.892000</speed>
      </trkpt>
      <trkpt lat="59.454075946" lon="26.670976505">
        <ele>44.600</ele>
        <time>2026-08-12T12:09:44Z</time>
        <speed>4.840000</speed>
      </trkpt>
      <trkpt lat="59.453983158" lon="26.671178676">
        <ele>44.800</ele>
        <time>2026-08-12T12:09:47Z</time>
        <speed>5.210000</speed>
      </trkpt>
      <trkpt lat="59.453884922" lon="26.671399707">
        <ele>44.000</ele>
        <time>2026-08-12T12:09:50Z</time>
        <speed>5.655000</speed>
      </trkpt>
      <trkpt lat="59.453851227" lon="26.671478413">
        <ele>43.600</ele>
        <time>2026-08-12T12:09:51Z</time>
        <speed>5.769000</speed>
      </trkpt>
      <trkpt lat="59.453642350" lon="26.671961630">
        <ele>43.600</ele>
        <time>2026-08-12T12:09:58Z</time>
        <speed>4.784000</speed>
      </trkpt>
      <trkpt lat="59.453487452" lon="26.672271173">
        <ele>43.400</ele>
        <time>2026-08-12T12:10:03Z</time>
        <speed>5.036000</speed>
      </trkpt>
      <trkpt lat="59.453375889" lon="26.672412325">
        <ele>43.600</ele>
        <time>2026-08-12T12:10:06Z</time>
        <speed>4.958000</speed>
      </trkpt>
      <trkpt lat="59.453225182" lon="26.672749696">
        <ele>44.600</ele>
        <time>2026-08-12T12:10:11Z</time>
        <speed>5.157000</speed>
      </trkpt>
      <trkpt lat="59.452926200" lon="26.673465678">
        <ele>45.200</ele>
        <time>2026-08-12T12:10:21Z</time>
        <speed>5.198000</speed>
      </trkpt>
      <trkpt lat="59.452655213" lon="26.674073618">
        <ele>45.200</ele>
        <time>2026-08-12T12:10:30Z</time>
        <speed>5.160000</speed>
      </trkpt>
      <trkpt lat="59.452381125" lon="26.674701171">
        <ele>45.200</ele>
        <time>2026-08-12T12:10:39Z</time>
        <speed>5.304000</speed>
      </trkpt>
      <trkpt lat="59.452288253" lon="26.674910299">
        <ele>45.600</ele>
        <time>2026-08-12T12:10:42Z</time>
        <speed>5.260000</speed>
      </trkpt>
      <trkpt lat="59.452102091" lon="26.675347751">
        <ele>45.800</ele>
        <time>2026-08-12T12:10:48Z</time>
        <speed>5.269000</speed>
      </trkpt>
      <trkpt lat="59.451865889" lon="26.675875559">
        <ele>45.800</ele>
        <time>2026-08-12T12:10:56Z</time>
        <speed>5.077000</speed>
      </trkpt>
      <trkpt lat="59.451609990" lon="26.676451983">
        <ele>46.400</ele>
        <time>2026-08-12T12:11:05Z</time>
        <speed>4.819000</speed>
      </trkpt>
      <trkpt lat="59.451551568" lon="26.676587854">
        <ele>46.800</ele>
        <time>2026-08-12T12:11:07Z</time>
        <speed>4.829000</speed>
      </trkpt>
      <trkpt lat="59.451325089" lon="26.677084817">
        <ele>47.200</ele>
        <time>2026-08-12T12:11:15Z</time>
        <speed>4.860000</speed>
      </trkpt>
      <trkpt lat="59.451140435" lon="26.677520173">
        <ele>47.200</ele>
        <time>2026-08-12T12:11:22Z</time>
        <speed>4.373000</speed>
      </trkpt>
      <trkpt lat="59.451004732" lon="26.677818904">
        <ele>47.800</ele>
        <time>2026-08-12T12:11:27Z</time>
        <speed>4.480000</speed>
      </trkpt>
      <trkpt lat="59.450952094" lon="26.677942537">
        <ele>47.800</ele>
        <time>2026-08-12T12:11:29Z</time>
        <speed>4.548000</speed>
      </trkpt>
      <trkpt lat="59.450725950" lon="26.678454923">
        <ele>48.600</ele>
        <time>2026-08-12T12:11:38Z</time>
        <speed>4.461000</speed>
      </trkpt>
      <trkpt lat="59.450645735" lon="26.678640163">
        <ele>48.800</ele>
        <time>2026-08-12T12:11:41Z</time>
        <speed>4.453000</speed>
      </trkpt>
      <trkpt lat="59.450422190" lon="26.679119607">
        <ele>48.200</ele>
        <time>2026-08-12T12:11:48Z</time>
        <speed>5.325000</speed>
      </trkpt>
      <trkpt lat="59.450177690" lon="26.679675998">
        <ele>48.200</ele>
        <time>2026-08-12T12:11:56Z</time>
        <speed>5.358000</speed>
      </trkpt>
      <trkpt lat="59.450103426" lon="26.679837685">
        <ele>47.600</ele>
        <time>2026-08-12T12:11:58Z</time>
        <speed>5.857000</speed>
      </trkpt>
      <trkpt lat="59.449910391" lon="26.680278573">
        <ele>46.800</ele>
        <time>2026-08-12T12:12:03Z</time>
        <speed>6.690000</speed>
      </trkpt>
      <trkpt lat="59.449870745" lon="26.680370355">
        <ele>46.600</ele>
        <time>2026-08-12T12:12:04Z</time>
        <speed>6.744000</speed>
      </trkpt>
      <trkpt lat="59.449586766" lon="26.681053648">
        <ele>45.600</ele>
        <time>2026-08-12T12:12:11Z</time>
        <speed>7.473000</speed>
      </trkpt>
      <trkpt lat="59.449351821" lon="26.681571482">
        <ele>44.400</ele>
        <time>2026-08-12T12:12:16Z</time>
        <speed>8.002000</speed>
      </trkpt>
      <trkpt lat="59.449252663" lon="26.681790752">
        <ele>44.000</ele>
        <time>2026-08-12T12:12:18Z</time>
        <speed>8.207000</speed>
      </trkpt>
      <trkpt lat="59.448867682" lon="26.682670768">
        <ele>43.600</ele>
        <time>2026-08-12T12:12:26Z</time>
        <speed>7.991000</speed>
      </trkpt>
      <trkpt lat="59.448821079" lon="26.682776045">
        <ele>43.400</ele>
        <time>2026-08-12T12:12:27Z</time>
        <speed>7.891000</speed>
      </trkpt>
      <trkpt lat="59.448772632" lon="26.682879394">
        <ele>43.200</ele>
        <time>2026-08-12T12:12:28Z</time>
        <speed>7.931000</speed>
      </trkpt>
      <trkpt lat="59.448421011" lon="26.683671651">
        <ele>43.200</ele>
        <time>2026-08-12T12:12:36Z</time>
        <speed>7.165000</speed>
      </trkpt>
      <trkpt lat="59.448121274" lon="26.684362069">
        <ele>43.400</ele>
        <time>2026-08-12T12:12:44Z</time>
        <speed>4.938000</speed>
      </trkpt>
      <trkpt lat="59.448124710" lon="26.684507914">
        <ele>43.800</ele>
        <time>2026-08-12T12:12:46Z</time>
        <speed>4.190000</speed>
      </trkpt>
      <trkpt lat="59.448144156" lon="26.684571281">
        <ele>44.200</ele>
        <time>2026-08-12T12:12:47Z</time>
        <speed>4.152000</speed>
      </trkpt>
      <trkpt lat="59.448264269" lon="26.684825588">
        <ele>43.800</ele>
        <time>2026-08-12T12:12:52Z</time>
        <speed>4.195000</speed>
      </trkpt>
      <trkpt lat="59.448350267" lon="26.685281144">
        <ele>44.000</ele>
        <time>2026-08-12T12:12:58Z</time>
        <speed>4.910000</speed>
      </trkpt>
      <trkpt lat="59.448397206" lon="26.685899813">
        <ele>44.200</ele>
        <time>2026-08-12T12:13:05Z</time>
        <speed>4.821000</speed>
      </trkpt>
      <trkpt lat="59.448399469" lon="26.685989499">
        <ele>44.200</ele>
        <time>2026-08-12T12:13:06Z</time>
        <speed>5.018000</speed>
      </trkpt>
      <trkpt lat="59.448432075" lon="26.686514039">
        <ele>44.400</ele>
        <time>2026-08-12T12:13:12Z</time>
        <speed>4.947000</speed>
      </trkpt>
      <trkpt lat="59.448487395" lon="26.687357593">
        <ele>44.200</ele>
        <time>2026-08-12T12:13:22Z</time>
        <speed>4.773000</speed>
      </trkpt>
      <trkpt lat="59.448530143" lon="26.687956061">
        <ele>44.400</ele>
        <time>2026-08-12T12:13:29Z</time>
        <speed>4.933000</speed>
      </trkpt>
      <trkpt lat="59.448583620" lon="26.688695177">
        <ele>44.800</ele>
        <time>2026-08-12T12:13:38Z</time>
        <speed>4.613000</speed>
      </trkpt>
      <trkpt lat="59.448618907" lon="26.689342679">
        <ele>44.400</ele>
        <time>2026-08-12T12:13:46Z</time>
        <speed>4.626000</speed>
      </trkpt>
      <trkpt lat="59.448661990" lon="26.689841067">
        <ele>44.400</ele>
        <time>2026-08-12T12:13:52Z</time>
        <speed>4.858000</speed>
      </trkpt>
      <trkpt lat="59.448661823" lon="26.689929161">
        <ele>44.400</ele>
        <time>2026-08-12T12:13:53Z</time>
        <speed>4.938000</speed>
      </trkpt>
      <trkpt lat="59.448719239" lon="26.690609017">
        <ele>43.800</ele>
        <time>2026-08-12T12:14:01Z</time>
        <speed>4.717000</speed>
      </trkpt>
      <trkpt lat="59.448757125" lon="26.690757712">
        <ele>43.800</ele>
        <time>2026-08-12T12:14:03Z</time>
        <speed>4.700000</speed>
      </trkpt>
      <trkpt lat="59.448805656" lon="26.690897522">
        <ele>43.600</ele>
        <time>2026-08-12T12:14:05Z</time>
        <speed>4.746000</speed>
      </trkpt>
      <trkpt lat="59.448857373" lon="26.691032723">
        <ele>44.000</ele>
        <time>2026-08-12T12:14:07Z</time>
        <speed>4.685000</speed>
      </trkpt>
      <trkpt lat="59.449065076" lon="26.691438574">
        <ele>44.000</ele>
        <time>2026-08-12T12:14:14Z</time>
        <speed>4.664000</speed>
      </trkpt>
      <trkpt lat="59.449308068" lon="26.691878540">
        <ele>43.400</ele>
        <time>2026-08-12T12:14:22Z</time>
        <speed>4.225000</speed>
      </trkpt>
      <trkpt lat="59.449334638" lon="26.691933107">
        <ele>43.600</ele>
        <time>2026-08-12T12:14:23Z</time>
        <speed>4.281000</speed>
      </trkpt>
      <trkpt lat="59.449574528" lon="26.692368630">
        <ele>44.200</ele>
        <time>2026-08-12T12:14:31Z</time>
        <speed>4.511000</speed>
      </trkpt>
      <trkpt lat="59.449661700" lon="26.692514727">
        <ele>44.400</ele>
        <time>2026-08-12T12:14:34Z</time>
        <speed>4.206000</speed>
      </trkpt>
      <trkpt lat="59.449815843" lon="26.692804070">
        <ele>44.800</ele>
        <time>2026-08-12T12:14:40Z</time>
        <speed>3.910000</speed>
      </trkpt>
      <trkpt lat="59.450104265" lon="26.693337159">
        <ele>45.200</ele>
        <time>2026-08-12T12:14:51Z</time>
        <speed>4.004000</speed>
      </trkpt>
      <trkpt lat="59.450297970" lon="26.693706550">
        <ele>44.400</ele>
        <time>2026-08-12T12:14:58Z</time>
        <speed>4.432000</speed>
      </trkpt>
      <trkpt lat="59.450567281" lon="26.694209715">
        <ele>44.600</ele>
        <time>2026-08-12T12:15:07Z</time>
        <speed>4.652000</speed>
      </trkpt>
      <trkpt lat="59.450813876" lon="26.694805836">
        <ele>43.800</ele>
        <time>2026-08-12T12:15:16Z</time>
        <speed>5.113000</speed>
      </trkpt>
      <trkpt lat="59.450870287" lon="26.694944222">
        <ele>43.400</ele>
        <time>2026-08-12T12:15:18Z</time>
        <speed>5.152000</speed>
      </trkpt>
      <trkpt lat="59.450970199" lon="26.695236582">
        <ele>43.800</ele>
        <time>2026-08-12T12:15:22Z</time>
        <speed>5.125000</speed>
      </trkpt>
      <trkpt lat="59.450995428" lon="26.695307158">
        <ele>43.400</ele>
        <time>2026-08-12T12:15:23Z</time>
        <speed>4.993000</speed>
      </trkpt>
      <trkpt lat="59.451169688" lon="26.695724158">
        <ele>42.200</ele>
        <time>2026-08-12T12:15:29Z</time>
        <speed>5.404000</speed>
      </trkpt>
      <trkpt lat="59.451199444" lon="26.695801774">
        <ele>42.200</ele>
        <time>2026-08-12T12:15:30Z</time>
        <speed>5.556000</speed>
      </trkpt>
      <trkpt lat="59.451461881" lon="26.696464196">
        <ele>41.600</ele>
        <time>2026-08-12T12:15:38Z</time>
        <speed>6.001000</speed>
      </trkpt>
      <trkpt lat="59.451622982" lon="26.696860744">
        <ele>41.200</ele>
        <time>2026-08-12T12:15:43Z</time>
        <speed>5.744000</speed>
      </trkpt>
      <trkpt lat="59.451718871" lon="26.697102981">
        <ele>41.200</ele>
        <time>2026-08-12T12:15:46Z</time>
        <speed>5.734000</speed>
      </trkpt>
      <trkpt lat="59.451998575" lon="26.697799182">
        <ele>40.600</ele>
        <time>2026-08-12T12:15:55Z</time>
        <speed>5.365000</speed>
      </trkpt>
      <trkpt lat="59.452112066" lon="26.698059356">
        <ele>40.800</ele>
        <time>2026-08-12T12:15:59Z</time>
        <speed>4.587000</speed>
      </trkpt>
      <trkpt lat="59.452183479" lon="26.698257169">
        <ele>41.000</ele>
        <time>2026-08-12T12:16:02Z</time>
        <speed>4.681000</speed>
      </trkpt>
      <trkpt lat="59.452401660" lon="26.698767375">
        <ele>41.200</ele>
        <time>2026-08-12T12:16:10Z</time>
        <speed>4.689000</speed>
      </trkpt>
      <trkpt lat="59.452561168" lon="26.699173227">
        <ele>40.800</ele>
        <time>2026-08-12T12:16:17Z</time>
        <speed>3.901000</speed>
      </trkpt>
      <trkpt lat="59.452741463" lon="26.699600117">
        <ele>41.000</ele>
        <time>2026-08-12T12:16:24Z</time>
        <speed>4.741000</speed>
      </trkpt>
      <trkpt lat="59.452763507" lon="26.699674381">
        <ele>41.000</ele>
        <time>2026-08-12T12:16:25Z</time>
        <speed>4.794000</speed>
      </trkpt>
      <trkpt lat="59.452872891" lon="26.699964814">
        <ele>40.800</ele>
        <time>2026-08-12T12:16:29Z</time>
        <speed>5.235000</speed>
      </trkpt>
      <trkpt lat="59.452992333" lon="26.700245105">
        <ele>40.000</ele>
        <time>2026-08-12T12:16:33Z</time>
        <speed>5.023000</speed>
      </trkpt>
      <trkpt lat="59.453071794" lon="26.700442415">
        <ele>40.600</ele>
        <time>2026-08-12T12:16:36Z</time>
        <speed>4.757000</speed>
      </trkpt>
      <trkpt lat="59.453281928" lon="26.700967960">
        <ele>40.000</ele>
        <time>2026-08-12T12:16:44Z</time>
        <speed>4.621000</speed>
      </trkpt>
      <trkpt lat="59.453497510" lon="26.701505072">
        <ele>40.200</ele>
        <time>2026-08-12T12:16:52Z</time>
        <speed>4.797000</speed>
      </trkpt>
      <trkpt lat="59.453756176" lon="26.702167159">
        <ele>40.600</ele>
        <time>2026-08-12T12:17:02Z</time>
        <speed>4.619000</speed>
      </trkpt>
      <trkpt lat="59.453997239" lon="26.702756155">
        <ele>40.600</ele>
        <time>2026-08-12T12:17:11Z</time>
        <speed>4.858000</speed>
      </trkpt>
      <trkpt lat="59.454128752" lon="26.703083133">
        <ele>41.400</ele>
        <time>2026-08-12T12:17:16Z</time>
        <speed>4.649000</speed>
      </trkpt>
      <trkpt lat="59.454252888" lon="26.703397790">
        <ele>42.000</ele>
        <time>2026-08-12T12:17:21Z</time>
        <speed>4.352000</speed>
      </trkpt>
      <trkpt lat="59.454496717" lon="26.703971783">
        <ele>42.200</ele>
        <time>2026-08-12T12:17:31Z</time>
        <speed>4.208000</speed>
      </trkpt>
      <trkpt lat="59.454559833" lon="26.704162136">
        <ele>42.400</ele>
        <time>2026-08-12T12:17:34Z</time>
        <speed>4.272000</speed>
      </trkpt>
      <trkpt lat="59.454654129" lon="26.704402613">
        <ele>42.200</ele>
        <time>2026-08-12T12:17:38Z</time>
        <speed>4.471000</speed>
      </trkpt>
      <trkpt lat="59.454784635" lon="26.704714503">
        <ele>42.200</ele>
        <time>2026-08-12T12:17:43Z</time>
        <speed>4.627000</speed>
      </trkpt>
      <trkpt lat="59.454865856" lon="26.704913657">
        <ele>42.200</ele>
        <time>2026-08-12T12:17:46Z</time>
        <speed>4.829000</speed>
      </trkpt>
      <trkpt lat="59.455077415" lon="26.705468539">
        <ele>41.400</ele>
        <time>2026-08-12T12:17:54Z</time>
        <speed>4.839000</speed>
      </trkpt>
      <trkpt lat="59.455104657" lon="26.705532493">
        <ele>41.400</ele>
        <time>2026-08-12T12:17:55Z</time>
        <speed>4.744000</speed>
      </trkpt>
      <trkpt lat="59.455384947" lon="26.706187455">
        <ele>41.800</ele>
        <time>2026-08-12T12:18:05Z</time>
        <speed>4.862000</speed>
      </trkpt>
      <trkpt lat="59.455624837" lon="26.706813835">
        <ele>41.400</ele>
        <time>2026-08-12T12:18:14Z</time>
        <speed>5.016000</speed>
      </trkpt>
      <trkpt lat="59.455882329" lon="26.707437448">
        <ele>42.000</ele>
        <time>2026-08-12T12:18:23Z</time>
        <speed>4.865000</speed>
      </trkpt>
      <trkpt lat="59.455910409" lon="26.707502073">
        <ele>42.400</ele>
        <time>2026-08-12T12:18:24Z</time>
        <speed>4.836000</speed>
      </trkpt>
      <trkpt lat="59.456016105" lon="26.707767108">
        <ele>41.200</ele>
        <time>2026-08-12T12:18:28Z</time>
        <speed>4.761000</speed>
      </trkpt>
      <trkpt lat="59.456124902" lon="26.708009681">
        <ele>41.400</ele>
        <time>2026-08-12T12:18:32Z</time>
        <speed>4.490000</speed>
      </trkpt>
      <trkpt lat="59.456325481" lon="26.708520139">
        <ele>41.800</ele>
        <time>2026-08-12T12:18:40Z</time>
        <speed>4.710000</speed>
      </trkpt>
      <trkpt lat="59.456394129" lon="26.708714431">
        <ele>42.400</ele>
        <time>2026-08-12T12:18:43Z</time>
        <speed>4.414000</speed>
      </trkpt>
      <trkpt lat="59.456493119" lon="26.708966307">
        <ele>41.400</ele>
        <time>2026-08-12T12:18:47Z</time>
        <speed>4.561000</speed>
      </trkpt>
      <trkpt lat="59.456522707" lon="26.709022382">
        <ele>41.800</ele>
        <time>2026-08-12T12:18:48Z</time>
        <speed>4.530000</speed>
      </trkpt>
      <trkpt lat="59.456667798" lon="26.709387330">
        <ele>42.600</ele>
        <time>2026-08-12T12:18:54Z</time>
        <speed>4.330000</speed>
      </trkpt>
      <trkpt lat="59.456848092" lon="26.709808521">
        <ele>41.600</ele>
        <time>2026-08-12T12:19:01Z</time>
        <speed>4.355000</speed>
      </trkpt>
      <trkpt lat="59.457068788" lon="26.710355021">
        <ele>41.800</ele>
        <time>2026-08-12T12:19:10Z</time>
        <speed>4.517000</speed>
      </trkpt>
      <trkpt lat="59.457329549" lon="26.710967403">
        <ele>41.400</ele>
        <time>2026-08-12T12:19:20Z</time>
        <speed>4.381000</speed>
      </trkpt>
      <trkpt lat="59.457466090" lon="26.711290358">
        <ele>40.600</ele>
        <time>2026-08-12T12:19:26Z</time>
        <speed>3.796000</speed>
      </trkpt>
      <trkpt lat="59.457597099" lon="26.711613899">
        <ele>41.000</ele>
        <time>2026-08-12T12:19:32Z</time>
        <speed>3.876000</speed>
      </trkpt>
      <trkpt lat="59.457712183" lon="26.711940039">
        <ele>40.800</ele>
        <time>2026-08-12T12:19:38Z</time>
        <speed>3.766000</speed>
      </trkpt>
      <trkpt lat="59.457877390" lon="26.712347567">
        <ele>40.400</ele>
        <time>2026-08-12T12:19:45Z</time>
        <speed>4.445000</speed>
      </trkpt>
      <trkpt lat="59.457902871" lon="26.712410180">
        <ele>40.400</ele>
        <time>2026-08-12T12:19:46Z</time>
        <speed>4.535000</speed>
      </trkpt>
      <trkpt lat="59.458085261" lon="26.712868335">
        <ele>40.200</ele>
        <time>2026-08-12T12:19:53Z</time>
        <speed>4.837000</speed>
      </trkpt>
      <trkpt lat="59.458308723" lon="26.713412739">
        <ele>39.600</ele>
        <time>2026-08-12T12:20:01Z</time>
        <speed>4.959000</speed>
      </trkpt>
      <trkpt lat="59.458532771" lon="26.713961503">
        <ele>39.800</ele>
        <time>2026-08-12T12:20:09Z</time>
        <speed>4.932000</speed>
      </trkpt>
      <trkpt lat="59.458776684" lon="26.714572711">
        <ele>40.000</ele>
        <time>2026-08-12T12:20:18Z</time>
        <speed>4.975000</speed>
      </trkpt>
      <trkpt lat="59.459057646" lon="26.715237228">
        <ele>40.400</ele>
        <time>2026-08-12T12:20:28Z</time>
        <speed>4.895000</speed>
      </trkpt>
      <trkpt lat="59.459190583" lon="26.715576947">
        <ele>39.400</ele>
        <time>2026-08-12T12:20:33Z</time>
        <speed>4.660000</speed>
      </trkpt>
      <trkpt lat="59.459285215" lon="26.715826392">
        <ele>39.000</ele>
        <time>2026-08-12T12:20:37Z</time>
        <speed>4.250000</speed>
      </trkpt>
      <trkpt lat="59.459445477" lon="26.716195950">
        <ele>38.800</ele>
        <time>2026-08-12T12:20:44Z</time>
        <speed>4.033000</speed>
      </trkpt>
      <trkpt lat="59.459470874" lon="26.716246745">
        <ele>38.800</ele>
        <time>2026-08-12T12:20:45Z</time>
        <speed>4.009000</speed>
      </trkpt>
      <trkpt lat="59.459642703" lon="26.716671204">
        <ele>38.400</ele>
        <time>2026-08-12T12:20:52Z</time>
        <speed>4.501000</speed>
      </trkpt>
      <trkpt lat="59.459715290" lon="26.716869771">
        <ele>38.200</ele>
        <time>2026-08-12T12:20:55Z</time>
        <speed>4.599000</speed>
      </trkpt>
      <trkpt lat="59.459843365" lon="26.717121899">
        <ele>37.600</ele>
        <time>2026-08-12T12:21:00Z</time>
        <speed>3.786000</speed>
      </trkpt>
      <trkpt lat="59.459944619" lon="26.717433790">
        <ele>37.400</ele>
        <time>2026-08-12T12:21:06Z</time>
        <speed>3.703000</speed>
      </trkpt>
      <trkpt lat="59.459983092" lon="26.717543676">
        <ele>37.200</ele>
        <time>2026-08-12T12:21:08Z</time>
        <speed>3.863000</speed>
      </trkpt>
      <trkpt lat="59.460116364" lon="26.717846934">
        <ele>37.400</ele>
        <time>2026-08-12T12:21:13Z</time>
        <speed>4.938000</speed>
      </trkpt>
      <trkpt lat="59.460273776" lon="26.718253288">
        <ele>35.600</ele>
        <time>2026-08-12T12:21:18Z</time>
        <speed>6.048000</speed>
      </trkpt>
      <trkpt lat="59.460349800" lon="26.718440959">
        <ele>35.200</ele>
        <time>2026-08-12T12:21:20Z</time>
        <speed>6.705000</speed>
      </trkpt>
      <trkpt lat="59.460460274" lon="26.718751760">
        <ele>34.400</ele>
        <time>2026-08-12T12:21:23Z</time>
        <speed>7.369000</speed>
      </trkpt>
      <trkpt lat="59.460540405" lon="26.718979832">
        <ele>33.000</ele>
        <time>2026-08-12T12:21:25Z</time>
        <speed>7.826000</speed>
      </trkpt>
      <trkpt lat="59.460617183" lon="26.719216537">
        <ele>32.000</ele>
        <time>2026-08-12T12:21:27Z</time>
        <speed>8.015000</speed>
      </trkpt>
      <trkpt lat="59.460734781" lon="26.719575450">
        <ele>30.600</ele>
        <time>2026-08-12T12:21:30Z</time>
        <speed>8.009000</speed>
      </trkpt>
      <trkpt lat="59.460845841" lon="26.719948025">
        <ele>29.600</ele>
        <time>2026-08-12T12:21:33Z</time>
        <speed>8.113000</speed>
      </trkpt>
      <trkpt lat="59.460957740" lon="26.720306519">
        <ele>29.200</ele>
        <time>2026-08-12T12:21:36Z</time>
        <speed>7.820000</speed>
      </trkpt>
      <trkpt lat="59.461135939" lon="26.720894929">
        <ele>28.400</ele>
        <time>2026-08-12T12:21:41Z</time>
        <speed>7.817000</speed>
      </trkpt>
      <trkpt lat="59.461206347" lon="26.721122917">
        <ele>28.200</ele>
        <time>2026-08-12T12:21:43Z</time>
        <speed>7.391000</speed>
      </trkpt>
      <trkpt lat="59.461461324" lon="26.722004944">
        <ele>28.200</ele>
        <time>2026-08-12T12:21:51Z</time>
        <speed>6.985000</speed>
      </trkpt>
      <trkpt lat="59.461610857" lon="26.722500147">
        <ele>28.800</ele>
        <time>2026-08-12T12:21:56Z</time>
        <speed>6.272000</speed>
      </trkpt>
      <trkpt lat="59.461659221" lon="26.722679604">
        <ele>28.800</ele>
        <time>2026-08-12T12:21:58Z</time>
        <speed>5.557000</speed>
      </trkpt>
      <trkpt lat="59.461829541" lon="26.723241108">
        <ele>27.200</ele>
        <time>2026-08-12T12:22:05Z</time>
        <speed>5.391000</speed>
      </trkpt>
      <trkpt lat="59.461989719" lon="26.723768413">
        <ele>26.000</ele>
        <time>2026-08-12T12:22:11Z</time>
        <speed>5.873000</speed>
      </trkpt>
      <trkpt lat="59.462056691" lon="26.724039735">
        <ele>25.600</ele>
        <time>2026-08-12T12:22:14Z</time>
        <speed>5.681000</speed>
      </trkpt>
      <trkpt lat="59.462220808" lon="26.724643651">
        <ele>25.400</ele>
        <time>2026-08-12T12:22:21Z</time>
        <speed>5.317000</speed>
      </trkpt>
      <trkpt lat="59.462280571" lon="26.724896701">
        <ele>25.200</ele>
        <time>2026-08-12T12:22:24Z</time>
        <speed>5.318000</speed>
      </trkpt>
      <trkpt lat="59.462304711" lon="26.724971803">
        <ele>25.000</ele>
        <time>2026-08-12T12:22:25Z</time>
        <speed>5.052000</speed>
      </trkpt>
      <trkpt lat="59.462398086" lon="26.725286208">
        <ele>24.000</ele>
        <time>2026-08-12T12:22:29Z</time>
        <speed>4.567000</speed>
      </trkpt>
      <trkpt lat="59.462415436" lon="26.725361058">
        <ele>23.800</ele>
        <time>2026-08-12T12:22:30Z</time>
        <speed>4.576000</speed>
      </trkpt>
      <trkpt lat="59.462503782" lon="26.725753751">
        <ele>24.000</ele>
        <time>2026-08-12T12:22:35Z</time>
        <speed>4.837000</speed>
      </trkpt>
      <trkpt lat="59.462528760" lon="26.725837570">
        <ele>23.800</ele>
        <time>2026-08-12T12:22:36Z</time>
        <speed>4.873000</speed>
      </trkpt>
      <trkpt lat="59.462601431" lon="26.726070754">
        <ele>24.400</ele>
        <time>2026-08-12T12:22:39Z</time>
        <speed>4.800000</speed>
      </trkpt>
      <trkpt lat="59.462654153" lon="26.726299915">
        <ele>23.400</ele>
        <time>2026-08-12T12:22:42Z</time>
        <speed>4.622000</speed>
      </trkpt>
      <trkpt lat="59.462812152" lon="26.726790676">
        <ele>25.000</ele>
        <time>2026-08-12T12:22:49Z</time>
        <speed>4.442000</speed>
      </trkpt>
      <trkpt lat="59.462852972" lon="26.726938365">
        <ele>25.000</ele>
        <time>2026-08-12T12:22:51Z</time>
        <speed>4.574000</speed>
      </trkpt>
      <trkpt lat="59.463027315" lon="26.727586957">
        <ele>26.200</ele>
        <time>2026-08-12T12:23:00Z</time>
        <speed>4.132000</speed>
      </trkpt>
      <trkpt lat="59.463134687" lon="26.727933632">
        <ele>26.800</ele>
        <time>2026-08-12T12:23:06Z</time>
        <speed>3.568000</speed>
      </trkpt>
      <trkpt lat="59.463212220" lon="26.728150137">
        <ele>27.400</ele>
        <time>2026-08-12T12:23:10Z</time>
        <speed>3.433000</speed>
      </trkpt>
      <trkpt lat="59.463257566" lon="26.728318948">
        <ele>27.800</ele>
        <time>2026-08-12T12:23:13Z</time>
        <speed>3.339000</speed>
      </trkpt>
      <trkpt lat="59.463319089" lon="26.728536794">
        <ele>28.400</ele>
        <time>2026-08-12T12:23:17Z</time>
        <speed>3.393000</speed>
      </trkpt>
      <trkpt lat="59.463378768" lon="26.728695463">
        <ele>28.400</ele>
        <time>2026-08-12T12:23:20Z</time>
        <speed>3.431000</speed>
      </trkpt>
      <trkpt lat="59.463451356" lon="26.728926469">
        <ele>29.400</ele>
        <time>2026-08-12T12:23:24Z</time>
        <speed>3.458000</speed>
      </trkpt>
      <trkpt lat="59.463547664" lon="26.729197875">
        <ele>29.400</ele>
        <time>2026-08-12T12:23:29Z</time>
        <speed>3.330000</speed>
      </trkpt>
      <trkpt lat="59.463709937" lon="26.729665082">
        <ele>30.000</ele>
        <time>2026-08-12T12:23:38Z</time>
        <speed>3.316000</speed>
      </trkpt>
      <trkpt lat="59.463881180" lon="26.730177384">
        <ele>30.000</ele>
        <time>2026-08-12T12:23:48Z</time>
        <speed>3.110000</speed>
      </trkpt>
      <trkpt lat="59.463975811" lon="26.730452813">
        <ele>30.400</ele>
        <time>2026-08-12T12:23:54Z</time>
        <speed>3.196000</speed>
      </trkpt>
      <trkpt lat="59.464010177" lon="26.730554653">
        <ele>30.600</ele>
        <time>2026-08-12T12:23:56Z</time>
        <speed>3.309000</speed>
      </trkpt>
      <trkpt lat="59.464101959" lon="26.730856234">
        <ele>31.600</ele>
        <time>2026-08-12T12:24:03Z</time>
        <speed>2.262000</speed>
      </trkpt>
      <trkpt lat="59.464184688" lon="26.731148679">
        <ele>32.200</ele>
        <time>2026-08-12T12:24:10Z</time>
        <speed>2.953000</speed>
      </trkpt>
      <trkpt lat="59.464211678" lon="26.731246328">
        <ele>32.600</ele>
        <time>2026-08-12T12:24:12Z</time>
        <speed>3.047000</speed>
      </trkpt>
      <trkpt lat="59.464258701" lon="26.731445985">
        <ele>32.800</ele>
        <time>2026-08-12T12:24:16Z</time>
        <speed>3.254000</speed>
      </trkpt>
      <trkpt lat="59.464362720" lon="26.731772712">
        <ele>33.600</ele>
        <time>2026-08-12T12:24:23Z</time>
        <speed>3.166000</speed>
      </trkpt>
      <trkpt lat="59.464377891" lon="26.731815543">
        <ele>34.000</ele>
        <time>2026-08-12T12:24:24Z</time>
        <speed>3.185000</speed>
      </trkpt>
      <trkpt lat="59.464485599" lon="26.732160542">
        <ele>34.000</ele>
        <time>2026-08-12T12:24:31Z</time>
        <speed>3.031000</speed>
      </trkpt>
      <trkpt lat="59.464559611" lon="26.732426500">
        <ele>34.000</ele>
        <time>2026-08-12T12:24:37Z</time>
        <speed>2.935000</speed>
      </trkpt>
      <trkpt lat="59.464661954" lon="26.732767476">
        <ele>34.400</ele>
        <time>2026-08-12T12:24:44Z</time>
        <speed>3.386000</speed>
      </trkpt>
      <trkpt lat="59.464735379" lon="26.733039133">
        <ele>34.800</ele>
        <time>2026-08-12T12:24:49Z</time>
        <speed>3.328000</speed>
      </trkpt>
      <trkpt lat="59.464768404" lon="26.733137453">
        <ele>35.000</ele>
        <time>2026-08-12T12:24:51Z</time>
        <speed>3.157000</speed>
      </trkpt>
      <trkpt lat="59.464863287" lon="26.733449008">
        <ele>34.600</ele>
        <time>2026-08-12T12:24:57Z</time>
        <speed>3.814000</speed>
      </trkpt>
      <trkpt lat="59.464942664" lon="26.733748997">
        <ele>33.800</ele>
        <time>2026-08-12T12:25:02Z</time>
        <speed>3.812000</speed>
      </trkpt>
      <trkpt lat="59.464993877" lon="26.733927280">
        <ele>34.400</ele>
        <time>2026-08-12T12:25:05Z</time>
        <speed>3.708000</speed>
      </trkpt>
      <trkpt lat="59.465124970" lon="26.734396834">
        <ele>33.400</ele>
        <time>2026-08-12T12:25:13Z</time>
        <speed>3.735000</speed>
      </trkpt>
      <trkpt lat="59.465263691" lon="26.734851133">
        <ele>34.800</ele>
        <time>2026-08-12T12:25:21Z</time>
        <speed>3.762000</speed>
      </trkpt>
      <trkpt lat="59.465280287" lon="26.734908801">
        <ele>34.800</ele>
        <time>2026-08-12T12:25:22Z</time>
        <speed>3.784000</speed>
      </trkpt>
      <trkpt lat="59.465429150" lon="26.735428898">
        <ele>35.800</ele>
        <time>2026-08-12T12:25:31Z</time>
        <speed>3.762000</speed>
      </trkpt>
      <trkpt lat="59.465446081" lon="26.735487822">
        <ele>35.800</ele>
        <time>2026-08-12T12:25:32Z</time>
        <speed>3.813000</speed>
      </trkpt>
      <trkpt lat="59.465615898" lon="26.736051505">
        <ele>36.200</ele>
        <time>2026-08-12T12:25:41Z</time>
        <speed>4.206000</speed>
      </trkpt>
      <trkpt lat="59.465774652" lon="26.736569842">
        <ele>36.000</ele>
        <time>2026-08-12T12:25:49Z</time>
        <speed>3.629000</speed>
      </trkpt>
      <trkpt lat="59.465865595" lon="26.736899503">
        <ele>36.600</ele>
        <time>2026-08-12T12:25:55Z</time>
        <speed>3.819000</speed>
      </trkpt>
      <trkpt lat="59.465939440" lon="26.737206280">
        <ele>37.000</ele>
        <time>2026-08-12T12:26:00Z</time>
        <speed>3.711000</speed>
      </trkpt>
      <trkpt lat="59.466006579" lon="26.737511046">
        <ele>37.200</ele>
        <time>2026-08-12T12:26:05Z</time>
        <speed>3.755000</speed>
      </trkpt>
      <trkpt lat="59.466106575" lon="26.738018906">
        <ele>37.800</ele>
        <time>2026-08-12T12:26:13Z</time>
        <speed>4.060000</speed>
      </trkpt>
      <trkpt lat="59.466195675" lon="26.738576386">
        <ele>37.800</ele>
        <time>2026-08-12T12:26:21Z</time>
        <speed>4.200000</speed>
      </trkpt>
      <trkpt lat="59.466227693" lon="26.738788867">
        <ele>38.000</ele>
        <time>2026-08-12T12:26:24Z</time>
        <speed>4.258000</speed>
      </trkpt>
      <trkpt lat="59.466271028" lon="26.739165718">
        <ele>38.000</ele>
        <time>2026-08-12T12:26:29Z</time>
        <speed>4.504000</speed>
      </trkpt>
      <trkpt lat="59.466355769" lon="26.739829816">
        <ele>38.200</ele>
        <time>2026-08-12T12:26:38Z</time>
        <speed>4.178000</speed>
      </trkpt>
      <trkpt lat="59.466423830" lon="26.740375143">
        <ele>38.000</ele>
        <time>2026-08-12T12:26:45Z</time>
        <speed>4.938000</speed>
      </trkpt>
      <trkpt lat="59.466498597" lon="26.740963720">
        <ele>38.000</ele>
        <time>2026-08-12T12:26:52Z</time>
        <speed>4.487000</speed>
      </trkpt>
      <trkpt lat="59.466568669" lon="26.741559003">
        <ele>38.200</ele>
        <time>2026-08-12T12:27:00Z</time>
        <speed>4.652000</speed>
      </trkpt>
      <trkpt lat="59.466701439" lon="26.742358217">
        <ele>38.600</ele>
        <time>2026-08-12T12:27:10Z</time>
        <speed>4.971000</speed>
      </trkpt>
      <trkpt lat="59.466809314" lon="26.742951488">
        <ele>38.800</ele>
        <time>2026-08-12T12:27:17Z</time>
        <speed>5.078000</speed>
      </trkpt>
      <trkpt lat="59.466826078" lon="26.743033966">
        <ele>39.000</ele>
        <time>2026-08-12T12:27:18Z</time>
        <speed>5.061000</speed>
      </trkpt>
      <trkpt lat="59.466959434" lon="26.743720109">
        <ele>38.800</ele>
        <time>2026-08-12T12:27:26Z</time>
        <speed>5.078000</speed>
      </trkpt>
      <trkpt lat="59.467104189" lon="26.744380519">
        <ele>39.400</ele>
        <time>2026-08-12T12:27:34Z</time>
        <speed>4.978000</speed>
      </trkpt>
      <trkpt lat="59.467125395" lon="26.744459057">
        <ele>39.400</ele>
        <time>2026-08-12T12:27:35Z</time>
        <speed>4.927000</speed>
      </trkpt>
      <trkpt lat="59.467209801" lon="26.744743120">
        <ele>39.200</ele>
        <time>2026-08-12T12:27:39Z</time>
        <speed>4.629000</speed>
      </trkpt>
      <trkpt lat="59.467266714" lon="26.744971024">
        <ele>39.200</ele>
        <time>2026-08-12T12:27:42Z</time>
        <speed>5.073000</speed>
      </trkpt>
      <trkpt lat="59.467426557" lon="26.745522637">
        <ele>39.000</ele>
        <time>2026-08-12T12:27:49Z</time>
        <speed>4.904000</speed>
      </trkpt>
      <trkpt lat="59.467583466" lon="26.745987330">
        <ele>39.000</ele>
        <time>2026-08-12T12:27:56Z</time>
        <speed>3.997000</speed>
      </trkpt>
      <trkpt lat="59.467670219" lon="26.746299807">
        <ele>38.800</ele>
        <time>2026-08-12T12:28:01Z</time>
        <speed>4.269000</speed>
      </trkpt>
      <trkpt lat="59.467826206" lon="26.746809008">
        <ele>39.000</ele>
        <time>2026-08-12T12:28:09Z</time>
        <speed>4.078000</speed>
      </trkpt>
      <trkpt lat="59.467959395" lon="26.747219218">
        <ele>39.400</ele>
        <time>2026-08-12T12:28:16Z</time>
        <speed>3.827000</speed>
      </trkpt>
      <trkpt lat="59.467997616" lon="26.747338409">
        <ele>40.000</ele>
        <time>2026-08-12T12:28:18Z</time>
        <speed>3.899000</speed>
      </trkpt>
      <trkpt lat="59.468154693" lon="26.747810645">
        <ele>40.600</ele>
        <time>2026-08-12T12:28:26Z</time>
        <speed>4.000000</speed>
      </trkpt>
      <trkpt lat="59.468285535" lon="26.748214401">
        <ele>41.000</ele>
        <time>2026-08-12T12:28:33Z</time>
        <speed>3.936000</speed>
      </trkpt>
      <trkpt lat="59.468324259" lon="26.748332921">
        <ele>41.000</ele>
        <time>2026-08-12T12:28:35Z</time>
        <speed>4.119000</speed>
      </trkpt>
      <trkpt lat="59.468476558" lon="26.748831058">
        <ele>41.800</ele>
        <time>2026-08-12T12:28:43Z</time>
        <speed>3.931000</speed>
      </trkpt>
      <trkpt lat="59.468648471" lon="26.749360040">
        <ele>41.800</ele>
        <time>2026-08-12T12:28:52Z</time>
        <speed>3.957000</speed>
      </trkpt>
      <trkpt lat="59.468743941" lon="26.749647455">
        <ele>42.000</ele>
        <time>2026-08-12T12:28:57Z</time>
        <speed>3.883000</speed>
      </trkpt>
      <trkpt lat="59.468784928" lon="26.749762958">
        <ele>42.400</ele>
        <time>2026-08-12T12:28:59Z</time>
        <speed>3.964000</speed>
      </trkpt>
      <trkpt lat="59.468838489" lon="26.749954484">
        <ele>43.200</ele>
        <time>2026-08-12T12:29:02Z</time>
        <speed>4.177000</speed>
      </trkpt>
      <trkpt lat="59.468956338" lon="26.750322450">
        <ele>43.000</ele>
        <time>2026-08-12T12:29:08Z</time>
        <speed>4.074000</speed>
      </trkpt>
      <trkpt lat="59.469120540" lon="26.750841541">
        <ele>44.000</ele>
        <time>2026-08-12T12:29:17Z</time>
        <speed>3.825000</speed>
      </trkpt>
      <trkpt lat="59.469159180" lon="26.750953523">
        <ele>44.200</ele>
        <time>2026-08-12T12:29:19Z</time>
        <speed>3.893000</speed>
      </trkpt>
      <trkpt lat="59.469275353" lon="26.751365578">
        <ele>44.200</ele>
        <time>2026-08-12T12:29:26Z</time>
        <speed>3.569000</speed>
      </trkpt>
      <trkpt lat="59.469355736" lon="26.751626506">
        <ele>45.200</ele>
        <time>2026-08-12T12:29:31Z</time>
        <speed>3.610000</speed>
      </trkpt>
      <trkpt lat="59.469399657" lon="26.751806047">
        <ele>45.000</ele>
        <time>2026-08-12T12:29:34Z</time>
        <speed>3.885000</speed>
      </trkpt>
      <trkpt lat="59.469529241" lon="26.752288761">
        <ele>45.600</ele>
        <time>2026-08-12T12:29:42Z</time>
        <speed>3.891000</speed>
      </trkpt>
      <trkpt lat="59.469662514" lon="26.752863675">
        <ele>45.400</ele>
        <time>2026-08-12T12:29:51Z</time>
        <speed>3.961000</speed>
      </trkpt>
      <trkpt lat="59.469814142" lon="26.753570186">
        <ele>45.400</ele>
        <time>2026-08-12T12:30:01Z</time>
        <speed>4.756000</speed>
      </trkpt>
      <trkpt lat="59.469914893" lon="26.754091373">
        <ele>45.400</ele>
        <time>2026-08-12T12:30:08Z</time>
        <speed>4.794000</speed>
      </trkpt>
      <trkpt lat="59.469941212" lon="26.754257418">
        <ele>45.800</ele>
        <time>2026-08-12T12:30:10Z</time>
        <speed>4.863000</speed>
      </trkpt>
      <trkpt lat="59.469981361" lon="26.754497476">
        <ele>45.200</ele>
        <time>2026-08-12T12:30:13Z</time>
        <speed>4.489000</speed>
      </trkpt>
      <trkpt lat="59.469998376" lon="26.754566543">
        <ele>45.200</ele>
        <time>2026-08-12T12:30:14Z</time>
        <speed>4.138000</speed>
      </trkpt>
      <trkpt lat="59.470038777" lon="26.754833171">
        <ele>44.600</ele>
        <time>2026-08-12T12:30:18Z</time>
        <speed>4.298000</speed>
      </trkpt>
      <trkpt lat="59.470142378" lon="26.755456114">
        <ele>44.400</ele>
        <time>2026-08-12T12:30:26Z</time>
        <speed>4.856000</speed>
      </trkpt>
      <trkpt lat="59.470250001" lon="26.756131612">
        <ele>44.200</ele>
        <time>2026-08-12T12:30:34Z</time>
        <speed>5.135000</speed>
      </trkpt>
      <trkpt lat="59.470265424" lon="26.756219957">
        <ele>43.800</ele>
        <time>2026-08-12T12:30:35Z</time>
        <speed>5.089000</speed>
      </trkpt>
      <trkpt lat="59.470403474" lon="26.757085221">
        <ele>44.800</ele>
        <time>2026-08-12T12:30:45Z</time>
        <speed>5.120000</speed>
      </trkpt>
      <trkpt lat="59.470431218" lon="26.757257218">
        <ele>44.800</ele>
        <time>2026-08-12T12:30:47Z</time>
        <speed>5.036000</speed>
      </trkpt>
      <trkpt lat="59.470487712" lon="26.757596182">
        <ele>44.600</ele>
        <time>2026-08-12T12:30:51Z</time>
        <speed>5.176000</speed>
      </trkpt>
      <trkpt lat="59.470621990" lon="26.758401766">
        <ele>44.800</ele>
        <time>2026-08-12T12:31:00Z</time>
        <speed>5.566000</speed>
      </trkpt>
      <trkpt lat="59.470701618" lon="26.758862687">
        <ele>45.200</ele>
        <time>2026-08-12T12:31:05Z</time>
        <speed>5.401000</speed>
      </trkpt>
      <trkpt lat="59.470761465" lon="26.759198550">
        <ele>45.200</ele>
        <time>2026-08-12T12:31:09Z</time>
        <speed>4.719000</speed>
      </trkpt>
      <trkpt lat="59.470816618" lon="26.759493761">
        <ele>45.800</ele>
        <time>2026-08-12T12:31:13Z</time>
        <speed>4.550000</speed>
      </trkpt>
      <trkpt lat="59.470862048" lon="26.759817973">
        <ele>45.600</ele>
        <time>2026-08-12T12:31:17Z</time>
        <speed>4.864000</speed>
      </trkpt>
      <trkpt lat="59.470973192" lon="26.760481484">
        <ele>45.400</ele>
        <time>2026-08-12T12:31:25Z</time>
        <speed>5.063000</speed>
      </trkpt>
      <trkpt lat="59.471062878" lon="26.761368457">
        <ele>45.000</ele>
        <time>2026-08-12T12:31:35Z</time>
        <speed>5.504000</speed>
      </trkpt>
      <trkpt lat="59.471072853" lon="26.761464430">
        <ele>45.200</ele>
        <time>2026-08-12T12:31:36Z</time>
        <speed>5.477000</speed>
      </trkpt>
      <trkpt lat="59.471087772" lon="26.761864163">
        <ele>45.800</ele>
        <time>2026-08-12T12:31:40Z</time>
        <speed>5.617000</speed>
      </trkpt>
      <trkpt lat="59.471089365" lon="26.762262387">
        <ele>46.200</ele>
        <time>2026-08-12T12:31:44Z</time>
        <speed>5.628000</speed>
      </trkpt>
      <trkpt lat="59.471080732" lon="26.762738395">
        <ele>45.400</ele>
        <time>2026-08-12T12:31:49Z</time>
        <speed>5.263000</speed>
      </trkpt>
      <trkpt lat="59.471067656" lon="26.763007371">
        <ele>45.000</ele>
        <time>2026-08-12T12:31:52Z</time>
        <speed>4.964000</speed>
      </trkpt>
      <trkpt lat="59.471049970" lon="26.763416659">
        <ele>45.000</ele>
        <time>2026-08-12T12:31:57Z</time>
        <speed>4.512000</speed>
      </trkpt>
      <trkpt lat="59.471009988" lon="26.764118727">
        <ele>44.200</ele>
        <time>2026-08-12T12:32:05Z</time>
        <speed>5.063000</speed>
      </trkpt>
      <trkpt lat="59.470999679" lon="26.764293825">
        <ele>44.000</ele>
        <time>2026-08-12T12:32:07Z</time>
        <speed>4.926000</speed>
      </trkpt>
      <trkpt lat="59.470976042" lon="26.764708227">
        <ele>45.000</ele>
        <time>2026-08-12T12:32:12Z</time>
        <speed>4.544000</speed>
      </trkpt>
      <trkpt lat="59.470971683" lon="26.764785927">
        <ele>45.800</ele>
        <time>2026-08-12T12:32:13Z</time>
        <speed>4.442000</speed>
      </trkpt>
      <trkpt lat="59.470945699" lon="26.765210638">
        <ele>46.200</ele>
        <time>2026-08-12T12:32:18Z</time>
        <speed>5.125000</speed>
      </trkpt>
      <trkpt lat="59.470936814" lon="26.765398895">
        <ele>46.200</ele>
        <time>2026-08-12T12:32:20Z</time>
        <speed>5.339000</speed>
      </trkpt>
      <trkpt lat="59.470899347" lon="26.766164415">
        <ele>45.000</ele>
        <time>2026-08-12T12:32:28Z</time>
        <speed>5.183000</speed>
      </trkpt>
      <trkpt lat="59.470864898" lon="26.766836643">
        <ele>45.000</ele>
        <time>2026-08-12T12:32:36Z</time>
        <speed>4.648000</speed>
      </trkpt>
      <trkpt lat="59.470873279" lon="26.767353639">
        <ele>45.000</ele>
        <time>2026-08-12T12:32:42Z</time>
        <speed>4.638000</speed>
      </trkpt>
      <trkpt lat="59.470927846" lon="26.767918998">
        <ele>44.600</ele>
        <time>2026-08-12T12:32:49Z</time>
        <speed>4.566000</speed>
      </trkpt>
      <trkpt lat="59.470989536" lon="26.768329628">
        <ele>44.000</ele>
        <time>2026-08-12T12:32:54Z</time>
        <speed>5.039000</speed>
      </trkpt>
      <trkpt lat="59.470999260" lon="26.768416967">
        <ele>44.000</ele>
        <time>2026-08-12T12:32:55Z</time>
        <speed>5.089000</speed>
      </trkpt>
      <trkpt lat="59.471053155" lon="26.768851988">
        <ele>43.600</ele>
        <time>2026-08-12T12:33:01Z</time>
        <speed>1.918000</speed>
      </trkpt>
      <trkpt lat="59.471051646" lon="26.768879229">
        <ele>43.800</ele>
        <time>2026-08-12T12:33:02Z</time>
        <speed>1.369000</speed>
      </trkpt>
    </trkseg>
    <trkseg>
      <trkpt lat="59.471145440" lon="26.769073606">
        <ele>43.000</ele>
        <time>2026-08-12T12:52:23Z</time>
        <speed>1.998000</speed>
      </trkpt>
      <trkpt lat="59.471157258" lon="26.769111408">
        <ele>42.800</ele>
        <time>2026-08-12T12:52:24Z</time>
        <speed>2.153000</speed>
      </trkpt>
      <trkpt lat="59.471163210" lon="26.769152898">
        <ele>42.400</ele>
        <time>2026-08-12T12:52:25Z</time>
        <speed>2.267000</speed>
      </trkpt>
      <trkpt lat="59.471239150" lon="26.769482978">
        <ele>41.800</ele>
        <time>2026-08-12T12:52:31Z</time>
        <speed>3.590000</speed>
      </trkpt>
      <trkpt lat="59.471257171" lon="26.769543663">
        <ele>41.600</ele>
        <time>2026-08-12T12:52:32Z</time>
        <speed>3.884000</speed>
      </trkpt>
      <trkpt lat="59.471353479" lon="26.769891176">
        <ele>41.400</ele>
        <time>2026-08-12T12:52:37Z</time>
        <speed>4.619000</speed>
      </trkpt>
      <trkpt lat="59.471516088" lon="26.770323850">
        <ele>42.000</ele>
        <time>2026-08-12T12:52:43Z</time>
        <speed>5.240000</speed>
      </trkpt>
      <trkpt lat="59.471544921" lon="26.770403730">
        <ele>42.000</ele>
        <time>2026-08-12T12:52:44Z</time>
        <speed>5.400000</speed>
      </trkpt>
      <trkpt lat="59.471685570" lon="26.770793069">
        <ele>42.000</ele>
        <time>2026-08-12T12:52:49Z</time>
        <speed>5.264000</speed>
      </trkpt>
      <trkpt lat="59.471711386" lon="26.770875715">
        <ele>42.200</ele>
        <time>2026-08-12T12:52:50Z</time>
        <speed>5.391000</speed>
      </trkpt>
      <trkpt lat="59.471853124" lon="26.771305036">
        <ele>41.600</ele>
        <time>2026-08-12T12:52:55Z</time>
        <speed>5.872000</speed>
      </trkpt>
      <trkpt lat="59.472024199" lon="26.771785989">
        <ele>41.200</ele>
        <time>2026-08-12T12:53:01Z</time>
        <speed>5.752000</speed>
      </trkpt>
      <trkpt lat="59.472150346" lon="26.772137694">
        <ele>40.600</ele>
        <time>2026-08-12T12:53:05Z</time>
        <speed>6.131000</speed>
      </trkpt>
      <trkpt lat="59.472245649" lon="26.772382278">
        <ele>40.600</ele>
        <time>2026-08-12T12:53:08Z</time>
        <speed>5.771000</speed>
      </trkpt>
      <trkpt lat="59.472493837" lon="26.773092393">
        <ele>41.000</ele>
        <time>2026-08-12T12:53:16Z</time>
        <speed>6.206000</speed>
      </trkpt>
      <trkpt lat="59.472722076" lon="26.773754144">
        <ele>40.600</ele>
        <time>2026-08-12T12:53:23Z</time>
        <speed>6.847000</speed>
      </trkpt>
      <trkpt lat="59.472901952" lon="26.774248006">
        <ele>39.400</ele>
        <time>2026-08-12T12:53:28Z</time>
        <speed>6.664000</speed>
      </trkpt>
      <trkpt lat="59.472937491" lon="26.774339201">
        <ele>39.200</ele>
        <time>2026-08-12T12:53:29Z</time>
        <speed>6.541000</speed>
      </trkpt>
      <trkpt lat="59.473157013" lon="26.774975974">
        <ele>39.200</ele>
        <time>2026-08-12T12:53:36Z</time>
        <speed>6.285000</speed>
      </trkpt>
      <trkpt lat="59.473388521" lon="26.775610484">
        <ele>39.800</ele>
        <time>2026-08-12T12:53:43Z</time>
        <speed>6.307000</speed>
      </trkpt>
      <trkpt lat="59.473669147" lon="26.776447166">
        <ele>39.800</ele>
        <time>2026-08-12T12:53:52Z</time>
        <speed>6.041000</speed>
      </trkpt>
      <trkpt lat="59.473923622" lon="26.777169267">
        <ele>39.400</ele>
        <time>2026-08-12T12:54:00Z</time>
        <speed>6.248000</speed>
      </trkpt>
      <trkpt lat="59.474172816" lon="26.777902683">
        <ele>40.000</ele>
        <time>2026-08-12T12:54:08Z</time>
        <speed>5.987000</speed>
      </trkpt>
      <trkpt lat="59.474229058" lon="26.778085912">
        <ele>40.600</ele>
        <time>2026-08-12T12:54:10Z</time>
        <speed>5.944000</speed>
      </trkpt>
      <trkpt lat="59.474369874" lon="26.778568793">
        <ele>42.000</ele>
        <time>2026-08-12T12:54:16Z</time>
        <speed>4.563000</speed>
      </trkpt>
      <trkpt lat="59.474445730" lon="26.778849754">
        <ele>43.000</ele>
        <time>2026-08-12T12:54:20Z</time>
        <speed>4.436000</speed>
      </trkpt>
      <trkpt lat="59.474499207" lon="26.779065086">
        <ele>43.200</ele>
        <time>2026-08-12T12:54:23Z</time>
        <speed>4.432000</speed>
      </trkpt>
      <trkpt lat="59.474630048" lon="26.779599851">
        <ele>43.000</ele>
        <time>2026-08-12T12:54:30Z</time>
        <speed>4.623000</speed>
      </trkpt>
      <trkpt lat="59.474772289" lon="26.780228578">
        <ele>44.200</ele>
        <time>2026-08-12T12:54:39Z</time>
        <speed>3.865000</speed>
      </trkpt>
      <trkpt lat="59.474837165" lon="26.780597968">
        <ele>44.400</ele>
        <time>2026-08-12T12:54:46Z</time>
        <speed>2.800000</speed>
      </trkpt>
      <trkpt lat="59.474847224" lon="26.780776167">
        <ele>44.600</ele>
        <time>2026-08-12T12:54:52Z</time>
        <speed>0.591000</speed>
      </trkpt>
    </trkseg>
    <trkseg>
      <trkpt lat="59.474875974" lon="26.780885886">
        <ele>45.200</ele>
        <time>2026-08-12T12:56:36Z</time>
        <speed>1.427000</speed>
      </trkpt>
      <trkpt lat="59.474882344" lon="26.780917654">
        <ele>45.200</ele>
        <time>2026-08-12T12:56:37Z</time>
        <speed>1.787000</speed>
      </trkpt>
      <trkpt lat="59.474915452" lon="26.781092249">
        <ele>45.000</ele>
        <time>2026-08-12T12:56:42Z</time>
        <speed>2.331000</speed>
      </trkpt>
      <trkpt lat="59.474958954" lon="26.781359632">
        <ele>44.600</ele>
        <time>2026-08-12T12:56:49Z</time>
        <speed>2.327000</speed>
      </trkpt>
      <trkpt lat="59.474969516" lon="26.781570353">
        <ele>44.200</ele>
        <time>2026-08-12T12:56:53Z</time>
        <speed>3.096000</speed>
      </trkpt>
      <trkpt lat="59.474980077" lon="26.781681245">
        <ele>44.600</ele>
        <time>2026-08-12T12:56:55Z</time>
        <speed>3.224000</speed>
      </trkpt>
      <trkpt lat="59.475028608" lon="26.782201929">
        <ele>44.600</ele>
        <time>2026-08-12T12:57:03Z</time>
        <speed>3.931000</speed>
      </trkpt>
      <trkpt lat="59.475075547" lon="26.782901231">
        <ele>44.400</ele>
        <time>2026-08-12T12:57:12Z</time>
        <speed>4.647000</speed>
      </trkpt>
      <trkpt lat="59.475118294" lon="26.783506237">
        <ele>44.600</ele>
        <time>2026-08-12T12:57:20Z</time>
        <speed>4.126000</speed>
      </trkpt>
      <trkpt lat="59.475140674" lon="26.783990124">
        <ele>44.200</ele>
        <time>2026-08-12T12:57:26Z</time>
        <speed>4.865000</speed>
      </trkpt>
      <trkpt lat="59.475141177" lon="26.784077631">
        <ele>44.400</ele>
        <time>2026-08-12T12:57:27Z</time>
        <speed>4.881000</speed>
      </trkpt>
      <trkpt lat="59.475140674" lon="26.784574511">
        <ele>44.200</ele>
        <time>2026-08-12T12:57:33Z</time>
        <speed>4.478000</speed>
      </trkpt>
      <trkpt lat="59.475125754" lon="26.785266856">
        <ele>43.800</ele>
        <time>2026-08-12T12:57:41Z</time>
        <speed>4.865000</speed>
      </trkpt>
      <trkpt lat="59.475099100" lon="26.785867168">
        <ele>44.200</ele>
        <time>2026-08-12T12:57:48Z</time>
        <speed>5.016000</speed>
      </trkpt>
      <trkpt lat="59.475070601" lon="26.786762271">
        <ele>43.800</ele>
        <time>2026-08-12T12:57:58Z</time>
        <speed>5.087000</speed>
      </trkpt>
      <trkpt lat="59.475060711" lon="26.787200980">
        <ele>45.200</ele>
        <time>2026-08-12T12:58:03Z</time>
        <speed>4.849000</speed>
      </trkpt>
      <trkpt lat="59.475046713" lon="26.787568275">
        <ele>44.600</ele>
        <time>2026-08-12T12:58:07Z</time>
        <speed>5.325000</speed>
      </trkpt>
      <trkpt lat="59.475025423" lon="26.788476119">
        <ele>44.400</ele>
        <time>2026-08-12T12:58:17Z</time>
        <speed>4.976000</speed>
      </trkpt>
      <trkpt lat="59.475011760" lon="26.788814580">
        <ele>44.200</ele>
        <time>2026-08-12T12:58:21Z</time>
        <speed>4.844000</speed>
      </trkpt>
      <trkpt lat="59.475011844" lon="26.788899153">
        <ele>44.200</ele>
        <time>2026-08-12T12:58:22Z</time>
        <speed>4.765000</speed>
      </trkpt>
      <trkpt lat="59.475006564" lon="26.789066372">
        <ele>44.200</ele>
        <time>2026-08-12T12:58:24Z</time>
        <speed>4.777000</speed>
      </trkpt>
      <trkpt lat="59.475002289" lon="26.789152957">
        <ele>44.200</ele>
        <time>2026-08-12T12:58:25Z</time>
        <speed>4.856000</speed>
      </trkpt>
      <trkpt lat="59.474971443" lon="26.790067591">
        <ele>44.200</ele>
        <time>2026-08-12T12:58:35Z</time>
        <speed>5.340000</speed>
      </trkpt>
      <trkpt lat="59.474943364" lon="26.790783992">
        <ele>44.400</ele>
        <time>2026-08-12T12:58:43Z</time>
        <speed>5.074000</speed>
      </trkpt>
      <trkpt lat="59.474920901" lon="26.791568790">
        <ele>44.400</ele>
        <time>2026-08-12T12:58:52Z</time>
        <speed>5.023000</speed>
      </trkpt>
      <trkpt lat="59.474890474" lon="26.792241521">
        <ele>44.400</ele>
        <time>2026-08-12T12:59:00Z</time>
        <speed>4.913000</speed>
      </trkpt>
      <trkpt lat="59.474881673" lon="26.792891454">
        <ele>44.400</ele>
        <time>2026-08-12T12:59:07Z</time>
        <speed>5.385000</speed>
      </trkpt>
      <trkpt lat="59.474860132" lon="26.793707348">
        <ele>44.200</ele>
        <time>2026-08-12T12:59:16Z</time>
        <speed>4.996000</speed>
      </trkpt>
      <trkpt lat="59.474851917" lon="26.794301206">
        <ele>44.000</ele>
        <time>2026-08-12T12:59:23Z</time>
        <speed>4.796000</speed>
      </trkpt>
      <trkpt lat="59.474834902" lon="26.794544198">
        <ele>43.800</ele>
        <time>2026-08-12T12:59:26Z</time>
        <speed>4.521000</speed>
      </trkpt>
      <trkpt lat="59.474825934" lon="26.794712087">
        <ele>44.400</ele>
        <time>2026-08-12T12:59:28Z</time>
        <speed>4.662000</speed>
      </trkpt>
      <trkpt lat="59.474820485" lon="26.794798672">
        <ele>44.400</ele>
        <time>2026-08-12T12:59:29Z</time>
        <speed>4.674000</speed>
      </trkpt>
      <trkpt lat="59.474794837" lon="26.795382639">
        <ele>43.800</ele>
        <time>2026-08-12T12:59:36Z</time>
        <speed>4.853000</speed>
      </trkpt>
      <trkpt lat="59.474763405" lon="26.796169281">
        <ele>44.200</ele>
        <time>2026-08-12T12:59:45Z</time>
        <speed>5.193000</speed>
      </trkpt>
      <trkpt lat="59.474710515" lon="26.796789039">
        <ele>44.600</ele>
        <time>2026-08-12T12:59:52Z</time>
        <speed>5.030000</speed>
      </trkpt>
      <trkpt lat="59.474610100" lon="26.797514409">
        <ele>44.400</ele>
        <time>2026-08-12T13:00:00Z</time>
        <speed>5.392000</speed>
      </trkpt>
      <trkpt lat="59.474537177" lon="26.798021346">
        <ele>43.800</ele>
        <time>2026-08-12T13:00:06Z</time>
        <speed>5.053000</speed>
      </trkpt>
      <trkpt lat="59.474393344" lon="26.798803378">
        <ele>43.400</ele>
        <time>2026-08-12T13:00:15Z</time>
        <speed>5.174000</speed>
      </trkpt>
      <trkpt lat="59.474256132" lon="26.799388938">
        <ele>43.800</ele>
        <time>2026-08-12T13:00:22Z</time>
        <speed>5.392000</speed>
      </trkpt>
      <trkpt lat="59.474102911" lon="26.799962008">
        <ele>43.600</ele>
        <time>2026-08-12T13:00:29Z</time>
        <speed>5.397000</speed>
      </trkpt>
      <trkpt lat="59.473960837" lon="26.800421420">
        <ele>44.000</ele>
        <time>2026-08-12T13:00:35Z</time>
        <speed>5.221000</speed>
      </trkpt>
      <trkpt lat="59.473911049" lon="26.800574390">
        <ele>43.200</ele>
        <time>2026-08-12T13:00:37Z</time>
        <speed>5.193000</speed>
      </trkpt>
      <trkpt lat="59.473756989" lon="26.801028103">
        <ele>43.000</ele>
        <time>2026-08-12T13:00:43Z</time>
        <speed>5.052000</speed>
      </trkpt>
      <trkpt lat="59.473522631" lon="26.801696140">
        <ele>43.400</ele>
        <time>2026-08-12T13:00:52Z</time>
        <speed>4.983000</speed>
      </trkpt>
      <trkpt lat="59.473445686" lon="26.801901413">
        <ele>44.000</ele>
        <time>2026-08-12T13:00:55Z</time>
        <speed>5.076000</speed>
      </trkpt>
      <trkpt lat="59.473393550" lon="26.802051282">
        <ele>43.800</ele>
        <time>2026-08-12T13:00:57Z</time>
        <speed>5.013000</speed>
      </trkpt>
      <trkpt lat="59.473347785" lon="26.802202826">
        <ele>43.800</ele>
        <time>2026-08-12T13:00:59Z</time>
        <speed>4.927000</speed>
      </trkpt>
      <trkpt lat="59.473174447" lon="26.802695263">
        <ele>44.000</ele>
        <time>2026-08-12T13:01:06Z</time>
        <speed>5.036000</speed>
      </trkpt>
      <trkpt lat="59.472995829" lon="26.803233130">
        <ele>43.600</ele>
        <time>2026-08-12T13:01:13Z</time>
        <speed>5.200000</speed>
      </trkpt>
      <trkpt lat="59.472787958" lon="26.803879291">
        <ele>43.200</ele>
        <time>2026-08-12T13:01:21Z</time>
        <speed>5.475000</speed>
      </trkpt>
      <trkpt lat="59.472690560" lon="26.804209035">
        <ele>43.200</ele>
        <time>2026-08-12T13:01:25Z</time>
        <speed>5.281000</speed>
      </trkpt>
      <trkpt lat="59.472615710" lon="26.804442219">
        <ele>43.200</ele>
        <time>2026-08-12T13:01:28Z</time>
        <speed>5.237000</speed>
      </trkpt>
      <trkpt lat="59.472431475" lon="26.805043370">
        <ele>42.800</ele>
        <time>2026-08-12T13:01:36Z</time>
        <speed>4.918000</speed>
      </trkpt>
      <trkpt lat="59.472224191" lon="26.805737140">
        <ele>43.400</ele>
        <time>2026-08-12T13:01:45Z</time>
        <speed>5.121000</speed>
      </trkpt>
      <trkpt lat="59.472053116" lon="26.806385480">
        <ele>43.200</ele>
        <time>2026-08-12T13:01:53Z</time>
        <speed>4.962000</speed>
      </trkpt>
      <trkpt lat="59.471910959" lon="26.806931812">
        <ele>43.400</ele>
        <time>2026-08-12T13:02:00Z</time>
        <speed>5.164000</speed>
      </trkpt>
      <trkpt lat="59.471771317" lon="26.807489125">
        <ele>43.200</ele>
        <time>2026-08-12T13:02:07Z</time>
        <speed>5.031000</speed>
      </trkpt>
      <trkpt lat="59.471734604" lon="26.807656512">
        <ele>43.400</ele>
        <time>2026-08-12T13:02:09Z</time>
        <speed>5.214000</speed>
      </trkpt>
      <trkpt lat="59.471569899" lon="26.808315162">
        <ele>43.000</ele>
        <time>2026-08-12T13:02:17Z</time>
        <speed>5.155000</speed>
      </trkpt>
      <trkpt lat="59.471403519" lon="26.808989905">
        <ele>43.000</ele>
        <time>2026-08-12T13:02:25Z</time>
        <speed>5.365000</speed>
      </trkpt>
      <trkpt lat="59.471308887" lon="26.809393661">
        <ele>43.000</ele>
        <time>2026-08-12T13:02:30Z</time>
        <speed>4.926000</speed>
      </trkpt>
      <trkpt lat="59.471217776" lon="26.809808062">
        <ele>43.400</ele>
        <time>2026-08-12T13:02:35Z</time>
        <speed>4.990000</speed>
      </trkpt>
      <trkpt lat="59.471184416" lon="26.809968241">
        <ele>43.400</ele>
        <time>2026-08-12T13:02:37Z</time>
        <speed>4.842000</speed>
      </trkpt>
      <trkpt lat="59.471070673" lon="26.810477357">
        <ele>43.400</ele>
        <time>2026-08-12T13:02:43Z</time>
        <speed>5.291000</speed>
      </trkpt>
      <trkpt lat="59.471050473" lon="26.810563691">
        <ele>43.200</ele>
        <time>2026-08-12T13:02:44Z</time>
        <speed>5.301000</speed>
      </trkpt>
      <trkpt lat="59.470886104" lon="26.811430212">
        <ele>43.400</ele>
        <time>2026-08-12T13:02:54Z</time>
        <speed>5.236000</speed>
      </trkpt>
      <trkpt lat="59.470756184" lon="26.812035050">
        <ele>43.000</ele>
        <time>2026-08-12T13:03:01Z</time>
        <speed>5.437000</speed>
      </trkpt>
      <trkpt lat="59.470628276" lon="26.812664364">
        <ele>43.000</ele>
        <time>2026-08-12T13:03:08Z</time>
        <speed>5.306000</speed>
      </trkpt>
      <trkpt lat="59.470493747" lon="26.813359139">
        <ele>43.200</ele>
        <time>2026-08-12T13:03:16Z</time>
        <speed>5.351000</speed>
      </trkpt>
      <trkpt lat="59.470365252" lon="26.813992979">
        <ele>42.800</ele>
        <time>2026-08-12T13:03:23Z</time>
        <speed>5.417000</speed>
      </trkpt>
      <trkpt lat="59.470341364" lon="26.814075373">
        <ele>42.800</ele>
        <time>2026-08-12T13:03:24Z</time>
        <speed>5.262000</speed>
      </trkpt>
      <trkpt lat="59.470237680" lon="26.814498324">
        <ele>42.800</ele>
        <time>2026-08-12T13:03:29Z</time>
        <speed>5.071000</speed>
      </trkpt>
      <trkpt lat="59.470068784" lon="26.815083968">
        <ele>43.000</ele>
        <time>2026-08-12T13:03:36Z</time>
        <speed>5.660000</speed>
      </trkpt>
      <trkpt lat="59.469872313" lon="26.815695846">
        <ele>42.200</ele>
        <time>2026-08-12T13:03:43Z</time>
        <speed>5.924000</speed>
      </trkpt>
      <trkpt lat="59.469842389" lon="26.815779079">
        <ele>42.200</ele>
        <time>2026-08-12T13:03:44Z</time>
        <speed>5.810000</speed>
      </trkpt>
      <trkpt lat="59.469607780" lon="26.816440662">
        <ele>42.200</ele>
        <time>2026-08-12T13:03:52Z</time>
        <speed>5.495000</speed>
      </trkpt>
      <trkpt lat="59.469453301" lon="26.816841653">
        <ele>42.200</ele>
        <time>2026-08-12T13:03:57Z</time>
        <speed>5.577000</speed>
      </trkpt>
      <trkpt lat="59.469382642" lon="26.816990096">
        <ele>42.200</ele>
        <time>2026-08-12T13:03:59Z</time>
        <speed>5.535000</speed>
      </trkpt>
      <trkpt lat="59.469313240" lon="26.817128062">
        <ele>41.800</ele>
        <time>2026-08-12T13:04:01Z</time>
        <speed>5.565000</speed>
      </trkpt>
      <trkpt lat="59.469100423" lon="26.817546654">
        <ele>41.800</ele>
        <time>2026-08-12T13:04:07Z</time>
        <speed>5.556000</speed>
      </trkpt>
      <trkpt lat="59.468813846" lon="26.818086701">
        <ele>41.600</ele>
        <time>2026-08-12T13:04:15Z</time>
        <speed>5.310000</speed>
      </trkpt>
      <trkpt lat="59.468627516" lon="26.818401022">
        <ele>41.200</ele>
        <time>2026-08-12T13:04:20Z</time>
        <speed>5.544000</speed>
      </trkpt>
      <trkpt lat="59.468549732" lon="26.818517530">
        <ele>40.800</ele>
        <time>2026-08-12T13:04:22Z</time>
        <speed>5.555000</speed>
      </trkpt>
      <trkpt lat="59.468208589" lon="26.819051290">
        <ele>41.000</ele>
        <time>2026-08-12T13:04:31Z</time>
        <speed>5.220000</speed>
      </trkpt>
      <trkpt lat="59.467874905" lon="26.819462338">
        <ele>41.000</ele>
        <time>2026-08-12T13:04:39Z</time>
        <speed>5.626000</speed>
      </trkpt>
      <trkpt lat="59.467664100" lon="26.819707090">
        <ele>40.200</ele>
        <time>2026-08-12T13:04:44Z</time>
        <speed>5.181000</speed>
      </trkpt>
      <trkpt lat="59.467623197" lon="26.819755957">
        <ele>40.000</ele>
        <time>2026-08-12T13:04:45Z</time>
        <speed>5.265000</speed>
      </trkpt>
      <trkpt lat="59.467375930" lon="26.820069104">
        <ele>40.200</ele>
        <time>2026-08-12T13:04:51Z</time>
        <speed>5.446000</speed>
      </trkpt>
      <trkpt lat="59.467238300" lon="26.820221320">
        <ele>40.000</ele>
        <time>2026-08-12T13:04:54Z</time>
        <speed>6.076000</speed>
      </trkpt>
      <trkpt lat="59.467113577" lon="26.820380827">
        <ele>40.000</ele>
        <time>2026-08-12T13:04:57Z</time>
        <speed>5.293000</speed>
      </trkpt>
      <trkpt lat="59.467068482" lon="26.820421228">
        <ele>40.000</ele>
        <time>2026-08-12T13:04:58Z</time>
        <speed>5.449000</speed>
      </trkpt>
      <trkpt lat="59.466981310" lon="26.820524577">
        <ele>40.200</ele>
        <time>2026-08-12T13:05:00Z</time>
        <speed>5.492000</speed>
      </trkpt>
      <trkpt lat="59.466897659" lon="26.820622981">
        <ele>40.200</ele>
        <time>2026-08-12T13:05:02Z</time>
        <speed>5.292000</speed>
      </trkpt>
      <trkpt lat="59.466628265" lon="26.820906959">
        <ele>39.600</ele>
        <time>2026-08-12T13:05:08Z</time>
        <speed>5.996000</speed>
      </trkpt>
      <trkpt lat="59.466465153" lon="26.821112316">
        <ele>39.000</ele>
        <time>2026-08-12T13:05:12Z</time>
        <speed>5.228000</speed>
      </trkpt>
      <trkpt lat="59.466383262" lon="26.821219185">
        <ele>39.200</ele>
        <time>2026-08-12T13:05:14Z</time>
        <speed>5.432000</speed>
      </trkpt>
      <trkpt lat="59.466150831" lon="26.821503500">
        <ele>39.800</ele>
        <time>2026-08-12T13:05:20Z</time>
        <speed>4.783000</speed>
      </trkpt>
      <trkpt lat="59.465897363" lon="26.821796196">
        <ele>39.800</ele>
        <time>2026-08-12T13:05:26Z</time>
        <speed>5.488000</speed>
      </trkpt>
      <trkpt lat="59.465616317" lon="26.822146224">
        <ele>38.000</ele>
        <time>2026-08-12T13:05:32Z</time>
        <speed>6.365000</speed>
      </trkpt>
      <trkpt lat="59.465408279" lon="26.822407739">
        <ele>38.000</ele>
        <time>2026-08-12T13:05:37Z</time>
        <speed>5.593000</speed>
      </trkpt>
      <trkpt lat="59.465158246" lon="26.822709572">
        <ele>38.200</ele>
        <time>2026-08-12T13:05:43Z</time>
        <speed>4.897000</speed>
      </trkpt>
      <trkpt lat="59.464906119" lon="26.823063539">
        <ele>37.400</ele>
        <time>2026-08-12T13:05:49Z</time>
        <speed>6.122000</speed>
      </trkpt>
      <trkpt lat="59.464769661" lon="26.823296640">
        <ele>37.000</ele>
        <time>2026-08-12T13:05:52Z</time>
        <speed>6.563000</speed>
      </trkpt>
      <trkpt lat="59.464631276" lon="26.823560838">
        <ele>35.800</ele>
        <time>2026-08-12T13:05:55Z</time>
        <speed>7.081000</speed>
      </trkpt>
      <trkpt lat="59.464583835" lon="26.823652787">
        <ele>35.600</ele>
        <time>2026-08-12T13:05:56Z</time>
        <speed>7.156000</speed>
      </trkpt>
      <trkpt lat="59.464484844" lon="26.823819922">
        <ele>34.800</ele>
        <time>2026-08-12T13:05:58Z</time>
        <speed>7.130000</speed>
      </trkpt>
      <trkpt lat="59.464244787" lon="26.824246645">
        <ele>33.400</ele>
        <time>2026-08-12T13:06:03Z</time>
        <speed>7.072000</speed>
      </trkpt>
      <trkpt lat="59.463849161" lon="26.825034292">
        <ele>34.200</ele>
        <time>2026-08-12T13:06:12Z</time>
        <speed>6.923000</speed>
      </trkpt>
      <trkpt lat="59.463601895" lon="26.825600741">
        <ele>32.800</ele>
        <time>2026-08-12T13:06:18Z</time>
        <speed>7.093000</speed>
      </trkpt>
      <trkpt lat="59.463559734" lon="26.825696295">
        <ele>32.400</ele>
        <time>2026-08-12T13:06:19Z</time>
        <speed>7.177000</speed>
      </trkpt>
      <trkpt lat="59.463196043" lon="26.826570779">
        <ele>32.200</ele>
        <time>2026-08-12T13:06:28Z</time>
        <speed>7.162000</speed>
      </trkpt>
      <trkpt lat="59.463031590" lon="26.826981492">
        <ele>31.400</ele>
        <time>2026-08-12T13:06:32Z</time>
        <speed>7.463000</speed>
      </trkpt>
      <trkpt lat="59.462872082" lon="26.827398073">
        <ele>32.000</ele>
        <time>2026-08-12T13:06:36Z</time>
        <speed>7.373000</speed>
      </trkpt>
      <trkpt lat="59.462546529" lon="26.828204077">
        <ele>31.800</ele>
        <time>2026-08-12T13:06:44Z</time>
        <speed>7.182000</speed>
      </trkpt>
      <trkpt lat="59.462324241" lon="26.828787038">
        <ele>31.800</ele>
        <time>2026-08-12T13:06:50Z</time>
        <speed>6.809000</speed>
      </trkpt>
      <trkpt lat="59.462059960" lon="26.829442754">
        <ele>31.000</ele>
        <time>2026-08-12T13:06:57Z</time>
        <speed>6.757000</speed>
      </trkpt>
      <trkpt lat="59.461954432" lon="26.829720614">
        <ele>30.200</ele>
        <time>2026-08-12T13:07:00Z</time>
        <speed>6.533000</speed>
      </trkpt>
      <trkpt lat="59.461842785" lon="26.829976682">
        <ele>30.200</ele>
        <time>2026-08-12T13:07:03Z</time>
        <speed>6.150000</speed>
      </trkpt>
      <trkpt lat="59.461625442" lon="26.830524104">
        <ele>30.800</ele>
        <time>2026-08-12T13:07:09Z</time>
        <speed>6.516000</speed>
      </trkpt>
      <trkpt lat="59.461407596" lon="26.831048978">
        <ele>30.800</ele>
        <time>2026-08-12T13:07:15Z</time>
        <speed>6.478000</speed>
      </trkpt>
      <trkpt lat="59.461042313" lon="26.831961684">
        <ele>30.000</ele>
        <time>2026-08-12T13:07:25Z</time>
        <speed>6.517000</speed>
      </trkpt>
      <trkpt lat="59.460893199" lon="26.832330152">
        <ele>31.600</ele>
        <time>2026-08-12T13:07:29Z</time>
        <speed>6.682000</speed>
      </trkpt>
      <trkpt lat="59.460776523" lon="26.832594266">
        <ele>30.400</ele>
        <time>2026-08-12T13:07:32Z</time>
        <speed>6.482000</speed>
      </trkpt>
      <trkpt lat="59.460529592" lon="26.833199691">
        <ele>30.600</ele>
        <time>2026-08-12T13:07:39Z</time>
        <speed>5.947000</speed>
      </trkpt>
      <trkpt lat="59.460265059" lon="26.833861023">
        <ele>30.600</ele>
        <time>2026-08-12T13:07:47Z</time>
        <speed>6.117000</speed>
      </trkpt>
      <trkpt lat="59.460012177" lon="26.834489331">
        <ele>29.400</ele>
        <time>2026-08-12T13:07:54Z</time>
        <speed>6.533000</speed>
      </trkpt>
      <trkpt lat="59.459971022" lon="26.834576754">
        <ele>29.800</ele>
        <time>2026-08-12T13:07:55Z</time>
        <speed>6.639000</speed>
      </trkpt>
      <trkpt lat="59.459893573" lon="26.834767610">
        <ele>30.400</ele>
        <time>2026-08-12T13:07:57Z</time>
        <speed>6.902000</speed>
      </trkpt>
      <trkpt lat="59.459704896" lon="26.835249485">
        <ele>29.600</ele>
        <time>2026-08-12T13:08:02Z</time>
        <speed>7.054000</speed>
      </trkpt>
      <trkpt lat="59.459543377" lon="26.835630694">
        <ele>29.400</ele>
        <time>2026-08-12T13:08:06Z</time>
        <speed>6.880000</speed>
      </trkpt>
      <trkpt lat="59.459437178" lon="26.835910315">
        <ele>29.400</ele>
        <time>2026-08-12T13:08:09Z</time>
        <speed>6.617000</speed>
      </trkpt>
      <trkpt lat="59.459397197" lon="26.835993631">
        <ele>29.600</ele>
        <time>2026-08-12T13:08:10Z</time>
        <speed>6.598000</speed>
      </trkpt>
      <trkpt lat="59.459184967" lon="26.836525463">
        <ele>30.000</ele>
        <time>2026-08-12T13:08:16Z</time>
        <speed>6.329000</speed>
      </trkpt>
      <trkpt lat="59.458955973" lon="26.837128373">
        <ele>30.200</ele>
        <time>2026-08-12T13:08:23Z</time>
        <speed>5.965000</speed>
      </trkpt>
      <trkpt lat="59.458920853" lon="26.837201631">
        <ele>30.200</ele>
        <time>2026-08-12T13:08:24Z</time>
        <speed>5.824000</speed>
      </trkpt>
      <trkpt lat="59.458859330" lon="26.837373963">
        <ele>30.200</ele>
        <time>2026-08-12T13:08:26Z</time>
        <speed>5.880000</speed>
      </trkpt>
      <trkpt lat="59.458726142" lon="26.837700019">
        <ele>29.600</ele>
        <time>2026-08-12T13:08:30Z</time>
        <speed>5.801000</speed>
      </trkpt>
      <trkpt lat="59.458567891" lon="26.838099165">
        <ele>28.800</ele>
        <time>2026-08-12T13:08:35Z</time>
        <speed>5.605000</speed>
      </trkpt>
      <trkpt lat="59.458513577" lon="26.838241909">
        <ele>28.600</ele>
        <time>2026-08-12T13:08:37Z</time>
        <speed>5.124000</speed>
      </trkpt>
      <trkpt lat="59.458409389" lon="26.838499568">
        <ele>29.200</ele>
        <time>2026-08-12T13:08:41Z</time>
        <speed>4.507000</speed>
      </trkpt>
      <trkpt lat="59.458381478" lon="26.838562768">
        <ele>29.400</ele>
        <time>2026-08-12T13:08:42Z</time>
        <speed>4.569000</speed>
      </trkpt>
      <trkpt lat="59.458251558" lon="26.838921513">
        <ele>30.200</ele>
        <time>2026-08-12T13:08:47Z</time>
        <speed>5.004000</speed>
      </trkpt>
      <trkpt lat="59.458187185" lon="26.839066017">
        <ele>30.400</ele>
        <time>2026-08-12T13:08:49Z</time>
        <speed>5.072000</speed>
      </trkpt>
      <trkpt lat="59.458013680" lon="26.839532470">
        <ele>30.000</ele>
        <time>2026-08-12T13:08:55Z</time>
        <speed>5.326000</speed>
      </trkpt>
      <trkpt lat="59.457955426" lon="26.839699270">
        <ele>30.600</ele>
        <time>2026-08-12T13:08:57Z</time>
        <speed>5.341000</speed>
      </trkpt>
      <trkpt lat="59.457765827" lon="26.840183409">
        <ele>29.600</ele>
        <time>2026-08-12T13:09:03Z</time>
        <speed>5.560000</speed>
      </trkpt>
      <trkpt lat="59.457614031" lon="26.840525474">
        <ele>29.200</ele>
        <time>2026-08-12T13:09:07Z</time>
        <speed>6.081000</speed>
      </trkpt>
      <trkpt lat="59.457505988" lon="26.840792270">
        <ele>28.800</ele>
        <time>2026-08-12T13:09:10Z</time>
        <speed>6.042000</speed>
      </trkpt>
      <trkpt lat="59.457428455" lon="26.840958819">
        <ele>28.400</ele>
        <time>2026-08-12T13:09:12Z</time>
        <speed>6.029000</speed>
      </trkpt>
      <trkpt lat="59.457235923" lon="26.841416219">
        <ele>29.200</ele>
        <time>2026-08-12T13:09:17Z</time>
        <speed>6.140000</speed>
      </trkpt>
      <trkpt lat="59.457173226" lon="26.841578661">
        <ele>29.000</ele>
        <time>2026-08-12T13:09:19Z</time>
        <speed>5.602000</speed>
      </trkpt>
      <trkpt lat="59.457081025" lon="26.841806229">
        <ele>28.800</ele>
        <time>2026-08-12T13:09:22Z</time>
        <speed>5.403000</speed>
      </trkpt>
      <trkpt lat="59.456988992" lon="26.842019046">
        <ele>29.400</ele>
        <time>2026-08-12T13:09:25Z</time>
        <speed>5.171000</speed>
      </trkpt>
      <trkpt lat="59.456869131" lon="26.842335714">
        <ele>29.200</ele>
        <time>2026-08-12T13:09:29Z</time>
        <speed>5.236000</speed>
      </trkpt>
      <trkpt lat="59.456643071" lon="26.842892608">
        <ele>28.800</ele>
        <time>2026-08-12T13:09:36Z</time>
        <speed>5.422000</speed>
      </trkpt>
      <trkpt lat="59.456455316" lon="26.843340704">
        <ele>28.400</ele>
        <time>2026-08-12T13:09:42Z</time>
        <speed>5.607000</speed>
      </trkpt>
      <trkpt lat="59.456182318" lon="26.843994325">
        <ele>28.600</ele>
        <time>2026-08-12T13:09:50Z</time>
        <speed>5.783000</speed>
      </trkpt>
      <trkpt lat="59.455931699" lon="26.844629003">
        <ele>27.600</ele>
        <time>2026-08-12T13:09:57Z</time>
        <speed>6.245000</speed>
      </trkpt>
      <trkpt lat="59.455763223" lon="26.845017085">
        <ele>27.200</ele>
        <time>2026-08-12T13:10:01Z</time>
        <speed>6.480000</speed>
      </trkpt>
      <trkpt lat="59.455643110" lon="26.845322018">
        <ele>26.800</ele>
        <time>2026-08-12T13:10:04Z</time>
        <speed>6.401000</speed>
      </trkpt>
      <trkpt lat="59.455429707" lon="26.845840355">
        <ele>27.200</ele>
        <time>2026-08-12T13:10:10Z</time>
        <speed>5.417000</speed>
      </trkpt>
      <trkpt lat="59.455217561" lon="26.846383503">
        <ele>27.200</ele>
        <time>2026-08-12T13:10:17Z</time>
        <speed>5.639000</speed>
      </trkpt>
      <trkpt lat="59.454884045" lon="26.847171234">
        <ele>26.800</ele>
        <time>2026-08-12T13:10:27Z</time>
        <speed>6.006000</speed>
      </trkpt>
      <trkpt lat="59.454564862" lon="26.847968940">
        <ele>26.800</ele>
        <time>2026-08-12T13:10:36Z</time>
        <speed>6.423000</speed>
      </trkpt>
      <trkpt lat="59.454326648" lon="26.848560115">
        <ele>26.800</ele>
        <time>2026-08-12T13:10:43Z</time>
        <speed>5.952000</speed>
      </trkpt>
      <trkpt lat="59.454085501" lon="26.849105442">
        <ele>26.400</ele>
        <time>2026-08-12T13:10:50Z</time>
        <speed>6.043000</speed>
      </trkpt>
      <trkpt lat="59.454055913" lon="26.849191859">
        <ele>26.400</ele>
        <time>2026-08-12T13:10:51Z</time>
        <speed>5.958000</speed>
      </trkpt>
      <trkpt lat="59.453997491" lon="26.849367879">
        <ele>26.200</ele>
        <time>2026-08-12T13:10:53Z</time>
        <speed>5.844000</speed>
      </trkpt>
      <trkpt lat="59.453931525" lon="26.849532416">
        <ele>26.200</ele>
        <time>2026-08-12T13:10:55Z</time>
        <speed>5.942000</speed>
      </trkpt>
      <trkpt lat="59.453683840" lon="26.850160640">
        <ele>26.800</ele>
        <time>2026-08-12T13:11:03Z</time>
        <speed>4.795000</speed>
      </trkpt>
      <trkpt lat="59.453633381" lon="26.850298019">
        <ele>27.400</ele>
        <time>2026-08-12T13:11:05Z</time>
        <speed>4.832000</speed>
      </trkpt>
      <trkpt lat="59.453538833" lon="26.850585015">
        <ele>28.400</ele>
        <time>2026-08-12T13:11:09Z</time>
        <speed>4.348000</speed>
      </trkpt>
      <trkpt lat="59.453514190" lon="26.850648131">
        <ele>28.800</ele>
        <time>2026-08-12T13:11:10Z</time>
        <speed>4.467000</speed>
      </trkpt>
      <trkpt lat="59.453461720" lon="26.850785511">
        <ele>28.600</ele>
        <time>2026-08-12T13:11:12Z</time>
        <speed>4.816000</speed>
      </trkpt>
      <trkpt lat="59.453343116" lon="26.851078542">
        <ele>27.800</ele>
        <time>2026-08-12T13:11:16Z</time>
        <speed>5.474000</speed>
      </trkpt>
      <trkpt lat="59.453278072" lon="26.851209970">
        <ele>27.800</ele>
        <time>2026-08-12T13:11:18Z</time>
        <speed>4.839000</speed>
      </trkpt>
      <trkpt lat="59.453192912" lon="26.851401078">
        <ele>28.400</ele>
        <time>2026-08-12T13:11:21Z</time>
        <speed>4.065000</speed>
      </trkpt>
      <trkpt lat="59.453093335" lon="26.851704000">
        <ele>28.400</ele>
        <time>2026-08-12T13:11:26Z</time>
        <speed>3.636000</speed>
      </trkpt>
      <trkpt lat="59.452970205" lon="26.852005078">
        <ele>27.400</ele>
        <time>2026-08-12T13:11:31Z</time>
        <speed>4.048000</speed>
      </trkpt>
      <trkpt lat="59.452712713" lon="26.852597762">
        <ele>26.600</ele>
        <time>2026-08-12T13:11:39Z</time>
        <speed>5.281000</speed>
      </trkpt>
      <trkpt lat="59.452434015" lon="26.853237636">
        <ele>27.000</ele>
        <time>2026-08-12T13:11:47Z</time>
        <speed>6.066000</speed>
      </trkpt>
      <trkpt lat="59.452155819" lon="26.853771228">
        <ele>26.000</ele>
        <time>2026-08-12T13:11:53Z</time>
        <speed>6.144000</speed>
      </trkpt>
      <trkpt lat="59.452038640" lon="26.854030564">
        <ele>26.000</ele>
        <time>2026-08-12T13:11:56Z</time>
        <speed>5.849000</speed>
      </trkpt>
      <trkpt lat="59.451771341" lon="26.854548734">
        <ele>26.200</ele>
        <time>2026-08-12T13:12:03Z</time>
        <speed>5.273000</speed>
      </trkpt>
      <trkpt lat="59.451541761" lon="26.854988784">
        <ele>26.800</ele>
        <time>2026-08-12T13:12:10Z</time>
        <speed>4.513000</speed>
      </trkpt>
      <trkpt lat="59.451390887" lon="26.855254155">
        <ele>26.800</ele>
        <time>2026-08-12T13:12:14Z</time>
        <speed>4.966000</speed>
      </trkpt>
      <trkpt lat="59.451354844" lon="26.855318863">
        <ele>26.800</ele>
        <time>2026-08-12T13:12:15Z</time>
        <speed>4.820000</speed>
      </trkpt>
      <trkpt lat="59.451239342" lon="26.855530841">
        <ele>26.000</ele>
        <time>2026-08-12T13:12:18Z</time>
        <speed>5.079000</speed>
      </trkpt>
      <trkpt lat="59.451194331" lon="26.855610218">
        <ele>25.800</ele>
        <time>2026-08-12T13:12:19Z</time>
        <speed>5.093000</speed>
      </trkpt>
      <trkpt lat="59.451108668" lon="26.855762936">
        <ele>26.200</ele>
        <time>2026-08-12T13:12:21Z</time>
        <speed>5.167000</speed>
      </trkpt>
      <trkpt lat="59.450923176" lon="26.856115898">
        <ele>25.800</ele>
        <time>2026-08-12T13:12:26Z</time>
        <speed>5.231000</speed>
      </trkpt>
      <trkpt lat="59.450871125" lon="26.856279094">
        <ele>25.800</ele>
        <time>2026-08-12T13:12:28Z</time>
        <speed>5.431000</speed>
      </trkpt>
      <trkpt lat="59.450809350" lon="26.856437931">
        <ele>25.400</ele>
        <time>2026-08-12T13:12:30Z</time>
        <speed>5.425000</speed>
      </trkpt>
      <trkpt lat="59.450776996" lon="26.856521163">
        <ele>25.200</ele>
        <time>2026-08-12T13:12:31Z</time>
        <speed>5.702000</speed>
      </trkpt>
      <trkpt lat="59.450747743" lon="26.856613364">
        <ele>25.000</ele>
        <time>2026-08-12T13:12:32Z</time>
        <speed>5.665000</speed>
      </trkpt>
      <trkpt lat="59.450718574" lon="26.856706822">
        <ele>25.000</ele>
        <time>2026-08-12T13:12:33Z</time>
        <speed>5.708000</speed>
      </trkpt>
      <trkpt lat="59.450584380" lon="26.857270757">
        <ele>24.200</ele>
        <time>2026-08-12T13:12:39Z</time>
        <speed>5.278000</speed>
      </trkpt>
      <trkpt lat="59.450564263" lon="26.857359353">
        <ele>24.400</ele>
        <time>2026-08-12T13:12:40Z</time>
        <speed>5.344000</speed>
      </trkpt>
      <trkpt lat="59.450525790" lon="26.857535709">
        <ele>24.400</ele>
        <time>2026-08-12T13:12:42Z</time>
        <speed>4.766000</speed>
      </trkpt>
      <trkpt lat="59.450498968" lon="26.857689014">
        <ele>24.600</ele>
        <time>2026-08-12T13:12:44Z</time>
        <speed>3.762000</speed>
      </trkpt>
      <trkpt lat="59.450468039" lon="26.857921192">
        <ele>24.600</ele>
        <time>2026-08-12T13:12:49Z</time>
        <speed>1.359000</speed>
      </trkpt>
      <trkpt lat="59.450425794" lon="26.858078940">
        <ele>24.600</ele>
        <time>2026-08-12T13:12:56Z</time>
        <speed>0.000000</speed>
      </trkpt>
    </trkseg>
    <trkseg>
      <trkpt lat="59.450372485" lon="26.858204668">
        <ele>24.000</ele>
        <time>2026-08-12T13:14:04Z</time>
        <speed>2.072000</speed>
      </trkpt>
      <trkpt lat="59.450327475" lon="26.858247668">
        <ele>24.000</ele>
        <time>2026-08-12T13:14:06Z</time>
        <speed>2.655000</speed>
      </trkpt>
      <trkpt lat="59.450270142" lon="26.858268203">
        <ele>24.000</ele>
        <time>2026-08-12T13:14:08Z</time>
        <speed>3.116000</speed>
      </trkpt>
      <trkpt lat="59.450136283" lon="26.858298965">
        <ele>24.200</ele>
        <time>2026-08-12T13:14:13Z</time>
        <speed>3.236000</speed>
      </trkpt>
      <trkpt lat="59.449976692" lon="26.858475907">
        <ele>24.800</ele>
        <time>2026-08-12T13:14:19Z</time>
        <speed>3.421000</speed>
      </trkpt>
      <trkpt lat="59.449918605" lon="26.858775895">
        <ele>24.400</ele>
        <time>2026-08-12T13:14:24Z</time>
        <speed>3.846000</speed>
      </trkpt>
      <trkpt lat="59.449969903" lon="26.859151069">
        <ele>23.400</ele>
        <time>2026-08-12T13:14:30Z</time>
        <speed>3.325000</speed>
      </trkpt>
      <trkpt lat="59.450004185" lon="26.859453656">
        <ele>23.400</ele>
        <time>2026-08-12T13:14:36Z</time>
        <speed>2.830000</speed>
      </trkpt>
      <trkpt lat="59.450023044" lon="26.859820196">
        <ele>23.800</ele>
        <time>2026-08-12T13:14:42Z</time>
        <speed>3.945000</speed>
      </trkpt>
      <trkpt lat="59.450028576" lon="26.860450180">
        <ele>24.400</ele>
        <time>2026-08-12T13:14:51Z</time>
        <speed>3.423000</speed>
      </trkpt>
      <trkpt lat="59.450047687" lon="26.860931301">
        <ele>24.400</ele>
        <time>2026-08-12T13:14:58Z</time>
        <speed>3.658000</speed>
      </trkpt>
      <trkpt lat="59.450053973" lon="26.861359030">
        <ele>24.200</ele>
        <time>2026-08-12T13:15:05Z</time>
        <speed>2.372000</speed>
      </trkpt>
    </trkseg>
    <trkseg>
      <trkpt lat="59.450056488" lon="26.861451901">
        <ele>23.800</ele>
        <time>2026-08-12T13:16:22Z</time>
        <speed>1.750000</speed>
      </trkpt>
      <trkpt lat="59.450061936" lon="26.861523818">
        <ele>23.600</ele>
        <time>2026-08-12T13:16:24Z</time>
        <speed>2.266000</speed>
      </trkpt>
      <trkpt lat="59.450066127" lon="26.861564806">
        <ele>23.600</ele>
        <time>2026-08-12T13:16:25Z</time>
        <speed>2.433000</speed>
      </trkpt>
      <trkpt lat="59.450097224" lon="26.861881893">
        <ele>23.800</ele>
        <time>2026-08-12T13:16:31Z</time>
        <speed>3.124000</speed>
      </trkpt>
      <trkpt lat="59.450136451" lon="26.862303335">
        <ele>24.000</ele>
        <time>2026-08-12T13:16:38Z</time>
        <speed>3.440000</speed>
      </trkpt>
      <trkpt lat="59.450227562" lon="26.862679850">
        <ele>23.800</ele>
        <time>2026-08-12T13:16:44Z</time>
        <speed>3.813000</speed>
      </trkpt>
      <trkpt lat="59.450386567" lon="26.863200618">
        <ele>23.400</ele>
        <time>2026-08-12T13:16:52Z</time>
        <speed>4.554000</speed>
      </trkpt>
      <trkpt lat="59.450546661" lon="26.863701940">
        <ele>22.800</ele>
        <time>2026-08-12T13:16:59Z</time>
        <speed>4.687000</speed>
      </trkpt>
      <trkpt lat="59.450733494" lon="26.864352124">
        <ele>22.600</ele>
        <time>2026-08-12T13:17:08Z</time>
        <speed>4.493000</speed>
      </trkpt>
      <trkpt lat="59.450796358" lon="26.864552535">
        <ele>23.000</ele>
        <time>2026-08-12T13:17:11Z</time>
        <speed>4.592000</speed>
      </trkpt>
      <trkpt lat="59.450882524" lon="26.864853781">
        <ele>21.800</ele>
        <time>2026-08-12T13:17:15Z</time>
        <speed>5.013000</speed>
      </trkpt>
      <trkpt lat="59.450903479" lon="26.864933576">
        <ele>21.800</ele>
        <time>2026-08-12T13:17:16Z</time>
        <speed>5.136000</speed>
      </trkpt>
      <trkpt lat="59.450966762" lon="26.865178328">
        <ele>22.400</ele>
        <time>2026-08-12T13:17:19Z</time>
        <speed>5.084000</speed>
      </trkpt>
      <trkpt lat="59.451016802" lon="26.865327442">
        <ele>23.000</ele>
        <time>2026-08-12T13:17:21Z</time>
        <speed>5.030000</speed>
      </trkpt>
      <trkpt lat="59.451061981" lon="26.865480496">
        <ele>22.800</ele>
        <time>2026-08-12T13:17:23Z</time>
        <speed>4.964000</speed>
      </trkpt>
      <trkpt lat="59.451149320" lon="26.865812251">
        <ele>22.600</ele>
        <time>2026-08-12T13:17:27Z</time>
        <speed>5.388000</speed>
      </trkpt>
      <trkpt lat="59.451229619" lon="26.866048621">
        <ele>23.000</ele>
        <time>2026-08-12T13:17:30Z</time>
        <speed>5.299000</speed>
      </trkpt>
      <trkpt lat="59.451408321" lon="26.866672067">
        <ele>22.400</ele>
        <time>2026-08-12T13:17:38Z</time>
        <speed>4.793000</speed>
      </trkpt>
      <trkpt lat="59.451431371" lon="26.866743648">
        <ele>22.600</ele>
        <time>2026-08-12T13:17:39Z</time>
        <speed>4.762000</speed>
      </trkpt>
      <trkpt lat="59.451579312" lon="26.867282437">
        <ele>23.400</ele>
        <time>2026-08-12T13:17:46Z</time>
        <speed>5.165000</speed>
      </trkpt>
      <trkpt lat="59.451718284" lon="26.867751237">
        <ele>21.800</ele>
        <time>2026-08-12T13:17:52Z</time>
        <speed>4.850000</speed>
      </trkpt>
      <trkpt lat="59.451741753" lon="26.867822064">
        <ele>21.800</ele>
        <time>2026-08-12T13:17:53Z</time>
        <speed>4.699000</speed>
      </trkpt>
      <trkpt lat="59.451897908" lon="26.868335539">
        <ele>21.800</ele>
        <time>2026-08-12T13:18:00Z</time>
        <speed>4.729000</speed>
      </trkpt>
      <trkpt lat="59.452008801" lon="26.868762849">
        <ele>21.200</ele>
        <time>2026-08-12T13:18:06Z</time>
        <speed>3.939000</speed>
      </trkpt>
      <trkpt lat="59.452021709" lon="26.868829066">
        <ele>21.400</ele>
        <time>2026-08-12T13:18:07Z</time>
        <speed>3.974000</speed>
      </trkpt>
      <trkpt lat="59.452121034" lon="26.869281018">
        <ele>21.600</ele>
        <time>2026-08-12T13:18:13Z</time>
        <speed>4.847000</speed>
      </trkpt>
      <trkpt lat="59.452132350" lon="26.869363664">
        <ele>21.800</ele>
        <time>2026-08-12T13:18:14Z</time>
        <speed>4.910000</speed>
      </trkpt>
      <trkpt lat="59.452153221" lon="26.869809916">
        <ele>21.600</ele>
        <time>2026-08-12T13:18:19Z</time>
        <speed>4.874000</speed>
      </trkpt>
      <trkpt lat="59.452170571" lon="26.870385334">
        <ele>21.600</ele>
        <time>2026-08-12T13:18:26Z</time>
        <speed>4.324000</speed>
      </trkpt>
      <trkpt lat="59.452214241" lon="26.870857570">
        <ele>21.200</ele>
        <time>2026-08-12T13:18:32Z</time>
        <speed>4.267000</speed>
      </trkpt>
      <trkpt lat="59.452341311" lon="26.871395940">
        <ele>21.400</ele>
        <time>2026-08-12T13:18:40Z</time>
        <speed>3.780000</speed>
      </trkpt>
      <trkpt lat="59.452439798" lon="26.871769438">
        <ele>21.600</ele>
        <time>2026-08-12T13:18:47Z</time>
        <speed>2.945000</speed>
      </trkpt>
      <trkpt lat="59.452416245" lon="26.871906566">
        <ele>21.400</ele>
        <time>2026-08-12T13:18:51Z</time>
        <speed>1.511000</speed>
      </trkpt>
    </trkseg>
    <trkseg>
      <trkpt lat="59.452379197" lon="26.872025086">
        <ele>20.800</ele>
        <time>2026-08-12T13:19:14Z</time>
        <speed>2.043000</speed>
      </trkpt>
      <trkpt lat="59.452368468" lon="26.872053249">
        <ele>21.000</ele>
        <time>2026-08-12T13:19:15Z</time>
        <speed>1.802000</speed>
      </trkpt>
      <trkpt lat="59.452298144" lon="26.872233963">
        <ele>21.800</ele>
        <time>2026-08-12T13:19:21Z</time>
        <speed>2.636000</speed>
      </trkpt>
      <trkpt lat="59.452154059" lon="26.872623386">
        <ele>22.200</ele>
        <time>2026-08-12T13:19:29Z</time>
        <speed>3.457000</speed>
      </trkpt>
      <trkpt lat="59.452030258" lon="26.872942988">
        <ele>22.400</ele>
        <time>2026-08-12T13:19:35Z</time>
        <speed>3.748000</speed>
      </trkpt>
      <trkpt lat="59.451864967" lon="26.873303577">
        <ele>23.000</ele>
        <time>2026-08-12T13:19:42Z</time>
        <speed>4.124000</speed>
      </trkpt>
      <trkpt lat="59.451725995" lon="26.873531397">
        <ele>22.600</ele>
        <time>2026-08-12T13:19:47Z</time>
        <speed>3.895000</speed>
      </trkpt>
      <trkpt lat="59.451596830" lon="26.873771204">
        <ele>21.600</ele>
        <time>2026-08-12T13:19:52Z</time>
        <speed>3.868000</speed>
      </trkpt>
      <trkpt lat="59.451545365" lon="26.873874217">
        <ele>20.800</ele>
        <time>2026-08-12T13:19:54Z</time>
        <speed>4.087000</speed>
      </trkpt>
      <trkpt lat="59.451423828" lon="26.874166243">
        <ele>23.000</ele>
        <time>2026-08-12T13:19:59Z</time>
        <speed>4.180000</speed>
      </trkpt>
      <trkpt lat="59.451326765" lon="26.874361457">
        <ele>23.000</ele>
        <time>2026-08-12T13:20:03Z</time>
        <speed>3.218000</speed>
      </trkpt>
      <trkpt lat="59.451264823" lon="26.874501854">
        <ele>21.800</ele>
        <time>2026-08-12T13:20:06Z</time>
        <speed>3.549000</speed>
      </trkpt>
      <trkpt lat="59.451196846" lon="26.874655830">
        <ele>22.400</ele>
        <time>2026-08-12T13:20:09Z</time>
        <speed>3.963000</speed>
      </trkpt>
      <trkpt lat="59.451009259" lon="26.875135861">
        <ele>22.600</ele>
        <time>2026-08-12T13:20:17Z</time>
        <speed>3.533000</speed>
      </trkpt>
      <trkpt lat="59.450849667" lon="26.875542635">
        <ele>22.600</ele>
        <time>2026-08-12T13:20:24Z</time>
        <speed>4.056000</speed>
      </trkpt>
      <trkpt lat="59.450630313" lon="26.876054266">
        <ele>22.400</ele>
        <time>2026-08-12T13:20:33Z</time>
        <speed>3.808000</speed>
      </trkpt>
      <trkpt lat="59.450514056" lon="26.876423070">
        <ele>22.800</ele>
        <time>2026-08-12T13:20:39Z</time>
        <speed>4.263000</speed>
      </trkpt>
      <trkpt lat="59.450398386" lon="26.876970073">
        <ele>22.400</ele>
        <time>2026-08-12T13:20:47Z</time>
        <speed>3.634000</speed>
      </trkpt>
      <trkpt lat="59.450314483" lon="26.877380284">
        <ele>22.600</ele>
        <time>2026-08-12T13:20:54Z</time>
        <speed>3.374000</speed>
      </trkpt>
      <trkpt lat="59.450258743" lon="26.877596788">
        <ele>22.800</ele>
        <time>2026-08-12T13:20:59Z</time>
        <speed>1.797000</speed>
      </trkpt>
      <trkpt lat="59.450251786" lon="26.877623191">
        <ele>23.200</ele>
        <time>2026-08-12T13:21:00Z</time>
        <speed>1.604000</speed>
      </trkpt>
      <trkpt lat="59.450202500" lon="26.877786554">
        <ele>23.600</ele>
        <time>2026-08-12T13:21:07Z</time>
        <speed>1.672000</speed>
      </trkpt>
      <trkpt lat="59.450162938" lon="26.878035581">
        <ele>22.600</ele>
        <time>2026-08-12T13:21:15Z</time>
        <speed>2.329000</speed>
      </trkpt>
      <trkpt lat="59.450104767" lon="26.878314530">
        <ele>22.800</ele>
        <time>2026-08-12T13:21:22Z</time>
        <speed>2.497000</speed>
      </trkpt>
      <trkpt lat="59.450042155" lon="26.878582500">
        <ele>22.800</ele>
        <time>2026-08-12T13:21:28Z</time>
        <speed>3.269000</speed>
      </trkpt>
      <trkpt lat="59.449983984" lon="26.879054820">
        <ele>22.600</ele>
        <time>2026-08-12T13:21:35Z</time>
        <speed>4.329000</speed>
      </trkpt>
      <trkpt lat="59.449938806" lon="26.879259003">
        <ele>21.800</ele>
        <time>2026-08-12T13:21:38Z</time>
        <speed>4.262000</speed>
      </trkpt>
      <trkpt lat="59.449871248" lon="26.879456900">
        <ele>21.800</ele>
        <time>2026-08-12T13:21:41Z</time>
        <speed>4.644000</speed>
      </trkpt>
      <trkpt lat="59.449699838" lon="26.879972722">
        <ele>21.200</ele>
        <time>2026-08-12T13:21:48Z</time>
        <speed>4.992000</speed>
      </trkpt>
      <trkpt lat="59.449593807" lon="26.880350159">
        <ele>20.200</ele>
        <time>2026-08-12T13:21:53Z</time>
        <speed>4.690000</speed>
      </trkpt>
      <trkpt lat="59.449534127" lon="26.880546631">
        <ele>20.400</ele>
        <time>2026-08-12T13:21:56Z</time>
        <speed>3.844000</speed>
      </trkpt>
      <trkpt lat="59.449451901" lon="26.880794400">
        <ele>21.400</ele>
        <time>2026-08-12T13:22:01Z</time>
        <speed>2.181000</speed>
      </trkpt>
      <trkpt lat="59.449445112" lon="26.880811080">
        <ele>21.800</ele>
        <time>2026-08-12T13:22:02Z</time>
        <speed>1.004000</speed>
      </trkpt>
    </trkseg>
    <trkseg>
      <trkpt lat="59.449493811" lon="26.880686274">
        <ele>20.400</ele>
        <time>2026-08-12T13:22:53Z</time>
        <speed>1.738000</speed>
      </trkpt>
      <trkpt lat="59.449505713" lon="26.880656686">
        <ele>20.400</ele>
        <time>2026-08-12T13:22:54Z</time>
        <speed>2.170000</speed>
      </trkpt>
      <trkpt lat="59.449562039" lon="26.880413527">
        <ele>21.200</ele>
        <time>2026-08-12T13:23:00Z</time>
        <speed>2.822000</speed>
      </trkpt>
      <trkpt lat="59.449575869" lon="26.880365247">
        <ele>21.600</ele>
        <time>2026-08-12T13:23:01Z</time>
        <speed>2.877000</speed>
      </trkpt>
      <trkpt lat="59.449607637" lon="26.880273549">
        <ele>20.400</ele>
        <time>2026-08-12T13:23:03Z</time>
        <speed>2.957000</speed>
      </trkpt>
      <trkpt lat="59.449673435" lon="26.880035838">
        <ele>19.600</ele>
        <time>2026-08-12T13:23:08Z</time>
        <speed>3.103000</speed>
      </trkpt>
      <trkpt lat="59.449790027" lon="26.879703915">
        <ele>18.800</ele>
        <time>2026-08-12T13:23:14Z</time>
        <speed>3.913000</speed>
      </trkpt>
      <trkpt lat="59.449849874" lon="26.879539043">
        <ele>20.200</ele>
        <time>2026-08-12T13:23:17Z</time>
        <speed>3.639000</speed>
      </trkpt>
      <trkpt lat="59.449914331" lon="26.879300326">
        <ele>19.800</ele>
        <time>2026-08-12T13:23:22Z</time>
        <speed>2.308000</speed>
      </trkpt>
      <trkpt lat="59.449913660" lon="26.879258333">
        <ele>19.800</ele>
        <time>2026-08-12T13:23:23Z</time>
        <speed>2.014000</speed>
      </trkpt>
      <trkpt lat="59.449871918" lon="26.879184907">
        <ele>21.000</ele>
        <time>2026-08-12T13:23:26Z</time>
        <speed>2.272000</speed>
      </trkpt>
      <trkpt lat="59.449849539" lon="26.879162779">
        <ele>21.600</ele>
        <time>2026-08-12T13:23:27Z</time>
        <speed>2.766000</speed>
      </trkpt>
      <trkpt lat="59.449729845" lon="26.879090695">
        <ele>22.400</ele>
        <time>2026-08-12T13:23:31Z</time>
        <speed>3.678000</speed>
      </trkpt>
      <trkpt lat="59.449539073" lon="26.879065046">
        <ele>22.800</ele>
        <time>2026-08-12T13:23:37Z</time>
        <speed>2.931000</speed>
      </trkpt>
      <trkpt lat="59.449360454" lon="26.879088180">
        <ele>22.400</ele>
        <time>2026-08-12T13:23:42Z</time>
        <speed>4.094000</speed>
      </trkpt>
      <trkpt lat="59.449225590" lon="26.879073344">
        <ele>22.800</ele>
        <time>2026-08-12T13:23:46Z</time>
        <speed>3.390000</speed>
      </trkpt>
      <trkpt lat="59.448992154" lon="26.879107375">
        <ele>22.600</ele>
        <time>2026-08-12T13:23:52Z</time>
        <speed>3.435000</speed>
      </trkpt>
      <trkpt lat="59.448795263" lon="26.879132772">
        <ele>22.600</ele>
        <time>2026-08-12T13:23:58Z</time>
        <speed>2.751000</speed>
      </trkpt>
      <trkpt lat="59.448682275" lon="26.879132437">
        <ele>22.200</ele>
        <time>2026-08-12T13:24:02Z</time>
        <speed>3.033000</speed>
      </trkpt>
      <trkpt lat="59.448449761" lon="26.879144842">
        <ele>22.800</ele>
        <time>2026-08-12T13:24:08Z</time>
        <speed>2.962000</speed>
      </trkpt>
      <trkpt lat="59.448234597" lon="26.879164958">
        <ele>22.000</ele>
        <time>2026-08-12T13:24:14Z</time>
        <speed>3.699000</speed>
      </trkpt>
      <trkpt lat="59.448099481" lon="26.879149284">
        <ele>22.200</ele>
        <time>2026-08-12T13:24:19Z</time>
        <speed>3.262000</speed>
      </trkpt>
      <trkpt lat="59.447888592" lon="26.879148530">
        <ele>22.200</ele>
        <time>2026-08-12T13:24:25Z</time>
        <speed>3.569000</speed>
      </trkpt>
      <trkpt lat="59.447615175" lon="26.879200246">
        <ele>22.200</ele>
        <time>2026-08-12T13:24:32Z</time>
        <speed>3.854000</speed>
      </trkpt>
      <trkpt lat="59.447504198" lon="26.879223967">
        <ele>21.400</ele>
        <time>2026-08-12T13:24:35Z</time>
        <speed>3.628000</speed>
      </trkpt>
      <trkpt lat="59.447315354" lon="26.879271241">
        <ele>21.800</ele>
        <time>2026-08-12T13:24:40Z</time>
        <speed>3.527000</speed>
      </trkpt>
      <trkpt lat="59.447173364" lon="26.879302422">
        <ele>22.600</ele>
        <time>2026-08-12T13:24:44Z</time>
        <speed>3.605000</speed>
      </trkpt>
      <trkpt lat="59.447071189" lon="26.879315833">
        <ele>23.200</ele>
        <time>2026-08-12T13:24:47Z</time>
        <speed>3.634000</speed>
      </trkpt>
      <trkpt lat="59.446779750" lon="26.879375260">
        <ele>22.600</ele>
        <time>2026-08-12T13:24:56Z</time>
        <speed>3.049000</speed>
      </trkpt>
      <trkpt lat="59.446598198" lon="26.879392695">
        <ele>23.000</ele>
        <time>2026-08-12T13:25:03Z</time>
        <speed>2.188000</speed>
      </trkpt>
      <trkpt lat="59.446407175" lon="26.879397724">
        <ele>23.200</ele>
        <time>2026-08-12T13:25:11Z</time>
        <speed>2.792000</speed>
      </trkpt>
      <trkpt lat="59.446200477" lon="26.879436867">
        <ele>22.600</ele>
        <time>2026-08-12T13:25:18Z</time>
        <speed>3.184000</speed>
      </trkpt>
      <trkpt lat="59.445958491" lon="26.879472658">
        <ele>22.800</ele>
        <time>2026-08-12T13:25:26Z</time>
        <speed>3.073000</speed>
      </trkpt>
      <trkpt lat="59.445825303" lon="26.879472239">
        <ele>23.800</ele>
        <time>2026-08-12T13:25:31Z</time>
        <speed>2.601000</speed>
      </trkpt>
      <trkpt lat="59.445740478" lon="26.879486153">
        <ele>23.600</ele>
        <time>2026-08-12T13:25:35Z</time>
        <speed>1.359000</speed>
      </trkpt>
    </trkseg>
    <trkseg>
      <trkpt lat="59.445674093" lon="26.879505012">
        <ele>24.200</ele>
        <time>2026-08-12T13:26:15Z</time>
        <speed>1.557000</speed>
      </trkpt>
      <trkpt lat="59.445514083" lon="26.879545832">
        <ele>23.600</ele>
        <time>2026-08-12T13:26:23Z</time>
        <speed>2.294000</speed>
      </trkpt>
      <trkpt lat="59.445344936" lon="26.879565530">
        <ele>24.000</ele>
        <time>2026-08-12T13:26:30Z</time>
        <speed>2.311000</speed>
      </trkpt>
      <trkpt lat="59.445159445" lon="26.879580030">
        <ele>24.200</ele>
        <time>2026-08-12T13:26:37Z</time>
        <speed>2.650000</speed>
      </trkpt>
      <trkpt lat="59.445034806" lon="26.879597213">
        <ele>24.800</ele>
        <time>2026-08-12T13:26:42Z</time>
        <speed>1.798000</speed>
      </trkpt>
      <trkpt lat="59.445022233" lon="26.879596040">
        <ele>25.000</ele>
        <time>2026-08-12T13:26:43Z</time>
        <speed>0.786000</speed>
      </trkpt>
    </trkseg>
    <trkseg>
      <trkpt lat="59.444914442" lon="26.879577599">
        <ele>24.800</ele>
        <time>2026-08-12T13:27:03Z</time>
        <speed>1.512000</speed>
      </trkpt>
      <trkpt lat="59.444880998" lon="26.879559159">
        <ele>24.800</ele>
        <time>2026-08-12T13:27:05Z</time>
        <speed>1.107000</speed>
      </trkpt>
    </trkseg>
    <trkseg>
      <trkpt lat="59.444634654" lon="26.879550442">
        <ele>25.000</ele>
        <time>2026-08-12T13:27:38Z</time>
        <speed>1.402000</speed>
      </trkpt>
      <trkpt lat="59.444582015" lon="26.879554801">
        <ele>24.800</ele>
        <time>2026-08-12T13:27:40Z</time>
        <speed>1.451000</speed>
      </trkpt>
      <trkpt lat="59.444461316" lon="26.879591011">
        <ele>24.800</ele>
        <time>2026-08-12T13:27:45Z</time>
        <speed>0.918000</speed>
      </trkpt>
      <trkpt lat="59.444363080" lon="26.879618419">
        <ele>24.600</ele>
        <time>2026-08-12T13:27:49Z</time>
        <speed>1.370000</speed>
      </trkpt>
      <trkpt lat="59.444251936" lon="26.879618252">
        <ele>24.800</ele>
        <time>2026-08-12T13:27:54Z</time>
        <speed>1.680000</speed>
      </trkpt>
      <trkpt lat="59.444158981" lon="26.879646415">
        <ele>25.800</ele>
        <time>2026-08-12T13:28:00Z</time>
        <speed>1.504000</speed>
      </trkpt>
      <trkpt lat="59.444034593" lon="26.879665358">
        <ele>25.000</ele>
        <time>2026-08-12T13:28:07Z</time>
        <speed>0.000000</speed>
      </trkpt>
    </trkseg>
    <trkseg>
      <trkpt lat="59.443839043" lon="26.879739119">
        <ele>24.800</ele>
        <time>2026-08-12T13:28:13Z</time>
        <speed>1.777000</speed>
      </trkpt>
      <trkpt lat="59.443822363" lon="26.879747584">
        <ele>25.000</ele>
        <time>2026-08-12T13:28:15Z</time>
        <speed>0.000000</speed>
      </trkpt>
    </trkseg>
    <trkseg>
      <trkpt lat="59.442404816" lon="26.880155867">
        <ele>27.400</ele>
        <time>2026-08-12T13:29:34Z</time>
        <speed>1.374000</speed>
      </trkpt>
      <trkpt lat="59.442353686" lon="26.880157711">
        <ele>27.400</ele>
        <time>2026-08-12T13:29:37Z</time>
        <speed>1.345000</speed>
      </trkpt>
    </trkseg>
    <trkseg>
      <trkpt lat="59.441994606" lon="26.880270531">
        <ele>27.400</ele>
        <time>2026-08-12T13:29:57Z</time>
        <speed>1.636000</speed>
      </trkpt>
      <trkpt lat="59.441970550" lon="26.880275561">
        <ele>27.600</ele>
        <time>2026-08-12T13:29:58Z</time>
        <speed>1.237000</speed>
      </trkpt>
      <trkpt lat="59.441819424" lon="26.880325768">
        <ele>28.200</ele>
        <time>2026-08-12T13:30:04Z</time>
        <speed>1.100000</speed>
      </trkpt>
      <trkpt lat="59.441799475" lon="26.880332557">
        <ele>28.400</ele>
        <time>2026-08-12T13:30:05Z</time>
        <speed>0.971000</speed>
      </trkpt>
    </trkseg>
    <trkseg>
      <trkpt lat="59.441463947" lon="26.880477397">
        <ele>30.000</ele>
        <time>2026-08-12T13:30:24Z</time>
        <speed>1.411000</speed>
      </trkpt>
      <trkpt lat="59.441408962" lon="26.880483599">
        <ele>30.200</ele>
        <time>2026-08-12T13:30:26Z</time>
        <speed>1.434000</speed>
      </trkpt>
      <trkpt lat="59.441260938" lon="26.880556019">
        <ele>30.600</ele>
        <time>2026-08-12T13:30:32Z</time>
        <speed>1.993000</speed>
      </trkpt>
      <trkpt lat="59.441168569" lon="26.880590385">
        <ele>31.000</ele>
        <time>2026-08-12T13:30:35Z</time>
        <speed>2.143000</speed>
      </trkpt>
      <trkpt lat="59.441075195" lon="26.880613938">
        <ele>31.000</ele>
        <time>2026-08-12T13:30:39Z</time>
        <speed>1.670000</speed>
      </trkpt>
      <trkpt lat="59.440994393" lon="26.880680406">
        <ele>31.000</ele>
        <time>2026-08-12T13:30:44Z</time>
        <speed>2.114000</speed>
      </trkpt>
      <trkpt lat="59.440884003" lon="26.880841758">
        <ele>31.400</ele>
        <time>2026-08-12T13:30:51Z</time>
        <speed>2.157000</speed>
      </trkpt>
      <trkpt lat="59.440796496" lon="26.881084582">
        <ele>32.000</ele>
        <time>2026-08-12T13:30:58Z</time>
        <speed>2.324000</speed>
      </trkpt>
      <trkpt lat="59.440790461" lon="26.881123809">
        <ele>32.200</ele>
        <time>2026-08-12T13:30:59Z</time>
        <speed>2.194000</speed>
      </trkpt>
      <trkpt lat="59.440734219" lon="26.881341320">
        <ele>31.400</ele>
        <time>2026-08-12T13:31:05Z</time>
        <speed>2.096000</speed>
      </trkpt>
      <trkpt lat="59.440690633" lon="26.881473754">
        <ele>31.000</ele>
        <time>2026-08-12T13:31:09Z</time>
        <speed>2.218000</speed>
      </trkpt>
      <trkpt lat="59.440639252" lon="26.881601829">
        <ele>31.400</ele>
        <time>2026-08-12T13:31:13Z</time>
        <speed>1.837000</speed>
      </trkpt>
      <trkpt lat="59.440553505" lon="26.881703669">
        <ele>31.200</ele>
        <time>2026-08-12T13:31:19Z</time>
        <speed>2.329000</speed>
      </trkpt>
      <trkpt lat="59.440531628" lon="26.881687827">
        <ele>31.200</ele>
        <time>2026-08-12T13:31:20Z</time>
        <speed>2.582000</speed>
      </trkpt>
      <trkpt lat="59.440383185" lon="26.881499067">
        <ele>32.000</ele>
        <time>2026-08-12T13:31:27Z</time>
        <speed>2.435000</speed>
      </trkpt>
      <trkpt lat="59.440254606" lon="26.881210897">
        <ele>31.400</ele>
        <time>2026-08-12T13:31:35Z</time>
        <speed>3.017000</speed>
      </trkpt>
      <trkpt lat="59.440143043" lon="26.880891044">
        <ele>32.000</ele>
        <time>2026-08-12T13:31:42Z</time>
        <speed>2.710000</speed>
      </trkpt>
      <trkpt lat="59.440032989" lon="26.880578147">
        <ele>31.800</ele>
        <time>2026-08-12T13:31:49Z</time>
        <speed>3.230000</speed>
      </trkpt>
      <trkpt lat="59.439941039" lon="26.880361475">
        <ele>31.000</ele>
        <time>2026-08-12T13:31:54Z</time>
        <speed>3.142000</speed>
      </trkpt>
      <trkpt lat="59.439898627" lon="26.880281093">
        <ele>32.000</ele>
        <time>2026-08-12T13:31:56Z</time>
        <speed>3.269000</speed>
      </trkpt>
      <trkpt lat="59.439781364" lon="26.880176403">
        <ele>32.200</ele>
        <time>2026-08-12T13:32:00Z</time>
        <speed>3.581000</speed>
      </trkpt>
      <trkpt lat="59.439748423" lon="26.880160226">
        <ele>32.200</ele>
        <time>2026-08-12T13:32:01Z</time>
        <speed>3.611000</speed>
      </trkpt>
      <trkpt lat="59.439588999" lon="26.880129967">
        <ele>32.000</ele>
        <time>2026-08-12T13:32:06Z</time>
        <speed>3.470000</speed>
      </trkpt>
      <trkpt lat="59.439354641" lon="26.880191071">
        <ele>32.800</ele>
        <time>2026-08-12T13:32:14Z</time>
        <speed>2.779000</speed>
      </trkpt>
      <trkpt lat="59.439307116" lon="26.880225269">
        <ele>33.400</ele>
        <time>2026-08-12T13:32:16Z</time>
        <speed>2.646000</speed>
      </trkpt>
      <trkpt lat="59.439195050" lon="26.880282685">
        <ele>33.400</ele>
        <time>2026-08-12T13:32:21Z</time>
        <speed>2.715000</speed>
      </trkpt>
      <trkpt lat="59.438972594" lon="26.880313614">
        <ele>34.200</ele>
        <time>2026-08-12T13:32:30Z</time>
        <speed>2.405000</speed>
      </trkpt>
      <trkpt lat="59.438913753" lon="26.880307831">
        <ele>34.400</ele>
        <time>2026-08-12T13:32:33Z</time>
        <speed>2.123000</speed>
      </trkpt>
      <trkpt lat="59.438846866" lon="26.880304143">
        <ele>35.000</ele>
        <time>2026-08-12T13:32:37Z</time>
        <speed>1.723000</speed>
      </trkpt>
      <trkpt lat="59.438786432" lon="26.880295174">
        <ele>35.600</ele>
        <time>2026-08-12T13:32:42Z</time>
        <speed>1.059000</speed>
      </trkpt>
      <trkpt lat="59.438776793" lon="26.880296180">
        <ele>36.000</ele>
        <time>2026-08-12T13:32:43Z</time>
        <speed>0.965000</speed>
      </trkpt>
      <trkpt lat="59.438749468" lon="26.880324595">
        <ele>36.400</ele>
        <time>2026-08-12T13:32:46Z</time>
        <speed>1.327000</speed>
      </trkpt>
      <trkpt lat="59.438705379" lon="26.880347393">
        <ele>36.600</ele>
        <time>2026-08-12T13:32:49Z</time>
        <speed>1.796000</speed>
      </trkpt>
      <trkpt lat="59.438692471" lon="26.880361643">
        <ele>36.800</ele>
        <time>2026-08-12T13:32:50Z</time>
        <speed>1.639000</speed>
      </trkpt>
      <trkpt lat="59.438618962" lon="26.880415706">
        <ele>37.400</ele>
        <time>2026-08-12T13:32:55Z</time>
        <speed>1.556000</speed>
      </trkpt>
      <trkpt lat="59.438589541" lon="26.880442193">
        <ele>37.800</ele>
        <time>2026-08-12T13:32:57Z</time>
        <speed>1.855000</speed>
      </trkpt>
      <trkpt lat="59.438505555" lon="26.880529532">
        <ele>38.800</ele>
        <time>2026-08-12T13:33:02Z</time>
        <speed>1.766000</speed>
      </trkpt>
      <trkpt lat="59.438490216" lon="26.880549230">
        <ele>38.800</ele>
        <time>2026-08-12T13:33:03Z</time>
        <speed>1.636000</speed>
      </trkpt>
    </trkseg>
    <trkseg>
      <trkpt lat="59.438137924" lon="26.880923649">
        <ele>42.800</ele>
        <time>2026-08-12T13:34:01Z</time>
        <speed>1.413000</speed>
      </trkpt>
      <trkpt lat="59.438039605" lon="26.881023729">
        <ele>43.400</ele>
        <time>2026-08-12T13:34:10Z</time>
        <speed>1.201000</speed>
      </trkpt>
      <trkpt lat="59.438002724" lon="26.881066896">
        <ele>43.800</ele>
        <time>2026-08-12T13:34:14Z</time>
        <speed>1.372000</speed>
      </trkpt>
      <trkpt lat="59.437964000" lon="26.881127246">
        <ele>44.000</ele>
        <time>2026-08-12T13:34:18Z</time>
        <speed>1.161000</speed>
      </trkpt>
      <trkpt lat="59.437888730" lon="26.881274264">
        <ele>44.400</ele>
        <time>2026-08-12T13:34:27Z</time>
        <speed>1.418000</speed>
      </trkpt>
      <trkpt lat="59.437814299" lon="26.881510299">
        <ele>44.800</ele>
        <time>2026-08-12T13:34:38Z</time>
        <speed>1.380000</speed>
      </trkpt>
      <trkpt lat="59.437798290" lon="26.881603086">
        <ele>44.800</ele>
        <time>2026-08-12T13:34:42Z</time>
        <speed>1.346000</speed>
      </trkpt>
      <trkpt lat="59.437785298" lon="26.881720098">
        <ele>45.200</ele>
        <time>2026-08-12T13:34:47Z</time>
        <speed>1.503000</speed>
      </trkpt>
      <trkpt lat="59.437778760" lon="26.881879186">
        <ele>46.000</ele>
        <time>2026-08-12T13:34:53Z</time>
        <speed>1.471000</speed>
      </trkpt>
      <trkpt lat="59.437779430" lon="26.881976165">
        <ele>46.000</ele>
        <time>2026-08-12T13:34:57Z</time>
        <speed>1.391000</speed>
      </trkpt>
      <trkpt lat="59.437780688" lon="26.882259808">
        <ele>46.200</ele>
        <time>2026-08-12T13:35:09Z</time>
        <speed>1.200000</speed>
      </trkpt>
      <trkpt lat="59.437793680" lon="26.882488383">
        <ele>47.000</ele>
        <time>2026-08-12T13:35:19Z</time>
        <speed>1.170000</speed>
      </trkpt>
      <trkpt lat="59.437795104" lon="26.882511517">
        <ele>47.200</ele>
        <time>2026-08-12T13:35:20Z</time>
        <speed>1.183000</speed>
      </trkpt>
      <trkpt lat="59.437801139" lon="26.882610759">
        <ele>47.400</ele>
        <time>2026-08-12T13:35:25Z</time>
        <speed>1.079000</speed>
      </trkpt>
      <trkpt lat="59.437797368" lon="26.882709078">
        <ele>47.600</ele>
        <time>2026-08-12T13:35:30Z</time>
        <speed>0.929000</speed>
      </trkpt>
      <trkpt lat="59.437778089" lon="26.882762387">
        <ele>48.200</ele>
        <time>2026-08-12T13:35:34Z</time>
        <speed>0.933000</speed>
      </trkpt>
      <trkpt lat="59.437756799" lon="26.882805889">
        <ele>48.600</ele>
        <time>2026-08-12T13:35:38Z</time>
        <speed>0.858000</speed>
      </trkpt>
    </trkseg>
    <trkseg>
      <trkpt lat="59.437723942" lon="26.882892810">
        <ele>48.200</ele>
        <time>2026-08-12T13:39:06Z</time>
        <speed>1.777000</speed>
      </trkpt>
      <trkpt lat="59.437708100" lon="26.882915692">
        <ele>48.200</ele>
        <time>2026-08-12T13:39:07Z</time>
        <speed>2.080000</speed>
      </trkpt>
      <trkpt lat="59.437693181" lon="26.882961793">
        <ele>48.400</ele>
        <time>2026-08-12T13:39:08Z</time>
        <speed>2.879000</speed>
      </trkpt>
      <trkpt lat="59.437678764" lon="26.883157091">
        <ele>48.000</ele>
        <time>2026-08-12T13:39:11Z</time>
        <speed>3.838000</speed>
      </trkpt>
      <trkpt lat="59.437680105" lon="26.883227332">
        <ele>48.000</ele>
        <time>2026-08-12T13:39:12Z</time>
        <speed>3.919000</speed>
      </trkpt>
      <trkpt lat="59.437690498" lon="26.883728402">
        <ele>48.200</ele>
        <time>2026-08-12T13:39:18Z</time>
        <speed>4.982000</speed>
      </trkpt>
      <trkpt lat="59.437715476" lon="26.884659715">
        <ele>48.600</ele>
        <time>2026-08-12T13:39:28Z</time>
        <speed>5.436000</speed>
      </trkpt>
      <trkpt lat="59.437744310" lon="26.885757660">
        <ele>47.800</ele>
        <time>2026-08-12T13:39:39Z</time>
        <speed>5.766000</speed>
      </trkpt>
      <trkpt lat="59.437745232" lon="26.885858160">
        <ele>47.800</ele>
        <time>2026-08-12T13:39:40Z</time>
        <speed>5.745000</speed>
      </trkpt>
      <trkpt lat="59.437762666" lon="26.886762735">
        <ele>47.400</ele>
        <time>2026-08-12T13:39:49Z</time>
        <speed>5.756000</speed>
      </trkpt>
      <trkpt lat="59.437795607" lon="26.887777448">
        <ele>48.200</ele>
        <time>2026-08-12T13:39:59Z</time>
        <speed>5.217000</speed>
      </trkpt>
      <trkpt lat="59.437793931" lon="26.887933854">
        <ele>48.400</ele>
        <time>2026-08-12T13:40:02Z</time>
        <speed>2.009000</speed>
      </trkpt>
    </trkseg>
    <trkseg>
      <trkpt lat="59.437802732" lon="26.888046842">
        <ele>49.600</ele>
        <time>2026-08-12T13:40:18Z</time>
        <speed>1.779000</speed>
      </trkpt>
      <trkpt lat="59.437811533" lon="26.888284972">
        <ele>49.000</ele>
        <time>2026-08-12T13:40:22Z</time>
        <speed>4.133000</speed>
      </trkpt>
      <trkpt lat="59.437817652" lon="26.888767686">
        <ele>48.600</ele>
        <time>2026-08-12T13:40:27Z</time>
        <speed>5.870000</speed>
      </trkpt>
      <trkpt lat="59.437818825" lon="26.888877237">
        <ele>48.400</ele>
        <time>2026-08-12T13:40:28Z</time>
        <speed>6.057000</speed>
      </trkpt>
      <trkpt lat="59.437829470" lon="26.889697909">
        <ele>47.800</ele>
        <time>2026-08-12T13:40:35Z</time>
        <speed>6.612000</speed>
      </trkpt>
      <trkpt lat="59.437822932" lon="26.890524365">
        <ele>47.400</ele>
        <time>2026-08-12T13:40:42Z</time>
        <speed>6.787000</speed>
      </trkpt>
      <trkpt lat="59.437816814" lon="26.891018730">
        <ele>47.200</ele>
        <time>2026-08-12T13:40:46Z</time>
        <speed>7.160000</speed>
      </trkpt>
      <trkpt lat="59.437781274" lon="26.892188760">
        <ele>47.000</ele>
        <time>2026-08-12T13:40:55Z</time>
        <speed>7.310000</speed>
      </trkpt>
      <trkpt lat="59.437735258" lon="26.893224930">
        <ele>47.200</ele>
        <time>2026-08-12T13:41:03Z</time>
        <speed>7.598000</speed>
      </trkpt>
      <trkpt lat="59.437670130" lon="26.894364869">
        <ele>47.400</ele>
        <time>2026-08-12T13:41:11Z</time>
        <speed>8.225000</speed>
      </trkpt>
      <trkpt lat="59.437596118" lon="26.895484440">
        <ele>46.600</ele>
        <time>2026-08-12T13:41:19Z</time>
        <speed>7.894000</speed>
      </trkpt>
      <trkpt lat="59.437564267" lon="26.895894986">
        <ele>46.400</ele>
        <time>2026-08-12T13:41:22Z</time>
        <speed>7.767000</speed>
      </trkpt>
      <trkpt lat="59.437487824" lon="26.896997038">
        <ele>47.600</ele>
        <time>2026-08-12T13:41:30Z</time>
        <speed>7.862000</speed>
      </trkpt>
      <trkpt lat="59.437466953" lon="26.897269366">
        <ele>47.400</ele>
        <time>2026-08-12T13:41:32Z</time>
        <speed>7.821000</speed>
      </trkpt>
      <trkpt lat="59.437407609" lon="26.898301430">
        <ele>47.200</ele>
        <time>2026-08-12T13:41:40Z</time>
        <speed>7.110000</speed>
      </trkpt>
      <trkpt lat="59.437413979" lon="26.899300972">
        <ele>46.600</ele>
        <time>2026-08-12T13:41:48Z</time>
        <speed>7.342000</speed>
      </trkpt>
      <trkpt lat="59.437458487" lon="26.899930956">
        <ele>46.200</ele>
        <time>2026-08-12T13:41:53Z</time>
        <speed>7.077000</speed>
      </trkpt>
      <trkpt lat="59.437516239" lon="26.900400845">
        <ele>45.400</ele>
        <time>2026-08-12T13:41:57Z</time>
        <speed>6.913000</speed>
      </trkpt>
      <trkpt lat="59.437532751" lon="26.900517605">
        <ele>45.200</ele>
        <time>2026-08-12T13:41:58Z</time>
        <speed>6.901000</speed>
      </trkpt>
      <trkpt lat="59.437600225" lon="26.900973832">
        <ele>44.200</ele>
        <time>2026-08-12T13:42:02Z</time>
        <speed>6.577000</speed>
      </trkpt>
      <trkpt lat="59.437663676" lon="26.901406255">
        <ele>44.200</ele>
        <time>2026-08-12T13:42:06Z</time>
        <speed>6.237000</speed>
      </trkpt>
      <trkpt lat="59.437714638" lon="26.901718145">
        <ele>45.200</ele>
        <time>2026-08-12T13:42:09Z</time>
        <speed>6.146000</speed>
      </trkpt>
      <trkpt lat="59.437777670" lon="26.902132295">
        <ele>45.000</ele>
        <time>2026-08-12T13:42:13Z</time>
        <speed>6.111000</speed>
      </trkpt>
      <trkpt lat="59.437935250" lon="26.903160922">
        <ele>45.600</ele>
        <time>2026-08-12T13:42:23Z</time>
        <speed>6.022000</speed>
      </trkpt>
      <trkpt lat="59.437960982" lon="26.903364854">
        <ele>45.600</ele>
        <time>2026-08-12T13:42:25Z</time>
        <speed>5.977000</speed>
      </trkpt>
      <trkpt lat="59.438056871" lon="26.904212432">
        <ele>46.000</ele>
        <time>2026-08-12T13:42:33Z</time>
        <speed>6.470000</speed>
      </trkpt>
      <trkpt lat="59.438094757" lon="26.904676370">
        <ele>46.200</ele>
        <time>2026-08-12T13:42:38Z</time>
        <speed>3.870000</speed>
      </trkpt>
      <trkpt lat="59.438100709" lon="26.904729260">
        <ele>46.400</ele>
        <time>2026-08-12T13:42:39Z</time>
        <speed>3.251000</speed>
      </trkpt>
      <trkpt lat="59.438121328" lon="26.904892204">
        <ele>46.400</ele>
        <time>2026-08-12T13:42:44Z</time>
        <speed>1.595000</speed>
      </trkpt>
    </trkseg>
    <trkseg>
      <trkpt lat="59.438143708" lon="26.905015670">
        <ele>46.200</ele>
        <time>2026-08-12T13:43:15Z</time>
        <speed>1.672000</speed>
      </trkpt>
      <trkpt lat="59.438170781" lon="26.905262349">
        <ele>45.800</ele>
        <time>2026-08-12T13:43:20Z</time>
        <speed>3.116000</speed>
      </trkpt>
      <trkpt lat="59.438228533" lon="26.905699130">
        <ele>45.600</ele>
        <time>2026-08-12T13:43:27Z</time>
        <speed>4.068000</speed>
      </trkpt>
      <trkpt lat="59.438260971" lon="26.906012110">
        <ele>45.000</ele>
        <time>2026-08-12T13:43:31Z</time>
        <speed>4.720000</speed>
      </trkpt>
      <trkpt lat="59.438291648" lon="26.906354930">
        <ele>44.600</ele>
        <time>2026-08-12T13:43:35Z</time>
        <speed>4.863000</speed>
      </trkpt>
      <trkpt lat="59.438360548" lon="26.907130592">
        <ele>45.000</ele>
        <time>2026-08-12T13:43:44Z</time>
        <speed>5.179000</speed>
      </trkpt>
      <trkpt lat="59.438399188" lon="26.907678014">
        <ele>45.600</ele>
        <time>2026-08-12T13:43:50Z</time>
        <speed>5.428000</speed>
      </trkpt>
      <trkpt lat="59.438465489" lon="26.908561215">
        <ele>46.200</ele>
        <time>2026-08-12T13:43:59Z</time>
        <speed>5.509000</speed>
      </trkpt>
      <trkpt lat="59.438479990" lon="26.908857515">
        <ele>46.800</ele>
        <time>2026-08-12T13:44:02Z</time>
        <speed>5.527000</speed>
      </trkpt>
      <trkpt lat="59.438472865" lon="26.909683803">
        <ele>46.800</ele>
        <time>2026-08-12T13:44:10Z</time>
        <speed>6.191000</speed>
      </trkpt>
      <trkpt lat="59.438417125" lon="26.910813600">
        <ele>46.000</ele>
        <time>2026-08-12T13:44:20Z</time>
        <speed>6.709000</speed>
      </trkpt>
      <trkpt lat="59.438308664" lon="26.911874497">
        <ele>46.200</ele>
        <time>2026-08-12T13:44:29Z</time>
        <speed>6.572000</speed>
      </trkpt>
      <trkpt lat="59.438190311" lon="26.912747975">
        <ele>45.000</ele>
        <time>2026-08-12T13:44:37Z</time>
        <speed>6.460000</speed>
      </trkpt>
      <trkpt lat="59.438173799" lon="26.912860125">
        <ele>45.200</ele>
        <time>2026-08-12T13:44:38Z</time>
        <speed>6.532000</speed>
      </trkpt>
      <trkpt lat="59.438024014" lon="26.913816333">
        <ele>45.200</ele>
        <time>2026-08-12T13:44:47Z</time>
        <speed>5.740000</speed>
      </trkpt>
      <trkpt lat="59.437901052" lon="26.914614625">
        <ele>44.400</ele>
        <time>2026-08-12T13:44:55Z</time>
        <speed>5.980000</speed>
      </trkpt>
      <trkpt lat="59.437781442" lon="26.915393723">
        <ele>44.200</ele>
        <time>2026-08-12T13:45:03Z</time>
        <speed>5.630000</speed>
      </trkpt>
      <trkpt lat="59.437614642" lon="26.916445820">
        <ele>46.000</ele>
        <time>2026-08-12T13:45:14Z</time>
        <speed>5.615000</speed>
      </trkpt>
      <trkpt lat="59.437519424" lon="26.917104386">
        <ele>45.000</ele>
        <time>2026-08-12T13:45:21Z</time>
        <speed>5.457000</speed>
      </trkpt>
      <trkpt lat="59.437474245" lon="26.917382162">
        <ele>45.400</ele>
        <time>2026-08-12T13:45:24Z</time>
        <speed>5.586000</speed>
      </trkpt>
      <trkpt lat="59.437362598" lon="26.918137623">
        <ele>46.400</ele>
        <time>2026-08-12T13:45:32Z</time>
        <speed>5.666000</speed>
      </trkpt>
      <trkpt lat="59.437333765" lon="26.918329988">
        <ele>46.000</ele>
        <time>2026-08-12T13:45:34Z</time>
        <speed>5.694000</speed>
      </trkpt>
      <trkpt lat="59.437176269" lon="26.919389293">
        <ele>45.800</ele>
        <time>2026-08-12T13:45:45Z</time>
        <speed>5.734000</speed>
      </trkpt>
      <trkpt lat="59.437027071" lon="26.920385566">
        <ele>45.600</ele>
        <time>2026-08-12T13:45:55Z</time>
        <speed>6.069000</speed>
      </trkpt>
      <trkpt lat="59.437011061" lon="26.920486819">
        <ele>45.200</ele>
        <time>2026-08-12T13:45:56Z</time>
        <speed>6.087000</speed>
      </trkpt>
      <trkpt lat="59.436981725" lon="26.920693433">
        <ele>45.000</ele>
        <time>2026-08-12T13:45:58Z</time>
        <speed>6.119000</speed>
      </trkpt>
      <trkpt lat="59.436871838" lon="26.921429029">
        <ele>45.800</ele>
        <time>2026-08-12T13:46:05Z</time>
        <speed>6.416000</speed>
      </trkpt>
      <trkpt lat="59.436757425" lon="26.922207205">
        <ele>45.600</ele>
        <time>2026-08-12T13:46:12Z</time>
        <speed>6.519000</speed>
      </trkpt>
      <trkpt lat="59.436666230" lon="26.922820341">
        <ele>45.600</ele>
        <time>2026-08-12T13:46:18Z</time>
        <speed>5.928000</speed>
      </trkpt>
      <trkpt lat="59.436506135" lon="26.923749475">
        <ele>45.800</ele>
        <time>2026-08-12T13:46:27Z</time>
        <speed>6.272000</speed>
      </trkpt>
      <trkpt lat="59.436338833" lon="26.924701324">
        <ele>46.000</ele>
        <time>2026-08-12T13:46:36Z</time>
        <speed>6.453000</speed>
      </trkpt>
      <trkpt lat="59.436212350" lon="26.925336588">
        <ele>46.400</ele>
        <time>2026-08-12T13:46:42Z</time>
        <speed>6.453000</speed>
      </trkpt>
      <trkpt lat="59.436090225" lon="26.925961543">
        <ele>46.800</ele>
        <time>2026-08-12T13:46:48Z</time>
        <speed>6.102000</speed>
      </trkpt>
      <trkpt lat="59.435882187" lon="26.926991176">
        <ele>46.600</ele>
        <time>2026-08-12T13:46:58Z</time>
        <speed>6.556000</speed>
      </trkpt>
      <trkpt lat="59.435712788" lon="26.927839089">
        <ele>46.400</ele>
        <time>2026-08-12T13:47:06Z</time>
        <speed>6.408000</speed>
      </trkpt>
      <trkpt lat="59.435546240" lon="26.928668395">
        <ele>47.000</ele>
        <time>2026-08-12T13:47:14Z</time>
        <speed>6.351000</speed>
      </trkpt>
      <trkpt lat="59.435425876" lon="26.929276166">
        <ele>47.600</ele>
        <time>2026-08-12T13:47:20Z</time>
        <speed>6.077000</speed>
      </trkpt>
      <trkpt lat="59.435364772" lon="26.929574311">
        <ele>47.400</ele>
        <time>2026-08-12T13:47:23Z</time>
        <speed>6.056000</speed>
      </trkpt>
      <trkpt lat="59.435141981" lon="26.930629760">
        <ele>47.000</ele>
        <time>2026-08-12T13:47:33Z</time>
        <speed>6.660000</speed>
      </trkpt>
      <trkpt lat="59.434884908" lon="26.931591667">
        <ele>46.600</ele>
        <time>2026-08-12T13:47:42Z</time>
        <speed>6.970000</speed>
      </trkpt>
      <trkpt lat="59.434853559" lon="26.931701135">
        <ele>46.600</ele>
        <time>2026-08-12T13:47:43Z</time>
        <speed>7.094000</speed>
      </trkpt>
      <trkpt lat="59.434821708" lon="26.931812195">
        <ele>46.400</ele>
        <time>2026-08-12T13:47:44Z</time>
        <speed>7.256000</speed>
      </trkpt>
      <trkpt lat="59.434598079" lon="26.932597328">
        <ele>45.800</ele>
        <time>2026-08-12T13:47:51Z</time>
        <speed>7.211000</speed>
      </trkpt>
      <trkpt lat="59.434343604" lon="26.933486480">
        <ele>46.600</ele>
        <time>2026-08-12T13:47:59Z</time>
        <speed>6.978000</speed>
      </trkpt>
      <trkpt lat="59.434091477" lon="26.934471354">
        <ele>45.800</ele>
        <time>2026-08-12T13:48:08Z</time>
        <speed>7.013000</speed>
      </trkpt>
      <trkpt lat="59.433906740" lon="26.935275765">
        <ele>45.800</ele>
        <time>2026-08-12T13:48:15Z</time>
        <speed>7.481000</speed>
      </trkpt>
      <trkpt lat="59.433795931" lon="26.935752528">
        <ele>45.400</ele>
        <time>2026-08-12T13:48:19Z</time>
        <speed>7.444000</speed>
      </trkpt>
      <trkpt lat="59.433613205" lon="26.936547300">
        <ele>45.600</ele>
        <time>2026-08-12T13:48:26Z</time>
        <speed>6.759000</speed>
      </trkpt>
      <trkpt lat="59.433390750" lon="26.937313490">
        <ele>46.200</ele>
        <time>2026-08-12T13:48:34Z</time>
        <speed>6.067000</speed>
      </trkpt>
      <trkpt lat="59.433358144" lon="26.937398231">
        <ele>46.400</ele>
        <time>2026-08-12T13:48:35Z</time>
        <speed>6.032000</speed>
      </trkpt>
      <trkpt lat="59.433121104" lon="26.938165175">
        <ele>46.400</ele>
        <time>2026-08-12T13:48:43Z</time>
        <speed>6.574000</speed>
      </trkpt>
      <trkpt lat="59.432947347" lon="26.938787950">
        <ele>46.400</ele>
        <time>2026-08-12T13:48:49Z</time>
        <speed>6.852000</speed>
      </trkpt>
      <trkpt lat="59.432895379" lon="26.939013340">
        <ele>46.400</ele>
        <time>2026-08-12T13:48:51Z</time>
        <speed>7.020000</speed>
      </trkpt>
      <trkpt lat="59.432795215" lon="26.939340653">
        <ele>46.000</ele>
        <time>2026-08-12T13:48:54Z</time>
        <speed>7.182000</speed>
      </trkpt>
      <trkpt lat="59.432584411" lon="26.940124948">
        <ele>45.400</ele>
        <time>2026-08-12T13:49:01Z</time>
        <speed>7.359000</speed>
      </trkpt>
      <trkpt lat="59.432468237" lon="26.940605817">
        <ele>45.200</ele>
        <time>2026-08-12T13:49:05Z</time>
        <speed>7.599000</speed>
      </trkpt>
      <trkpt lat="59.432357764" lon="26.941123148">
        <ele>43.800</ele>
        <time>2026-08-12T13:49:09Z</time>
        <speed>8.192000</speed>
      </trkpt>
      <trkpt lat="59.432237986" lon="26.941689346">
        <ele>43.000</ele>
        <time>2026-08-12T13:49:13Z</time>
        <speed>8.924000</speed>
      </trkpt>
      <trkpt lat="59.432206303" lon="26.941837622">
        <ele>42.600</ele>
        <time>2026-08-12T13:49:14Z</time>
        <speed>9.083000</speed>
      </trkpt>
      <trkpt lat="59.431980830" lon="26.942898268">
        <ele>42.400</ele>
        <time>2026-08-12T13:49:21Z</time>
        <speed>9.290000</speed>
      </trkpt>
      <trkpt lat="59.431911763" lon="26.943199430">
        <ele>42.200</ele>
        <time>2026-08-12T13:49:23Z</time>
        <speed>9.314000</speed>
      </trkpt>
      <trkpt lat="59.431688469" lon="26.944069974">
        <ele>41.600</ele>
        <time>2026-08-12T13:49:29Z</time>
        <speed>9.080000</speed>
      </trkpt>
      <trkpt lat="59.431608757" lon="26.944339704">
        <ele>41.600</ele>
        <time>2026-08-12T13:49:31Z</time>
        <speed>8.835000</speed>
      </trkpt>
      <trkpt lat="59.431315474" lon="26.945171440">
        <ele>41.400</ele>
        <time>2026-08-12T13:49:38Z</time>
        <speed>7.809000</speed>
      </trkpt>
      <trkpt lat="59.430988664" lon="26.945997393">
        <ele>41.800</ele>
        <time>2026-08-12T13:49:46Z</time>
        <speed>7.371000</speed>
      </trkpt>
      <trkpt lat="59.430626063" lon="26.946893921">
        <ele>41.800</ele>
        <time>2026-08-12T13:49:55Z</time>
        <speed>7.246000</speed>
      </trkpt>
      <trkpt lat="59.430317022" lon="26.947686598">
        <ele>42.000</ele>
        <time>2026-08-12T13:50:03Z</time>
        <speed>6.811000</speed>
      </trkpt>
      <trkpt lat="59.430075875" lon="26.948367544">
        <ele>42.600</ele>
        <time>2026-08-12T13:50:10Z</time>
        <speed>6.391000</speed>
      </trkpt>
      <trkpt lat="59.430014435" lon="26.948544234">
        <ele>42.800</ele>
        <time>2026-08-12T13:50:12Z</time>
        <speed>6.095000</speed>
      </trkpt>
      <trkpt lat="59.429858699" lon="26.949065421">
        <ele>43.000</ele>
        <time>2026-08-12T13:50:18Z</time>
        <speed>5.411000</speed>
      </trkpt>
      <trkpt lat="59.429739844" lon="26.949487282">
        <ele>43.600</ele>
        <time>2026-08-12T13:50:23Z</time>
        <speed>5.555000</speed>
      </trkpt>
      <trkpt lat="59.429669017" lon="26.949769082">
        <ele>43.400</ele>
        <time>2026-08-12T13:50:26Z</time>
        <speed>5.982000</speed>
      </trkpt>
      <trkpt lat="59.429448657" lon="26.950660162">
        <ele>42.600</ele>
        <time>2026-08-12T13:50:35Z</time>
        <speed>6.261000</speed>
      </trkpt>
      <trkpt lat="59.429248916" lon="26.951500112">
        <ele>42.200</ele>
        <time>2026-08-12T13:50:44Z</time>
        <speed>5.584000</speed>
      </trkpt>
      <trkpt lat="59.429062502" lon="26.952277198">
        <ele>42.800</ele>
        <time>2026-08-12T13:50:52Z</time>
        <speed>6.355000</speed>
      </trkpt>
      <trkpt lat="59.428785732" lon="26.953309597">
        <ele>41.400</ele>
        <time>2026-08-12T13:51:02Z</time>
        <speed>6.649000</speed>
      </trkpt>
      <trkpt lat="59.428759329" lon="26.953404313">
        <ele>41.000</ele>
        <time>2026-08-12T13:51:03Z</time>
        <speed>6.287000</speed>
      </trkpt>
      <trkpt lat="59.428641396" lon="26.953762053">
        <ele>41.800</ele>
        <time>2026-08-12T13:51:08Z</time>
        <speed>3.670000</speed>
      </trkpt>
      <trkpt lat="59.428590182" lon="26.953827683">
        <ele>42.600</ele>
        <time>2026-08-12T13:51:10Z</time>
        <speed>3.379000</speed>
      </trkpt>
      <trkpt lat="59.428554224" lon="26.953932373">
        <ele>42.600</ele>
        <time>2026-08-12T13:51:13Z</time>
        <speed>2.126000</speed>
      </trkpt>
    </trkseg>
    <trkseg>
      <trkpt lat="59.428575849" lon="26.954039326">
        <ele>42.200</ele>
        <time>2026-08-12T13:51:29Z</time>
        <speed>1.909000</speed>
      </trkpt>
      <trkpt lat="59.428603342" lon="26.954125157">
        <ele>43.000</ele>
        <time>2026-08-12T13:51:31Z</time>
        <speed>2.876000</speed>
      </trkpt>
      <trkpt lat="59.428695710" lon="26.954386504">
        <ele>41.200</ele>
        <time>2026-08-12T13:51:36Z</time>
        <speed>3.918000</speed>
      </trkpt>
      <trkpt lat="59.428722616" lon="26.954449285">
        <ele>40.200</ele>
        <time>2026-08-12T13:51:37Z</time>
        <speed>4.373000</speed>
      </trkpt>
      <trkpt lat="59.428749522" lon="26.954513406">
        <ele>39.400</ele>
        <time>2026-08-12T13:51:38Z</time>
        <speed>4.515000</speed>
      </trkpt>
      <trkpt lat="59.428999471" lon="26.955040628">
        <ele>38.200</ele>
        <time>2026-08-12T13:51:46Z</time>
        <speed>5.287000</speed>
      </trkpt>
      <trkpt lat="59.429223770" lon="26.955421418">
        <ele>37.000</ele>
        <time>2026-08-12T13:51:52Z</time>
        <speed>5.682000</speed>
      </trkpt>
      <trkpt lat="59.429304739" lon="26.955515463">
        <ele>36.000</ele>
        <time>2026-08-12T13:51:54Z</time>
        <speed>5.105000</speed>
      </trkpt>
      <trkpt lat="59.429433821" lon="26.955646640">
        <ele>34.400</ele>
        <time>2026-08-12T13:51:57Z</time>
        <speed>5.448000</speed>
      </trkpt>
      <trkpt lat="59.429649487" lon="26.955841351">
        <ele>33.600</ele>
        <time>2026-08-12T13:52:02Z</time>
        <speed>5.300000</speed>
      </trkpt>
      <trkpt lat="59.429770941" lon="26.955977222">
        <ele>33.200</ele>
        <time>2026-08-12T13:52:05Z</time>
        <speed>5.194000</speed>
      </trkpt>
      <trkpt lat="59.429843947" lon="26.956069255">
        <ele>32.000</ele>
        <time>2026-08-12T13:52:07Z</time>
        <speed>4.684000</speed>
      </trkpt>
      <trkpt lat="59.429908991" lon="26.956149722">
        <ele>30.600</ele>
        <time>2026-08-12T13:52:09Z</time>
        <speed>4.316000</speed>
      </trkpt>
      <trkpt lat="59.430165142" lon="26.956544844">
        <ele>30.600</ele>
        <time>2026-08-12T13:52:16Z</time>
        <speed>5.472000</speed>
      </trkpt>
      <trkpt lat="59.430267317" lon="26.956710052">
        <ele>29.200</ele>
        <time>2026-08-12T13:52:18Z</time>
        <speed>7.443000</speed>
      </trkpt>
      <trkpt lat="59.430327918" lon="26.956807869">
        <ele>27.800</ele>
        <time>2026-08-12T13:52:19Z</time>
        <speed>8.377000</speed>
      </trkpt>
      <trkpt lat="59.430395477" lon="26.956914403">
        <ele>26.400</ele>
        <time>2026-08-12T13:52:20Z</time>
        <speed>9.306000</speed>
      </trkpt>
      <trkpt lat="59.430469321" lon="26.957020434">
        <ele>23.600</ele>
        <time>2026-08-12T13:52:21Z</time>
        <speed>9.955000</speed>
      </trkpt>
      <trkpt lat="59.430550542" lon="26.957126716">
        <ele>21.800</ele>
        <time>2026-08-12T13:52:22Z</time>
        <speed>10.650000</speed>
      </trkpt>
      <trkpt lat="59.430637127" lon="26.957235429">
        <ele>20.000</ele>
        <time>2026-08-12T13:52:23Z</time>
        <speed>11.249000</speed>
      </trkpt>
      <trkpt lat="59.430727987" lon="26.957332324">
        <ele>18.600</ele>
        <time>2026-08-12T13:52:24Z</time>
        <speed>11.350000</speed>
      </trkpt>
      <trkpt lat="59.430819266" lon="26.957420753">
        <ele>17.000</ele>
        <time>2026-08-12T13:52:25Z</time>
        <speed>11.258000</speed>
      </trkpt>
      <trkpt lat="59.431170551" lon="26.957685705">
        <ele>16.600</ele>
        <time>2026-08-12T13:52:29Z</time>
        <speed>10.286000</speed>
      </trkpt>
      <trkpt lat="59.431423349" lon="26.957941102">
        <ele>15.200</ele>
        <time>2026-08-12T13:52:32Z</time>
        <speed>10.726000</speed>
      </trkpt>
      <trkpt lat="59.431583695" lon="26.958136316">
        <ele>14.000</ele>
        <time>2026-08-12T13:52:34Z</time>
        <speed>10.523000</speed>
      </trkpt>
      <trkpt lat="59.432045789" lon="26.958690276">
        <ele>13.200</ele>
        <time>2026-08-12T13:52:40Z</time>
        <speed>9.739000</speed>
      </trkpt>
      <trkpt lat="59.432121310" lon="26.958774850">
        <ele>13.200</ele>
        <time>2026-08-12T13:52:41Z</time>
        <speed>9.723000</speed>
      </trkpt>
      <trkpt lat="59.432196496" lon="26.958851125">
        <ele>12.800</ele>
        <time>2026-08-12T13:52:42Z</time>
        <speed>9.560000</speed>
      </trkpt>
      <trkpt lat="59.432348795" lon="26.958987834">
        <ele>11.800</ele>
        <time>2026-08-12T13:52:44Z</time>
        <speed>9.306000</speed>
      </trkpt>
      <trkpt lat="59.432569658" lon="26.959194364">
        <ele>11.400</ele>
        <time>2026-08-12T13:52:47Z</time>
        <speed>9.004000</speed>
      </trkpt>
      <trkpt lat="59.432957238" lon="26.959704319">
        <ele>11.600</ele>
        <time>2026-08-12T13:52:53Z</time>
        <speed>8.551000</speed>
      </trkpt>
      <trkpt lat="59.433202576" lon="26.960208407">
        <ele>10.800</ele>
        <time>2026-08-12T13:52:58Z</time>
        <speed>7.857000</speed>
      </trkpt>
      <trkpt lat="59.433246078" lon="26.960311420">
        <ele>10.600</ele>
        <time>2026-08-12T13:52:59Z</time>
        <speed>7.627000</speed>
      </trkpt>
      <trkpt lat="59.433420673" lon="26.960805031">
        <ele>11.000</ele>
        <time>2026-08-12T13:53:04Z</time>
        <speed>6.410000</speed>
      </trkpt>
      <trkpt lat="59.433562076" lon="26.961261006">
        <ele>12.000</ele>
        <time>2026-08-12T13:53:09Z</time>
        <speed>5.722000</speed>
      </trkpt>
      <trkpt lat="59.433637932" lon="26.961532161">
        <ele>11.600</ele>
        <time>2026-08-12T13:53:12Z</time>
        <speed>5.806000</speed>
      </trkpt>
      <trkpt lat="59.433815377" lon="26.962146889">
        <ele>12.000</ele>
        <time>2026-08-12T13:53:19Z</time>
        <speed>5.277000</speed>
      </trkpt>
      <trkpt lat="59.433827698" lon="26.962230960">
        <ele>12.000</ele>
        <time>2026-08-12T13:53:20Z</time>
        <speed>5.065000</speed>
      </trkpt>
      <trkpt lat="59.433813617" lon="26.962591968">
        <ele>12.600</ele>
        <time>2026-08-12T13:53:24Z</time>
        <speed>5.464000</speed>
      </trkpt>
      <trkpt lat="59.433750836" lon="26.962867230">
        <ele>12.400</ele>
        <time>2026-08-12T13:53:27Z</time>
        <speed>5.739000</speed>
      </trkpt>
      <trkpt lat="59.433696438" lon="26.963051800">
        <ele>11.600</ele>
        <time>2026-08-12T13:53:29Z</time>
        <speed>5.932000</speed>
      </trkpt>
      <trkpt lat="59.433559561" lon="26.963720676">
        <ele>12.000</ele>
        <time>2026-08-12T13:53:36Z</time>
        <speed>5.356000</speed>
      </trkpt>
      <trkpt lat="59.433460822" lon="26.964310929">
        <ele>11.600</ele>
        <time>2026-08-12T13:53:43Z</time>
        <speed>5.068000</speed>
      </trkpt>
      <trkpt lat="59.433432994" lon="26.964498181">
        <ele>10.800</ele>
        <time>2026-08-12T13:53:45Z</time>
        <speed>5.568000</speed>
      </trkpt>
      <trkpt lat="59.433336435" lon="26.964880563">
        <ele>9.800</ele>
        <time>2026-08-12T13:53:49Z</time>
        <speed>6.285000</speed>
      </trkpt>
      <trkpt lat="59.433231158" lon="26.965185665">
        <ele>10.600</ele>
        <time>2026-08-12T13:53:53Z</time>
        <speed>4.722000</speed>
      </trkpt>
      <trkpt lat="59.433199558" lon="26.965242829">
        <ele>10.600</ele>
        <time>2026-08-12T13:53:54Z</time>
        <speed>4.718000</speed>
      </trkpt>
      <trkpt lat="59.433163265" lon="26.965281973">
        <ele>11.000</ele>
        <time>2026-08-12T13:53:55Z</time>
        <speed>4.584000</speed>
      </trkpt>
      <trkpt lat="59.433102412" lon="26.965391021">
        <ele>11.600</ele>
        <time>2026-08-12T13:53:57Z</time>
        <speed>4.538000</speed>
      </trkpt>
      <trkpt lat="59.433073075" lon="26.965458831">
        <ele>11.800</ele>
        <time>2026-08-12T13:53:58Z</time>
        <speed>4.931000</speed>
      </trkpt>
      <trkpt lat="59.432956064" lon="26.965831155">
        <ele>10.600</ele>
        <time>2026-08-12T13:54:03Z</time>
        <speed>5.195000</speed>
      </trkpt>
      <trkpt lat="59.432948772" lon="26.965925619">
        <ele>10.400</ele>
        <time>2026-08-12T13:54:04Z</time>
        <speed>5.290000</speed>
      </trkpt>
      <trkpt lat="59.432960171" lon="26.966208424">
        <ele>10.200</ele>
        <time>2026-08-12T13:54:07Z</time>
        <speed>5.310000</speed>
      </trkpt>
      <trkpt lat="59.432959165" lon="26.966300709">
        <ele>9.800</ele>
        <time>2026-08-12T13:54:08Z</time>
        <speed>5.208000</speed>
      </trkpt>
      <trkpt lat="59.432953382" lon="26.966393245">
        <ele>9.600</ele>
        <time>2026-08-12T13:54:09Z</time>
        <speed>5.206000</speed>
      </trkpt>
      <trkpt lat="59.432916418" lon="26.966659538">
        <ele>10.200</ele>
        <time>2026-08-12T13:54:12Z</time>
        <speed>5.087000</speed>
      </trkpt>
      <trkpt lat="59.432897391" lon="26.966741094">
        <ele>10.600</ele>
        <time>2026-08-12T13:54:13Z</time>
        <speed>4.981000</speed>
      </trkpt>
      <trkpt lat="59.432880878" lon="26.966813430">
        <ele>10.800</ele>
        <time>2026-08-12T13:54:14Z</time>
        <speed>4.469000</speed>
      </trkpt>
      <trkpt lat="59.432801167" lon="26.967033539">
        <ele>12.000</ele>
        <time>2026-08-12T13:54:18Z</time>
        <speed>3.574000</speed>
      </trkpt>
      <trkpt lat="59.432655238" lon="26.967395889">
        <ele>13.000</ele>
        <time>2026-08-12T13:54:26Z</time>
        <speed>3.116000</speed>
      </trkpt>
      <trkpt lat="59.432622800" lon="26.967491945">
        <ele>13.000</ele>
        <time>2026-08-12T13:54:28Z</time>
        <speed>3.209000</speed>
      </trkpt>
      <trkpt lat="59.432540741" lon="26.967849014">
        <ele>12.600</ele>
        <time>2026-08-12T13:54:34Z</time>
        <speed>3.796000</speed>
      </trkpt>
      <trkpt lat="59.432466645" lon="26.968391910">
        <ele>12.200</ele>
        <time>2026-08-12T13:54:42Z</time>
        <speed>3.537000</speed>
      </trkpt>
      <trkpt lat="59.432433788" lon="26.968832631">
        <ele>12.600</ele>
        <time>2026-08-12T13:54:49Z</time>
        <speed>3.389000</speed>
      </trkpt>
      <trkpt lat="59.432426747" lon="26.969304113">
        <ele>12.800</ele>
        <time>2026-08-12T13:54:56Z</time>
        <speed>4.062000</speed>
      </trkpt>
      <trkpt lat="59.432467064" lon="26.969869640">
        <ele>12.400</ele>
        <time>2026-08-12T13:55:03Z</time>
        <speed>4.671000</speed>
      </trkpt>
      <trkpt lat="59.432494054" lon="26.970150014">
        <ele>12.000</ele>
        <time>2026-08-12T13:55:06Z</time>
        <speed>5.266000</speed>
      </trkpt>
      <trkpt lat="59.432529258" lon="26.970627364">
        <ele>11.400</ele>
        <time>2026-08-12T13:55:11Z</time>
        <speed>5.187000</speed>
      </trkpt>
      <trkpt lat="59.432569575" lon="26.970961550">
        <ele>12.000</ele>
        <time>2026-08-12T13:55:15Z</time>
        <speed>4.477000</speed>
      </trkpt>
      <trkpt lat="59.432582147" lon="26.971139247">
        <ele>12.400</ele>
        <time>2026-08-12T13:55:17Z</time>
        <speed>4.907000</speed>
      </trkpt>
      <trkpt lat="59.432582483" lon="26.971227089">
        <ele>12.400</ele>
        <time>2026-08-12T13:55:18Z</time>
        <speed>4.880000</speed>
      </trkpt>
      <trkpt lat="59.432592122" lon="26.971765878">
        <ele>12.200</ele>
        <time>2026-08-12T13:55:24Z</time>
        <speed>5.030000</speed>
      </trkpt>
      <trkpt lat="59.432601174" lon="26.972387144">
        <ele>12.200</ele>
        <time>2026-08-12T13:55:31Z</time>
        <speed>4.626000</speed>
      </trkpt>
      <trkpt lat="59.432553314" lon="26.972879330">
        <ele>12.200</ele>
        <time>2026-08-12T13:55:37Z</time>
        <speed>4.781000</speed>
      </trkpt>
      <trkpt lat="59.432502771" lon="26.973572178">
        <ele>12.000</ele>
        <time>2026-08-12T13:55:45Z</time>
        <speed>4.658000</speed>
      </trkpt>
      <trkpt lat="59.432529928" lon="26.974256141">
        <ele>12.200</ele>
        <time>2026-08-12T13:55:53Z</time>
        <speed>4.802000</speed>
      </trkpt>
      <trkpt lat="59.432609053" lon="26.974932142">
        <ele>11.600</ele>
        <time>2026-08-12T13:56:01Z</time>
        <speed>4.907000</speed>
      </trkpt>
      <trkpt lat="59.432672085" lon="26.975393314">
        <ele>10.800</ele>
        <time>2026-08-12T13:56:07Z</time>
        <speed>4.194000</speed>
      </trkpt>
      <trkpt lat="59.432723550" lon="26.975872507">
        <ele>11.400</ele>
        <time>2026-08-12T13:56:14Z</time>
        <speed>3.579000</speed>
      </trkpt>
      <trkpt lat="59.432760850" lon="26.976052886">
        <ele>11.600</ele>
        <time>2026-08-12T13:56:18Z</time>
        <speed>2.446000</speed>
      </trkpt>
      <trkpt lat="59.432867803" lon="26.976438034">
        <ele>11.000</ele>
        <time>2026-08-12T13:56:26Z</time>
        <speed>3.001000</speed>
      </trkpt>
      <trkpt lat="59.432972074" lon="26.976833241">
        <ele>11.200</ele>
        <time>2026-08-12T13:56:33Z</time>
        <speed>3.733000</speed>
      </trkpt>
      <trkpt lat="59.433059497" lon="26.977206320">
        <ele>9.800</ele>
        <time>2026-08-12T13:56:38Z</time>
        <speed>4.556000</speed>
      </trkpt>
      <trkpt lat="59.433077434" lon="26.977282092">
        <ele>9.400</ele>
        <time>2026-08-12T13:56:39Z</time>
        <speed>4.606000</speed>
      </trkpt>
      <trkpt lat="59.433237948" lon="26.977862623">
        <ele>8.600</ele>
        <time>2026-08-12T13:56:47Z</time>
        <speed>4.532000</speed>
      </trkpt>
      <trkpt lat="59.433406759" lon="26.978413481">
        <ele>9.600</ele>
        <time>2026-08-12T13:56:55Z</time>
        <speed>4.548000</speed>
      </trkpt>
      <trkpt lat="59.433425367" lon="26.978480788">
        <ele>10.400</ele>
        <time>2026-08-12T13:56:56Z</time>
        <speed>4.410000</speed>
      </trkpt>
      <trkpt lat="59.433516143" lon="26.978914049">
        <ele>9.400</ele>
        <time>2026-08-12T13:57:02Z</time>
        <speed>4.386000</speed>
      </trkpt>
      <trkpt lat="59.433529302" lon="26.978994263">
        <ele>9.000</ele>
        <time>2026-08-12T13:57:03Z</time>
        <speed>4.586000</speed>
      </trkpt>
      <trkpt lat="59.433552772" lon="26.979167014">
        <ele>8.200</ele>
        <time>2026-08-12T13:57:05Z</time>
        <speed>4.916000</speed>
      </trkpt>
      <trkpt lat="59.433607422" lon="26.979508661">
        <ele>7.200</ele>
        <time>2026-08-12T13:57:09Z</time>
        <speed>5.030000</speed>
      </trkpt>
      <trkpt lat="59.433629885" lon="26.979591474">
        <ele>7.000</ele>
        <time>2026-08-12T13:57:10Z</time>
        <speed>5.031000</speed>
      </trkpt>
      <trkpt lat="59.433691241" lon="26.979884589">
        <ele>5.800</ele>
        <time>2026-08-12T13:57:13Z</time>
        <speed>5.767000</speed>
      </trkpt>
      <trkpt lat="59.433737257" lon="26.980072428">
        <ele>5.200</ele>
        <time>2026-08-12T13:57:15Z</time>
        <speed>5.520000</speed>
      </trkpt>
      <trkpt lat="59.433775898" lon="26.980290357">
        <ele>4.600</ele>
        <time>2026-08-12T13:57:18Z</time>
        <speed>3.784000</speed>
      </trkpt>
      <trkpt lat="59.433812443" lon="26.980440393">
        <ele>4.200</ele>
        <time>2026-08-12T13:57:20Z</time>
        <speed>4.503000</speed>
      </trkpt>
      <trkpt lat="59.433831302" lon="26.980527984">
        <ele>3.600</ele>
        <time>2026-08-12T13:57:21Z</time>
        <speed>4.812000</speed>
      </trkpt>
      <trkpt lat="59.433885450" lon="26.980800983">
        <ele>2.600</ele>
        <time>2026-08-12T13:57:24Z</time>
        <speed>4.982000</speed>
      </trkpt>
      <trkpt lat="59.433916630" lon="26.980986390">
        <ele>2.000</ele>
        <time>2026-08-12T13:57:26Z</time>
        <speed>5.148000</speed>
      </trkpt>
      <trkpt lat="59.434002209" lon="26.981688710">
        <ele>2.000</ele>
        <time>2026-08-12T13:57:34Z</time>
        <speed>4.615000</speed>
      </trkpt>
      <trkpt lat="59.434009250" lon="26.982054664">
        <ele>3.000</ele>
        <time>2026-08-12T13:57:39Z</time>
        <speed>4.122000</speed>
      </trkpt>
      <trkpt lat="59.434014447" lon="26.982550453">
        <ele>2.800</ele>
        <time>2026-08-12T13:57:46Z</time>
        <speed>3.879000</speed>
      </trkpt>
      <trkpt lat="59.433994079" lon="26.983155962">
        <ele>2.200</ele>
        <time>2026-08-12T13:57:54Z</time>
        <speed>3.940000</speed>
      </trkpt>
      <trkpt lat="59.433997096" lon="26.983583607">
        <ele>3.000</ele>
        <time>2026-08-12T13:58:01Z</time>
        <speed>3.042000</speed>
      </trkpt>
      <trkpt lat="59.434039509" lon="26.983988956">
        <ele>3.600</ele>
        <time>2026-08-12T13:58:08Z</time>
        <speed>3.392000</speed>
      </trkpt>
      <trkpt lat="59.434117377" lon="26.984403189">
        <ele>3.200</ele>
        <time>2026-08-12T13:58:14Z</time>
        <speed>3.500000</speed>
      </trkpt>
      <trkpt lat="59.434105307" lon="26.984846424">
        <ele>3.000</ele>
        <time>2026-08-12T13:58:21Z</time>
        <speed>2.997000</speed>
      </trkpt>
      <trkpt lat="59.434036911" lon="26.985204164">
        <ele>2.600</ele>
        <time>2026-08-12T13:58:28Z</time>
        <speed>3.491000</speed>
      </trkpt>
      <trkpt lat="59.434015704" lon="26.985273063">
        <ele>2.400</ele>
        <time>2026-08-12T13:58:29Z</time>
        <speed>4.020000</speed>
      </trkpt>
      <trkpt lat="59.433981925" lon="26.985393427">
        <ele>1.600</ele>
        <time>2026-08-12T13:58:31Z</time>
        <speed>3.837000</speed>
      </trkpt>
      <trkpt lat="59.433938172" lon="26.985547990">
        <ele>0.200</ele>
        <time>2026-08-12T13:58:33Z</time>
        <speed>5.072000</speed>
      </trkpt>
      <trkpt lat="59.433895005" lon="26.985717220">
        <ele>-1.400</ele>
        <time>2026-08-12T13:58:35Z</time>
        <speed>5.468000</speed>
      </trkpt>
      <trkpt lat="59.433821999" lon="26.985985776">
        <ele>-2.400</ele>
        <time>2026-08-12T13:58:38Z</time>
        <speed>5.787000</speed>
      </trkpt>
      <trkpt lat="59.433808755" lon="26.986091053">
        <ele>-3.200</ele>
        <time>2026-08-12T13:58:39Z</time>
        <speed>5.814000</speed>
      </trkpt>
      <trkpt lat="59.433765924" lon="26.986288363">
        <ele>-3.400</ele>
        <time>2026-08-12T13:58:41Z</time>
        <speed>6.015000</speed>
      </trkpt>
      <trkpt lat="59.433667185" lon="26.986791864">
        <ele>-3.000</ele>
        <time>2026-08-12T13:58:47Z</time>
        <speed>4.201000</speed>
      </trkpt>
      <trkpt lat="59.433539864" lon="26.987310620">
        <ele>-2.600</ele>
        <time>2026-08-12T13:58:55Z</time>
        <speed>3.556000</speed>
      </trkpt>
      <trkpt lat="59.433542965" lon="26.987368371">
        <ele>-2.600</ele>
        <time>2026-08-12T13:58:56Z</time>
        <speed>2.985000</speed>
      </trkpt>
      <trkpt lat="59.433585377" lon="26.987415394">
        <ele>-2.400</ele>
        <time>2026-08-12T13:58:58Z</time>
        <speed>2.135000</speed>
      </trkpt>
      <trkpt lat="59.433630807" lon="26.987424614">
        <ele>-2.600</ele>
        <time>2026-08-12T13:59:00Z</time>
        <speed>2.464000</speed>
      </trkpt>
      <trkpt lat="59.433688559" lon="26.987403324">
        <ele>-3.200</ele>
        <time>2026-08-12T13:59:02Z</time>
        <speed>3.100000</speed>
      </trkpt>
      <trkpt lat="59.433838846" lon="26.987372478">
        <ele>-4.000</ele>
        <time>2026-08-12T13:59:07Z</time>
        <speed>3.316000</speed>
      </trkpt>
      <trkpt lat="59.433912775" lon="26.987386141">
        <ele>-4.200</ele>
        <time>2026-08-12T13:59:09Z</time>
        <speed>3.715000</speed>
      </trkpt>
      <trkpt lat="59.434170267" lon="26.987476246">
        <ele>-4.200</ele>
        <time>2026-08-12T13:59:15Z</time>
        <speed>4.718000</speed>
      </trkpt>
      <trkpt lat="59.434214020" lon="26.987517066">
        <ele>-4.200</ele>
        <time>2026-08-12T13:59:16Z</time>
        <speed>4.857000</speed>
      </trkpt>
      <trkpt lat="59.434357854" lon="26.987705659">
        <ele>-4.800</ele>
        <time>2026-08-12T13:59:20Z</time>
        <speed>4.554000</speed>
      </trkpt>
      <trkpt lat="59.434487438" lon="26.987923756">
        <ele>-4.200</ele>
        <time>2026-08-12T13:59:25Z</time>
        <speed>3.290000</speed>
      </trkpt>
      <trkpt lat="59.434640659" lon="26.988197258">
        <ele>-5.200</ele>
        <time>2026-08-12T13:59:32Z</time>
        <speed>2.579000</speed>
      </trkpt>
      <trkpt lat="59.434708385" lon="26.988260876">
        <ele>-4.000</ele>
        <time>2026-08-12T13:59:36Z</time>
        <speed>1.617000</speed>
      </trkpt>
      <trkpt lat="59.434733698" lon="26.988289878">
        <ele>-4.000</ele>
        <time>2026-08-12T13:59:38Z</time>
        <speed>1.851000</speed>
      </trkpt>
      <trkpt lat="59.434849368" lon="26.988468664">
        <ele>-4.600</ele>
        <time>2026-08-12T13:59:45Z</time>
        <speed>1.501000</speed>
      </trkpt>
      <trkpt lat="59.434864707" lon="26.988471933">
        <ele>-4.800</ele>
        <time>2026-08-12T13:59:46Z</time>
        <speed>1.781000</speed>
      </trkpt>
      <trkpt lat="59.434881806" lon="26.988468580">
        <ele>-5.200</ele>
        <time>2026-08-12T13:59:47Z</time>
        <speed>1.923000</speed>
      </trkpt>
      <trkpt lat="59.434945760" lon="26.988443434">
        <ele>-4.400</ele>
        <time>2026-08-12T13:59:51Z</time>
        <speed>1.703000</speed>
      </trkpt>
      <trkpt lat="59.435016923" lon="26.988444859">
        <ele>-4.000</ele>
        <time>2026-08-12T13:59:56Z</time>
        <speed>1.530000</speed>
      </trkpt>
      <trkpt lat="59.435048439" lon="26.988422396">
        <ele>-2.800</ele>
        <time>2026-08-12T13:59:58Z</time>
        <speed>1.621000</speed>
      </trkpt>
    </trkseg>
  </trk>
</gpx>
