<?xml version="1.0" encoding="UTF-8"?>
<gpx version="1.0" creator="GPSBabel - https://www.gpsbabel.org" xmlns="http://www.topografix.com/GPX/1/0">
  <time>2026-08-26T13:00:14.489Z</time>
  <bounds minlat="59.391184011" minlon="26.987354541" maxlat="59.444146324" maxlon="27.772389762"/>
  <wpt lat="59.397029802" lon="27.772368137">
    <name>LAP001</name>
    <cmt>LAP001</cmt>
    <desc>LAP001</desc>
  </wpt>
  <trk>
    <trkseg>
      <trkpt lat="59.435808845" lon="26.990619376">
        <ele>2.400</ele>
        <time>2026-08-13T07:35:26Z</time>
        <speed>0.000000</speed>
      </trkpt>
    </trkseg>
    <trkseg>
      <trkpt lat="59.435707675" lon="26.990651311">
        <ele>2.000</ele>
        <time>2026-08-13T07:36:29Z</time>
        <speed>1.676000</speed>
      </trkpt>
      <trkpt lat="59.435674231" lon="26.990631782">
        <ele>0.800</ele>
        <time>2026-08-13T07:36:31Z</time>
        <speed>2.362000</speed>
      </trkpt>
      <trkpt lat="59.435652019" lon="26.990618119">
        <ele>0.600</ele>
        <time>2026-08-13T07:36:32Z</time>
        <speed>2.896000</speed>
      </trkpt>
      <trkpt lat="59.435527548" lon="26.990481159">
        <ele>-0.200</ele>
        <time>2026-08-13T07:36:36Z</time>
        <speed>4.093000</speed>
      </trkpt>
      <trkpt lat="59.435303919" lon="26.990213860">
        <ele>-0.600</ele>
        <time>2026-08-13T07:36:43Z</time>
        <speed>4.269000</speed>
      </trkpt>
      <trkpt lat="59.435252119" lon="26.990103554">
        <ele>-1.400</ele>
        <time>2026-08-13T07:36:45Z</time>
        <speed>4.135000</speed>
      </trkpt>
      <trkpt lat="59.435193446" lon="26.989920158">
        <ele>-2.000</ele>
        <time>2026-08-13T07:36:48Z</time>
        <speed>3.984000</speed>
      </trkpt>
      <trkpt lat="59.435048690" lon="26.989341555">
        <ele>-1.000</ele>
        <time>2026-08-13T07:36:57Z</time>
        <speed>3.805000</speed>
      </trkpt>
      <trkpt lat="59.435009966" lon="26.989016337">
        <ele>-0.400</ele>
        <time>2026-08-13T07:37:02Z</time>
        <speed>3.787000</speed>
      </trkpt>
      <trkpt lat="59.434998231" lon="26.988878706">
        <ele>-0.400</ele>
        <time>2026-08-13T07:37:04Z</time>
        <speed>3.823000</speed>
      </trkpt>
      <trkpt lat="59.434917346" lon="26.988570085">
        <ele>-0.200</ele>
        <time>2026-08-13T07:37:09Z</time>
        <speed>4.350000</speed>
      </trkpt>
      <trkpt lat="59.434885075" lon="26.988521721">
        <ele>0.000</ele>
        <time>2026-08-13T07:37:10Z</time>
        <speed>4.600000</speed>
      </trkpt>
      <trkpt lat="59.434779296" lon="26.988384509">
        <ele>0.800</ele>
        <time>2026-08-13T07:37:13Z</time>
        <speed>4.856000</speed>
      </trkpt>
      <trkpt lat="59.434676450" lon="26.988225924">
        <ele>1.000</ele>
        <time>2026-08-13T07:37:16Z</time>
        <speed>4.629000</speed>
      </trkpt>
      <trkpt lat="59.434456257" lon="26.987772882">
        <ele>0.600</ele>
        <time>2026-08-13T07:37:24Z</time>
        <speed>4.332000</speed>
      </trkpt>
      <trkpt lat="59.434402194" lon="26.987647153">
        <ele>0.200</ele>
        <time>2026-08-13T07:37:26Z</time>
        <speed>5.071000</speed>
      </trkpt>
      <trkpt lat="59.434328265" lon="26.987535004">
        <ele>-0.200</ele>
        <time>2026-08-13T07:37:28Z</time>
        <speed>5.333000</speed>
      </trkpt>
      <trkpt lat="59.434287781" lon="26.987491418">
        <ele>-0.400</ele>
        <time>2026-08-13T07:37:29Z</time>
        <speed>5.052000</speed>
      </trkpt>
      <trkpt lat="59.434205554" lon="26.987421932">
        <ele>-0.200</ele>
        <time>2026-08-13T07:37:31Z</time>
        <speed>5.022000</speed>
      </trkpt>
      <trkpt lat="59.434083598" lon="26.987362420">
        <ele>0.200</ele>
        <time>2026-08-13T07:37:34Z</time>
        <speed>4.784000</speed>
      </trkpt>
      <trkpt lat="59.434043113" lon="26.987354541">
        <ele>0.200</ele>
        <time>2026-08-13T07:37:35Z</time>
        <speed>4.536000</speed>
      </trkpt>
      <trkpt lat="59.433895340" lon="26.987366360">
        <ele>1.000</ele>
        <time>2026-08-13T07:37:39Z</time>
        <speed>3.835000</speed>
      </trkpt>
      <trkpt lat="59.433860891" lon="26.987381866">
        <ele>1.200</ele>
        <time>2026-08-13T07:37:40Z</time>
        <speed>3.650000</speed>
      </trkpt>
      <trkpt lat="59.433768354" lon="26.987444479">
        <ele>2.000</ele>
        <time>2026-08-13T07:37:43Z</time>
        <speed>3.417000</speed>
      </trkpt>
      <trkpt lat="59.433656121" lon="26.987538105">
        <ele>2.400</ele>
        <time>2026-08-13T07:37:47Z</time>
        <speed>3.068000</speed>
      </trkpt>
      <trkpt lat="59.433554364" lon="26.987652518">
        <ele>3.000</ele>
        <time>2026-08-13T07:37:52Z</time>
        <speed>2.166000</speed>
      </trkpt>
      <trkpt lat="59.433539361" lon="26.987673054">
        <ele>3.000</ele>
        <time>2026-08-13T07:37:53Z</time>
        <speed>2.030000</speed>
      </trkpt>
      <trkpt lat="59.433507593" lon="26.987723261">
        <ele>3.600</ele>
        <time>2026-08-13T07:37:56Z</time>
        <speed>1.075000</speed>
      </trkpt>
      <trkpt lat="59.433491332" lon="26.987761818">
        <ele>3.400</ele>
        <time>2026-08-13T07:37:58Z</time>
        <speed>1.525000</speed>
      </trkpt>
      <trkpt lat="59.433438862" lon="26.987933228">
        <ele>2.800</ele>
        <time>2026-08-13T07:38:03Z</time>
        <speed>2.785000</speed>
      </trkpt>
      <trkpt lat="59.433368621" lon="26.988216033">
        <ele>1.800</ele>
        <time>2026-08-13T07:38:08Z</time>
        <speed>4.511000</speed>
      </trkpt>
      <trkpt lat="59.433330400" lon="26.988364393">
        <ele>1.000</ele>
        <time>2026-08-13T07:38:10Z</time>
        <speed>4.924000</speed>
      </trkpt>
      <trkpt lat="59.433311457" lon="26.988444440">
        <ele>0.600</ele>
        <time>2026-08-13T07:38:11Z</time>
        <speed>4.830000</speed>
      </trkpt>
      <trkpt lat="59.433295531" lon="26.988523649">
        <ele>0.600</ele>
        <time>2026-08-13T07:38:12Z</time>
        <speed>4.540000</speed>
      </trkpt>
      <trkpt lat="59.433266614" lon="26.988672847">
        <ele>0.800</ele>
        <time>2026-08-13T07:38:14Z</time>
        <speed>4.277000</speed>
      </trkpt>
      <trkpt lat="59.433155889" lon="26.989259580">
        <ele>1.200</ele>
        <time>2026-08-13T07:38:22Z</time>
        <speed>4.249000</speed>
      </trkpt>
      <trkpt lat="59.433020521" lon="26.989530316">
        <ele>1.200</ele>
        <time>2026-08-13T07:38:27Z</time>
        <speed>4.124000</speed>
      </trkpt>
      <trkpt lat="59.432955980" lon="26.989609189">
        <ele>1.800</ele>
        <time>2026-08-13T07:38:29Z</time>
        <speed>3.957000</speed>
      </trkpt>
      <trkpt lat="59.432795886" lon="26.989789903">
        <ele>2.800</ele>
        <time>2026-08-13T07:38:34Z</time>
        <speed>3.646000</speed>
      </trkpt>
      <trkpt lat="59.432728915" lon="26.989870705">
        <ele>2.800</ele>
        <time>2026-08-13T07:38:36Z</time>
        <speed>3.869000</speed>
      </trkpt>
      <trkpt lat="59.432525067" lon="26.990115624">
        <ele>3.000</ele>
        <time>2026-08-13T07:38:42Z</time>
        <speed>4.447000</speed>
      </trkpt>
      <trkpt lat="59.432492796" lon="26.990164993">
        <ele>3.000</ele>
        <time>2026-08-13T07:38:43Z</time>
        <speed>4.555000</speed>
      </trkpt>
      <trkpt lat="59.432336809" lon="26.990436902">
        <ele>2.800</ele>
        <time>2026-08-13T07:38:48Z</time>
        <speed>4.571000</speed>
      </trkpt>
      <trkpt lat="59.432254583" lon="26.990612503">
        <ele>2.800</ele>
        <time>2026-08-13T07:38:51Z</time>
        <speed>4.520000</speed>
      </trkpt>
      <trkpt lat="59.432142433" lon="26.990828672">
        <ele>3.000</ele>
        <time>2026-08-13T07:38:55Z</time>
        <speed>4.496000</speed>
      </trkpt>
      <trkpt lat="59.431914696" lon="26.991231088">
        <ele>3.400</ele>
        <time>2026-08-13T07:39:03Z</time>
        <speed>4.189000</speed>
      </trkpt>
      <trkpt lat="59.431761894" lon="26.991570638">
        <ele>3.600</ele>
        <time>2026-08-13T07:39:09Z</time>
        <speed>4.372000</speed>
      </trkpt>
      <trkpt lat="59.431619653" lon="26.991719501">
        <ele>3.200</ele>
        <time>2026-08-13T07:39:13Z</time>
        <speed>4.562000</speed>
      </trkpt>
      <trkpt lat="59.431577325" lon="26.991742719">
        <ele>3.200</ele>
        <time>2026-08-13T07:39:14Z</time>
        <speed>4.639000</speed>
      </trkpt>
      <trkpt lat="59.431295106" lon="26.991875740">
        <ele>3.600</ele>
        <time>2026-08-13T07:39:21Z</time>
        <speed>4.192000</speed>
      </trkpt>
      <trkpt lat="59.431066867" lon="26.991977077">
        <ele>2.800</ele>
        <time>2026-08-13T07:39:26Z</time>
        <speed>5.592000</speed>
      </trkpt>
      <trkpt lat="59.431014983" lon="26.992005575">
        <ele>2.400</ele>
        <time>2026-08-13T07:39:27Z</time>
        <speed>5.747000</speed>
      </trkpt>
      <trkpt lat="59.430965865" lon="26.992047234">
        <ele>2.000</ele>
        <time>2026-08-13T07:39:28Z</time>
        <speed>5.642000</speed>
      </trkpt>
      <trkpt lat="59.430895373" lon="26.992196096">
        <ele>2.000</ele>
        <time>2026-08-13T07:39:30Z</time>
        <speed>6.147000</speed>
      </trkpt>
      <trkpt lat="59.430877101" lon="26.992302630">
        <ele>1.800</ele>
        <time>2026-08-13T07:39:31Z</time>
        <speed>6.560000</speed>
      </trkpt>
      <trkpt lat="59.430874083" lon="26.992503125">
        <ele>0.600</ele>
        <time>2026-08-13T07:39:33Z</time>
        <speed>4.726000</speed>
      </trkpt>
      <trkpt lat="59.430964524" lon="26.992744189">
        <ele>0.200</ele>
        <time>2026-08-13T07:39:37Z</time>
        <speed>4.270000</speed>
      </trkpt>
      <trkpt lat="59.431109615" lon="26.992818620">
        <ele>-0.600</ele>
        <time>2026-08-13T07:39:41Z</time>
        <speed>4.007000</speed>
      </trkpt>
      <trkpt lat="59.431143561" lon="26.992835635">
        <ele>-0.600</ele>
        <time>2026-08-13T07:39:42Z</time>
        <speed>3.963000</speed>
      </trkpt>
      <trkpt lat="59.431361994" lon="26.992926830">
        <ele>-0.600</ele>
        <time>2026-08-13T07:39:48Z</time>
        <speed>4.352000</speed>
      </trkpt>
      <trkpt lat="59.431465007" lon="26.992957341">
        <ele>-0.400</ele>
        <time>2026-08-13T07:39:51Z</time>
        <speed>3.751000</speed>
      </trkpt>
      <trkpt lat="59.431522004" lon="26.992975613">
        <ele>0.200</ele>
        <time>2026-08-13T07:39:53Z</time>
        <speed>2.787000</speed>
      </trkpt>
      <trkpt lat="59.431544300" lon="26.992985168">
        <ele>0.800</ele>
        <time>2026-08-13T07:39:54Z</time>
        <speed>2.374000</speed>
      </trkpt>
      <trkpt lat="59.431666844" lon="26.993051050">
        <ele>1.400</ele>
        <time>2026-08-13T07:39:59Z</time>
        <speed>2.702000</speed>
      </trkpt>
      <trkpt lat="59.431892484" lon="26.993184993">
        <ele>-0.600</ele>
        <time>2026-08-13T07:40:07Z</time>
        <speed>4.080000</speed>
      </trkpt>
      <trkpt lat="59.432129189" lon="26.993361432">
        <ele>-0.800</ele>
        <time>2026-08-13T07:40:13Z</time>
        <speed>4.197000</speed>
      </trkpt>
      <trkpt lat="59.432346532" lon="26.993594784">
        <ele>-1.600</ele>
        <time>2026-08-13T07:40:19Z</time>
        <speed>4.250000</speed>
      </trkpt>
      <trkpt lat="59.432382239" lon="26.993636442">
        <ele>-1.800</ele>
        <time>2026-08-13T07:40:20Z</time>
        <speed>4.321000</speed>
      </trkpt>
      <trkpt lat="59.432627829" lon="26.993842721">
        <ele>-1.400</ele>
        <time>2026-08-13T07:40:27Z</time>
        <speed>4.261000</speed>
      </trkpt>
      <trkpt lat="59.432913149" lon="26.993891504">
        <ele>-1.800</ele>
        <time>2026-08-13T07:40:34Z</time>
        <speed>4.454000</speed>
      </trkpt>
      <trkpt lat="59.433119176" lon="26.993917068">
        <ele>-1.800</ele>
        <time>2026-08-13T07:40:39Z</time>
        <speed>4.557000</speed>
      </trkpt>
      <trkpt lat="59.433204755" lon="26.993920757">
        <ele>-1.600</ele>
        <time>2026-08-13T07:40:41Z</time>
        <speed>4.586000</speed>
      </trkpt>
      <trkpt lat="59.433538942" lon="26.993953697">
        <ele>-1.000</ele>
        <time>2026-08-13T07:40:50Z</time>
        <speed>3.195000</speed>
      </trkpt>
      <trkpt lat="59.433662072" lon="26.993972557">
        <ele>-0.600</ele>
        <time>2026-08-13T07:40:55Z</time>
        <speed>2.560000</speed>
      </trkpt>
      <trkpt lat="59.433747986" lon="26.994102728">
        <ele>-0.400</ele>
        <time>2026-08-13T07:41:00Z</time>
        <speed>1.625000</speed>
      </trkpt>
    </trkseg>
    <trkseg>
      <trkpt lat="59.432933852" lon="26.995801907">
        <ele>14.000</ele>
        <time>2026-08-13T07:43:51Z</time>
        <speed>1.380000</speed>
      </trkpt>
    </trkseg>
    <trkseg>
      <trkpt lat="59.432901498" lon="26.996049676">
        <ele>14.400</ele>
        <time>2026-08-13T07:44:22Z</time>
        <speed>1.892000</speed>
      </trkpt>
      <trkpt lat="59.432879956" lon="26.996218152">
        <ele>14.600</ele>
        <time>2026-08-13T07:44:26Z</time>
        <speed>2.574000</speed>
      </trkpt>
      <trkpt lat="59.432866629" lon="26.996320244">
        <ele>14.800</ele>
        <time>2026-08-13T07:44:28Z</time>
        <speed>2.768000</speed>
      </trkpt>
      <trkpt lat="59.432851877" lon="26.996466257">
        <ele>15.000</ele>
        <time>2026-08-13T07:44:31Z</time>
        <speed>2.540000</speed>
      </trkpt>
      <trkpt lat="59.432830168" lon="26.996578323">
        <ele>15.000</ele>
        <time>2026-08-13T07:44:34Z</time>
        <speed>1.372000</speed>
      </trkpt>
    </trkseg>
    <trkseg>
      <trkpt lat="59.432804016" lon="26.996636577">
        <ele>14.800</ele>
        <time>2026-08-13T07:45:48Z</time>
        <speed>1.382000</speed>
      </trkpt>
      <trkpt lat="59.432795383" lon="26.996669434">
        <ele>14.800</ele>
        <time>2026-08-13T07:45:49Z</time>
        <speed>1.821000</speed>
      </trkpt>
      <trkpt lat="59.432768309" lon="26.996777225">
        <ele>14.800</ele>
        <time>2026-08-13T07:45:52Z</time>
        <speed>2.293000</speed>
      </trkpt>
      <trkpt lat="59.432735033" lon="26.996927848">
        <ele>14.800</ele>
        <time>2026-08-13T07:45:55Z</time>
        <speed>2.869000</speed>
      </trkpt>
      <trkpt lat="59.432639144" lon="26.997180730">
        <ele>14.600</ele>
        <time>2026-08-13T07:46:00Z</time>
        <speed>3.383000</speed>
      </trkpt>
      <trkpt lat="59.432491371" lon="26.997492956">
        <ele>15.000</ele>
        <time>2026-08-13T07:46:06Z</time>
        <speed>3.712000</speed>
      </trkpt>
      <trkpt lat="59.432427250" lon="26.997667467">
        <ele>14.800</ele>
        <time>2026-08-13T07:46:10Z</time>
        <speed>2.317000</speed>
      </trkpt>
      <trkpt lat="59.432309987" lon="26.997938706">
        <ele>15.000</ele>
        <time>2026-08-13T07:46:16Z</time>
        <speed>2.774000</speed>
      </trkpt>
      <trkpt lat="59.432169842" lon="26.998315388">
        <ele>15.600</ele>
        <time>2026-08-13T07:46:24Z</time>
        <speed>2.535000</speed>
      </trkpt>
      <trkpt lat="59.431991894" lon="26.998777231">
        <ele>15.800</ele>
        <time>2026-08-13T07:46:33Z</time>
        <speed>3.444000</speed>
      </trkpt>
      <trkpt lat="59.431971190" lon="26.998831965">
        <ele>16.000</ele>
        <time>2026-08-13T07:46:34Z</time>
        <speed>3.517000</speed>
      </trkpt>
      <trkpt lat="59.431816628" lon="26.999273524">
        <ele>16.000</ele>
        <time>2026-08-13T07:46:42Z</time>
        <speed>3.567000</speed>
      </trkpt>
      <trkpt lat="59.431668352" lon="26.999678956">
        <ele>16.400</ele>
        <time>2026-08-13T07:46:49Z</time>
        <speed>3.542000</speed>
      </trkpt>
      <trkpt lat="59.431492332" lon="27.000148008">
        <ele>16.800</ele>
        <time>2026-08-13T07:46:58Z</time>
        <speed>3.388000</speed>
      </trkpt>
      <trkpt lat="59.431436844" lon="27.000301899">
        <ele>17.000</ele>
        <time>2026-08-13T07:47:01Z</time>
        <speed>3.373000</speed>
      </trkpt>
      <trkpt lat="59.431358306" lon="27.000488900">
        <ele>17.200</ele>
        <time>2026-08-13T07:47:05Z</time>
        <speed>3.354000</speed>
      </trkpt>
      <trkpt lat="59.431199385" lon="27.000902714">
        <ele>17.600</ele>
        <time>2026-08-13T07:47:13Z</time>
        <speed>3.718000</speed>
      </trkpt>
      <trkpt lat="59.431075584" lon="27.001217119">
        <ele>18.000</ele>
        <time>2026-08-13T07:47:19Z</time>
        <speed>3.675000</speed>
      </trkpt>
      <trkpt lat="59.431012133" lon="27.001381237">
        <ele>18.000</ele>
        <time>2026-08-13T07:47:22Z</time>
        <speed>3.923000</speed>
      </trkpt>
      <trkpt lat="59.430878442" lon="27.001735708">
        <ele>18.000</ele>
        <time>2026-08-13T07:47:28Z</time>
        <speed>4.393000</speed>
      </trkpt>
      <trkpt lat="59.430699656" lon="27.002226133">
        <ele>18.800</ele>
        <time>2026-08-13T07:47:36Z</time>
        <speed>4.140000</speed>
      </trkpt>
      <trkpt lat="59.430634528" lon="27.002397543">
        <ele>19.000</ele>
        <time>2026-08-13T07:47:39Z</time>
        <speed>3.947000</speed>
      </trkpt>
      <trkpt lat="59.430546602" lon="27.002614550">
        <ele>19.400</ele>
        <time>2026-08-13T07:47:43Z</time>
        <speed>3.711000</speed>
      </trkpt>
      <trkpt lat="59.430378294" lon="27.003079578">
        <ele>20.000</ele>
        <time>2026-08-13T07:47:51Z</time>
        <speed>4.192000</speed>
      </trkpt>
      <trkpt lat="59.430354070" lon="27.003133139">
        <ele>20.000</ele>
        <time>2026-08-13T07:47:52Z</time>
        <speed>4.045000</speed>
      </trkpt>
      <trkpt lat="59.430167405" lon="27.003610237">
        <ele>20.400</ele>
        <time>2026-08-13T07:48:00Z</time>
        <speed>4.159000</speed>
      </trkpt>
      <trkpt lat="59.429939250" lon="27.004038468">
        <ele>20.800</ele>
        <time>2026-08-13T07:48:08Z</time>
        <speed>4.177000</speed>
      </trkpt>
      <trkpt lat="59.429728193" lon="27.004226306">
        <ele>21.000</ele>
        <time>2026-08-13T07:48:14Z</time>
        <speed>4.245000</speed>
      </trkpt>
      <trkpt lat="59.429693995" lon="27.004252123">
        <ele>21.200</ele>
        <time>2026-08-13T07:48:15Z</time>
        <speed>4.231000</speed>
      </trkpt>
      <trkpt lat="59.429451590" lon="27.004434597">
        <ele>21.600</ele>
        <time>2026-08-13T07:48:22Z</time>
        <speed>4.035000</speed>
      </trkpt>
      <trkpt lat="59.429352097" lon="27.004519505">
        <ele>22.200</ele>
        <time>2026-08-13T07:48:25Z</time>
        <speed>4.264000</speed>
      </trkpt>
      <trkpt lat="59.429243384" lon="27.004598631">
        <ele>22.400</ele>
        <time>2026-08-13T07:48:28Z</time>
        <speed>4.166000</speed>
      </trkpt>
      <trkpt lat="59.428986311" lon="27.004769370">
        <ele>21.600</ele>
        <time>2026-08-13T07:48:35Z</time>
        <speed>4.473000</speed>
      </trkpt>
      <trkpt lat="59.428768298" lon="27.004927453">
        <ele>21.600</ele>
        <time>2026-08-13T07:48:41Z</time>
        <speed>4.426000</speed>
      </trkpt>
      <trkpt lat="59.428475183" lon="27.005173378">
        <ele>21.400</ele>
        <time>2026-08-13T07:48:49Z</time>
        <speed>4.198000</speed>
      </trkpt>
      <trkpt lat="59.428436542" lon="27.005197015">
        <ele>21.200</ele>
        <time>2026-08-13T07:48:50Z</time>
        <speed>4.419000</speed>
      </trkpt>
      <trkpt lat="59.428244764" lon="27.005351409">
        <ele>21.200</ele>
        <time>2026-08-13T07:48:55Z</time>
        <speed>4.539000</speed>
      </trkpt>
      <trkpt lat="59.428204531" lon="27.005375382">
        <ele>21.200</ele>
        <time>2026-08-13T07:48:56Z</time>
        <speed>4.776000</speed>
      </trkpt>
      <trkpt lat="59.427899346" lon="27.005630275">
        <ele>21.800</ele>
        <time>2026-08-13T07:49:04Z</time>
        <speed>4.224000</speed>
      </trkpt>
      <trkpt lat="59.427830698" lon="27.005696660">
        <ele>22.200</ele>
        <time>2026-08-13T07:49:06Z</time>
        <speed>4.069000</speed>
      </trkpt>
      <trkpt lat="59.427611092" lon="27.005843176">
        <ele>22.200</ele>
        <time>2026-08-13T07:49:12Z</time>
        <speed>4.503000</speed>
      </trkpt>
      <trkpt lat="59.427293250" lon="27.006077869">
        <ele>21.400</ele>
        <time>2026-08-13T07:49:20Z</time>
        <speed>4.814000</speed>
      </trkpt>
      <trkpt lat="59.426847417" lon="27.006447678">
        <ele>21.600</ele>
        <time>2026-08-13T07:49:31Z</time>
        <speed>4.753000</speed>
      </trkpt>
      <trkpt lat="59.426441481" lon="27.006767783">
        <ele>21.800</ele>
        <time>2026-08-13T07:49:41Z</time>
        <speed>5.059000</speed>
      </trkpt>
      <trkpt lat="59.426107630" lon="27.007030891">
        <ele>21.800</ele>
        <time>2026-08-13T07:49:49Z</time>
        <speed>5.084000</speed>
      </trkpt>
      <trkpt lat="59.425665820" lon="27.007390140">
        <ele>21.600</ele>
        <time>2026-08-13T07:49:59Z</time>
        <speed>5.450000</speed>
      </trkpt>
      <trkpt lat="59.425323587" lon="27.007654589">
        <ele>21.800</ele>
        <time>2026-08-13T07:50:07Z</time>
        <speed>5.006000</speed>
      </trkpt>
      <trkpt lat="59.425019240" lon="27.007885845">
        <ele>21.600</ele>
        <time>2026-08-13T07:50:14Z</time>
        <speed>5.275000</speed>
      </trkpt>
      <trkpt lat="59.424927710" lon="27.007955248">
        <ele>21.600</ele>
        <time>2026-08-13T07:50:16Z</time>
        <speed>5.301000</speed>
      </trkpt>
      <trkpt lat="59.424699638" lon="27.008137554">
        <ele>21.600</ele>
        <time>2026-08-13T07:50:21Z</time>
        <speed>5.452000</speed>
      </trkpt>
      <trkpt lat="59.424278531" lon="27.008472662">
        <ele>22.000</ele>
        <time>2026-08-13T07:50:30Z</time>
        <speed>5.593000</speed>
      </trkpt>
      <trkpt lat="59.424021123" lon="27.008683635">
        <ele>22.200</ele>
        <time>2026-08-13T07:50:36Z</time>
        <speed>5.280000</speed>
      </trkpt>
      <trkpt lat="59.423621809" lon="27.008993179">
        <ele>22.000</ele>
        <time>2026-08-13T07:50:45Z</time>
        <speed>5.367000</speed>
      </trkpt>
      <trkpt lat="59.423299022" lon="27.009243043">
        <ele>21.800</ele>
        <time>2026-08-13T07:50:52Z</time>
        <speed>5.514000</speed>
      </trkpt>
      <trkpt lat="59.422987383" lon="27.009476647">
        <ele>21.800</ele>
        <time>2026-08-13T07:50:59Z</time>
        <speed>5.524000</speed>
      </trkpt>
      <trkpt lat="59.422587482" lon="27.009794069">
        <ele>21.600</ele>
        <time>2026-08-13T07:51:08Z</time>
        <speed>5.491000</speed>
      </trkpt>
      <trkpt lat="59.422228904" lon="27.010091543">
        <ele>21.400</ele>
        <time>2026-08-13T07:51:16Z</time>
        <speed>5.187000</speed>
      </trkpt>
      <trkpt lat="59.421924893" lon="27.010314418">
        <ele>21.200</ele>
        <time>2026-08-13T07:51:23Z</time>
        <speed>5.176000</speed>
      </trkpt>
      <trkpt lat="59.421486687" lon="27.010660423">
        <ele>21.600</ele>
        <time>2026-08-13T07:51:33Z</time>
        <speed>5.532000</speed>
      </trkpt>
      <trkpt lat="59.421076644" lon="27.010975750">
        <ele>21.600</ele>
        <time>2026-08-13T07:51:42Z</time>
        <speed>5.331000</speed>
      </trkpt>
      <trkpt lat="59.420947060" lon="27.011084799">
        <ele>22.200</ele>
        <time>2026-08-13T07:51:45Z</time>
        <speed>5.146000</speed>
      </trkpt>
      <trkpt lat="59.420708260" lon="27.011284875">
        <ele>22.600</ele>
        <time>2026-08-13T07:51:51Z</time>
        <speed>4.671000</speed>
      </trkpt>
      <trkpt lat="59.420264019" lon="27.011629371">
        <ele>23.200</ele>
        <time>2026-08-13T07:52:02Z</time>
        <speed>4.737000</speed>
      </trkpt>
      <trkpt lat="59.420152372" lon="27.011705982">
        <ele>23.400</ele>
        <time>2026-08-13T07:52:05Z</time>
        <speed>4.156000</speed>
      </trkpt>
      <trkpt lat="59.420026978" lon="27.011847300">
        <ele>24.400</ele>
        <time>2026-08-13T07:52:09Z</time>
        <speed>4.123000</speed>
      </trkpt>
      <trkpt lat="59.419904854" lon="27.012137901">
        <ele>24.000</ele>
        <time>2026-08-13T07:52:14Z</time>
        <speed>4.204000</speed>
      </trkpt>
      <trkpt lat="59.419834949" lon="27.012321549">
        <ele>24.400</ele>
        <time>2026-08-13T07:52:17Z</time>
        <speed>4.261000</speed>
      </trkpt>
      <trkpt lat="59.419768983" lon="27.012503352">
        <ele>24.400</ele>
        <time>2026-08-13T07:52:20Z</time>
        <speed>4.105000</speed>
      </trkpt>
      <trkpt lat="59.419603357" lon="27.012922950">
        <ele>25.000</ele>
        <time>2026-08-13T07:52:27Z</time>
        <speed>4.194000</speed>
      </trkpt>
      <trkpt lat="59.419513755" lon="27.013089918">
        <ele>25.400</ele>
        <time>2026-08-13T07:52:31Z</time>
        <speed>2.582000</speed>
      </trkpt>
      <trkpt lat="59.419502523" lon="27.013109950">
        <ele>25.600</ele>
        <time>2026-08-13T07:52:32Z</time>
        <speed>1.655000</speed>
      </trkpt>
    </trkseg>
    <trkseg>
      <trkpt lat="59.419368077" lon="27.013378255">
        <ele>26.200</ele>
        <time>2026-08-13T07:55:27Z</time>
        <speed>1.722000</speed>
      </trkpt>
      <trkpt lat="59.419260034" lon="27.013514377">
        <ele>26.600</ele>
        <time>2026-08-13T07:55:33Z</time>
        <speed>2.510000</speed>
      </trkpt>
      <trkpt lat="59.419235308" lon="27.013527118">
        <ele>26.400</ele>
        <time>2026-08-13T07:55:34Z</time>
        <speed>2.867000</speed>
      </trkpt>
      <trkpt lat="59.419053420" lon="27.013659384">
        <ele>26.600</ele>
        <time>2026-08-13T07:55:42Z</time>
        <speed>2.726000</speed>
      </trkpt>
      <trkpt lat="59.418910006" lon="27.013864405">
        <ele>26.600</ele>
        <time>2026-08-13T07:55:48Z</time>
        <speed>2.961000</speed>
      </trkpt>
      <trkpt lat="59.418757455" lon="27.014113935">
        <ele>26.600</ele>
        <time>2026-08-13T07:55:55Z</time>
        <speed>2.909000</speed>
      </trkpt>
      <trkpt lat="59.418619992" lon="27.014323315">
        <ele>26.400</ele>
        <time>2026-08-13T07:56:01Z</time>
        <speed>3.535000</speed>
      </trkpt>
      <trkpt lat="59.418428633" lon="27.014537975">
        <ele>26.400</ele>
        <time>2026-08-13T07:56:08Z</time>
        <speed>3.379000</speed>
      </trkpt>
      <trkpt lat="59.418285470" lon="27.014729669">
        <ele>27.000</ele>
        <time>2026-08-13T07:56:14Z</time>
        <speed>2.989000</speed>
      </trkpt>
      <trkpt lat="59.418131830" lon="27.014856739">
        <ele>27.000</ele>
        <time>2026-08-13T07:56:19Z</time>
        <speed>4.036000</speed>
      </trkpt>
      <trkpt lat="59.417821700" lon="27.015079446">
        <ele>27.000</ele>
        <time>2026-08-13T07:56:27Z</time>
        <speed>4.846000</speed>
      </trkpt>
      <trkpt lat="59.417538475" lon="27.015263429">
        <ele>27.200</ele>
        <time>2026-08-13T07:56:34Z</time>
        <speed>4.353000</speed>
      </trkpt>
      <trkpt lat="59.417333119" lon="27.015422266">
        <ele>26.800</ele>
        <time>2026-08-13T07:56:40Z</time>
        <speed>4.308000</speed>
      </trkpt>
      <trkpt lat="59.417041093" lon="27.015609015">
        <ele>26.400</ele>
        <time>2026-08-13T07:56:47Z</time>
        <speed>4.873000</speed>
      </trkpt>
      <trkpt lat="59.416762898" lon="27.015806912">
        <ele>26.800</ele>
        <time>2026-08-13T07:56:54Z</time>
        <speed>4.638000</speed>
      </trkpt>
      <trkpt lat="59.416396357" lon="27.016066080">
        <ele>26.800</ele>
        <time>2026-08-13T07:57:03Z</time>
        <speed>4.786000</speed>
      </trkpt>
      <trkpt lat="59.416354029" lon="27.016091812">
        <ele>26.800</ele>
        <time>2026-08-13T07:57:04Z</time>
        <speed>4.811000</speed>
      </trkpt>
      <trkpt lat="59.416274820" lon="27.016159454">
        <ele>26.400</ele>
        <time>2026-08-13T07:57:06Z</time>
        <speed>4.786000</speed>
      </trkpt>
      <trkpt lat="59.416106343" lon="27.016314687">
        <ele>26.800</ele>
        <time>2026-08-13T07:57:10Z</time>
        <speed>5.348000</speed>
      </trkpt>
      <trkpt lat="59.415798225" lon="27.016520631">
        <ele>26.600</ele>
        <time>2026-08-13T07:57:17Z</time>
        <speed>4.710000</speed>
      </trkpt>
      <trkpt lat="59.415762769" lon="27.016559942">
        <ele>26.600</ele>
        <time>2026-08-13T07:57:18Z</time>
        <speed>4.574000</speed>
      </trkpt>
      <trkpt lat="59.415455824" lon="27.016830090">
        <ele>26.800</ele>
        <time>2026-08-13T07:57:26Z</time>
        <speed>4.762000</speed>
      </trkpt>
      <trkpt lat="59.415422296" lon="27.016883818">
        <ele>27.000</ele>
        <time>2026-08-13T07:57:27Z</time>
        <speed>4.794000</speed>
      </trkpt>
      <trkpt lat="59.415263040" lon="27.017162181">
        <ele>27.200</ele>
        <time>2026-08-13T07:57:32Z</time>
        <speed>4.624000</speed>
      </trkpt>
      <trkpt lat="59.415130522" lon="27.017432163">
        <ele>26.600</ele>
        <time>2026-08-13T07:57:37Z</time>
        <speed>4.202000</speed>
      </trkpt>
      <trkpt lat="59.415022731" lon="27.017774815">
        <ele>27.200</ele>
        <time>2026-08-13T07:57:43Z</time>
        <speed>3.742000</speed>
      </trkpt>
      <trkpt lat="59.414967578" lon="27.017947985">
        <ele>27.600</ele>
        <time>2026-08-13T07:57:46Z</time>
        <speed>3.898000</speed>
      </trkpt>
      <trkpt lat="59.414911503" lon="27.018216541">
        <ele>27.200</ele>
        <time>2026-08-13T07:57:50Z</time>
        <speed>4.201000</speed>
      </trkpt>
      <trkpt lat="59.414827852" lon="27.018796569">
        <ele>27.800</ele>
        <time>2026-08-13T07:57:58Z</time>
        <speed>4.103000</speed>
      </trkpt>
      <trkpt lat="59.414779488" lon="27.019244833">
        <ele>28.400</ele>
        <time>2026-08-13T07:58:04Z</time>
        <speed>4.105000</speed>
      </trkpt>
      <trkpt lat="59.414732382" lon="27.019658145">
        <ele>28.800</ele>
        <time>2026-08-13T07:58:10Z</time>
        <speed>3.897000</speed>
      </trkpt>
      <trkpt lat="59.414680414" lon="27.020091070">
        <ele>29.600</ele>
        <time>2026-08-13T07:58:17Z</time>
        <speed>3.358000</speed>
      </trkpt>
      <trkpt lat="59.414676391" lon="27.020149408">
        <ele>29.800</ele>
        <time>2026-08-13T07:58:18Z</time>
        <speed>3.208000</speed>
      </trkpt>
      <trkpt lat="59.414642695" lon="27.020416204">
        <ele>30.200</ele>
        <time>2026-08-13T07:58:23Z</time>
        <speed>2.740000</speed>
      </trkpt>
      <trkpt lat="59.414620735" lon="27.020597588">
        <ele>31.000</ele>
        <time>2026-08-13T07:58:27Z</time>
        <speed>2.254000</speed>
      </trkpt>
      <trkpt lat="59.414600199" lon="27.020724323">
        <ele>31.400</ele>
        <time>2026-08-13T07:58:30Z</time>
        <speed>2.158000</speed>
      </trkpt>
      <trkpt lat="59.414565833" lon="27.020968320">
        <ele>31.600</ele>
        <time>2026-08-13T07:58:36Z</time>
        <speed>2.139000</speed>
      </trkpt>
      <trkpt lat="59.414532222" lon="27.021118859">
        <ele>31.400</ele>
        <time>2026-08-13T07:58:40Z</time>
        <speed>2.110000</speed>
      </trkpt>
      <trkpt lat="59.414495425" lon="27.021480454">
        <ele>31.800</ele>
        <time>2026-08-13T07:58:47Z</time>
        <speed>1.731000</speed>
      </trkpt>
      <trkpt lat="59.414428538" lon="27.021862753">
        <ele>31.800</ele>
        <time>2026-08-13T07:58:53Z</time>
        <speed>2.610000</speed>
      </trkpt>
      <trkpt lat="59.414415462" lon="27.021929640">
        <ele>32.000</ele>
        <time>2026-08-13T07:58:54Z</time>
        <speed>2.460000</speed>
      </trkpt>
      <trkpt lat="59.414383527" lon="27.022159472">
        <ele>32.000</ele>
        <time>2026-08-13T07:58:58Z</time>
        <speed>2.011000</speed>
      </trkpt>
      <trkpt lat="59.414347485" lon="27.022466585">
        <ele>32.200</ele>
        <time>2026-08-13T07:59:03Z</time>
        <speed>2.836000</speed>
      </trkpt>
      <trkpt lat="59.414318735" lon="27.022646545">
        <ele>32.400</ele>
        <time>2026-08-13T07:59:06Z</time>
        <speed>2.547000</speed>
      </trkpt>
      <trkpt lat="59.414302390" lon="27.022763472">
        <ele>32.600</ele>
        <time>2026-08-13T07:59:08Z</time>
        <speed>1.972000</speed>
      </trkpt>
      <trkpt lat="59.414213039" lon="27.023011995">
        <ele>32.800</ele>
        <time>2026-08-13T07:59:13Z</time>
        <speed>1.554000</speed>
      </trkpt>
      <trkpt lat="59.414205914" lon="27.023292286">
        <ele>32.800</ele>
        <time>2026-08-13T07:59:17Z</time>
        <speed>2.510000</speed>
      </trkpt>
      <trkpt lat="59.414197868" lon="27.023342242">
        <ele>33.000</ele>
        <time>2026-08-13T07:59:18Z</time>
        <speed>2.031000</speed>
      </trkpt>
      <trkpt lat="59.414163586" lon="27.023631502">
        <ele>33.800</ele>
        <time>2026-08-13T07:59:22Z</time>
        <speed>1.301000</speed>
      </trkpt>
      <trkpt lat="59.414160233" lon="27.024003239">
        <ele>34.000</ele>
        <time>2026-08-13T07:59:28Z</time>
        <speed>2.084000</speed>
      </trkpt>
      <trkpt lat="59.414155791" lon="27.024061829">
        <ele>34.200</ele>
        <time>2026-08-13T07:59:29Z</time>
        <speed>2.037000</speed>
      </trkpt>
      <trkpt lat="59.414129136" lon="27.024322087">
        <ele>34.000</ele>
        <time>2026-08-13T07:59:34Z</time>
        <speed>2.423000</speed>
      </trkpt>
      <trkpt lat="59.414120503" lon="27.024376150">
        <ele>34.000</ele>
        <time>2026-08-13T07:59:35Z</time>
        <speed>2.585000</speed>
      </trkpt>
      <trkpt lat="59.414114552" lon="27.024734057">
        <ele>35.000</ele>
        <time>2026-08-13T07:59:40Z</time>
        <speed>2.493000</speed>
      </trkpt>
      <trkpt lat="59.414110864" lon="27.024885351">
        <ele>35.200</ele>
        <time>2026-08-13T07:59:42Z</time>
        <speed>2.121000</speed>
      </trkpt>
      <trkpt lat="59.414097955" lon="27.025045780">
        <ele>35.000</ele>
        <time>2026-08-13T07:59:44Z</time>
        <speed>2.137000</speed>
      </trkpt>
      <trkpt lat="59.414098877" lon="27.025114931">
        <ele>34.800</ele>
        <time>2026-08-13T07:59:45Z</time>
        <speed>1.950000</speed>
      </trkpt>
      <trkpt lat="59.414109942" lon="27.025172012">
        <ele>34.800</ele>
        <time>2026-08-13T07:59:46Z</time>
        <speed>2.460000</speed>
      </trkpt>
      <trkpt lat="59.414170375" lon="27.025408801">
        <ele>34.800</ele>
        <time>2026-08-13T07:59:50Z</time>
        <speed>3.010000</speed>
      </trkpt>
      <trkpt lat="59.414252350" lon="27.025716081">
        <ele>34.000</ele>
        <time>2026-08-13T07:59:55Z</time>
        <speed>3.224000</speed>
      </trkpt>
      <trkpt lat="59.414268443" lon="27.025774838">
        <ele>34.000</ele>
        <time>2026-08-13T07:59:56Z</time>
        <speed>3.182000</speed>
      </trkpt>
      <trkpt lat="59.414425185" lon="27.026251350">
        <ele>34.200</ele>
        <time>2026-08-13T08:00:04Z</time>
        <speed>4.089000</speed>
      </trkpt>
      <trkpt lat="59.414597852" lon="27.026533736">
        <ele>34.400</ele>
        <time>2026-08-13T08:00:10Z</time>
        <speed>4.089000</speed>
      </trkpt>
      <trkpt lat="59.414858194" lon="27.026900444">
        <ele>33.600</ele>
        <time>2026-08-13T08:00:18Z</time>
        <speed>4.566000</speed>
      </trkpt>
      <trkpt lat="59.415073106" lon="27.027264470">
        <ele>33.400</ele>
        <time>2026-08-13T08:00:25Z</time>
        <speed>4.324000</speed>
      </trkpt>
      <trkpt lat="59.415239906" lon="27.027509054">
        <ele>33.000</ele>
        <time>2026-08-13T08:00:30Z</time>
        <speed>4.583000</speed>
      </trkpt>
      <trkpt lat="59.415343003" lon="27.027666131">
        <ele>32.600</ele>
        <time>2026-08-13T08:00:33Z</time>
        <speed>4.707000</speed>
      </trkpt>
      <trkpt lat="59.415651960" lon="27.028132919">
        <ele>32.600</ele>
        <time>2026-08-13T08:00:42Z</time>
        <speed>4.905000</speed>
      </trkpt>
      <trkpt lat="59.415928647" lon="27.028527120">
        <ele>33.200</ele>
        <time>2026-08-13T08:00:50Z</time>
        <speed>4.279000</speed>
      </trkpt>
      <trkpt lat="59.416115144" lon="27.028798191">
        <ele>32.400</ele>
        <time>2026-08-13T08:00:56Z</time>
        <speed>3.904000</speed>
      </trkpt>
      <trkpt lat="59.416323602" lon="27.029093737">
        <ele>32.000</ele>
        <time>2026-08-13T08:01:02Z</time>
        <speed>4.763000</speed>
      </trkpt>
      <trkpt lat="59.416397363" lon="27.029188871">
        <ele>31.600</ele>
        <time>2026-08-13T08:01:04Z</time>
        <speed>4.734000</speed>
      </trkpt>
      <trkpt lat="59.416608419" lon="27.029533871">
        <ele>32.200</ele>
        <time>2026-08-13T08:01:11Z</time>
        <speed>3.709000</speed>
      </trkpt>
      <trkpt lat="59.416778907" lon="27.029835787">
        <ele>31.200</ele>
        <time>2026-08-13T08:01:17Z</time>
        <speed>4.326000</speed>
      </trkpt>
      <trkpt lat="59.416933972" lon="27.030139212">
        <ele>31.600</ele>
        <time>2026-08-13T08:01:23Z</time>
        <speed>3.213000</speed>
      </trkpt>
      <trkpt lat="59.416955011" lon="27.030194700">
        <ele>32.400</ele>
        <time>2026-08-13T08:01:27Z</time>
        <speed>0.000000</speed>
      </trkpt>
    </trkseg>
    <trkseg>
      <trkpt lat="59.416904300" lon="27.030132255">
        <ele>32.600</ele>
        <time>2026-08-13T08:01:48Z</time>
        <speed>2.331000</speed>
      </trkpt>
      <trkpt lat="59.416864738" lon="27.030049860">
        <ele>32.200</ele>
        <time>2026-08-13T08:01:50Z</time>
        <speed>2.885000</speed>
      </trkpt>
      <trkpt lat="59.416733058" lon="27.029820029">
        <ele>32.400</ele>
        <time>2026-08-13T08:01:57Z</time>
        <speed>2.096000</speed>
      </trkpt>
      <trkpt lat="59.416695256" lon="27.029911224">
        <ele>32.600</ele>
        <time>2026-08-13T08:02:01Z</time>
        <speed>1.749000</speed>
      </trkpt>
      <trkpt lat="59.416703889" lon="27.030013315">
        <ele>32.400</ele>
        <time>2026-08-13T08:02:03Z</time>
        <speed>2.760000</speed>
      </trkpt>
      <trkpt lat="59.416716211" lon="27.030212469">
        <ele>32.400</ele>
        <time>2026-08-13T08:02:06Z</time>
        <speed>3.548000</speed>
      </trkpt>
      <trkpt lat="59.416753007" lon="27.030706666">
        <ele>32.000</ele>
        <time>2026-08-13T08:02:13Z</time>
        <speed>3.991000</speed>
      </trkpt>
      <trkpt lat="59.416782763" lon="27.031250400">
        <ele>32.400</ele>
        <time>2026-08-13T08:02:20Z</time>
        <speed>4.638000</speed>
      </trkpt>
      <trkpt lat="59.416837832" lon="27.032016926">
        <ele>31.600</ele>
        <time>2026-08-13T08:02:29Z</time>
        <speed>5.178000</speed>
      </trkpt>
      <trkpt lat="59.416837078" lon="27.032108204">
        <ele>31.400</ele>
        <time>2026-08-13T08:02:30Z</time>
        <speed>5.164000</speed>
      </trkpt>
      <trkpt lat="59.416845711" lon="27.032380197">
        <ele>31.000</ele>
        <time>2026-08-13T08:02:33Z</time>
        <speed>5.174000</speed>
      </trkpt>
      <trkpt lat="59.416848561" lon="27.032563929">
        <ele>31.200</ele>
        <time>2026-08-13T08:02:35Z</time>
        <speed>5.165000</speed>
      </trkpt>
      <trkpt lat="59.416879825" lon="27.033243198">
        <ele>31.400</ele>
        <time>2026-08-13T08:02:43Z</time>
        <speed>4.610000</speed>
      </trkpt>
      <trkpt lat="59.416903881" lon="27.033490967">
        <ele>32.400</ele>
        <time>2026-08-13T08:02:46Z</time>
        <speed>4.776000</speed>
      </trkpt>
      <trkpt lat="59.416918885" lon="27.033752231">
        <ele>32.000</ele>
        <time>2026-08-13T08:02:49Z</time>
        <speed>4.941000</speed>
      </trkpt>
      <trkpt lat="59.416928021" lon="27.033905871">
        <ele>31.600</ele>
        <time>2026-08-13T08:02:51Z</time>
        <speed>4.412000</speed>
      </trkpt>
      <trkpt lat="59.416963561" lon="27.034548596">
        <ele>31.600</ele>
        <time>2026-08-13T08:02:59Z</time>
        <speed>4.706000</speed>
      </trkpt>
      <trkpt lat="59.416986695" lon="27.035336914">
        <ele>31.800</ele>
        <time>2026-08-13T08:03:09Z</time>
        <speed>4.468000</speed>
      </trkpt>
      <trkpt lat="59.417007565" lon="27.035826668">
        <ele>31.800</ele>
        <time>2026-08-13T08:03:16Z</time>
        <speed>3.682000</speed>
      </trkpt>
      <trkpt lat="59.417034891" lon="27.036270071">
        <ele>32.400</ele>
        <time>2026-08-13T08:03:23Z</time>
        <speed>3.584000</speed>
      </trkpt>
      <trkpt lat="59.417054169" lon="27.036832664">
        <ele>32.200</ele>
        <time>2026-08-13T08:03:32Z</time>
        <speed>3.459000</speed>
      </trkpt>
      <trkpt lat="59.417084679" lon="27.037296351">
        <ele>32.400</ele>
        <time>2026-08-13T08:03:39Z</time>
        <speed>3.908000</speed>
      </trkpt>
      <trkpt lat="59.417122817" lon="27.037956426">
        <ele>32.200</ele>
        <time>2026-08-13T08:03:49Z</time>
        <speed>3.868000</speed>
      </trkpt>
      <trkpt lat="59.417143436" lon="27.038487252">
        <ele>32.200</ele>
        <time>2026-08-13T08:03:57Z</time>
        <speed>3.952000</speed>
      </trkpt>
      <trkpt lat="59.417171767" lon="27.039161157">
        <ele>32.000</ele>
        <time>2026-08-13T08:04:07Z</time>
        <speed>3.892000</speed>
      </trkpt>
      <trkpt lat="59.417198170" lon="27.039677314">
        <ele>32.200</ele>
        <time>2026-08-13T08:04:15Z</time>
        <speed>3.724000</speed>
      </trkpt>
      <trkpt lat="59.417231865" lon="27.040349962">
        <ele>32.200</ele>
        <time>2026-08-13T08:04:25Z</time>
        <speed>3.987000</speed>
      </trkpt>
      <trkpt lat="59.417164391" lon="27.040643245">
        <ele>32.400</ele>
        <time>2026-08-13T08:04:30Z</time>
        <speed>3.576000</speed>
      </trkpt>
      <trkpt lat="59.417005219" lon="27.041054713">
        <ele>32.400</ele>
        <time>2026-08-13T08:04:38Z</time>
        <speed>3.554000</speed>
      </trkpt>
      <trkpt lat="59.416934056" lon="27.041357048">
        <ele>32.600</ele>
        <time>2026-08-13T08:04:45Z</time>
        <speed>1.741000</speed>
      </trkpt>
    </trkseg>
    <trkseg>
      <trkpt lat="59.416966746" lon="27.041443968">
        <ele>32.400</ele>
        <time>2026-08-13T08:05:23Z</time>
        <speed>1.521000</speed>
      </trkpt>
      <trkpt lat="59.417042183" lon="27.041546311">
        <ele>32.200</ele>
        <time>2026-08-13T08:05:28Z</time>
        <speed>1.502000</speed>
      </trkpt>
      <trkpt lat="59.417143436" lon="27.041687882">
        <ele>32.800</ele>
        <time>2026-08-13T08:05:33Z</time>
        <speed>3.134000</speed>
      </trkpt>
      <trkpt lat="59.417326832" lon="27.042050986">
        <ele>33.000</ele>
        <time>2026-08-13T08:05:41Z</time>
        <speed>3.349000</speed>
      </trkpt>
      <trkpt lat="59.417482400" lon="27.042551385">
        <ele>33.000</ele>
        <time>2026-08-13T08:05:50Z</time>
        <speed>3.660000</speed>
      </trkpt>
      <trkpt lat="59.417655487" lon="27.042926475">
        <ele>32.200</ele>
        <time>2026-08-13T08:05:58Z</time>
        <speed>3.504000</speed>
      </trkpt>
      <trkpt lat="59.417846091" lon="27.043133089">
        <ele>31.800</ele>
        <time>2026-08-13T08:06:05Z</time>
        <speed>3.538000</speed>
      </trkpt>
      <trkpt lat="59.418096626" lon="27.043337859">
        <ele>31.800</ele>
        <time>2026-08-13T08:06:13Z</time>
        <speed>3.891000</speed>
      </trkpt>
      <trkpt lat="59.418420168" lon="27.043600548">
        <ele>32.000</ele>
        <time>2026-08-13T08:06:23Z</time>
        <speed>3.828000</speed>
      </trkpt>
      <trkpt lat="59.418696770" lon="27.043816969">
        <ele>32.800</ele>
        <time>2026-08-13T08:06:32Z</time>
        <speed>3.715000</speed>
      </trkpt>
      <trkpt lat="59.418858457" lon="27.044037497">
        <ele>32.200</ele>
        <time>2026-08-13T08:06:38Z</time>
        <speed>3.902000</speed>
      </trkpt>
      <trkpt lat="59.418957699" lon="27.044362715">
        <ele>32.200</ele>
        <time>2026-08-13T08:06:44Z</time>
        <speed>3.511000</speed>
      </trkpt>
      <trkpt lat="59.419010086" lon="27.044866802">
        <ele>32.400</ele>
        <time>2026-08-13T08:06:52Z</time>
        <speed>3.816000</speed>
      </trkpt>
      <trkpt lat="59.419080662" lon="27.045290172">
        <ele>31.600</ele>
        <time>2026-08-13T08:06:59Z</time>
        <speed>3.589000</speed>
      </trkpt>
      <trkpt lat="59.419164481" lon="27.045668280">
        <ele>32.000</ele>
        <time>2026-08-13T08:07:06Z</time>
        <speed>3.217000</speed>
      </trkpt>
      <trkpt lat="59.419266824" lon="27.046064492">
        <ele>31.600</ele>
        <time>2026-08-13T08:07:13Z</time>
        <speed>3.603000</speed>
      </trkpt>
      <trkpt lat="59.419401605" lon="27.046595402">
        <ele>32.400</ele>
        <time>2026-08-13T08:07:22Z</time>
        <speed>3.726000</speed>
      </trkpt>
      <trkpt lat="59.419503864" lon="27.047134778">
        <ele>31.800</ele>
        <time>2026-08-13T08:07:31Z</time>
        <speed>3.605000</speed>
      </trkpt>
      <trkpt lat="59.419575278" lon="27.047585975">
        <ele>31.800</ele>
        <time>2026-08-13T08:07:39Z</time>
        <speed>3.666000</speed>
      </trkpt>
      <trkpt lat="59.419714333" lon="27.047991492">
        <ele>31.600</ele>
        <time>2026-08-13T08:07:46Z</time>
        <speed>3.935000</speed>
      </trkpt>
      <trkpt lat="59.419754399" lon="27.048099702">
        <ele>31.400</ele>
        <time>2026-08-13T08:07:48Z</time>
        <speed>3.785000</speed>
      </trkpt>
      <trkpt lat="59.419846851" lon="27.048390722">
        <ele>31.400</ele>
        <time>2026-08-13T08:07:53Z</time>
        <speed>3.990000</speed>
      </trkpt>
      <trkpt lat="59.419979453" lon="27.048868071">
        <ele>31.200</ele>
        <time>2026-08-13T08:08:01Z</time>
        <speed>3.607000</speed>
      </trkpt>
      <trkpt lat="59.420041647" lon="27.049276605">
        <ele>31.000</ele>
        <time>2026-08-13T08:08:07Z</time>
        <speed>4.037000</speed>
      </trkpt>
      <trkpt lat="59.420089843" lon="27.049806006">
        <ele>31.200</ele>
        <time>2026-08-13T08:08:15Z</time>
        <speed>3.701000</speed>
      </trkpt>
      <trkpt lat="59.420138877" lon="27.050323924">
        <ele>31.600</ele>
        <time>2026-08-13T08:08:23Z</time>
        <speed>3.539000</speed>
      </trkpt>
      <trkpt lat="59.420184810" lon="27.050820133">
        <ele>31.800</ele>
        <time>2026-08-13T08:08:31Z</time>
        <speed>3.574000</speed>
      </trkpt>
      <trkpt lat="59.420243399" lon="27.051426815">
        <ele>32.200</ele>
        <time>2026-08-13T08:08:41Z</time>
        <speed>3.465000</speed>
      </trkpt>
      <trkpt lat="59.420254631" lon="27.051542988">
        <ele>32.400</ele>
        <time>2026-08-13T08:08:43Z</time>
        <speed>3.399000</speed>
      </trkpt>
      <trkpt lat="59.420296205" lon="27.051941296">
        <ele>32.800</ele>
        <time>2026-08-13T08:08:50Z</time>
        <speed>3.415000</speed>
      </trkpt>
      <trkpt lat="59.420340545" lon="27.052408000">
        <ele>32.800</ele>
        <time>2026-08-13T08:08:58Z</time>
        <speed>3.304000</speed>
      </trkpt>
      <trkpt lat="59.420363847" lon="27.052635318">
        <ele>33.400</ele>
        <time>2026-08-13T08:09:02Z</time>
        <speed>3.381000</speed>
      </trkpt>
      <trkpt lat="59.420397542" lon="27.052938240">
        <ele>33.200</ele>
        <time>2026-08-13T08:09:07Z</time>
        <speed>3.544000</speed>
      </trkpt>
      <trkpt lat="59.420441296" lon="27.053410225">
        <ele>33.000</ele>
        <time>2026-08-13T08:09:15Z</time>
        <speed>3.506000</speed>
      </trkpt>
      <trkpt lat="59.420478595" lon="27.053767461">
        <ele>33.200</ele>
        <time>2026-08-13T08:09:21Z</time>
        <speed>3.346000</speed>
      </trkpt>
      <trkpt lat="59.420515811" lon="27.054141546">
        <ele>32.800</ele>
        <time>2026-08-13T08:09:28Z</time>
        <speed>3.124000</speed>
      </trkpt>
      <trkpt lat="59.420564007" lon="27.054570112">
        <ele>33.600</ele>
        <time>2026-08-13T08:09:36Z</time>
        <speed>3.088000</speed>
      </trkpt>
      <trkpt lat="59.420596948" lon="27.054898599">
        <ele>34.000</ele>
        <time>2026-08-13T08:09:42Z</time>
        <speed>3.172000</speed>
      </trkpt>
      <trkpt lat="59.420655621" lon="27.055427330">
        <ele>34.400</ele>
        <time>2026-08-13T08:09:51Z</time>
        <speed>3.467000</speed>
      </trkpt>
      <trkpt lat="59.420684455" lon="27.055787919">
        <ele>34.400</ele>
        <time>2026-08-13T08:09:57Z</time>
        <speed>3.534000</speed>
      </trkpt>
      <trkpt lat="59.420730220" lon="27.056357721">
        <ele>34.000</ele>
        <time>2026-08-13T08:10:06Z</time>
        <speed>3.678000</speed>
      </trkpt>
      <trkpt lat="59.420790486" lon="27.056789221">
        <ele>34.000</ele>
        <time>2026-08-13T08:10:13Z</time>
        <speed>3.613000</speed>
      </trkpt>
      <trkpt lat="59.420839436" lon="27.057221392">
        <ele>34.200</ele>
        <time>2026-08-13T08:10:20Z</time>
        <speed>3.687000</speed>
      </trkpt>
      <trkpt lat="59.420872629" lon="27.057637302">
        <ele>34.200</ele>
        <time>2026-08-13T08:10:27Z</time>
        <speed>3.108000</speed>
      </trkpt>
      <trkpt lat="59.420891488" lon="27.057732604">
        <ele>34.600</ele>
        <time>2026-08-13T08:10:29Z</time>
        <speed>2.817000</speed>
      </trkpt>
      <trkpt lat="59.420908336" lon="27.057904685">
        <ele>34.400</ele>
        <time>2026-08-13T08:10:32Z</time>
        <speed>3.327000</speed>
      </trkpt>
      <trkpt lat="59.420932140" lon="27.058325373">
        <ele>34.600</ele>
        <time>2026-08-13T08:10:39Z</time>
        <speed>3.523000</speed>
      </trkpt>
      <trkpt lat="59.420958292" lon="27.058738433">
        <ele>34.400</ele>
        <time>2026-08-13T08:10:46Z</time>
        <speed>3.393000</speed>
      </trkpt>
      <trkpt lat="59.420991819" lon="27.059330028">
        <ele>35.200</ele>
        <time>2026-08-13T08:10:56Z</time>
        <speed>3.573000</speed>
      </trkpt>
      <trkpt lat="59.421025431" lon="27.059873426">
        <ele>35.200</ele>
        <time>2026-08-13T08:11:05Z</time>
        <speed>3.369000</speed>
      </trkpt>
      <trkpt lat="59.421077482" lon="27.060522940">
        <ele>35.400</ele>
        <time>2026-08-13T08:11:16Z</time>
        <speed>3.517000</speed>
      </trkpt>
      <trkpt lat="59.421081003" lon="27.060582619">
        <ele>35.600</ele>
        <time>2026-08-13T08:11:17Z</time>
        <speed>3.458000</speed>
      </trkpt>
      <trkpt lat="59.421122074" lon="27.061078744">
        <ele>35.800</ele>
        <time>2026-08-13T08:11:25Z</time>
        <speed>3.666000</speed>
      </trkpt>
      <trkpt lat="59.421153422" lon="27.061413182">
        <ele>35.800</ele>
        <time>2026-08-13T08:11:31Z</time>
        <speed>3.144000</speed>
      </trkpt>
      <trkpt lat="59.421170354" lon="27.061790954">
        <ele>36.000</ele>
        <time>2026-08-13T08:11:38Z</time>
        <speed>2.834000</speed>
      </trkpt>
      <trkpt lat="59.421166414" lon="27.061961358">
        <ele>36.000</ele>
        <time>2026-08-13T08:11:44Z</time>
        <speed>1.338000</speed>
      </trkpt>
      <trkpt lat="59.421131546" lon="27.062165793">
        <ele>36.000</ele>
        <time>2026-08-13T08:11:49Z</time>
        <speed>3.005000</speed>
      </trkpt>
      <trkpt lat="59.420984779" lon="27.062309124">
        <ele>35.600</ele>
        <time>2026-08-13T08:11:54Z</time>
        <speed>4.118000</speed>
      </trkpt>
      <trkpt lat="59.420847818" lon="27.062529065">
        <ele>35.400</ele>
        <time>2026-08-13T08:11:59Z</time>
        <speed>3.687000</speed>
      </trkpt>
      <trkpt lat="59.420720916" lon="27.062821425">
        <ele>36.400</ele>
        <time>2026-08-13T08:12:06Z</time>
        <speed>3.089000</speed>
      </trkpt>
      <trkpt lat="59.420553111" lon="27.063054526">
        <ele>36.600</ele>
        <time>2026-08-13T08:12:13Z</time>
        <speed>3.120000</speed>
      </trkpt>
      <trkpt lat="59.420536431" lon="27.063084114">
        <ele>36.600</ele>
        <time>2026-08-13T08:12:14Z</time>
        <speed>2.684000</speed>
      </trkpt>
      <trkpt lat="59.420527043" lon="27.063139100">
        <ele>37.000</ele>
        <time>2026-08-13T08:12:16Z</time>
        <speed>1.768000</speed>
      </trkpt>
      <trkpt lat="59.420529054" lon="27.063191235">
        <ele>37.200</ele>
        <time>2026-08-13T08:12:18Z</time>
        <speed>1.261000</speed>
      </trkpt>
      <trkpt lat="59.420575825" lon="27.063246304">
        <ele>37.000</ele>
        <time>2026-08-13T08:12:22Z</time>
        <speed>1.899000</speed>
      </trkpt>
      <trkpt lat="59.420594350" lon="27.063253010">
        <ele>36.600</ele>
        <time>2026-08-13T08:12:23Z</time>
        <speed>2.046000</speed>
      </trkpt>
      <trkpt lat="59.420627290" lon="27.063261392">
        <ele>36.600</ele>
        <time>2026-08-13T08:12:25Z</time>
        <speed>1.949000</speed>
      </trkpt>
      <trkpt lat="59.420661908" lon="27.063273713">
        <ele>37.200</ele>
        <time>2026-08-13T08:12:28Z</time>
        <speed>1.061000</speed>
      </trkpt>
    </trkseg>
    <trkseg>
      <trkpt lat="59.420706332" lon="27.063294835">
        <ele>37.000</ele>
        <time>2026-08-13T08:13:00Z</time>
        <speed>1.883000</speed>
      </trkpt>
      <trkpt lat="59.420726784" lon="27.063310258">
        <ele>36.800</ele>
        <time>2026-08-13T08:13:01Z</time>
        <speed>2.340000</speed>
      </trkpt>
      <trkpt lat="59.420908587" lon="27.063405644">
        <ele>37.400</ele>
        <time>2026-08-13T08:13:08Z</time>
        <speed>3.226000</speed>
      </trkpt>
      <trkpt lat="59.421193572" lon="27.063534977">
        <ele>37.000</ele>
        <time>2026-08-13T08:13:17Z</time>
        <speed>3.773000</speed>
      </trkpt>
      <trkpt lat="59.421548797" lon="27.063722983">
        <ele>36.400</ele>
        <time>2026-08-13T08:13:27Z</time>
        <speed>4.260000</speed>
      </trkpt>
      <trkpt lat="59.421847025" lon="27.063878551">
        <ele>36.600</ele>
        <time>2026-08-13T08:13:35Z</time>
        <speed>4.129000</speed>
      </trkpt>
      <trkpt lat="59.422123963" lon="27.064022468">
        <ele>36.000</ele>
        <time>2026-08-13T08:13:42Z</time>
        <speed>4.627000</speed>
      </trkpt>
      <trkpt lat="59.422355890" lon="27.064134618">
        <ele>36.400</ele>
        <time>2026-08-13T08:13:48Z</time>
        <speed>4.347000</speed>
      </trkpt>
      <trkpt lat="59.422628637" lon="27.064251546">
        <ele>35.400</ele>
        <time>2026-08-13T08:13:55Z</time>
        <speed>4.296000</speed>
      </trkpt>
      <trkpt lat="59.422737267" lon="27.064337796">
        <ele>35.800</ele>
        <time>2026-08-13T08:13:58Z</time>
        <speed>4.495000</speed>
      </trkpt>
      <trkpt lat="59.422980929" lon="27.064598640">
        <ele>35.200</ele>
        <time>2026-08-13T08:14:05Z</time>
        <speed>4.174000</speed>
      </trkpt>
      <trkpt lat="59.423222160" lon="27.064883793">
        <ele>36.000</ele>
        <time>2026-08-13T08:14:13Z</time>
        <speed>4.053000</speed>
      </trkpt>
      <trkpt lat="59.423446879" lon="27.065114127">
        <ele>35.600</ele>
        <time>2026-08-13T08:14:20Z</time>
        <speed>4.205000</speed>
      </trkpt>
      <trkpt lat="59.423605967" lon="27.065327195">
        <ele>36.400</ele>
        <time>2026-08-13T08:14:25Z</time>
        <speed>4.274000</speed>
      </trkpt>
      <trkpt lat="59.423663635" lon="27.065425180">
        <ele>36.200</ele>
        <time>2026-08-13T08:14:27Z</time>
        <speed>4.306000</speed>
      </trkpt>
      <trkpt lat="59.423890784" lon="27.065792056">
        <ele>36.200</ele>
        <time>2026-08-13T08:14:35Z</time>
        <speed>3.879000</speed>
      </trkpt>
      <trkpt lat="59.424168142" lon="27.066284828">
        <ele>36.000</ele>
        <time>2026-08-13T08:14:45Z</time>
        <speed>4.145000</speed>
      </trkpt>
      <trkpt lat="59.424389591" lon="27.066656314">
        <ele>36.200</ele>
        <time>2026-08-13T08:14:53Z</time>
        <speed>3.808000</speed>
      </trkpt>
      <trkpt lat="59.424579190" lon="27.066964936">
        <ele>36.200</ele>
        <time>2026-08-13T08:15:00Z</time>
        <speed>3.933000</speed>
      </trkpt>
      <trkpt lat="59.424824445" lon="27.067353437">
        <ele>36.600</ele>
        <time>2026-08-13T08:15:09Z</time>
        <speed>3.709000</speed>
      </trkpt>
      <trkpt lat="59.424950257" lon="27.067570947">
        <ele>37.400</ele>
        <time>2026-08-13T08:15:14Z</time>
        <speed>3.586000</speed>
      </trkpt>
      <trkpt lat="59.424999291" lon="27.067708662">
        <ele>37.400</ele>
        <time>2026-08-13T08:15:17Z</time>
        <speed>2.933000</speed>
      </trkpt>
      <trkpt lat="59.425011780" lon="27.068002950">
        <ele>38.600</ele>
        <time>2026-08-13T08:15:23Z</time>
        <speed>2.812000</speed>
      </trkpt>
      <trkpt lat="59.425008511" lon="27.068098756">
        <ele>38.800</ele>
        <time>2026-08-13T08:15:25Z</time>
        <speed>2.637000</speed>
      </trkpt>
      <trkpt lat="59.424965093" lon="27.068290785">
        <ele>39.800</ele>
        <time>2026-08-13T08:15:30Z</time>
        <speed>2.301000</speed>
      </trkpt>
      <trkpt lat="59.424865013" lon="27.068482060">
        <ele>40.000</ele>
        <time>2026-08-13T08:15:36Z</time>
        <speed>2.637000</speed>
      </trkpt>
      <trkpt lat="59.424737692" lon="27.068704767">
        <ele>40.200</ele>
        <time>2026-08-13T08:15:43Z</time>
        <speed>2.495000</speed>
      </trkpt>
      <trkpt lat="59.424623027" lon="27.068942813">
        <ele>40.800</ele>
        <time>2026-08-13T08:15:50Z</time>
        <speed>2.643000</speed>
      </trkpt>
      <trkpt lat="59.424604755" lon="27.068971144">
        <ele>40.800</ele>
        <time>2026-08-13T08:15:51Z</time>
        <speed>2.580000</speed>
      </trkpt>
      <trkpt lat="59.424550859" lon="27.069101483">
        <ele>41.600</ele>
        <time>2026-08-13T08:15:58Z</time>
        <speed>0.422000</speed>
      </trkpt>
    </trkseg>
    <trkseg>
      <trkpt lat="59.424290098" lon="27.069692910">
        <ele>44.000</ele>
        <time>2026-08-13T08:16:38Z</time>
        <speed>1.378000</speed>
      </trkpt>
      <trkpt lat="59.424267216" lon="27.069747224">
        <ele>44.000</ele>
        <time>2026-08-13T08:16:41Z</time>
        <speed>1.329000</speed>
      </trkpt>
    </trkseg>
    <trkseg>
      <trkpt lat="59.424195383" lon="27.069889046">
        <ele>44.200</ele>
        <time>2026-08-13T08:17:29Z</time>
        <speed>1.834000</speed>
      </trkpt>
      <trkpt lat="59.424079629" lon="27.070107646">
        <ele>44.400</ele>
        <time>2026-08-13T08:17:36Z</time>
        <speed>2.913000</speed>
      </trkpt>
      <trkpt lat="59.423945099" lon="27.070349799">
        <ele>45.000</ele>
        <time>2026-08-13T08:17:43Z</time>
        <speed>2.937000</speed>
      </trkpt>
      <trkpt lat="59.423923390" lon="27.070385423">
        <ele>45.400</ele>
        <time>2026-08-13T08:17:44Z</time>
        <speed>3.043000</speed>
      </trkpt>
      <trkpt lat="59.423770504" lon="27.070683483">
        <ele>45.200</ele>
        <time>2026-08-13T08:17:52Z</time>
        <speed>3.243000</speed>
      </trkpt>
      <trkpt lat="59.423634969" lon="27.071014317">
        <ele>46.000</ele>
        <time>2026-08-13T08:18:00Z</time>
        <speed>2.740000</speed>
      </trkpt>
      <trkpt lat="59.423622061" lon="27.071054718">
        <ele>46.200</ele>
        <time>2026-08-13T08:18:01Z</time>
        <speed>2.754000</speed>
      </trkpt>
      <trkpt lat="59.423517454" lon="27.071441542">
        <ele>46.400</ele>
        <time>2026-08-13T08:18:10Z</time>
        <speed>2.706000</speed>
      </trkpt>
      <trkpt lat="59.423524830" lon="27.071754355">
        <ele>46.400</ele>
        <time>2026-08-13T08:18:16Z</time>
        <speed>3.082000</speed>
      </trkpt>
      <trkpt lat="59.423547378" lon="27.072052918">
        <ele>46.000</ele>
        <time>2026-08-13T08:18:22Z</time>
        <speed>2.865000</speed>
      </trkpt>
      <trkpt lat="59.423615355" lon="27.072320301">
        <ele>46.200</ele>
        <time>2026-08-13T08:18:27Z</time>
        <speed>3.452000</speed>
      </trkpt>
      <trkpt lat="59.423721135" lon="27.072817180">
        <ele>46.600</ele>
        <time>2026-08-13T08:18:36Z</time>
        <speed>3.185000</speed>
      </trkpt>
      <trkpt lat="59.423761787" lon="27.073015496">
        <ele>47.200</ele>
        <time>2026-08-13T08:18:40Z</time>
        <speed>3.168000</speed>
      </trkpt>
      <trkpt lat="59.423805876" lon="27.073221859">
        <ele>47.400</ele>
        <time>2026-08-13T08:18:44Z</time>
        <speed>3.176000</speed>
      </trkpt>
      <trkpt lat="59.423925234" lon="27.073776573">
        <ele>47.200</ele>
        <time>2026-08-13T08:18:54Z</time>
        <speed>3.502000</speed>
      </trkpt>
      <trkpt lat="59.424051885" lon="27.074395744">
        <ele>48.000</ele>
        <time>2026-08-13T08:19:05Z</time>
        <speed>3.371000</speed>
      </trkpt>
      <trkpt lat="59.424137212" lon="27.074770080">
        <ele>48.000</ele>
        <time>2026-08-13T08:19:12Z</time>
        <speed>3.032000</speed>
      </trkpt>
      <trkpt lat="59.424182139" lon="27.075044336">
        <ele>48.400</ele>
        <time>2026-08-13T08:19:17Z</time>
        <speed>3.144000</speed>
      </trkpt>
      <trkpt lat="59.424196053" lon="27.075151708">
        <ele>48.400</ele>
        <time>2026-08-13T08:19:19Z</time>
        <speed>3.122000</speed>
      </trkpt>
      <trkpt lat="59.424274340" lon="27.075508609">
        <ele>48.600</ele>
        <time>2026-08-13T08:19:26Z</time>
        <speed>3.217000</speed>
      </trkpt>
      <trkpt lat="59.424415911" lon="27.075944720">
        <ele>49.000</ele>
        <time>2026-08-13T08:19:35Z</time>
        <speed>2.951000</speed>
      </trkpt>
      <trkpt lat="59.424431166" lon="27.076297263">
        <ele>48.800</ele>
        <time>2026-08-13T08:19:41Z</time>
        <speed>3.352000</speed>
      </trkpt>
      <trkpt lat="59.424374001" lon="27.076643687">
        <ele>49.000</ele>
        <time>2026-08-13T08:19:47Z</time>
        <speed>3.395000</speed>
      </trkpt>
      <trkpt lat="59.424389005" lon="27.076892965">
        <ele>49.200</ele>
        <time>2026-08-13T08:19:52Z</time>
        <speed>2.833000</speed>
      </trkpt>
      <trkpt lat="59.424494701" lon="27.077202005">
        <ele>48.800</ele>
        <time>2026-08-13T08:19:59Z</time>
        <speed>2.957000</speed>
      </trkpt>
      <trkpt lat="59.424549686" lon="27.077601487">
        <ele>48.400</ele>
        <time>2026-08-13T08:20:06Z</time>
        <speed>3.240000</speed>
      </trkpt>
      <trkpt lat="59.424547506" lon="27.077865433">
        <ele>49.000</ele>
        <time>2026-08-13T08:20:12Z</time>
        <speed>2.343000</speed>
      </trkpt>
      <trkpt lat="59.424516410" lon="27.078161817">
        <ele>49.200</ele>
        <time>2026-08-13T08:20:18Z</time>
        <speed>3.288000</speed>
      </trkpt>
      <trkpt lat="59.424468465" lon="27.078424506">
        <ele>49.200</ele>
        <time>2026-08-13T08:20:23Z</time>
        <speed>3.152000</speed>
      </trkpt>
      <trkpt lat="59.424466537" lon="27.078807307">
        <ele>49.400</ele>
        <time>2026-08-13T08:20:30Z</time>
        <speed>3.074000</speed>
      </trkpt>
      <trkpt lat="59.424473159" lon="27.079075864">
        <ele>49.800</ele>
        <time>2026-08-13T08:20:36Z</time>
        <speed>2.548000</speed>
      </trkpt>
      <trkpt lat="59.424477266" lon="27.079123305">
        <ele>49.600</ele>
        <time>2026-08-13T08:20:37Z</time>
        <speed>2.594000</speed>
      </trkpt>
      <trkpt lat="59.424506184" lon="27.079274515">
        <ele>49.600</ele>
        <time>2026-08-13T08:20:40Z</time>
        <speed>3.000000</speed>
      </trkpt>
      <trkpt lat="59.424515823" lon="27.079380546">
        <ele>49.800</ele>
        <time>2026-08-13T08:20:42Z</time>
        <speed>3.019000</speed>
      </trkpt>
      <trkpt lat="59.424575251" lon="27.079815064">
        <ele>49.200</ele>
        <time>2026-08-13T08:20:50Z</time>
        <speed>3.010000</speed>
      </trkpt>
      <trkpt lat="59.424613304" lon="27.079876503">
        <ele>49.600</ele>
        <time>2026-08-13T08:20:53Z</time>
        <speed>1.290000</speed>
      </trkpt>
      <trkpt lat="59.424638199" lon="27.079860577">
        <ele>49.200</ele>
        <time>2026-08-13T08:20:54Z</time>
        <speed>2.271000</speed>
      </trkpt>
      <trkpt lat="59.424817488" lon="27.079755552">
        <ele>49.800</ele>
        <time>2026-08-13T08:21:01Z</time>
        <speed>3.003000</speed>
      </trkpt>
      <trkpt lat="59.425029131" lon="27.079596380">
        <ele>49.400</ele>
        <time>2026-08-13T08:21:09Z</time>
        <speed>3.129000</speed>
      </trkpt>
      <trkpt lat="59.425165420" lon="27.079482805">
        <ele>49.600</ele>
        <time>2026-08-13T08:21:14Z</time>
        <speed>3.394000</speed>
      </trkpt>
      <trkpt lat="59.425358120" lon="27.079327237">
        <ele>48.400</ele>
        <time>2026-08-13T08:21:20Z</time>
        <speed>4.266000</speed>
      </trkpt>
      <trkpt lat="59.425399778" lon="27.079304438">
        <ele>48.400</ele>
        <time>2026-08-13T08:21:21Z</time>
        <speed>4.623000</speed>
      </trkpt>
      <trkpt lat="59.425489129" lon="27.079266384">
        <ele>47.800</ele>
        <time>2026-08-13T08:21:23Z</time>
        <speed>5.095000</speed>
      </trkpt>
      <trkpt lat="59.425538667" lon="27.079258338">
        <ele>47.200</ele>
        <time>2026-08-13T08:21:24Z</time>
        <speed>5.338000</speed>
      </trkpt>
      <trkpt lat="59.425636232" lon="27.079270743">
        <ele>46.200</ele>
        <time>2026-08-13T08:21:26Z</time>
        <speed>5.405000</speed>
      </trkpt>
      <trkpt lat="59.425681410" lon="27.079281723">
        <ele>45.800</ele>
        <time>2026-08-13T08:21:27Z</time>
        <speed>5.203000</speed>
      </trkpt>
      <trkpt lat="59.425805546" lon="27.079339642">
        <ele>45.400</ele>
        <time>2026-08-13T08:21:30Z</time>
        <speed>4.655000</speed>
      </trkpt>
      <trkpt lat="59.425873691" lon="27.079384569">
        <ele>45.800</ele>
        <time>2026-08-13T08:21:32Z</time>
        <speed>3.873000</speed>
      </trkpt>
      <trkpt lat="59.425971676" lon="27.079582298">
        <ele>46.600</ele>
        <time>2026-08-13T08:21:36Z</time>
        <speed>3.817000</speed>
      </trkpt>
      <trkpt lat="59.425984751" lon="27.079718336">
        <ele>46.800</ele>
        <time>2026-08-13T08:21:38Z</time>
        <speed>3.714000</speed>
      </trkpt>
      <trkpt lat="59.425990786" lon="27.079846831">
        <ele>46.600</ele>
        <time>2026-08-13T08:21:40Z</time>
        <speed>3.665000</speed>
      </trkpt>
      <trkpt lat="59.425964048" lon="27.080196943">
        <ele>46.800</ele>
        <time>2026-08-13T08:21:46Z</time>
        <speed>3.235000</speed>
      </trkpt>
      <trkpt lat="59.425954912" lon="27.080594413">
        <ele>47.000</ele>
        <time>2026-08-13T08:21:52Z</time>
        <speed>3.776000</speed>
      </trkpt>
      <trkpt lat="59.425950637" lon="27.081117695">
        <ele>46.600</ele>
        <time>2026-08-13T08:21:59Z</time>
        <speed>3.413000</speed>
      </trkpt>
      <trkpt lat="59.425952146" lon="27.081493624">
        <ele>47.200</ele>
        <time>2026-08-13T08:22:05Z</time>
        <speed>3.321000</speed>
      </trkpt>
      <trkpt lat="59.425949212" lon="27.081976924">
        <ele>47.600</ele>
        <time>2026-08-13T08:22:12Z</time>
        <speed>3.973000</speed>
      </trkpt>
      <trkpt lat="59.425925827" lon="27.082549492">
        <ele>47.600</ele>
        <time>2026-08-13T08:22:19Z</time>
        <speed>4.192000</speed>
      </trkpt>
      <trkpt lat="59.425906297" lon="27.083221218">
        <ele>47.400</ele>
        <time>2026-08-13T08:22:28Z</time>
        <speed>3.790000</speed>
      </trkpt>
      <trkpt lat="59.425900178" lon="27.083494635">
        <ele>48.000</ele>
        <time>2026-08-13T08:22:32Z</time>
        <speed>3.745000</speed>
      </trkpt>
      <trkpt lat="59.425898921" lon="27.083807280">
        <ele>49.000</ele>
        <time>2026-08-13T08:22:37Z</time>
        <speed>3.170000</speed>
      </trkpt>
      <trkpt lat="59.425895400" lon="27.083917921">
        <ele>49.200</ele>
        <time>2026-08-13T08:22:39Z</time>
        <speed>3.036000</speed>
      </trkpt>
      <trkpt lat="59.425878217" lon="27.084357888">
        <ele>49.000</ele>
        <time>2026-08-13T08:22:46Z</time>
        <speed>3.424000</speed>
      </trkpt>
      <trkpt lat="59.425867153" lon="27.084805481">
        <ele>49.400</ele>
        <time>2026-08-13T08:22:53Z</time>
        <speed>3.805000</speed>
      </trkpt>
      <trkpt lat="59.425851814" lon="27.085406715">
        <ele>48.000</ele>
        <time>2026-08-13T08:23:00Z</time>
        <speed>5.394000</speed>
      </trkpt>
      <trkpt lat="59.425836224" lon="27.085796390">
        <ele>47.000</ele>
        <time>2026-08-13T08:23:04Z</time>
        <speed>5.428000</speed>
      </trkpt>
      <trkpt lat="59.425818371" lon="27.086066538">
        <ele>47.000</ele>
        <time>2026-08-13T08:23:07Z</time>
        <speed>4.951000</speed>
      </trkpt>
      <trkpt lat="59.425781742" lon="27.086855695">
        <ele>46.000</ele>
        <time>2026-08-13T08:23:16Z</time>
        <speed>4.905000</speed>
      </trkpt>
      <trkpt lat="59.425780401" lon="27.087282417">
        <ele>45.800</ele>
        <time>2026-08-13T08:23:21Z</time>
        <speed>4.637000</speed>
      </trkpt>
      <trkpt lat="59.425781239" lon="27.087430693">
        <ele>46.200</ele>
        <time>2026-08-13T08:23:23Z</time>
        <speed>4.153000</speed>
      </trkpt>
      <trkpt lat="59.425780401" lon="27.087929584">
        <ele>46.400</ele>
        <time>2026-08-13T08:23:30Z</time>
        <speed>3.570000</speed>
      </trkpt>
      <trkpt lat="59.425785262" lon="27.088503242">
        <ele>46.000</ele>
        <time>2026-08-13T08:23:38Z</time>
        <speed>4.875000</speed>
      </trkpt>
      <trkpt lat="59.425784508" lon="27.088852515">
        <ele>45.600</ele>
        <time>2026-08-13T08:23:42Z</time>
        <speed>4.922000</speed>
      </trkpt>
      <trkpt lat="59.425789118" lon="27.089081593">
        <ele>45.600</ele>
        <time>2026-08-13T08:23:45Z</time>
        <speed>4.349000</speed>
      </trkpt>
      <trkpt lat="59.425792387" lon="27.089523822">
        <ele>45.800</ele>
        <time>2026-08-13T08:23:51Z</time>
        <speed>3.988000</speed>
      </trkpt>
      <trkpt lat="59.425834296" lon="27.089984072">
        <ele>44.800</ele>
        <time>2026-08-13T08:23:57Z</time>
        <speed>4.692000</speed>
      </trkpt>
      <trkpt lat="59.425848881" lon="27.090074178">
        <ele>44.400</ele>
        <time>2026-08-13T08:23:58Z</time>
        <speed>4.967000</speed>
      </trkpt>
      <trkpt lat="59.425870422" lon="27.090274338">
        <ele>43.600</ele>
        <time>2026-08-13T08:24:00Z</time>
        <speed>5.449000</speed>
      </trkpt>
      <trkpt lat="59.425875535" lon="27.090371568">
        <ele>43.600</ele>
        <time>2026-08-13T08:24:01Z</time>
        <speed>5.364000</speed>
      </trkpt>
      <trkpt lat="59.425874446" lon="27.090556892">
        <ele>43.800</ele>
        <time>2026-08-13T08:24:03Z</time>
        <speed>4.817000</speed>
      </trkpt>
      <trkpt lat="59.425848126" lon="27.091166759">
        <ele>44.600</ele>
        <time>2026-08-13T08:24:10Z</time>
        <speed>4.908000</speed>
      </trkpt>
      <trkpt lat="59.425847288" lon="27.091453504">
        <ele>44.400</ele>
        <time>2026-08-13T08:24:13Z</time>
        <speed>5.696000</speed>
      </trkpt>
      <trkpt lat="59.425861202" lon="27.091772435">
        <ele>43.600</ele>
        <time>2026-08-13T08:24:16Z</time>
        <speed>5.958000</speed>
      </trkpt>
      <trkpt lat="59.425889114" lon="27.092291191">
        <ele>43.200</ele>
        <time>2026-08-13T08:24:21Z</time>
        <speed>5.662000</speed>
      </trkpt>
      <trkpt lat="59.425915433" lon="27.093017148">
        <ele>43.800</ele>
        <time>2026-08-13T08:24:29Z</time>
        <speed>4.419000</speed>
      </trkpt>
      <trkpt lat="59.425920630" lon="27.093524672">
        <ele>43.400</ele>
        <time>2026-08-13T08:24:35Z</time>
        <speed>4.494000</speed>
      </trkpt>
      <trkpt lat="59.425917361" lon="27.094195308">
        <ele>43.800</ele>
        <time>2026-08-13T08:24:44Z</time>
        <speed>4.214000</speed>
      </trkpt>
      <trkpt lat="59.425906129" lon="27.095017321">
        <ele>43.200</ele>
        <time>2026-08-13T08:24:54Z</time>
        <speed>4.698000</speed>
      </trkpt>
      <trkpt lat="59.425903531" lon="27.095189150">
        <ele>42.600</ele>
        <time>2026-08-13T08:24:56Z</time>
        <speed>4.602000</speed>
      </trkpt>
      <trkpt lat="59.425899088" lon="27.095500454">
        <ele>42.400</ele>
        <time>2026-08-13T08:25:00Z</time>
        <speed>4.103000</speed>
      </trkpt>
      <trkpt lat="59.425868327" lon="27.095919801">
        <ele>43.200</ele>
        <time>2026-08-13T08:25:06Z</time>
        <speed>3.632000</speed>
      </trkpt>
      <trkpt lat="59.425875200" lon="27.096182322">
        <ele>43.800</ele>
        <time>2026-08-13T08:25:09Z</time>
        <speed>4.425000</speed>
      </trkpt>
      <trkpt lat="59.425879056" lon="27.096619690">
        <ele>42.800</ele>
        <time>2026-08-13T08:25:14Z</time>
        <speed>4.439000</speed>
      </trkpt>
      <trkpt lat="59.425876960" lon="27.096703090">
        <ele>42.600</ele>
        <time>2026-08-13T08:25:15Z</time>
        <speed>4.243000</speed>
      </trkpt>
      <trkpt lat="59.425869919" lon="27.097114054">
        <ele>42.800</ele>
        <time>2026-08-13T08:25:20Z</time>
        <speed>4.288000</speed>
      </trkpt>
      <trkpt lat="59.425817449" lon="27.097830875">
        <ele>43.000</ele>
        <time>2026-08-13T08:25:29Z</time>
        <speed>4.327000</speed>
      </trkpt>
      <trkpt lat="59.425787274" lon="27.098064981">
        <ele>43.800</ele>
        <time>2026-08-13T08:25:32Z</time>
        <speed>4.335000</speed>
      </trkpt>
      <trkpt lat="59.425731786" lon="27.098434288">
        <ele>44.000</ele>
        <time>2026-08-13T08:25:37Z</time>
        <speed>4.030000</speed>
      </trkpt>
      <trkpt lat="59.425638495" lon="27.098968299">
        <ele>44.600</ele>
        <time>2026-08-13T08:25:45Z</time>
        <speed>3.967000</speed>
      </trkpt>
      <trkpt lat="59.425509581" lon="27.099532736">
        <ele>44.800</ele>
        <time>2026-08-13T08:25:54Z</time>
        <speed>3.965000</speed>
      </trkpt>
      <trkpt lat="59.425418973" lon="27.099910090">
        <ele>45.000</ele>
        <time>2026-08-13T08:26:00Z</time>
        <speed>3.768000</speed>
      </trkpt>
      <trkpt lat="59.425372286" lon="27.100094073">
        <ele>45.200</ele>
        <time>2026-08-13T08:26:03Z</time>
        <speed>3.922000</speed>
      </trkpt>
      <trkpt lat="59.425259884" lon="27.100579133">
        <ele>43.800</ele>
        <time>2026-08-13T08:26:10Z</time>
        <speed>4.420000</speed>
      </trkpt>
      <trkpt lat="59.425230213" lon="27.100726990">
        <ele>44.800</ele>
        <time>2026-08-13T08:26:12Z</time>
        <speed>4.499000</speed>
      </trkpt>
      <trkpt lat="59.425216634" lon="27.100804942">
        <ele>45.400</ele>
        <time>2026-08-13T08:26:13Z</time>
        <speed>4.601000</speed>
      </trkpt>
      <trkpt lat="59.425164498" lon="27.101128986">
        <ele>45.000</ele>
        <time>2026-08-13T08:26:17Z</time>
        <speed>4.829000</speed>
      </trkpt>
      <trkpt lat="59.425130216" lon="27.101382203">
        <ele>44.800</ele>
        <time>2026-08-13T08:26:20Z</time>
        <speed>4.803000</speed>
      </trkpt>
      <trkpt lat="59.425034579" lon="27.102346374">
        <ele>45.000</ele>
        <time>2026-08-13T08:26:31Z</time>
        <speed>5.243000</speed>
      </trkpt>
      <trkpt lat="59.424938438" lon="27.103061602">
        <ele>44.600</ele>
        <time>2026-08-13T08:26:39Z</time>
        <speed>4.920000</speed>
      </trkpt>
      <trkpt lat="59.424875993" lon="27.103617908">
        <ele>44.600</ele>
        <time>2026-08-13T08:26:45Z</time>
        <speed>5.520000</speed>
      </trkpt>
      <trkpt lat="59.424831402" lon="27.104202462">
        <ele>44.200</ele>
        <time>2026-08-13T08:26:51Z</time>
        <speed>5.669000</speed>
      </trkpt>
      <trkpt lat="59.424813297" lon="27.104497002">
        <ele>44.000</ele>
        <time>2026-08-13T08:26:54Z</time>
        <speed>5.504000</speed>
      </trkpt>
      <trkpt lat="59.424732914" lon="27.105375426">
        <ele>43.600</ele>
        <time>2026-08-13T08:27:03Z</time>
        <speed>5.509000</speed>
      </trkpt>
      <trkpt lat="59.424676001" lon="27.106098700">
        <ele>44.000</ele>
        <time>2026-08-13T08:27:11Z</time>
        <speed>4.829000</speed>
      </trkpt>
      <trkpt lat="59.424620932" lon="27.106915768">
        <ele>44.800</ele>
        <time>2026-08-13T08:27:21Z</time>
        <speed>4.578000</speed>
      </trkpt>
      <trkpt lat="59.424598301" lon="27.107313825">
        <ele>45.400</ele>
        <time>2026-08-13T08:27:26Z</time>
        <speed>4.476000</speed>
      </trkpt>
      <trkpt lat="59.424590338" lon="27.107473332">
        <ele>45.800</ele>
        <time>2026-08-13T08:27:28Z</time>
        <speed>4.426000</speed>
      </trkpt>
      <trkpt lat="59.424545830" lon="27.108124774">
        <ele>45.000</ele>
        <time>2026-08-13T08:27:36Z</time>
        <speed>4.755000</speed>
      </trkpt>
      <trkpt lat="59.424539208" lon="27.108209264">
        <ele>44.800</ele>
        <time>2026-08-13T08:27:37Z</time>
        <speed>4.920000</speed>
      </trkpt>
      <trkpt lat="59.424501657" lon="27.108657947">
        <ele>44.400</ele>
        <time>2026-08-13T08:27:42Z</time>
        <speed>5.295000</speed>
      </trkpt>
      <trkpt lat="59.424493527" lon="27.108750902">
        <ele>44.400</ele>
        <time>2026-08-13T08:27:43Z</time>
        <speed>5.407000</speed>
      </trkpt>
      <trkpt lat="59.424456647" lon="27.109118784">
        <ele>43.800</ele>
        <time>2026-08-13T08:27:48Z</time>
        <speed>2.878000</speed>
      </trkpt>
      <trkpt lat="59.424433345" lon="27.109286254">
        <ele>43.400</ele>
        <time>2026-08-13T08:27:51Z</time>
        <speed>3.282000</speed>
      </trkpt>
      <trkpt lat="59.424414905" lon="27.109452384">
        <ele>43.000</ele>
        <time>2026-08-13T08:27:54Z</time>
        <speed>2.406000</speed>
      </trkpt>
      <trkpt lat="59.424400069" lon="27.109680120">
        <ele>42.600</ele>
        <time>2026-08-13T08:28:00Z</time>
        <speed>1.277000</speed>
      </trkpt>
    </trkseg>
    <trkseg>
      <trkpt lat="59.424377689" lon="27.109791515">
        <ele>42.400</ele>
        <time>2026-08-13T08:28:27Z</time>
        <speed>1.876000</speed>
      </trkpt>
      <trkpt lat="59.424370062" lon="27.109839544">
        <ele>42.200</ele>
        <time>2026-08-13T08:28:28Z</time>
        <speed>2.165000</speed>
      </trkpt>
      <trkpt lat="59.424333600" lon="27.110157637">
        <ele>41.800</ele>
        <time>2026-08-13T08:28:33Z</time>
        <speed>4.152000</speed>
      </trkpt>
      <trkpt lat="59.424289260" lon="27.110585365">
        <ele>41.800</ele>
        <time>2026-08-13T08:28:39Z</time>
        <speed>3.120000</speed>
      </trkpt>
      <trkpt lat="59.424246345" lon="27.111003119">
        <ele>41.800</ele>
        <time>2026-08-13T08:28:45Z</time>
        <speed>4.192000</speed>
      </trkpt>
      <trkpt lat="59.424176775" lon="27.111579040">
        <ele>41.800</ele>
        <time>2026-08-13T08:28:52Z</time>
        <speed>4.122000</speed>
      </trkpt>
      <trkpt lat="59.424128160" lon="27.112211874">
        <ele>41.800</ele>
        <time>2026-08-13T08:29:00Z</time>
        <speed>4.042000</speed>
      </trkpt>
      <trkpt lat="59.424118437" lon="27.112644967">
        <ele>42.400</ele>
        <time>2026-08-13T08:29:06Z</time>
        <speed>4.098000</speed>
      </trkpt>
      <trkpt lat="59.424107205" lon="27.113016034">
        <ele>42.400</ele>
        <time>2026-08-13T08:29:11Z</time>
        <speed>4.419000</speed>
      </trkpt>
      <trkpt lat="59.424099661" lon="27.113274364">
        <ele>42.200</ele>
        <time>2026-08-13T08:29:14Z</time>
        <speed>4.839000</speed>
      </trkpt>
      <trkpt lat="59.424097314" lon="27.113525318">
        <ele>41.800</ele>
        <time>2026-08-13T08:29:17Z</time>
        <speed>4.278000</speed>
      </trkpt>
      <trkpt lat="59.424109887" lon="27.114119343">
        <ele>42.000</ele>
        <time>2026-08-13T08:29:24Z</time>
        <speed>4.437000</speed>
      </trkpt>
      <trkpt lat="59.424119191" lon="27.114499127">
        <ele>42.000</ele>
        <time>2026-08-13T08:29:29Z</time>
        <speed>4.099000</speed>
      </trkpt>
      <trkpt lat="59.424147354" lon="27.114955438">
        <ele>42.600</ele>
        <time>2026-08-13T08:29:35Z</time>
        <speed>4.033000</speed>
      </trkpt>
      <trkpt lat="59.424168561" lon="27.115396075">
        <ele>43.200</ele>
        <time>2026-08-13T08:29:41Z</time>
        <speed>4.136000</speed>
      </trkpt>
      <trkpt lat="59.424188510" lon="27.115623811">
        <ele>43.000</ele>
        <time>2026-08-13T08:29:44Z</time>
        <speed>4.329000</speed>
      </trkpt>
      <trkpt lat="59.424221283" lon="27.116021533">
        <ele>43.000</ele>
        <time>2026-08-13T08:29:49Z</time>
        <speed>4.093000</speed>
      </trkpt>
      <trkpt lat="59.424261348" lon="27.116459571">
        <ele>43.200</ele>
        <time>2026-08-13T08:29:55Z</time>
        <speed>3.978000</speed>
      </trkpt>
      <trkpt lat="59.424266713" lon="27.116540791">
        <ele>43.400</ele>
        <time>2026-08-13T08:29:56Z</time>
        <speed>4.158000</speed>
      </trkpt>
      <trkpt lat="59.424311556" lon="27.117064660">
        <ele>43.400</ele>
        <time>2026-08-13T08:30:02Z</time>
        <speed>4.643000</speed>
      </trkpt>
      <trkpt lat="59.424358830" lon="27.117795311">
        <ele>43.200</ele>
        <time>2026-08-13T08:30:10Z</time>
        <speed>4.381000</speed>
      </trkpt>
      <trkpt lat="59.424376097" lon="27.118555885">
        <ele>43.400</ele>
        <time>2026-08-13T08:30:19Z</time>
        <speed>4.718000</speed>
      </trkpt>
      <trkpt lat="59.424379449" lon="27.119170697">
        <ele>43.800</ele>
        <time>2026-08-13T08:30:26Z</time>
        <speed>4.887000</speed>
      </trkpt>
      <trkpt lat="59.424365284" lon="27.120093377">
        <ele>44.000</ele>
        <time>2026-08-13T08:30:37Z</time>
        <speed>4.504000</speed>
      </trkpt>
      <trkpt lat="59.424355393" lon="27.120906590">
        <ele>44.400</ele>
        <time>2026-08-13T08:30:47Z</time>
        <speed>4.575000</speed>
      </trkpt>
      <trkpt lat="59.424359081" lon="27.121627852">
        <ele>45.200</ele>
        <time>2026-08-13T08:30:56Z</time>
        <speed>4.315000</speed>
      </trkpt>
      <trkpt lat="59.424358578" lon="27.122245934">
        <ele>45.400</ele>
        <time>2026-08-13T08:31:04Z</time>
        <speed>4.368000</speed>
      </trkpt>
      <trkpt lat="59.424354974" lon="27.122845408">
        <ele>45.000</ele>
        <time>2026-08-13T08:31:12Z</time>
        <speed>4.205000</speed>
      </trkpt>
      <trkpt lat="59.424352208" lon="27.123534651">
        <ele>44.600</ele>
        <time>2026-08-13T08:31:21Z</time>
        <speed>4.462000</speed>
      </trkpt>
      <trkpt lat="59.424346425" lon="27.124327831">
        <ele>44.200</ele>
        <time>2026-08-13T08:31:31Z</time>
        <speed>4.448000</speed>
      </trkpt>
      <trkpt lat="59.424327984" lon="27.125275573">
        <ele>44.600</ele>
        <time>2026-08-13T08:31:43Z</time>
        <speed>4.614000</speed>
      </trkpt>
      <trkpt lat="59.424306275" lon="27.125907317">
        <ele>44.600</ele>
        <time>2026-08-13T08:31:51Z</time>
        <speed>4.264000</speed>
      </trkpt>
      <trkpt lat="59.424281046" lon="27.126605110">
        <ele>43.800</ele>
        <time>2026-08-13T08:32:00Z</time>
        <speed>4.326000</speed>
      </trkpt>
      <trkpt lat="59.424247267" lon="27.127304580">
        <ele>45.000</ele>
        <time>2026-08-13T08:32:09Z</time>
        <speed>4.326000</speed>
      </trkpt>
      <trkpt lat="59.424223630" lon="27.127989884">
        <ele>44.800</ele>
        <time>2026-08-13T08:32:18Z</time>
        <speed>4.292000</speed>
      </trkpt>
      <trkpt lat="59.424196640" lon="27.128700418">
        <ele>44.600</ele>
        <time>2026-08-13T08:32:27Z</time>
        <speed>4.704000</speed>
      </trkpt>
      <trkpt lat="59.424181553" lon="27.129220432">
        <ele>44.400</ele>
        <time>2026-08-13T08:32:34Z</time>
        <speed>3.902000</speed>
      </trkpt>
      <trkpt lat="59.424164537" lon="27.129825940">
        <ele>44.400</ele>
        <time>2026-08-13T08:32:42Z</time>
        <speed>4.554000</speed>
      </trkpt>
      <trkpt lat="59.424140733" lon="27.130568828">
        <ele>44.600</ele>
        <time>2026-08-13T08:32:51Z</time>
        <speed>4.680000</speed>
      </trkpt>
      <trkpt lat="59.424124639" lon="27.131314483">
        <ele>45.200</ele>
        <time>2026-08-13T08:33:00Z</time>
        <speed>4.712000</speed>
      </trkpt>
      <trkpt lat="59.424107792" lon="27.132126689">
        <ele>44.600</ele>
        <time>2026-08-13T08:33:10Z</time>
        <speed>4.617000</speed>
      </trkpt>
      <trkpt lat="59.424085328" lon="27.132765641">
        <ele>45.200</ele>
        <time>2026-08-13T08:33:18Z</time>
        <speed>4.471000</speed>
      </trkpt>
      <trkpt lat="59.424072839" lon="27.132999664">
        <ele>45.600</ele>
        <time>2026-08-13T08:33:21Z</time>
        <speed>4.317000</speed>
      </trkpt>
      <trkpt lat="59.424056411" lon="27.133312309">
        <ele>45.600</ele>
        <time>2026-08-13T08:33:25Z</time>
        <speed>4.433000</speed>
      </trkpt>
      <trkpt lat="59.424022045" lon="27.133908514">
        <ele>46.000</ele>
        <time>2026-08-13T08:33:33Z</time>
        <speed>3.851000</speed>
      </trkpt>
      <trkpt lat="59.423997570" lon="27.134490386">
        <ele>46.200</ele>
        <time>2026-08-13T08:33:41Z</time>
        <speed>4.426000</speed>
      </trkpt>
      <trkpt lat="59.423990110" lon="27.135026911">
        <ele>45.400</ele>
        <time>2026-08-13T08:33:48Z</time>
        <speed>4.285000</speed>
      </trkpt>
      <trkpt lat="59.424004275" lon="27.135881782">
        <ele>46.000</ele>
        <time>2026-08-13T08:33:59Z</time>
        <speed>4.542000</speed>
      </trkpt>
      <trkpt lat="59.424006790" lon="27.136487626">
        <ele>45.400</ele>
        <time>2026-08-13T08:34:07Z</time>
        <speed>4.017000</speed>
      </trkpt>
      <trkpt lat="59.423929676" lon="27.136722486">
        <ele>45.400</ele>
        <time>2026-08-13T08:34:11Z</time>
        <speed>4.194000</speed>
      </trkpt>
      <trkpt lat="59.423762206" lon="27.136860704">
        <ele>46.000</ele>
        <time>2026-08-13T08:34:16Z</time>
        <speed>4.093000</speed>
      </trkpt>
      <trkpt lat="59.423529608" lon="27.136995150">
        <ele>45.800</ele>
        <time>2026-08-13T08:34:23Z</time>
        <speed>3.886000</speed>
      </trkpt>
      <trkpt lat="59.423258789" lon="27.137172008">
        <ele>46.400</ele>
        <time>2026-08-13T08:34:31Z</time>
        <speed>3.963000</speed>
      </trkpt>
      <trkpt lat="59.423099281" lon="27.137295976">
        <ele>46.600</ele>
        <time>2026-08-13T08:34:36Z</time>
        <speed>3.950000</speed>
      </trkpt>
      <trkpt lat="59.423066676" lon="27.137324391">
        <ele>46.400</ele>
        <time>2026-08-13T08:34:37Z</time>
        <speed>3.990000</speed>
      </trkpt>
      <trkpt lat="59.422811363" lon="27.137558414">
        <ele>46.400</ele>
        <time>2026-08-13T08:34:45Z</time>
        <speed>3.828000</speed>
      </trkpt>
      <trkpt lat="59.422588823" lon="27.137811799">
        <ele>46.400</ele>
        <time>2026-08-13T08:34:52Z</time>
        <speed>4.284000</speed>
      </trkpt>
      <trkpt lat="59.422389166" lon="27.138081528">
        <ele>46.800</ele>
        <time>2026-08-13T08:34:59Z</time>
        <speed>3.761000</speed>
      </trkpt>
      <trkpt lat="59.422172075" lon="27.138528535">
        <ele>47.200</ele>
        <time>2026-08-13T08:35:08Z</time>
        <speed>3.780000</speed>
      </trkpt>
      <trkpt lat="59.421984907" lon="27.138918042">
        <ele>47.600</ele>
        <time>2026-08-13T08:35:16Z</time>
        <speed>3.931000</speed>
      </trkpt>
      <trkpt lat="59.421909889" lon="27.139072688">
        <ele>47.600</ele>
        <time>2026-08-13T08:35:19Z</time>
        <speed>4.075000</speed>
      </trkpt>
      <trkpt lat="59.421726409" lon="27.139441660">
        <ele>47.200</ele>
        <time>2026-08-13T08:35:26Z</time>
        <speed>4.092000</speed>
      </trkpt>
      <trkpt lat="59.421519795" lon="27.139905430">
        <ele>46.800</ele>
        <time>2026-08-13T08:35:34Z</time>
        <speed>4.191000</speed>
      </trkpt>
      <trkpt lat="59.421341680" lon="27.140344139">
        <ele>47.600</ele>
        <time>2026-08-13T08:35:42Z</time>
        <speed>4.025000</speed>
      </trkpt>
      <trkpt lat="59.421115117" lon="27.140934477">
        <ele>47.400</ele>
        <time>2026-08-13T08:35:52Z</time>
        <speed>4.336000</speed>
      </trkpt>
      <trkpt lat="59.420872461" lon="27.141581140">
        <ele>47.000</ele>
        <time>2026-08-13T08:36:02Z</time>
        <speed>4.430000</speed>
      </trkpt>
      <trkpt lat="59.420724772" lon="27.141962601">
        <ele>46.800</ele>
        <time>2026-08-13T08:36:09Z</time>
        <speed>3.442000</speed>
      </trkpt>
      <trkpt lat="59.420714881" lon="27.142298296">
        <ele>47.400</ele>
        <time>2026-08-13T08:36:15Z</time>
        <speed>3.032000</speed>
      </trkpt>
      <trkpt lat="59.420792414" lon="27.142552100">
        <ele>47.600</ele>
        <time>2026-08-13T08:36:20Z</time>
        <speed>3.723000</speed>
      </trkpt>
      <trkpt lat="59.421049487" lon="27.143134894">
        <ele>47.600</ele>
        <time>2026-08-13T08:36:31Z</time>
        <speed>3.902000</speed>
      </trkpt>
      <trkpt lat="59.421149986" lon="27.143377298">
        <ele>47.200</ele>
        <time>2026-08-13T08:36:36Z</time>
        <speed>3.734000</speed>
      </trkpt>
      <trkpt lat="59.421352409" lon="27.143817768">
        <ele>47.400</ele>
        <time>2026-08-13T08:36:44Z</time>
        <speed>4.295000</speed>
      </trkpt>
      <trkpt lat="59.421496829" lon="27.144163856">
        <ele>48.000</ele>
        <time>2026-08-13T08:36:50Z</time>
        <speed>3.904000</speed>
      </trkpt>
      <trkpt lat="59.421666311" lon="27.144545652">
        <ele>48.200</ele>
        <time>2026-08-13T08:36:57Z</time>
        <speed>4.102000</speed>
      </trkpt>
      <trkpt lat="59.421795141" lon="27.144811107">
        <ele>48.800</ele>
        <time>2026-08-13T08:37:02Z</time>
        <speed>4.122000</speed>
      </trkpt>
      <trkpt lat="59.421869069" lon="27.144977236">
        <ele>48.600</ele>
        <time>2026-08-13T08:37:05Z</time>
        <speed>4.177000</speed>
      </trkpt>
      <trkpt lat="59.422044586" lon="27.145354338">
        <ele>48.600</ele>
        <time>2026-08-13T08:37:12Z</time>
        <speed>4.071000</speed>
      </trkpt>
      <trkpt lat="59.422270227" lon="27.145897988">
        <ele>48.200</ele>
        <time>2026-08-13T08:37:22Z</time>
        <speed>4.045000</speed>
      </trkpt>
      <trkpt lat="59.422452534" lon="27.146370560">
        <ele>48.800</ele>
        <time>2026-08-13T08:37:30Z</time>
        <speed>3.901000</speed>
      </trkpt>
      <trkpt lat="59.422682617" lon="27.146946900">
        <ele>48.800</ele>
        <time>2026-08-13T08:37:40Z</time>
        <speed>4.209000</speed>
      </trkpt>
      <trkpt lat="59.422861487" lon="27.147388458">
        <ele>49.400</ele>
        <time>2026-08-13T08:37:48Z</time>
        <speed>4.012000</speed>
      </trkpt>
      <trkpt lat="59.423016300" lon="27.147806548">
        <ele>48.400</ele>
        <time>2026-08-13T08:37:55Z</time>
        <speed>4.016000</speed>
      </trkpt>
      <trkpt lat="59.423192572" lon="27.148276689">
        <ele>48.400</ele>
        <time>2026-08-13T08:38:03Z</time>
        <speed>4.076000</speed>
      </trkpt>
      <trkpt lat="59.423340177" lon="27.148686731">
        <ele>48.200</ele>
        <time>2026-08-13T08:38:10Z</time>
        <speed>4.130000</speed>
      </trkpt>
      <trkpt lat="59.423494907" lon="27.149142288">
        <ele>48.400</ele>
        <time>2026-08-13T08:38:17Z</time>
        <speed>3.788000</speed>
      </trkpt>
      <trkpt lat="59.423639830" lon="27.149553588">
        <ele>49.200</ele>
        <time>2026-08-13T08:38:25Z</time>
        <speed>2.978000</speed>
      </trkpt>
      <trkpt lat="59.423743766" lon="27.149873190">
        <ele>48.800</ele>
        <time>2026-08-13T08:38:31Z</time>
        <speed>3.760000</speed>
      </trkpt>
      <trkpt lat="59.423889024" lon="27.150257835">
        <ele>47.800</ele>
        <time>2026-08-13T08:38:38Z</time>
        <speed>3.831000</speed>
      </trkpt>
      <trkpt lat="59.424018022" lon="27.150650779">
        <ele>48.200</ele>
        <time>2026-08-13T08:38:45Z</time>
        <speed>3.631000</speed>
      </trkpt>
      <trkpt lat="59.424105110" lon="27.150917156">
        <ele>48.600</ele>
        <time>2026-08-13T08:38:50Z</time>
        <speed>3.505000</speed>
      </trkpt>
      <trkpt lat="59.424236035" lon="27.151318733">
        <ele>48.200</ele>
        <time>2026-08-13T08:38:57Z</time>
        <speed>3.931000</speed>
      </trkpt>
      <trkpt lat="59.424347514" lon="27.151679657">
        <ele>48.200</ele>
        <time>2026-08-13T08:39:03Z</time>
        <speed>3.829000</speed>
      </trkpt>
      <trkpt lat="59.424408535" lon="27.151908316">
        <ele>48.200</ele>
        <time>2026-08-13T08:39:07Z</time>
        <speed>3.312000</speed>
      </trkpt>
      <trkpt lat="59.424469136" lon="27.152232947">
        <ele>47.800</ele>
        <time>2026-08-13T08:39:12Z</time>
        <speed>2.928000</speed>
      </trkpt>
      <trkpt lat="59.424549686" lon="27.152478872">
        <ele>47.800</ele>
        <time>2026-08-13T08:39:16Z</time>
        <speed>3.588000</speed>
      </trkpt>
      <trkpt lat="59.424697459" lon="27.152852789">
        <ele>48.200</ele>
        <time>2026-08-13T08:39:22Z</time>
        <speed>3.840000</speed>
      </trkpt>
      <trkpt lat="59.424874485" lon="27.153260903">
        <ele>48.000</ele>
        <time>2026-08-13T08:39:28Z</time>
        <speed>4.736000</speed>
      </trkpt>
      <trkpt lat="59.425156536" lon="27.153916368">
        <ele>47.400</ele>
        <time>2026-08-13T08:39:37Z</time>
        <speed>4.976000</speed>
      </trkpt>
      <trkpt lat="59.425424421" lon="27.154562026">
        <ele>47.400</ele>
        <time>2026-08-13T08:39:46Z</time>
        <speed>5.064000</speed>
      </trkpt>
      <trkpt lat="59.425602537" lon="27.154990425">
        <ele>46.600</ele>
        <time>2026-08-13T08:39:52Z</time>
        <speed>5.003000</speed>
      </trkpt>
      <trkpt lat="59.425717704" lon="27.155264430">
        <ele>47.400</ele>
        <time>2026-08-13T08:39:56Z</time>
        <speed>4.995000</speed>
      </trkpt>
      <trkpt lat="59.425918870" lon="27.155759130">
        <ele>47.600</ele>
        <time>2026-08-13T08:40:03Z</time>
        <speed>5.072000</speed>
      </trkpt>
      <trkpt lat="59.426154066" lon="27.156327004">
        <ele>47.200</ele>
        <time>2026-08-13T08:40:11Z</time>
        <speed>5.199000</speed>
      </trkpt>
      <trkpt lat="59.426350789" lon="27.156778034">
        <ele>47.000</ele>
        <time>2026-08-13T08:40:18Z</time>
        <speed>4.469000</speed>
      </trkpt>
      <trkpt lat="59.426566623" lon="27.157149352">
        <ele>47.000</ele>
        <time>2026-08-13T08:40:25Z</time>
        <speed>4.275000</speed>
      </trkpt>
      <trkpt lat="59.426889075" lon="27.157577164">
        <ele>47.000</ele>
        <time>2026-08-13T08:40:34Z</time>
        <speed>4.688000</speed>
      </trkpt>
      <trkpt lat="59.427104490" lon="27.157916799">
        <ele>47.000</ele>
        <time>2026-08-13T08:40:41Z</time>
        <speed>4.368000</speed>
      </trkpt>
      <trkpt lat="59.427384948" lon="27.158365985">
        <ele>47.400</ele>
        <time>2026-08-13T08:40:50Z</time>
        <speed>4.509000</speed>
      </trkpt>
      <trkpt lat="59.427447477" lon="27.158467239">
        <ele>47.800</ele>
        <time>2026-08-13T08:40:52Z</time>
        <speed>4.567000</speed>
      </trkpt>
      <trkpt lat="59.427606817" lon="27.158694975">
        <ele>47.800</ele>
        <time>2026-08-13T08:40:57Z</time>
        <speed>4.459000</speed>
      </trkpt>
      <trkpt lat="59.427892892" lon="27.159121949">
        <ele>47.800</ele>
        <time>2026-08-13T08:41:06Z</time>
        <speed>4.368000</speed>
      </trkpt>
      <trkpt lat="59.428152898" lon="27.159511540">
        <ele>48.200</ele>
        <time>2026-08-13T08:41:14Z</time>
        <speed>4.335000</speed>
      </trkpt>
      <trkpt lat="59.428415252" lon="27.159883613">
        <ele>47.800</ele>
        <time>2026-08-13T08:41:23Z</time>
        <speed>3.918000</speed>
      </trkpt>
      <trkpt lat="59.428574340" lon="27.160124090">
        <ele>48.200</ele>
        <time>2026-08-13T08:41:29Z</time>
        <speed>3.648000</speed>
      </trkpt>
      <trkpt lat="59.428782044" lon="27.160438076">
        <ele>47.600</ele>
        <time>2026-08-13T08:41:37Z</time>
        <speed>3.772000</speed>
      </trkpt>
      <trkpt lat="59.428859744" lon="27.160564559">
        <ele>46.800</ele>
        <time>2026-08-13T08:41:40Z</time>
        <speed>3.755000</speed>
      </trkpt>
      <trkpt lat="59.428971140" lon="27.160722222">
        <ele>46.600</ele>
        <time>2026-08-13T08:41:44Z</time>
        <speed>3.739000</speed>
      </trkpt>
      <trkpt lat="59.429174401" lon="27.161016678">
        <ele>46.600</ele>
        <time>2026-08-13T08:41:52Z</time>
        <speed>3.440000</speed>
      </trkpt>
      <trkpt lat="59.429363832" lon="27.161271237">
        <ele>46.400</ele>
        <time>2026-08-13T08:42:00Z</time>
        <speed>2.451000</speed>
      </trkpt>
      <trkpt lat="59.429449411" lon="27.161377352">
        <ele>46.600</ele>
        <time>2026-08-13T08:42:06Z</time>
        <speed>1.266000</speed>
      </trkpt>
    </trkseg>
    <trkseg>
      <trkpt lat="59.429473886" lon="27.161478437">
        <ele>47.200</ele>
        <time>2026-08-13T08:43:34Z</time>
        <speed>1.745000</speed>
      </trkpt>
      <trkpt lat="59.429489644" lon="27.161499728">
        <ele>47.000</ele>
        <time>2026-08-13T08:43:35Z</time>
        <speed>2.094000</speed>
      </trkpt>
      <trkpt lat="59.429547982" lon="27.161532668">
        <ele>47.000</ele>
        <time>2026-08-13T08:43:39Z</time>
        <speed>1.149000</speed>
      </trkpt>
      <trkpt lat="59.429543540" lon="27.161530908">
        <ele>47.000</ele>
        <time>2026-08-13T08:43:40Z</time>
        <speed>0.000000</speed>
      </trkpt>
    </trkseg>
    <trkseg>
      <trkpt lat="59.429594334" lon="27.161617242">
        <ele>45.800</ele>
        <time>2026-08-13T08:49:57Z</time>
        <speed>1.588000</speed>
      </trkpt>
      <trkpt lat="59.429625934" lon="27.161657475">
        <ele>45.600</ele>
        <time>2026-08-13T08:49:59Z</time>
        <speed>1.959000</speed>
      </trkpt>
      <trkpt lat="59.429731630" lon="27.161813881">
        <ele>45.200</ele>
        <time>2026-08-13T08:50:05Z</time>
        <speed>2.692000</speed>
      </trkpt>
      <trkpt lat="59.429917121" lon="27.162097273">
        <ele>45.400</ele>
        <time>2026-08-13T08:50:14Z</time>
        <speed>2.832000</speed>
      </trkpt>
      <trkpt lat="59.430071516" lon="27.162299948">
        <ele>45.400</ele>
        <time>2026-08-13T08:50:21Z</time>
        <speed>2.647000</speed>
      </trkpt>
      <trkpt lat="59.430207303" lon="27.162498934">
        <ele>45.600</ele>
        <time>2026-08-13T08:50:27Z</time>
        <speed>2.882000</speed>
      </trkpt>
      <trkpt lat="59.430370079" lon="27.162716361">
        <ele>45.000</ele>
        <time>2026-08-13T08:50:33Z</time>
        <speed>3.649000</speed>
      </trkpt>
      <trkpt lat="59.430589601" lon="27.162997825">
        <ele>45.200</ele>
        <time>2026-08-13T08:50:40Z</time>
        <speed>3.638000</speed>
      </trkpt>
      <trkpt lat="59.430776769" lon="27.163388422">
        <ele>45.200</ele>
        <time>2026-08-13T08:50:47Z</time>
        <speed>4.451000</speed>
      </trkpt>
      <trkpt lat="59.430910377" lon="27.163736271">
        <ele>45.000</ele>
        <time>2026-08-13T08:50:52Z</time>
        <speed>4.514000</speed>
      </trkpt>
      <trkpt lat="59.430960752" lon="27.163873902">
        <ele>45.000</ele>
        <time>2026-08-13T08:50:54Z</time>
        <speed>4.584000</speed>
      </trkpt>
      <trkpt lat="59.431166612" lon="27.164467592">
        <ele>45.200</ele>
        <time>2026-08-13T08:51:03Z</time>
        <speed>4.413000</speed>
      </trkpt>
      <trkpt lat="59.431398623" lon="27.165032364">
        <ele>45.600</ele>
        <time>2026-08-13T08:51:12Z</time>
        <speed>4.105000</speed>
      </trkpt>
      <trkpt lat="59.431630215" lon="27.165525975">
        <ele>46.400</ele>
        <time>2026-08-13T08:51:21Z</time>
        <speed>4.089000</speed>
      </trkpt>
      <trkpt lat="59.431810929" lon="27.165972311">
        <ele>46.400</ele>
        <time>2026-08-13T08:51:29Z</time>
        <speed>3.940000</speed>
      </trkpt>
      <trkpt lat="59.431856023" lon="27.166082701">
        <ele>46.800</ele>
        <time>2026-08-13T08:51:31Z</time>
        <speed>3.969000</speed>
      </trkpt>
      <trkpt lat="59.431951242" lon="27.166350000">
        <ele>47.000</ele>
        <time>2026-08-13T08:51:36Z</time>
        <speed>3.414000</speed>
      </trkpt>
      <trkpt lat="59.432049897" lon="27.166593745">
        <ele>47.200</ele>
        <time>2026-08-13T08:51:42Z</time>
        <speed>2.841000</speed>
      </trkpt>
      <trkpt lat="59.432137487" lon="27.166924998">
        <ele>47.400</ele>
        <time>2026-08-13T08:51:48Z</time>
        <speed>3.763000</speed>
      </trkpt>
      <trkpt lat="59.432285596" lon="27.167370496">
        <ele>47.800</ele>
        <time>2026-08-13T08:51:56Z</time>
        <speed>3.939000</speed>
      </trkpt>
      <trkpt lat="59.432454575" lon="27.167931497">
        <ele>47.200</ele>
        <time>2026-08-13T08:52:05Z</time>
        <speed>4.208000</speed>
      </trkpt>
      <trkpt lat="59.432609137" lon="27.168438518">
        <ele>46.800</ele>
        <time>2026-08-13T08:52:13Z</time>
        <speed>3.573000</speed>
      </trkpt>
      <trkpt lat="59.432753641" lon="27.168885777">
        <ele>47.400</ele>
        <time>2026-08-13T08:52:20Z</time>
        <speed>4.221000</speed>
      </trkpt>
      <trkpt lat="59.432927817" lon="27.169388272">
        <ele>47.200</ele>
        <time>2026-08-13T08:52:28Z</time>
        <speed>4.059000</speed>
      </trkpt>
      <trkpt lat="59.433107609" lon="27.169883810">
        <ele>47.200</ele>
        <time>2026-08-13T08:52:36Z</time>
        <speed>4.174000</speed>
      </trkpt>
      <trkpt lat="59.433294525" lon="27.170407930">
        <ele>47.600</ele>
        <time>2026-08-13T08:52:45Z</time>
        <speed>3.733000</speed>
      </trkpt>
      <trkpt lat="59.433477586" lon="27.170899026">
        <ele>47.800</ele>
        <time>2026-08-13T08:52:54Z</time>
        <speed>3.801000</speed>
      </trkpt>
      <trkpt lat="59.433560902" lon="27.171110837">
        <ele>48.000</ele>
        <time>2026-08-13T08:52:58Z</time>
        <speed>3.623000</speed>
      </trkpt>
      <trkpt lat="59.433608679" lon="27.171215611">
        <ele>48.200</ele>
        <time>2026-08-13T08:53:00Z</time>
        <speed>3.845000</speed>
      </trkpt>
      <trkpt lat="59.433632903" lon="27.171268752">
        <ele>48.200</ele>
        <time>2026-08-13T08:53:01Z</time>
        <speed>3.953000</speed>
      </trkpt>
      <trkpt lat="59.433836667" lon="27.171709640">
        <ele>47.800</ele>
        <time>2026-08-13T08:53:09Z</time>
        <speed>4.219000</speed>
      </trkpt>
      <trkpt lat="59.434105475" lon="27.172219427">
        <ele>48.000</ele>
        <time>2026-08-13T08:53:19Z</time>
        <speed>3.951000</speed>
      </trkpt>
      <trkpt lat="59.434313262" lon="27.172596026">
        <ele>48.000</ele>
        <time>2026-08-13T08:53:27Z</time>
        <speed>3.881000</speed>
      </trkpt>
      <trkpt lat="59.434513338" lon="27.172983941">
        <ele>48.400</ele>
        <time>2026-08-13T08:53:34Z</time>
        <speed>4.608000</speed>
      </trkpt>
      <trkpt lat="59.434753647" lon="27.173397923">
        <ele>48.200</ele>
        <time>2026-08-13T08:53:42Z</time>
        <speed>3.894000</speed>
      </trkpt>
      <trkpt lat="59.434829000" lon="27.173524490">
        <ele>49.000</ele>
        <time>2026-08-13T08:53:45Z</time>
        <speed>3.666000</speed>
      </trkpt>
      <trkpt lat="59.434930757" lon="27.173726829">
        <ele>47.800</ele>
        <time>2026-08-13T08:53:49Z</time>
        <speed>4.102000</speed>
      </trkpt>
      <trkpt lat="59.435194619" lon="27.174200155">
        <ele>48.000</ele>
        <time>2026-08-13T08:53:58Z</time>
        <speed>4.350000</speed>
      </trkpt>
      <trkpt lat="59.435410621" lon="27.174594859">
        <ele>48.000</ele>
        <time>2026-08-13T08:54:05Z</time>
        <speed>4.596000</speed>
      </trkpt>
      <trkpt lat="59.435654031" lon="27.175068939">
        <ele>47.800</ele>
        <time>2026-08-13T08:54:13Z</time>
        <speed>4.845000</speed>
      </trkpt>
      <trkpt lat="59.435920073" lon="27.175589371">
        <ele>47.400</ele>
        <time>2026-08-13T08:54:22Z</time>
        <speed>4.721000</speed>
      </trkpt>
      <trkpt lat="59.436154347" lon="27.176008550">
        <ele>46.800</ele>
        <time>2026-08-13T08:54:30Z</time>
        <speed>4.596000</speed>
      </trkpt>
      <trkpt lat="59.436356183" lon="27.176342569">
        <ele>46.800</ele>
        <time>2026-08-13T08:54:36Z</time>
        <speed>4.405000</speed>
      </trkpt>
      <trkpt lat="59.436419467" lon="27.176447427">
        <ele>46.600</ele>
        <time>2026-08-13T08:54:38Z</time>
        <speed>4.425000</speed>
      </trkpt>
      <trkpt lat="59.436580734" lon="27.176715480">
        <ele>46.800</ele>
        <time>2026-08-13T08:54:43Z</time>
        <speed>4.593000</speed>
      </trkpt>
      <trkpt lat="59.436743259" lon="27.176996777">
        <ele>46.600</ele>
        <time>2026-08-13T08:54:48Z</time>
        <speed>4.669000</speed>
      </trkpt>
      <trkpt lat="59.436984658" lon="27.177401371">
        <ele>47.000</ele>
        <time>2026-08-13T08:54:56Z</time>
        <speed>3.986000</speed>
      </trkpt>
      <trkpt lat="59.437230835" lon="27.177829100">
        <ele>47.400</ele>
        <time>2026-08-13T08:55:05Z</time>
        <speed>3.845000</speed>
      </trkpt>
      <trkpt lat="59.437282551" lon="27.177917948">
        <ele>47.800</ele>
        <time>2026-08-13T08:55:07Z</time>
        <speed>3.844000</speed>
      </trkpt>
      <trkpt lat="59.437452117" lon="27.178233527">
        <ele>47.600</ele>
        <time>2026-08-13T08:55:14Z</time>
        <speed>3.309000</speed>
      </trkpt>
      <trkpt lat="59.437540965" lon="27.178478949">
        <ele>48.200</ele>
        <time>2026-08-13T08:55:21Z</time>
        <speed>1.470000</speed>
      </trkpt>
    </trkseg>
    <trkseg>
      <trkpt lat="59.437597208" lon="27.178528989">
        <ele>48.000</ele>
        <time>2026-08-13T08:55:46Z</time>
        <speed>1.684000</speed>
      </trkpt>
      <trkpt lat="59.437717237" lon="27.178645246">
        <ele>48.400</ele>
        <time>2026-08-13T08:55:52Z</time>
        <speed>2.475000</speed>
      </trkpt>
      <trkpt lat="59.437831482" lon="27.178794527">
        <ele>48.400</ele>
        <time>2026-08-13T08:55:58Z</time>
        <speed>1.441000</speed>
      </trkpt>
      <trkpt lat="59.437929299" lon="27.178964429">
        <ele>48.400</ele>
        <time>2026-08-13T08:56:06Z</time>
        <speed>1.550000</speed>
      </trkpt>
      <trkpt lat="59.437976656" lon="27.179070795">
        <ele>48.600</ele>
        <time>2026-08-13T08:56:12Z</time>
        <speed>1.095000</speed>
      </trkpt>
      <trkpt lat="59.437975232" lon="27.179096946">
        <ele>48.600</ele>
        <time>2026-08-13T08:56:13Z</time>
        <speed>1.363000</speed>
      </trkpt>
      <trkpt lat="59.437975315" lon="27.179143047">
        <ele>48.400</ele>
        <time>2026-08-13T08:56:15Z</time>
        <speed>1.160000</speed>
      </trkpt>
      <trkpt lat="59.437941955" lon="27.179214545">
        <ele>48.400</ele>
        <time>2026-08-13T08:56:19Z</time>
        <speed>1.224000</speed>
      </trkpt>
      <trkpt lat="59.437932735" lon="27.179230470">
        <ele>48.400</ele>
        <time>2026-08-13T08:56:20Z</time>
        <speed>1.141000</speed>
      </trkpt>
    </trkseg>
    <trkseg>
      <trkpt lat="59.438498681" lon="27.178369984">
        <ele>48.600</ele>
        <time>2026-08-13T09:02:39Z</time>
        <speed>1.346000</speed>
      </trkpt>
      <trkpt lat="59.438597504" lon="27.178202765">
        <ele>48.600</ele>
        <time>2026-08-13T09:02:49Z</time>
        <speed>1.263000</speed>
      </trkpt>
      <trkpt lat="59.438634636" lon="27.178139566">
        <ele>49.000</ele>
        <time>2026-08-13T09:02:53Z</time>
        <speed>1.281000</speed>
      </trkpt>
      <trkpt lat="59.438699679" lon="27.178046610">
        <ele>48.400</ele>
        <time>2026-08-13T09:02:59Z</time>
        <speed>1.360000</speed>
      </trkpt>
    </trkseg>
    <trkseg>
      <trkpt lat="59.437897280" lon="27.179385368">
        <ele>48.000</ele>
        <time>2026-08-13T09:24:20Z</time>
        <speed>1.747000</speed>
      </trkpt>
      <trkpt lat="59.437914295" lon="27.179360809">
        <ele>47.600</ele>
        <time>2026-08-13T09:24:21Z</time>
        <speed>2.057000</speed>
      </trkpt>
      <trkpt lat="59.437990654" lon="27.179165008">
        <ele>48.000</ele>
        <time>2026-08-13T09:24:27Z</time>
        <speed>1.538000</speed>
      </trkpt>
      <trkpt lat="59.437985709" lon="27.179128211">
        <ele>48.200</ele>
        <time>2026-08-13T09:24:28Z</time>
        <speed>1.753000</speed>
      </trkpt>
      <trkpt lat="59.437912619" lon="27.178926291">
        <ele>48.200</ele>
        <time>2026-08-13T09:24:33Z</time>
        <speed>2.236000</speed>
      </trkpt>
      <trkpt lat="59.437895268" lon="27.178894440">
        <ele>48.200</ele>
        <time>2026-08-13T09:24:34Z</time>
        <speed>2.130000</speed>
      </trkpt>
      <trkpt lat="59.437808851" lon="27.178716660">
        <ele>47.600</ele>
        <time>2026-08-13T09:24:40Z</time>
        <speed>2.049000</speed>
      </trkpt>
      <trkpt lat="59.437663592" lon="27.178559164">
        <ele>48.000</ele>
        <time>2026-08-13T09:24:48Z</time>
        <speed>2.091000</speed>
      </trkpt>
      <trkpt lat="59.437559824" lon="27.178606940">
        <ele>48.000</ele>
        <time>2026-08-13T09:24:54Z</time>
        <speed>1.876000</speed>
      </trkpt>
      <trkpt lat="59.437458152" lon="27.178843394">
        <ele>48.000</ele>
        <time>2026-08-13T09:25:00Z</time>
        <speed>3.367000</speed>
      </trkpt>
      <trkpt lat="59.437329741" lon="27.179192668">
        <ele>47.600</ele>
        <time>2026-08-13T09:25:07Z</time>
        <speed>3.277000</speed>
      </trkpt>
      <trkpt lat="59.437180543" lon="27.179585360">
        <ele>47.000</ele>
        <time>2026-08-13T09:25:14Z</time>
        <speed>3.727000</speed>
      </trkpt>
      <trkpt lat="59.437061939" lon="27.179866908">
        <ele>47.400</ele>
        <time>2026-08-13T09:25:20Z</time>
        <speed>2.806000</speed>
      </trkpt>
      <trkpt lat="59.436960099" lon="27.180080647">
        <ele>47.200</ele>
        <time>2026-08-13T09:25:25Z</time>
        <speed>2.913000</speed>
      </trkpt>
      <trkpt lat="59.436779888" lon="27.180280890">
        <ele>47.200</ele>
        <time>2026-08-13T09:25:31Z</time>
        <speed>3.297000</speed>
      </trkpt>
      <trkpt lat="59.436600516" lon="27.180518769">
        <ele>47.000</ele>
        <time>2026-08-13T09:25:37Z</time>
        <speed>3.653000</speed>
      </trkpt>
      <trkpt lat="59.436524659" lon="27.180776428">
        <ele>46.600</ele>
        <time>2026-08-13T09:25:41Z</time>
        <speed>4.610000</speed>
      </trkpt>
      <trkpt lat="59.436507141" lon="27.180863600">
        <ele>46.400</ele>
        <time>2026-08-13T09:25:42Z</time>
        <speed>4.962000</speed>
      </trkpt>
      <trkpt lat="59.436451234" lon="27.181158140">
        <ele>45.400</ele>
        <time>2026-08-13T09:25:45Z</time>
        <speed>5.824000</speed>
      </trkpt>
      <trkpt lat="59.436416365" lon="27.181355115">
        <ele>44.600</ele>
        <time>2026-08-13T09:25:47Z</time>
        <speed>5.981000</speed>
      </trkpt>
      <trkpt lat="59.436400691" lon="27.181450082">
        <ele>44.000</ele>
        <time>2026-08-13T09:25:48Z</time>
        <speed>5.464000</speed>
      </trkpt>
      <trkpt lat="59.436304970" lon="27.182006808">
        <ele>43.200</ele>
        <time>2026-08-13T09:25:54Z</time>
        <speed>5.055000</speed>
      </trkpt>
      <trkpt lat="59.436286278" lon="27.182082245">
        <ele>43.400</ele>
        <time>2026-08-13T09:25:55Z</time>
        <speed>4.670000</speed>
      </trkpt>
      <trkpt lat="59.436201537" lon="27.182341497">
        <ele>43.800</ele>
        <time>2026-08-13T09:25:59Z</time>
        <speed>3.960000</speed>
      </trkpt>
      <trkpt lat="59.436105732" lon="27.182609802">
        <ele>43.400</ele>
        <time>2026-08-13T09:26:03Z</time>
        <speed>4.799000</speed>
      </trkpt>
      <trkpt lat="59.436063319" lon="27.182772495">
        <ele>43.200</ele>
        <time>2026-08-13T09:26:05Z</time>
        <speed>4.587000</speed>
      </trkpt>
      <trkpt lat="59.436030211" lon="27.182939546">
        <ele>43.000</ele>
        <time>2026-08-13T09:26:07Z</time>
        <speed>4.813000</speed>
      </trkpt>
      <trkpt lat="59.436012357" lon="27.183189243">
        <ele>43.000</ele>
        <time>2026-08-13T09:26:10Z</time>
        <speed>3.827000</speed>
      </trkpt>
      <trkpt lat="59.436077736" lon="27.183543630">
        <ele>43.000</ele>
        <time>2026-08-13T09:26:15Z</time>
        <speed>4.042000</speed>
      </trkpt>
      <trkpt lat="59.436207321" lon="27.183918720">
        <ele>42.600</ele>
        <time>2026-08-13T09:26:21Z</time>
        <speed>4.249000</speed>
      </trkpt>
      <trkpt lat="59.436302707" lon="27.184195658">
        <ele>43.000</ele>
        <time>2026-08-13T09:26:25Z</time>
        <speed>4.631000</speed>
      </trkpt>
      <trkpt lat="59.436355429" lon="27.184338653">
        <ele>42.800</ele>
        <time>2026-08-13T09:26:27Z</time>
        <speed>4.566000</speed>
      </trkpt>
      <trkpt lat="59.436415024" lon="27.184538143">
        <ele>42.600</ele>
        <time>2026-08-13T09:26:30Z</time>
        <speed>4.212000</speed>
      </trkpt>
      <trkpt lat="59.436464561" lon="27.184717013">
        <ele>42.600</ele>
        <time>2026-08-13T09:26:33Z</time>
        <speed>3.869000</speed>
      </trkpt>
      <trkpt lat="59.436545614" lon="27.185016917">
        <ele>43.000</ele>
        <time>2026-08-13T09:26:38Z</time>
        <speed>3.376000</speed>
      </trkpt>
      <trkpt lat="59.436651897" lon="27.185320426">
        <ele>43.200</ele>
        <time>2026-08-13T09:26:43Z</time>
        <speed>3.778000</speed>
      </trkpt>
      <trkpt lat="59.436775865" lon="27.185681937">
        <ele>43.400</ele>
        <time>2026-08-13T09:26:49Z</time>
        <speed>3.405000</speed>
      </trkpt>
      <trkpt lat="59.436923219" lon="27.186074043">
        <ele>42.600</ele>
        <time>2026-08-13T09:26:55Z</time>
        <speed>4.093000</speed>
      </trkpt>
      <trkpt lat="59.437144333" lon="27.186703188">
        <ele>42.000</ele>
        <time>2026-08-13T09:27:03Z</time>
        <speed>4.658000</speed>
      </trkpt>
      <trkpt lat="59.437504252" lon="27.187432162">
        <ele>42.400</ele>
        <time>2026-08-13T09:27:13Z</time>
        <speed>4.871000</speed>
      </trkpt>
      <trkpt lat="59.437810024" lon="27.188068181">
        <ele>42.600</ele>
        <time>2026-08-13T09:27:22Z</time>
        <speed>4.803000</speed>
      </trkpt>
      <trkpt lat="59.438037090" lon="27.188595990">
        <ele>43.200</ele>
        <time>2026-08-13T09:27:30Z</time>
        <speed>4.645000</speed>
      </trkpt>
      <trkpt lat="59.438276645" lon="27.189183561">
        <ele>43.400</ele>
        <time>2026-08-13T09:27:39Z</time>
        <speed>4.486000</speed>
      </trkpt>
      <trkpt lat="59.438466411" lon="27.189817736">
        <ele>42.400</ele>
        <time>2026-08-13T09:27:48Z</time>
        <speed>4.698000</speed>
      </trkpt>
      <trkpt lat="59.438482504" lon="27.189895688">
        <ele>42.400</ele>
        <time>2026-08-13T09:27:49Z</time>
        <speed>4.667000</speed>
      </trkpt>
      <trkpt lat="59.438573029" lon="27.190445121">
        <ele>43.200</ele>
        <time>2026-08-13T09:27:56Z</time>
        <speed>4.531000</speed>
      </trkpt>
      <trkpt lat="59.438657183" lon="27.191142663">
        <ele>43.000</ele>
        <time>2026-08-13T09:28:05Z</time>
        <speed>4.554000</speed>
      </trkpt>
      <trkpt lat="59.438664895" lon="27.191721182">
        <ele>43.200</ele>
        <time>2026-08-13T09:28:12Z</time>
        <speed>4.672000</speed>
      </trkpt>
      <trkpt lat="59.438592978" lon="27.192351082">
        <ele>43.200</ele>
        <time>2026-08-13T09:28:20Z</time>
        <speed>4.651000</speed>
      </trkpt>
      <trkpt lat="59.438491892" lon="27.192893894">
        <ele>43.200</ele>
        <time>2026-08-13T09:28:27Z</time>
        <speed>4.785000</speed>
      </trkpt>
      <trkpt lat="59.438347556" lon="27.193488758">
        <ele>43.200</ele>
        <time>2026-08-13T09:28:35Z</time>
        <speed>4.794000</speed>
      </trkpt>
      <trkpt lat="59.438169608" lon="27.194107762">
        <ele>43.200</ele>
        <time>2026-08-13T09:28:43Z</time>
        <speed>4.954000</speed>
      </trkpt>
      <trkpt lat="59.438038347" lon="27.194550829">
        <ele>43.400</ele>
        <time>2026-08-13T09:28:49Z</time>
        <speed>4.692000</speed>
      </trkpt>
      <trkpt lat="59.438015297" lon="27.194620399">
        <ele>43.400</ele>
        <time>2026-08-13T09:28:50Z</time>
        <speed>4.593000</speed>
      </trkpt>
      <trkpt lat="59.437963245" lon="27.194748558">
        <ele>43.600</ele>
        <time>2026-08-13T09:28:52Z</time>
        <speed>4.846000</speed>
      </trkpt>
      <trkpt lat="59.437868949" lon="27.195024742">
        <ele>43.400</ele>
        <time>2026-08-13T09:28:56Z</time>
        <speed>4.557000</speed>
      </trkpt>
      <trkpt lat="59.437743220" lon="27.195457667">
        <ele>43.600</ele>
        <time>2026-08-13T09:29:03Z</time>
        <speed>3.886000</speed>
      </trkpt>
      <trkpt lat="59.437637189" lon="27.195799649">
        <ele>44.000</ele>
        <time>2026-08-13T09:29:09Z</time>
        <speed>4.116000</speed>
      </trkpt>
      <trkpt lat="59.437574828" lon="27.196006179">
        <ele>44.000</ele>
        <time>2026-08-13T09:29:12Z</time>
        <speed>4.492000</speed>
      </trkpt>
      <trkpt lat="59.437474161" lon="27.196333157">
        <ele>44.400</ele>
        <time>2026-08-13T09:29:17Z</time>
        <speed>4.271000</speed>
      </trkpt>
      <trkpt lat="59.437246006" lon="27.197058275">
        <ele>44.400</ele>
        <time>2026-08-13T09:29:28Z</time>
        <speed>4.410000</speed>
      </trkpt>
      <trkpt lat="59.437097562" lon="27.197512742">
        <ele>44.400</ele>
        <time>2026-08-13T09:29:35Z</time>
        <speed>4.353000</speed>
      </trkpt>
      <trkpt lat="59.436961943" lon="27.197956648">
        <ele>44.600</ele>
        <time>2026-08-13T09:29:42Z</time>
        <speed>3.940000</speed>
      </trkpt>
      <trkpt lat="59.436802603" lon="27.198462076">
        <ele>44.600</ele>
        <time>2026-08-13T09:29:50Z</time>
        <speed>4.352000</speed>
      </trkpt>
      <trkpt lat="59.436655166" lon="27.198911766">
        <ele>44.600</ele>
        <time>2026-08-13T09:29:57Z</time>
        <speed>4.355000</speed>
      </trkpt>
      <trkpt lat="59.436486941" lon="27.199433707">
        <ele>44.600</ele>
        <time>2026-08-13T09:30:05Z</time>
        <speed>4.399000</speed>
      </trkpt>
      <trkpt lat="59.436341180" lon="27.199892197">
        <ele>44.800</ele>
        <time>2026-08-13T09:30:12Z</time>
        <speed>4.305000</speed>
      </trkpt>
      <trkpt lat="59.436179409" lon="27.200414976">
        <ele>44.800</ele>
        <time>2026-08-13T09:30:20Z</time>
        <speed>4.039000</speed>
      </trkpt>
      <trkpt lat="59.436117131" lon="27.200586218">
        <ele>45.000</ele>
        <time>2026-08-13T09:30:23Z</time>
        <speed>4.108000</speed>
      </trkpt>
      <trkpt lat="59.436053345" lon="27.200781181">
        <ele>45.000</ele>
        <time>2026-08-13T09:30:26Z</time>
        <speed>4.439000</speed>
      </trkpt>
      <trkpt lat="59.435881767" lon="27.201309912">
        <ele>44.800</ele>
        <time>2026-08-13T09:30:34Z</time>
        <speed>4.606000</speed>
      </trkpt>
      <trkpt lat="59.435713962" lon="27.201830260">
        <ele>45.200</ele>
        <time>2026-08-13T09:30:42Z</time>
        <speed>4.294000</speed>
      </trkpt>
      <trkpt lat="59.435627880" lon="27.202088088">
        <ele>45.200</ele>
        <time>2026-08-13T09:30:46Z</time>
        <speed>4.337000</speed>
      </trkpt>
      <trkpt lat="59.435565937" lon="27.202280788">
        <ele>45.200</ele>
        <time>2026-08-13T09:30:49Z</time>
        <speed>4.358000</speed>
      </trkpt>
      <trkpt lat="59.435393186" lon="27.202805830">
        <ele>45.400</ele>
        <time>2026-08-13T09:30:57Z</time>
        <speed>4.442000</speed>
      </trkpt>
      <trkpt lat="59.435226386" lon="27.203349983">
        <ele>45.200</ele>
        <time>2026-08-13T09:31:05Z</time>
        <speed>4.438000</speed>
      </trkpt>
      <trkpt lat="59.435185818" lon="27.203491805">
        <ele>45.200</ele>
        <time>2026-08-13T09:31:07Z</time>
        <speed>4.620000</speed>
      </trkpt>
      <trkpt lat="59.435087917" lon="27.203832613">
        <ele>45.400</ele>
        <time>2026-08-13T09:31:12Z</time>
        <speed>4.521000</speed>
      </trkpt>
      <trkpt lat="59.434944503" lon="27.204361763">
        <ele>45.600</ele>
        <time>2026-08-13T09:31:20Z</time>
        <speed>4.155000</speed>
      </trkpt>
      <trkpt lat="59.434897481" lon="27.204560665">
        <ele>46.000</ele>
        <time>2026-08-13T09:31:23Z</time>
        <speed>4.273000</speed>
      </trkpt>
      <trkpt lat="59.434773680" lon="27.205118230">
        <ele>46.400</ele>
        <time>2026-08-13T09:31:31Z</time>
        <speed>4.250000</speed>
      </trkpt>
      <trkpt lat="59.434652645" lon="27.205628352">
        <ele>46.200</ele>
        <time>2026-08-13T09:31:38Z</time>
        <speed>5.035000</speed>
      </trkpt>
      <trkpt lat="59.434617190" lon="27.205788866">
        <ele>45.800</ele>
        <time>2026-08-13T09:31:40Z</time>
        <speed>4.916000</speed>
      </trkpt>
      <trkpt lat="59.434533874" lon="27.206095643">
        <ele>45.600</ele>
        <time>2026-08-13T09:31:44Z</time>
        <speed>5.062000</speed>
      </trkpt>
      <trkpt lat="59.434349723" lon="27.206736524">
        <ele>45.400</ele>
        <time>2026-08-13T09:31:52Z</time>
        <speed>5.187000</speed>
      </trkpt>
      <trkpt lat="59.434124501" lon="27.207447309">
        <ele>45.400</ele>
        <time>2026-08-13T09:32:01Z</time>
        <speed>5.086000</speed>
      </trkpt>
      <trkpt lat="59.433913697" lon="27.208086178">
        <ele>46.000</ele>
        <time>2026-08-13T09:32:10Z</time>
        <speed>4.792000</speed>
      </trkpt>
      <trkpt lat="59.433676740" lon="27.208778104">
        <ele>46.400</ele>
        <time>2026-08-13T09:32:20Z</time>
        <speed>4.770000</speed>
      </trkpt>
      <trkpt lat="59.433459984" lon="27.209410435">
        <ele>46.600</ele>
        <time>2026-08-13T09:32:29Z</time>
        <speed>4.635000</speed>
      </trkpt>
      <trkpt lat="59.433261836" lon="27.209973866">
        <ele>46.600</ele>
        <time>2026-08-13T09:32:37Z</time>
        <speed>5.079000</speed>
      </trkpt>
      <trkpt lat="59.433031753" lon="27.210633270">
        <ele>46.200</ele>
        <time>2026-08-13T09:32:46Z</time>
        <speed>4.696000</speed>
      </trkpt>
      <trkpt lat="59.432854727" lon="27.211131072">
        <ele>46.200</ele>
        <time>2026-08-13T09:32:53Z</time>
        <speed>5.049000</speed>
      </trkpt>
      <trkpt lat="59.432645682" lon="27.211735491">
        <ele>46.200</ele>
        <time>2026-08-13T09:33:01Z</time>
        <speed>5.167000</speed>
      </trkpt>
      <trkpt lat="59.432440661" lon="27.212340999">
        <ele>46.200</ele>
        <time>2026-08-13T09:33:09Z</time>
        <speed>5.051000</speed>
      </trkpt>
      <trkpt lat="59.432243602" lon="27.212939216">
        <ele>46.400</ele>
        <time>2026-08-13T09:33:17Z</time>
        <speed>5.220000</speed>
      </trkpt>
      <trkpt lat="59.432092309" lon="27.213371890">
        <ele>46.400</ele>
        <time>2026-08-13T09:33:23Z</time>
        <speed>5.177000</speed>
      </trkpt>
      <trkpt lat="59.431928359" lon="27.213883437">
        <ele>46.800</ele>
        <time>2026-08-13T09:33:30Z</time>
        <speed>4.728000</speed>
      </trkpt>
      <trkpt lat="59.431801625" lon="27.214278225">
        <ele>46.800</ele>
        <time>2026-08-13T09:33:36Z</time>
        <speed>4.537000</speed>
      </trkpt>
      <trkpt lat="59.431756781" lon="27.214417197">
        <ele>46.800</ele>
        <time>2026-08-13T09:33:38Z</time>
        <speed>4.731000</speed>
      </trkpt>
      <trkpt lat="59.431660473" lon="27.214697907">
        <ele>47.000</ele>
        <time>2026-08-13T09:33:42Z</time>
        <speed>4.590000</speed>
      </trkpt>
      <trkpt lat="59.431592412" lon="27.214901922">
        <ele>47.000</ele>
        <time>2026-08-13T09:33:45Z</time>
        <speed>4.601000</speed>
      </trkpt>
      <trkpt lat="59.431460900" lon="27.215295034">
        <ele>47.400</ele>
        <time>2026-08-13T09:33:51Z</time>
        <speed>4.378000</speed>
      </trkpt>
      <trkpt lat="59.431270463" lon="27.215877660">
        <ele>48.000</ele>
        <time>2026-08-13T09:34:00Z</time>
        <speed>4.660000</speed>
      </trkpt>
      <trkpt lat="59.431108525" lon="27.216368252">
        <ele>48.000</ele>
        <time>2026-08-13T09:34:07Z</time>
        <speed>4.658000</speed>
      </trkpt>
      <trkpt lat="59.431062257" lon="27.216498591">
        <ele>48.200</ele>
        <time>2026-08-13T09:34:09Z</time>
        <speed>4.563000</speed>
      </trkpt>
      <trkpt lat="59.430949353" lon="27.216843842">
        <ele>48.400</ele>
        <time>2026-08-13T09:34:14Z</time>
        <speed>4.728000</speed>
      </trkpt>
      <trkpt lat="59.430882717" lon="27.217055988">
        <ele>48.400</ele>
        <time>2026-08-13T09:34:17Z</time>
        <speed>4.565000</speed>
      </trkpt>
      <trkpt lat="59.430772159" lon="27.217451613">
        <ele>48.600</ele>
        <time>2026-08-13T09:34:23Z</time>
        <speed>4.444000</speed>
      </trkpt>
      <trkpt lat="59.430656573" lon="27.217972716">
        <ele>49.000</ele>
        <time>2026-08-13T09:34:30Z</time>
        <speed>4.269000</speed>
      </trkpt>
      <trkpt lat="59.430621788" lon="27.218193328">
        <ele>49.200</ele>
        <time>2026-08-13T09:34:33Z</time>
        <speed>4.492000</speed>
      </trkpt>
      <trkpt lat="59.430586416" lon="27.218413353">
        <ele>49.200</ele>
        <time>2026-08-13T09:34:36Z</time>
        <speed>4.327000</speed>
      </trkpt>
      <trkpt lat="59.430514583" lon="27.218965804">
        <ele>49.200</ele>
        <time>2026-08-13T09:34:43Z</time>
        <speed>4.734000</speed>
      </trkpt>
      <trkpt lat="59.430451384" lon="27.219429826">
        <ele>49.000</ele>
        <time>2026-08-13T09:34:49Z</time>
        <speed>4.667000</speed>
      </trkpt>
      <trkpt lat="59.430442667" lon="27.219512723">
        <ele>48.800</ele>
        <time>2026-08-13T09:34:50Z</time>
        <speed>4.727000</speed>
      </trkpt>
      <trkpt lat="59.430391872" lon="27.219901057">
        <ele>49.000</ele>
        <time>2026-08-13T09:34:55Z</time>
        <speed>4.578000</speed>
      </trkpt>
      <trkpt lat="59.430272346" lon="27.220716113">
        <ele>48.800</ele>
        <time>2026-08-13T09:35:05Z</time>
        <speed>4.831000</speed>
      </trkpt>
      <trkpt lat="59.430173188" lon="27.221267894">
        <ele>48.800</ele>
        <time>2026-08-13T09:35:12Z</time>
        <speed>4.715000</speed>
      </trkpt>
      <trkpt lat="59.430116611" lon="27.221648432">
        <ele>48.800</ele>
        <time>2026-08-13T09:35:17Z</time>
        <speed>4.568000</speed>
      </trkpt>
      <trkpt lat="59.430106301" lon="27.221721690">
        <ele>48.800</ele>
        <time>2026-08-13T09:35:18Z</time>
        <speed>4.357000</speed>
      </trkpt>
      <trkpt lat="59.430063637" lon="27.222231813">
        <ele>49.200</ele>
        <time>2026-08-13T09:35:25Z</time>
        <speed>3.724000</speed>
      </trkpt>
      <trkpt lat="59.430035474" lon="27.222452508">
        <ele>49.600</ele>
        <time>2026-08-13T09:35:30Z</time>
        <speed>1.957000</speed>
      </trkpt>
      <trkpt lat="59.430026170" lon="27.222623918">
        <ele>49.400</ele>
        <time>2026-08-13T09:35:36Z</time>
        <speed>0.359000</speed>
      </trkpt>
    </trkseg>
    <trkseg>
      <trkpt lat="59.429992810" lon="27.222722322">
        <ele>48.800</ele>
        <time>2026-08-13T09:36:09Z</time>
        <speed>2.218000</speed>
      </trkpt>
      <trkpt lat="59.429955259" lon="27.222783007">
        <ele>48.600</ele>
        <time>2026-08-13T09:36:11Z</time>
        <speed>2.868000</speed>
      </trkpt>
      <trkpt lat="59.429850569" lon="27.222857438">
        <ele>48.800</ele>
        <time>2026-08-13T09:36:15Z</time>
        <speed>3.213000</speed>
      </trkpt>
      <trkpt lat="59.429819053" lon="27.222866407">
        <ele>48.600</ele>
        <time>2026-08-13T09:36:16Z</time>
        <speed>3.408000</speed>
      </trkpt>
      <trkpt lat="59.429560471" lon="27.222944526">
        <ele>48.800</ele>
        <time>2026-08-13T09:36:24Z</time>
        <speed>3.607000</speed>
      </trkpt>
      <trkpt lat="59.429316809" lon="27.223044774">
        <ele>48.800</ele>
        <time>2026-08-13T09:36:32Z</time>
        <speed>3.797000</speed>
      </trkpt>
      <trkpt lat="59.429100975" lon="27.223128928">
        <ele>48.800</ele>
        <time>2026-08-13T09:36:38Z</time>
        <speed>4.118000</speed>
      </trkpt>
      <trkpt lat="59.428822612" lon="27.223260859">
        <ele>49.000</ele>
        <time>2026-08-13T09:36:46Z</time>
        <speed>3.774000</speed>
      </trkpt>
      <trkpt lat="59.428701829" lon="27.223458085">
        <ele>49.400</ele>
        <time>2026-08-13T09:36:51Z</time>
        <speed>3.596000</speed>
      </trkpt>
      <trkpt lat="59.428714653" lon="27.223802246">
        <ele>48.800</ele>
        <time>2026-08-13T09:36:56Z</time>
        <speed>4.154000</speed>
      </trkpt>
      <trkpt lat="59.428806184" lon="27.224400463">
        <ele>49.000</ele>
        <time>2026-08-13T09:37:04Z</time>
        <speed>4.295000</speed>
      </trkpt>
      <trkpt lat="59.428877514" lon="27.224908574">
        <ele>49.200</ele>
        <time>2026-08-13T09:37:11Z</time>
        <speed>4.408000</speed>
      </trkpt>
      <trkpt lat="59.428977091" lon="27.225855477">
        <ele>48.800</ele>
        <time>2026-08-13T09:37:23Z</time>
        <speed>4.659000</speed>
      </trkpt>
      <trkpt lat="59.429020258" lon="27.226412119">
        <ele>48.200</ele>
        <time>2026-08-13T09:37:30Z</time>
        <speed>4.568000</speed>
      </trkpt>
      <trkpt lat="59.429089744" lon="27.227185518">
        <ele>48.800</ele>
        <time>2026-08-13T09:37:39Z</time>
        <speed>4.859000</speed>
      </trkpt>
      <trkpt lat="59.429137018" lon="27.227781974">
        <ele>49.200</ele>
        <time>2026-08-13T09:37:46Z</time>
        <speed>4.929000</speed>
      </trkpt>
      <trkpt lat="59.429180017" lon="27.228379520">
        <ele>48.400</ele>
        <time>2026-08-13T09:37:53Z</time>
        <speed>4.767000</speed>
      </trkpt>
      <trkpt lat="59.429244893" lon="27.229017802">
        <ele>48.600</ele>
        <time>2026-08-13T09:38:01Z</time>
        <speed>4.337000</speed>
      </trkpt>
      <trkpt lat="59.429323431" lon="27.229632782">
        <ele>48.600</ele>
        <time>2026-08-13T09:38:08Z</time>
        <speed>4.937000</speed>
      </trkpt>
      <trkpt lat="59.429340782" lon="27.229714924">
        <ele>48.400</ele>
        <time>2026-08-13T09:38:09Z</time>
        <speed>4.786000</speed>
      </trkpt>
      <trkpt lat="59.429353187" lon="27.229797486">
        <ele>48.200</ele>
        <time>2026-08-13T09:38:10Z</time>
        <speed>4.797000</speed>
      </trkpt>
      <trkpt lat="59.429442622" lon="27.230203087">
        <ele>48.400</ele>
        <time>2026-08-13T09:38:15Z</time>
        <speed>5.112000</speed>
      </trkpt>
      <trkpt lat="59.429489980" lon="27.230355302">
        <ele>48.400</ele>
        <time>2026-08-13T09:38:17Z</time>
        <speed>4.845000</speed>
      </trkpt>
      <trkpt lat="59.429542786" lon="27.230497291">
        <ele>48.000</ele>
        <time>2026-08-13T09:38:19Z</time>
        <speed>4.855000</speed>
      </trkpt>
      <trkpt lat="59.429589640" lon="27.230651518">
        <ele>48.000</ele>
        <time>2026-08-13T09:38:21Z</time>
        <speed>5.081000</speed>
      </trkpt>
      <trkpt lat="59.429612523" lon="27.230728297">
        <ele>48.000</ele>
        <time>2026-08-13T09:38:22Z</time>
        <speed>4.900000</speed>
      </trkpt>
      <trkpt lat="59.429773791" lon="27.231146134">
        <ele>47.800</ele>
        <time>2026-08-13T09:38:28Z</time>
        <speed>4.705000</speed>
      </trkpt>
      <trkpt lat="59.429923827" lon="27.231514184">
        <ele>47.400</ele>
        <time>2026-08-13T09:38:34Z</time>
        <speed>3.993000</speed>
      </trkpt>
      <trkpt lat="59.430019045" lon="27.231744435">
        <ele>47.600</ele>
        <time>2026-08-13T09:38:38Z</time>
        <speed>4.210000</speed>
      </trkpt>
      <trkpt lat="59.430219876" lon="27.232219605">
        <ele>48.200</ele>
        <time>2026-08-13T09:38:45Z</time>
        <speed>4.390000</speed>
      </trkpt>
      <trkpt lat="59.430432273" lon="27.232738109">
        <ele>48.000</ele>
        <time>2026-08-13T09:38:53Z</time>
        <speed>3.961000</speed>
      </trkpt>
      <trkpt lat="59.430586584" lon="27.233167766">
        <ele>47.800</ele>
        <time>2026-08-13T09:39:00Z</time>
        <speed>4.010000</speed>
      </trkpt>
      <trkpt lat="59.430692866" lon="27.233546209">
        <ele>47.600</ele>
        <time>2026-08-13T09:39:06Z</time>
        <speed>3.252000</speed>
      </trkpt>
      <trkpt lat="59.430815326" lon="27.234052140">
        <ele>47.200</ele>
        <time>2026-08-13T09:39:13Z</time>
        <speed>3.744000</speed>
      </trkpt>
      <trkpt lat="59.430920016" lon="27.234563017">
        <ele>47.400</ele>
        <time>2026-08-13T09:39:20Z</time>
        <speed>3.032000</speed>
      </trkpt>
      <trkpt lat="59.431073656" lon="27.235127706">
        <ele>47.400</ele>
        <time>2026-08-13T09:39:28Z</time>
        <speed>3.129000</speed>
      </trkpt>
      <trkpt lat="59.431196284" lon="27.235630956">
        <ele>47.800</ele>
        <time>2026-08-13T09:39:36Z</time>
        <speed>3.498000</speed>
      </trkpt>
      <trkpt lat="59.431259148" lon="27.235899512">
        <ele>47.000</ele>
        <time>2026-08-13T09:39:40Z</time>
        <speed>3.734000</speed>
      </trkpt>
      <trkpt lat="59.431300219" lon="27.236098582">
        <ele>47.000</ele>
        <time>2026-08-13T09:39:43Z</time>
        <speed>3.378000</speed>
      </trkpt>
      <trkpt lat="59.431424187" lon="27.236603005">
        <ele>47.200</ele>
        <time>2026-08-13T09:39:51Z</time>
        <speed>4.033000</speed>
      </trkpt>
      <trkpt lat="59.431539187" lon="27.236986393">
        <ele>47.000</ele>
        <time>2026-08-13T09:39:57Z</time>
        <speed>3.632000</speed>
      </trkpt>
      <trkpt lat="59.431620156" lon="27.237316137">
        <ele>47.400</ele>
        <time>2026-08-13T09:40:02Z</time>
        <speed>3.499000</speed>
      </trkpt>
      <trkpt lat="59.431764996" lon="27.237811508">
        <ele>47.400</ele>
        <time>2026-08-13T09:40:09Z</time>
        <speed>4.082000</speed>
      </trkpt>
      <trkpt lat="59.431937495" lon="27.238498991">
        <ele>47.200</ele>
        <time>2026-08-13T09:40:18Z</time>
        <speed>4.344000</speed>
      </trkpt>
      <trkpt lat="59.432044700" lon="27.238940382">
        <ele>47.000</ele>
        <time>2026-08-13T09:40:24Z</time>
        <speed>4.440000</speed>
      </trkpt>
      <trkpt lat="59.432165148" lon="27.239527786">
        <ele>47.800</ele>
        <time>2026-08-13T09:40:32Z</time>
        <speed>4.367000</speed>
      </trkpt>
      <trkpt lat="59.432182498" lon="27.239601547">
        <ele>48.000</ele>
        <time>2026-08-13T09:40:33Z</time>
        <speed>4.379000</speed>
      </trkpt>
      <trkpt lat="59.432262797" lon="27.240009243">
        <ele>47.400</ele>
        <time>2026-08-13T09:40:39Z</time>
        <speed>3.725000</speed>
      </trkpt>
      <trkpt lat="59.432312250" lon="27.240277044">
        <ele>47.400</ele>
        <time>2026-08-13T09:40:43Z</time>
        <speed>4.078000</speed>
      </trkpt>
      <trkpt lat="59.432374863" lon="27.240636377">
        <ele>47.800</ele>
        <time>2026-08-13T09:40:48Z</time>
        <speed>4.105000</speed>
      </trkpt>
      <trkpt lat="59.432480559" lon="27.241179692">
        <ele>48.200</ele>
        <time>2026-08-13T09:40:56Z</time>
        <speed>3.737000</speed>
      </trkpt>
      <trkpt lat="59.432560690" lon="27.241487727">
        <ele>47.800</ele>
        <time>2026-08-13T09:41:01Z</time>
        <speed>3.756000</speed>
      </trkpt>
      <trkpt lat="59.432573682" lon="27.241555620">
        <ele>47.800</ele>
        <time>2026-08-13T09:41:02Z</time>
        <speed>3.789000</speed>
      </trkpt>
      <trkpt lat="59.432687005" lon="27.242051074">
        <ele>48.600</ele>
        <time>2026-08-13T09:41:10Z</time>
        <speed>3.765000</speed>
      </trkpt>
      <trkpt lat="59.432824301" lon="27.242645854">
        <ele>48.400</ele>
        <time>2026-08-13T09:41:19Z</time>
        <speed>3.863000</speed>
      </trkpt>
      <trkpt lat="59.432897894" lon="27.243042486">
        <ele>48.800</ele>
        <time>2026-08-13T09:41:25Z</time>
        <speed>3.926000</speed>
      </trkpt>
      <trkpt lat="59.432950448" lon="27.243466023">
        <ele>48.600</ele>
        <time>2026-08-13T09:41:31Z</time>
        <speed>4.144000</speed>
      </trkpt>
      <trkpt lat="59.432986323" lon="27.243901715">
        <ele>48.800</ele>
        <time>2026-08-13T09:41:37Z</time>
        <speed>3.938000</speed>
      </trkpt>
      <trkpt lat="59.433000823" lon="27.244044710">
        <ele>49.000</ele>
        <time>2026-08-13T09:41:39Z</time>
        <speed>3.982000</speed>
      </trkpt>
      <trkpt lat="59.433022533" lon="27.244378980">
        <ele>48.600</ele>
        <time>2026-08-13T09:41:44Z</time>
        <speed>3.580000</speed>
      </trkpt>
      <trkpt lat="59.433090007" lon="27.244815007">
        <ele>48.600</ele>
        <time>2026-08-13T09:41:51Z</time>
        <speed>3.335000</speed>
      </trkpt>
      <trkpt lat="59.433148094" lon="27.245246926">
        <ele>49.400</ele>
        <time>2026-08-13T09:41:58Z</time>
        <speed>2.845000</speed>
      </trkpt>
      <trkpt lat="59.433232751" lon="27.245625537">
        <ele>49.000</ele>
        <time>2026-08-13T09:42:04Z</time>
        <speed>3.237000</speed>
      </trkpt>
      <trkpt lat="59.433326796" lon="27.246059803">
        <ele>49.400</ele>
        <time>2026-08-13T09:42:10Z</time>
        <speed>4.010000</speed>
      </trkpt>
      <trkpt lat="59.433446741" lon="27.246519299">
        <ele>49.400</ele>
        <time>2026-08-13T09:42:17Z</time>
        <speed>4.008000</speed>
      </trkpt>
      <trkpt lat="59.433553526" lon="27.246953482">
        <ele>48.800</ele>
        <time>2026-08-13T09:42:24Z</time>
        <speed>4.002000</speed>
      </trkpt>
      <trkpt lat="59.433680261" lon="27.247473327">
        <ele>48.600</ele>
        <time>2026-08-13T09:42:32Z</time>
        <speed>3.890000</speed>
      </trkpt>
      <trkpt lat="59.433807665" lon="27.247960903">
        <ele>49.000</ele>
        <time>2026-08-13T09:42:40Z</time>
        <speed>3.781000</speed>
      </trkpt>
      <trkpt lat="59.433915373" lon="27.248413023">
        <ele>48.800</ele>
        <time>2026-08-13T09:42:48Z</time>
        <speed>3.560000</speed>
      </trkpt>
      <trkpt lat="59.434006233" lon="27.248789286">
        <ele>49.200</ele>
        <time>2026-08-13T09:42:55Z</time>
        <speed>3.211000</speed>
      </trkpt>
      <trkpt lat="59.434074210" lon="27.249137135">
        <ele>49.200</ele>
        <time>2026-08-13T09:43:01Z</time>
        <speed>3.524000</speed>
      </trkpt>
      <trkpt lat="59.434117712" lon="27.249337714">
        <ele>49.400</ele>
        <time>2026-08-13T09:43:06Z</time>
        <speed>1.445000</speed>
      </trkpt>
      <trkpt lat="59.434127770" lon="27.249357915">
        <ele>49.400</ele>
        <time>2026-08-13T09:43:07Z</time>
        <speed>1.514000</speed>
      </trkpt>
      <trkpt lat="59.434166746" lon="27.249476938">
        <ele>49.600</ele>
        <time>2026-08-13T09:43:11Z</time>
        <speed>2.792000</speed>
      </trkpt>
      <trkpt lat="59.434260791" lon="27.249811376">
        <ele>49.200</ele>
        <time>2026-08-13T09:43:17Z</time>
        <speed>3.726000</speed>
      </trkpt>
      <trkpt lat="59.434322398" lon="27.250095354">
        <ele>49.600</ele>
        <time>2026-08-13T09:43:22Z</time>
        <speed>3.387000</speed>
      </trkpt>
      <trkpt lat="59.434417365" lon="27.250532722">
        <ele>49.200</ele>
        <time>2026-08-13T09:43:29Z</time>
        <speed>4.022000</speed>
      </trkpt>
      <trkpt lat="59.434505794" lon="27.250961456">
        <ele>49.000</ele>
        <time>2026-08-13T09:43:36Z</time>
        <speed>3.696000</speed>
      </trkpt>
      <trkpt lat="59.434598666" lon="27.251356244">
        <ele>49.400</ele>
        <time>2026-08-13T09:43:43Z</time>
        <speed>3.663000</speed>
      </trkpt>
      <trkpt lat="59.434685754" lon="27.251777099">
        <ele>49.000</ele>
        <time>2026-08-13T09:43:49Z</time>
        <speed>4.180000</speed>
      </trkpt>
      <trkpt lat="59.434790360" lon="27.252167445">
        <ele>49.000</ele>
        <time>2026-08-13T09:43:56Z</time>
        <speed>3.421000</speed>
      </trkpt>
      <trkpt lat="59.434860349" lon="27.252465589">
        <ele>48.400</ele>
        <time>2026-08-13T09:44:01Z</time>
        <speed>3.935000</speed>
      </trkpt>
      <trkpt lat="59.434999237" lon="27.252991218">
        <ele>48.800</ele>
        <time>2026-08-13T09:44:09Z</time>
        <speed>4.371000</speed>
      </trkpt>
      <trkpt lat="59.435118595" lon="27.253469741">
        <ele>49.200</ele>
        <time>2026-08-13T09:44:16Z</time>
        <speed>4.555000</speed>
      </trkpt>
      <trkpt lat="59.435138209" lon="27.253541239">
        <ele>49.200</ele>
        <time>2026-08-13T09:44:17Z</time>
        <speed>4.609000</speed>
      </trkpt>
      <trkpt lat="59.435226386" lon="27.253908869">
        <ele>49.000</ele>
        <time>2026-08-13T09:44:22Z</time>
        <speed>4.300000</speed>
      </trkpt>
      <trkpt lat="59.435361167" lon="27.254400384">
        <ele>48.600</ele>
        <time>2026-08-13T09:44:29Z</time>
        <speed>4.519000</speed>
      </trkpt>
      <trkpt lat="59.435513550" lon="27.254952164">
        <ele>48.800</ele>
        <time>2026-08-13T09:44:37Z</time>
        <speed>4.146000</speed>
      </trkpt>
      <trkpt lat="59.435652522" lon="27.255498581">
        <ele>49.200</ele>
        <time>2026-08-13T09:44:45Z</time>
        <speed>4.422000</speed>
      </trkpt>
      <trkpt lat="59.435781017" lon="27.255973667">
        <ele>49.000</ele>
        <time>2026-08-13T09:44:52Z</time>
        <speed>4.405000</speed>
      </trkpt>
      <trkpt lat="59.435907584" lon="27.256469959">
        <ele>48.800</ele>
        <time>2026-08-13T09:44:59Z</time>
        <speed>4.514000</speed>
      </trkpt>
      <trkpt lat="59.435930466" lon="27.256538356">
        <ele>48.800</ele>
        <time>2026-08-13T09:45:00Z</time>
        <speed>4.570000</speed>
      </trkpt>
      <trkpt lat="59.436038844" lon="27.256956613">
        <ele>48.800</ele>
        <time>2026-08-13T09:45:06Z</time>
        <speed>4.320000</speed>
      </trkpt>
      <trkpt lat="59.436177649" lon="27.257520128">
        <ele>48.800</ele>
        <time>2026-08-13T09:45:14Z</time>
        <speed>4.581000</speed>
      </trkpt>
      <trkpt lat="59.436357692" lon="27.258170145">
        <ele>48.800</ele>
        <time>2026-08-13T09:45:23Z</time>
        <speed>4.666000</speed>
      </trkpt>
      <trkpt lat="59.436381916" lon="27.258233847">
        <ele>48.800</ele>
        <time>2026-08-13T09:45:24Z</time>
        <speed>4.539000</speed>
      </trkpt>
      <trkpt lat="59.436443439" lon="27.258522687">
        <ele>49.000</ele>
        <time>2026-08-13T09:45:28Z</time>
        <speed>4.439000</speed>
      </trkpt>
      <trkpt lat="59.436479146" lon="27.258664677">
        <ele>49.000</ele>
        <time>2026-08-13T09:45:30Z</time>
        <speed>4.564000</speed>
      </trkpt>
      <trkpt lat="59.436546955" lon="27.258948153">
        <ele>49.000</ele>
        <time>2026-08-13T09:45:34Z</time>
        <speed>4.502000</speed>
      </trkpt>
      <trkpt lat="59.436708977" lon="27.259581741">
        <ele>48.800</ele>
        <time>2026-08-13T09:45:43Z</time>
        <speed>4.465000</speed>
      </trkpt>
      <trkpt lat="59.436846608" lon="27.260132851">
        <ele>49.200</ele>
        <time>2026-08-13T09:45:51Z</time>
        <speed>4.202000</speed>
      </trkpt>
      <trkpt lat="59.436976779" lon="27.260625875">
        <ele>48.600</ele>
        <time>2026-08-13T09:45:58Z</time>
        <speed>4.508000</speed>
      </trkpt>
      <trkpt lat="59.437098484" lon="27.261117976">
        <ele>49.000</ele>
        <time>2026-08-13T09:46:05Z</time>
        <speed>4.391000</speed>
      </trkpt>
      <trkpt lat="59.437220106" lon="27.261598259">
        <ele>48.800</ele>
        <time>2026-08-13T09:46:12Z</time>
        <speed>4.122000</speed>
      </trkpt>
      <trkpt lat="59.437345834" lon="27.262092875">
        <ele>48.800</ele>
        <time>2026-08-13T09:46:19Z</time>
        <speed>4.594000</speed>
      </trkpt>
      <trkpt lat="59.437468546" lon="27.262591682">
        <ele>48.800</ele>
        <time>2026-08-13T09:46:26Z</time>
        <speed>4.489000</speed>
      </trkpt>
      <trkpt lat="59.437521268" lon="27.262801565">
        <ele>48.800</ele>
        <time>2026-08-13T09:46:29Z</time>
        <speed>4.428000</speed>
      </trkpt>
      <trkpt lat="59.437684380" lon="27.263432806">
        <ele>48.600</ele>
        <time>2026-08-13T09:46:38Z</time>
        <speed>4.498000</speed>
      </trkpt>
      <trkpt lat="59.437796278" lon="27.263836563">
        <ele>48.800</ele>
        <time>2026-08-13T09:46:44Z</time>
        <speed>4.407000</speed>
      </trkpt>
      <trkpt lat="59.437922090" lon="27.264333107">
        <ele>48.600</ele>
        <time>2026-08-13T09:46:51Z</time>
        <speed>4.464000</speed>
      </trkpt>
      <trkpt lat="59.438070115" lon="27.264896287">
        <ele>48.600</ele>
        <time>2026-08-13T09:46:59Z</time>
        <speed>4.655000</speed>
      </trkpt>
      <trkpt lat="59.438229790" lon="27.265453348">
        <ele>49.000</ele>
        <time>2026-08-13T09:47:07Z</time>
        <speed>4.564000</speed>
      </trkpt>
      <trkpt lat="59.438311094" lon="27.265734728">
        <ele>48.200</ele>
        <time>2026-08-13T09:47:11Z</time>
        <speed>4.654000</speed>
      </trkpt>
      <trkpt lat="59.438356021" lon="27.265874790">
        <ele>48.000</ele>
        <time>2026-08-13T09:47:13Z</time>
        <speed>4.697000</speed>
      </trkpt>
      <trkpt lat="59.438376473" lon="27.265944108">
        <ele>47.800</ele>
        <time>2026-08-13T09:47:14Z</time>
        <speed>4.680000</speed>
      </trkpt>
      <trkpt lat="59.438549895" lon="27.266500751">
        <ele>48.400</ele>
        <time>2026-08-13T09:47:22Z</time>
        <speed>4.775000</speed>
      </trkpt>
      <trkpt lat="59.438572191" lon="27.266573422">
        <ele>48.400</ele>
        <time>2026-08-13T09:47:23Z</time>
        <speed>4.724000</speed>
      </trkpt>
      <trkpt lat="59.438654417" lon="27.266857401">
        <ele>48.200</ele>
        <time>2026-08-13T09:47:27Z</time>
        <speed>4.535000</speed>
      </trkpt>
      <trkpt lat="59.438677048" lon="27.266928563">
        <ele>48.400</ele>
        <time>2026-08-13T09:47:28Z</time>
        <speed>4.719000</speed>
      </trkpt>
      <trkpt lat="59.438842423" lon="27.267483361">
        <ele>48.800</ele>
        <time>2026-08-13T09:47:36Z</time>
        <speed>4.711000</speed>
      </trkpt>
      <trkpt lat="59.438973516" lon="27.267888039">
        <ele>48.600</ele>
        <time>2026-08-13T09:47:42Z</time>
        <speed>4.494000</speed>
      </trkpt>
      <trkpt lat="59.439123552" lon="27.268356755">
        <ele>48.600</ele>
        <time>2026-08-13T09:47:49Z</time>
        <speed>4.537000</speed>
      </trkpt>
      <trkpt lat="59.439142412" lon="27.268425655">
        <ele>48.600</ele>
        <time>2026-08-13T09:47:50Z</time>
        <speed>4.426000</speed>
      </trkpt>
      <trkpt lat="59.439281216" lon="27.268873835">
        <ele>49.000</ele>
        <time>2026-08-13T09:47:57Z</time>
        <speed>4.411000</speed>
      </trkpt>
      <trkpt lat="59.439428821" lon="27.269353280">
        <ele>48.800</ele>
        <time>2026-08-13T09:48:04Z</time>
        <speed>4.548000</speed>
      </trkpt>
      <trkpt lat="59.439646415" lon="27.270035567">
        <ele>48.600</ele>
        <time>2026-08-13T09:48:14Z</time>
        <speed>4.611000</speed>
      </trkpt>
      <trkpt lat="59.439710118" lon="27.270249054">
        <ele>48.000</ele>
        <time>2026-08-13T09:48:17Z</time>
        <speed>4.510000</speed>
      </trkpt>
      <trkpt lat="59.439815311" lon="27.270575361">
        <ele>48.200</ele>
        <time>2026-08-13T09:48:22Z</time>
        <speed>4.599000</speed>
      </trkpt>
      <trkpt lat="59.439942380" lon="27.271001833">
        <ele>48.600</ele>
        <time>2026-08-13T09:48:28Z</time>
        <speed>4.672000</speed>
      </trkpt>
      <trkpt lat="59.439960737" lon="27.271074923">
        <ele>48.800</ele>
        <time>2026-08-13T09:48:29Z</time>
        <speed>4.696000</speed>
      </trkpt>
      <trkpt lat="59.440028714" lon="27.271282040">
        <ele>48.400</ele>
        <time>2026-08-13T09:48:32Z</time>
        <speed>4.672000</speed>
      </trkpt>
      <trkpt lat="59.440094847" lon="27.271474572">
        <ele>48.800</ele>
        <time>2026-08-13T09:48:35Z</time>
        <speed>4.424000</speed>
      </trkpt>
      <trkpt lat="59.440215714" lon="27.271899451">
        <ele>48.800</ele>
        <time>2026-08-13T09:48:41Z</time>
        <speed>4.665000</speed>
      </trkpt>
      <trkpt lat="59.440280171" lon="27.272181166">
        <ele>48.400</ele>
        <time>2026-08-13T09:48:45Z</time>
        <speed>4.529000</speed>
      </trkpt>
      <trkpt lat="59.440295175" lon="27.272251993">
        <ele>48.400</ele>
        <time>2026-08-13T09:48:46Z</time>
        <speed>4.445000</speed>
      </trkpt>
      <trkpt lat="59.440355776" lon="27.272811988">
        <ele>48.000</ele>
        <time>2026-08-13T09:48:53Z</time>
        <speed>4.715000</speed>
      </trkpt>
      <trkpt lat="59.440349238" lon="27.272894466">
        <ele>48.000</ele>
        <time>2026-08-13T09:48:54Z</time>
        <speed>4.677000</speed>
      </trkpt>
      <trkpt lat="59.440304143" lon="27.273224546">
        <ele>47.600</ele>
        <time>2026-08-13T09:48:58Z</time>
        <speed>4.767000</speed>
      </trkpt>
      <trkpt lat="59.440174978" lon="27.273847824">
        <ele>48.200</ele>
        <time>2026-08-13T09:49:06Z</time>
        <speed>4.667000</speed>
      </trkpt>
      <trkpt lat="59.440068025" lon="27.274346966">
        <ele>48.200</ele>
        <time>2026-08-13T09:49:13Z</time>
        <speed>4.729000</speed>
      </trkpt>
      <trkpt lat="59.439946068" lon="27.274868069">
        <ele>48.000</ele>
        <time>2026-08-13T09:49:20Z</time>
        <speed>4.494000</speed>
      </trkpt>
      <trkpt lat="59.439773401" lon="27.275443235">
        <ele>48.000</ele>
        <time>2026-08-13T09:49:28Z</time>
        <speed>4.754000</speed>
      </trkpt>
      <trkpt lat="59.439697461" lon="27.275645491">
        <ele>48.200</ele>
        <time>2026-08-13T09:49:31Z</time>
        <speed>4.751000</speed>
      </trkpt>
      <trkpt lat="59.439566704" lon="27.275982443">
        <ele>47.800</ele>
        <time>2026-08-13T09:49:36Z</time>
        <speed>4.828000</speed>
      </trkpt>
      <trkpt lat="59.439541558" lon="27.276049247">
        <ele>48.000</ele>
        <time>2026-08-13T09:49:37Z</time>
        <speed>4.751000</speed>
      </trkpt>
      <trkpt lat="59.439370902" lon="27.276504552">
        <ele>48.000</ele>
        <time>2026-08-13T09:49:44Z</time>
        <speed>4.541000</speed>
      </trkpt>
      <trkpt lat="59.439270236" lon="27.276807725">
        <ele>48.200</ele>
        <time>2026-08-13T09:49:49Z</time>
        <speed>3.790000</speed>
      </trkpt>
      <trkpt lat="59.439122044" lon="27.277218103">
        <ele>48.400</ele>
        <time>2026-08-13T09:49:56Z</time>
        <speed>4.134000</speed>
      </trkpt>
      <trkpt lat="59.438984999" lon="27.277578861">
        <ele>48.800</ele>
        <time>2026-08-13T09:50:02Z</time>
        <speed>4.231000</speed>
      </trkpt>
      <trkpt lat="59.438944682" lon="27.277705008">
        <ele>49.200</ele>
        <time>2026-08-13T09:50:04Z</time>
        <speed>4.276000</speed>
      </trkpt>
      <trkpt lat="59.438868659" lon="27.278053444">
        <ele>49.200</ele>
        <time>2026-08-13T09:50:09Z</time>
        <speed>4.219000</speed>
      </trkpt>
      <trkpt lat="59.438807806" lon="27.278582091">
        <ele>48.400</ele>
        <time>2026-08-13T09:50:16Z</time>
        <speed>4.173000</speed>
      </trkpt>
      <trkpt lat="59.438770171" lon="27.279160609">
        <ele>48.200</ele>
        <time>2026-08-13T09:50:24Z</time>
        <speed>3.919000</speed>
      </trkpt>
      <trkpt lat="59.438766902" lon="27.279235125">
        <ele>48.200</ele>
        <time>2026-08-13T09:50:25Z</time>
        <speed>4.055000</speed>
      </trkpt>
      <trkpt lat="59.438724574" lon="27.279618178">
        <ele>48.400</ele>
        <time>2026-08-13T09:50:31Z</time>
        <speed>3.363000</speed>
      </trkpt>
      <trkpt lat="59.438694734" lon="27.280121427">
        <ele>48.600</ele>
        <time>2026-08-13T09:50:38Z</time>
        <speed>4.398000</speed>
      </trkpt>
      <trkpt lat="59.438684089" lon="27.280734731">
        <ele>48.600</ele>
        <time>2026-08-13T09:50:46Z</time>
        <speed>4.022000</speed>
      </trkpt>
      <trkpt lat="59.438681826" lon="27.281051315">
        <ele>48.800</ele>
        <time>2026-08-13T09:50:51Z</time>
        <speed>3.670000</speed>
      </trkpt>
      <trkpt lat="59.438666822" lon="27.281646514">
        <ele>48.400</ele>
        <time>2026-08-13T09:50:59Z</time>
        <speed>4.423000</speed>
      </trkpt>
      <trkpt lat="59.438663134" lon="27.282319497">
        <ele>49.200</ele>
        <time>2026-08-13T09:51:08Z</time>
        <speed>4.401000</speed>
      </trkpt>
      <trkpt lat="59.438659027" lon="27.282397784">
        <ele>49.200</ele>
        <time>2026-08-13T09:51:09Z</time>
        <speed>4.365000</speed>
      </trkpt>
      <trkpt lat="59.438660285" lon="27.282632813">
        <ele>49.000</ele>
        <time>2026-08-13T09:51:12Z</time>
        <speed>4.519000</speed>
      </trkpt>
      <trkpt lat="59.438656680" lon="27.282795422">
        <ele>49.000</ele>
        <time>2026-08-13T09:51:14Z</time>
        <speed>4.518000</speed>
      </trkpt>
      <trkpt lat="59.438652070" lon="27.283429010">
        <ele>49.200</ele>
        <time>2026-08-13T09:51:22Z</time>
        <speed>4.202000</speed>
      </trkpt>
      <trkpt lat="59.438630529" lon="27.284120098">
        <ele>49.200</ele>
        <time>2026-08-13T09:51:31Z</time>
        <speed>4.343000</speed>
      </trkpt>
      <trkpt lat="59.438611586" lon="27.284717727">
        <ele>49.000</ele>
        <time>2026-08-13T09:51:39Z</time>
        <speed>4.451000</speed>
      </trkpt>
      <trkpt lat="59.438563557" lon="27.285205051">
        <ele>49.200</ele>
        <time>2026-08-13T09:51:45Z</time>
        <speed>4.711000</speed>
      </trkpt>
      <trkpt lat="59.438480241" lon="27.285666643">
        <ele>48.800</ele>
        <time>2026-08-13T09:51:51Z</time>
        <speed>4.717000</speed>
      </trkpt>
      <trkpt lat="59.438379575" lon="27.286101077">
        <ele>49.000</ele>
        <time>2026-08-13T09:51:57Z</time>
        <speed>4.242000</speed>
      </trkpt>
      <trkpt lat="59.438272454" lon="27.286415230">
        <ele>49.000</ele>
        <time>2026-08-13T09:52:02Z</time>
        <speed>4.320000</speed>
      </trkpt>
      <trkpt lat="59.438096853" lon="27.286972879">
        <ele>49.400</ele>
        <time>2026-08-13T09:52:10Z</time>
        <speed>4.664000</speed>
      </trkpt>
      <trkpt lat="59.438007837" lon="27.287262725">
        <ele>49.400</ele>
        <time>2026-08-13T09:52:14Z</time>
        <speed>4.898000</speed>
      </trkpt>
      <trkpt lat="59.437961821" lon="27.287404547">
        <ele>49.400</ele>
        <time>2026-08-13T09:52:16Z</time>
        <speed>4.815000</speed>
      </trkpt>
      <trkpt lat="59.437936507" lon="27.287474032">
        <ele>49.400</ele>
        <time>2026-08-13T09:52:17Z</time>
        <speed>4.843000</speed>
      </trkpt>
      <trkpt lat="59.437915720" lon="27.287549553">
        <ele>49.200</ele>
        <time>2026-08-13T09:52:18Z</time>
        <speed>4.816000</speed>
      </trkpt>
      <trkpt lat="59.437803822" lon="27.288035536">
        <ele>49.400</ele>
        <time>2026-08-13T09:52:24Z</time>
        <speed>5.128000</speed>
      </trkpt>
      <trkpt lat="59.437715644" lon="27.288602907">
        <ele>49.600</ele>
        <time>2026-08-13T09:52:31Z</time>
        <speed>4.719000</speed>
      </trkpt>
      <trkpt lat="59.437666442" lon="27.289054357">
        <ele>49.400</ele>
        <time>2026-08-13T09:52:37Z</time>
        <speed>4.111000</speed>
      </trkpt>
      <trkpt lat="59.437626209" lon="27.289445205">
        <ele>49.400</ele>
        <time>2026-08-13T09:52:43Z</time>
        <speed>3.621000</speed>
      </trkpt>
      <trkpt lat="59.437570469" lon="27.289766232">
        <ele>49.200</ele>
        <time>2026-08-13T09:52:48Z</time>
        <speed>4.037000</speed>
      </trkpt>
      <trkpt lat="59.437493524" lon="27.290357323">
        <ele>49.600</ele>
        <time>2026-08-13T09:52:56Z</time>
        <speed>4.469000</speed>
      </trkpt>
      <trkpt lat="59.437419595" lon="27.290962497">
        <ele>49.200</ele>
        <time>2026-08-13T09:53:04Z</time>
        <speed>4.089000</speed>
      </trkpt>
      <trkpt lat="59.437336111" lon="27.291607317">
        <ele>49.600</ele>
        <time>2026-08-13T09:53:13Z</time>
        <speed>4.199000</speed>
      </trkpt>
      <trkpt lat="59.437240977" lon="27.292346014">
        <ele>49.600</ele>
        <time>2026-08-13T09:53:23Z</time>
        <speed>4.581000</speed>
      </trkpt>
      <trkpt lat="59.437179454" lon="27.292798888">
        <ele>50.200</ele>
        <time>2026-08-13T09:53:29Z</time>
        <speed>4.194000</speed>
      </trkpt>
      <trkpt lat="59.437168473" lon="27.292875163">
        <ele>50.400</ele>
        <time>2026-08-13T09:53:30Z</time>
        <speed>4.433000</speed>
      </trkpt>
      <trkpt lat="59.437091025" lon="27.293495508">
        <ele>50.000</ele>
        <time>2026-08-13T09:53:38Z</time>
        <speed>4.681000</speed>
      </trkpt>
      <trkpt lat="59.437021455" lon="27.294101687">
        <ele>50.000</ele>
        <time>2026-08-13T09:53:46Z</time>
        <speed>4.405000</speed>
      </trkpt>
      <trkpt lat="59.437003350" lon="27.294512819">
        <ele>49.800</ele>
        <time>2026-08-13T09:53:52Z</time>
        <speed>3.605000</speed>
      </trkpt>
      <trkpt lat="59.437014749" lon="27.294925209">
        <ele>50.400</ele>
        <time>2026-08-13T09:53:59Z</time>
        <speed>3.501000</speed>
      </trkpt>
      <trkpt lat="59.437070237" lon="27.295352183">
        <ele>50.000</ele>
        <time>2026-08-13T09:54:06Z</time>
        <speed>3.481000</speed>
      </trkpt>
      <trkpt lat="59.437164785" lon="27.295719646">
        <ele>50.200</ele>
        <time>2026-08-13T09:54:13Z</time>
        <speed>3.288000</speed>
      </trkpt>
      <trkpt lat="59.437295627" lon="27.296055844">
        <ele>50.400</ele>
        <time>2026-08-13T09:54:19Z</time>
        <speed>4.255000</speed>
      </trkpt>
      <trkpt lat="59.437425882" lon="27.296255333">
        <ele>50.400</ele>
        <time>2026-08-13T09:54:24Z</time>
        <speed>3.406000</speed>
      </trkpt>
      <trkpt lat="59.437550604" lon="27.296443591">
        <ele>50.600</ele>
        <time>2026-08-13T09:54:30Z</time>
        <speed>2.677000</speed>
      </trkpt>
      <trkpt lat="59.437653031" lon="27.296592286">
        <ele>49.800</ele>
        <time>2026-08-13T09:54:35Z</time>
        <speed>3.012000</speed>
      </trkpt>
      <trkpt lat="59.437836427" lon="27.296832176">
        <ele>50.400</ele>
        <time>2026-08-13T09:54:42Z</time>
        <speed>3.754000</speed>
      </trkpt>
      <trkpt lat="59.438020242" lon="27.297073575">
        <ele>50.400</ele>
        <time>2026-08-13T09:54:48Z</time>
        <speed>4.080000</speed>
      </trkpt>
      <trkpt lat="59.438219815" lon="27.297324697">
        <ele>50.000</ele>
        <time>2026-08-13T09:54:55Z</time>
        <speed>3.537000</speed>
      </trkpt>
      <trkpt lat="59.438382676" lon="27.297555199">
        <ele>50.400</ele>
        <time>2026-08-13T09:55:01Z</time>
        <speed>3.771000</speed>
      </trkpt>
      <trkpt lat="59.438543608" lon="27.297928780">
        <ele>50.600</ele>
        <time>2026-08-13T09:55:08Z</time>
        <speed>4.091000</speed>
      </trkpt>
      <trkpt lat="59.438647041" lon="27.298320550">
        <ele>50.400</ele>
        <time>2026-08-13T09:55:14Z</time>
        <speed>4.123000</speed>
      </trkpt>
      <trkpt lat="59.438765896" lon="27.298957407">
        <ele>50.800</ele>
        <time>2026-08-13T09:55:23Z</time>
        <speed>4.346000</speed>
      </trkpt>
      <trkpt lat="59.438878298" lon="27.299569203">
        <ele>51.200</ele>
        <time>2026-08-13T09:55:31Z</time>
        <speed>4.242000</speed>
      </trkpt>
      <trkpt lat="59.438948371" lon="27.299794005">
        <ele>51.200</ele>
        <time>2026-08-13T09:55:35Z</time>
        <speed>3.665000</speed>
      </trkpt>
      <trkpt lat="59.438959351" lon="27.299927361">
        <ele>51.200</ele>
        <time>2026-08-13T09:55:37Z</time>
        <speed>3.815000</speed>
      </trkpt>
      <trkpt lat="59.439048618" lon="27.300487943">
        <ele>51.200</ele>
        <time>2026-08-13T09:55:45Z</time>
        <speed>4.198000</speed>
      </trkpt>
      <trkpt lat="59.439172084" lon="27.301097224">
        <ele>51.400</ele>
        <time>2026-08-13T09:55:54Z</time>
        <speed>3.529000</speed>
      </trkpt>
      <trkpt lat="59.439218938" lon="27.301361589">
        <ele>51.600</ele>
        <time>2026-08-13T09:55:59Z</time>
        <speed>2.882000</speed>
      </trkpt>
      <trkpt lat="59.439279037" lon="27.301621931">
        <ele>51.800</ele>
        <time>2026-08-13T09:56:06Z</time>
        <speed>1.957000</speed>
      </trkpt>
      <trkpt lat="59.439326059" lon="27.301861569">
        <ele>52.000</ele>
        <time>2026-08-13T09:56:12Z</time>
        <speed>2.655000</speed>
      </trkpt>
      <trkpt lat="59.439335950" lon="27.301892666">
        <ele>51.800</ele>
        <time>2026-08-13T09:56:14Z</time>
        <speed>1.078000</speed>
      </trkpt>
    </trkseg>
    <trkseg>
      <trkpt lat="59.439366544" lon="27.301935162">
        <ele>52.400</ele>
        <time>2026-08-13T09:57:12Z</time>
        <speed>1.820000</speed>
      </trkpt>
      <trkpt lat="59.439396299" lon="27.301989561">
        <ele>51.800</ele>
        <time>2026-08-13T09:57:14Z</time>
        <speed>2.253000</speed>
      </trkpt>
      <trkpt lat="59.439436952" lon="27.302189386">
        <ele>52.000</ele>
        <time>2026-08-13T09:57:20Z</time>
        <speed>1.969000</speed>
      </trkpt>
      <trkpt lat="59.439515658" lon="27.302456852">
        <ele>52.000</ele>
        <time>2026-08-13T09:57:26Z</time>
        <speed>3.231000</speed>
      </trkpt>
      <trkpt lat="59.439680111" lon="27.302893549">
        <ele>52.000</ele>
        <time>2026-08-13T09:57:34Z</time>
        <speed>4.196000</speed>
      </trkpt>
      <trkpt lat="59.439753285" lon="27.303061606">
        <ele>51.200</ele>
        <time>2026-08-13T09:57:37Z</time>
        <speed>4.152000</speed>
      </trkpt>
      <trkpt lat="59.439881779" lon="27.303332593">
        <ele>51.200</ele>
        <time>2026-08-13T09:57:42Z</time>
        <speed>3.873000</speed>
      </trkpt>
      <trkpt lat="59.440046567" lon="27.303636102">
        <ele>51.400</ele>
        <time>2026-08-13T09:57:48Z</time>
        <speed>4.377000</speed>
      </trkpt>
      <trkpt lat="59.440257037" lon="27.304051425">
        <ele>51.800</ele>
        <time>2026-08-13T09:57:55Z</time>
        <speed>4.874000</speed>
      </trkpt>
      <trkpt lat="59.440575382" lon="27.304619718">
        <ele>51.000</ele>
        <time>2026-08-13T09:58:05Z</time>
        <speed>4.699000</speed>
      </trkpt>
      <trkpt lat="59.440815188" lon="27.305058679">
        <ele>51.000</ele>
        <time>2026-08-13T09:58:13Z</time>
        <speed>4.481000</speed>
      </trkpt>
      <trkpt lat="59.440992549" lon="27.305410970">
        <ele>51.400</ele>
        <time>2026-08-13T09:58:20Z</time>
        <speed>4.100000</speed>
      </trkpt>
      <trkpt lat="59.441213077" lon="27.305799555">
        <ele>51.600</ele>
        <time>2026-08-13T09:58:27Z</time>
        <speed>4.853000</speed>
      </trkpt>
      <trkpt lat="59.441537289" lon="27.306350581">
        <ele>50.200</ele>
        <time>2026-08-13T09:58:36Z</time>
        <speed>4.927000</speed>
      </trkpt>
      <trkpt lat="59.441728564" lon="27.306706309">
        <ele>51.600</ele>
        <time>2026-08-13T09:58:42Z</time>
        <speed>4.903000</speed>
      </trkpt>
      <trkpt lat="59.441794446" lon="27.306825919">
        <ele>52.000</ele>
        <time>2026-08-13T09:58:44Z</time>
        <speed>4.976000</speed>
      </trkpt>
      <trkpt lat="59.442001898" lon="27.307229424">
        <ele>52.400</ele>
        <time>2026-08-13T09:58:51Z</time>
        <speed>4.332000</speed>
      </trkpt>
      <trkpt lat="59.442132320" lon="27.307491861">
        <ele>51.400</ele>
        <time>2026-08-13T09:58:56Z</time>
        <speed>4.255000</speed>
      </trkpt>
      <trkpt lat="59.442281602" lon="27.307770392">
        <ele>52.000</ele>
        <time>2026-08-13T09:59:02Z</time>
        <speed>3.526000</speed>
      </trkpt>
      <trkpt lat="59.442488300" lon="27.308178339">
        <ele>52.000</ele>
        <time>2026-08-13T09:59:11Z</time>
        <speed>3.513000</speed>
      </trkpt>
      <trkpt lat="59.442624589" lon="27.308341535">
        <ele>52.200</ele>
        <time>2026-08-13T09:59:17Z</time>
        <speed>2.780000</speed>
      </trkpt>
      <trkpt lat="59.442741852" lon="27.308471370">
        <ele>51.800</ele>
        <time>2026-08-13T09:59:23Z</time>
        <speed>1.547000</speed>
      </trkpt>
      <trkpt lat="59.442747552" lon="27.308498779">
        <ele>51.800</ele>
        <time>2026-08-13T09:59:24Z</time>
        <speed>1.497000</speed>
      </trkpt>
    </trkseg>
    <trkseg>
      <trkpt lat="59.442893565" lon="27.308275737">
        <ele>46.600</ele>
        <time>2026-08-13T10:12:02Z</time>
        <speed>1.396000</speed>
      </trkpt>
      <trkpt lat="59.442919800" lon="27.308238605">
        <ele>46.600</ele>
        <time>2026-08-13T10:12:05Z</time>
        <speed>0.964000</speed>
      </trkpt>
    </trkseg>
    <trkseg>
      <trkpt lat="59.442976965" lon="27.308020340">
        <ele>46.400</ele>
        <time>2026-08-13T10:14:25Z</time>
        <speed>1.468000</speed>
      </trkpt>
      <trkpt lat="59.442974031" lon="27.308038697">
        <ele>46.000</ele>
        <time>2026-08-13T10:14:26Z</time>
        <speed>1.009000</speed>
      </trkpt>
    </trkseg>
    <trkseg>
      <trkpt lat="59.442920387" lon="27.308271043">
        <ele>46.200</ele>
        <time>2026-08-13T10:14:41Z</time>
        <speed>1.347000</speed>
      </trkpt>
      <trkpt lat="59.442909658" lon="27.308277078">
        <ele>46.000</ele>
        <time>2026-08-13T10:14:42Z</time>
        <speed>1.315000</speed>
      </trkpt>
      <trkpt lat="59.442899432" lon="27.308282275">
        <ele>45.600</ele>
        <time>2026-08-13T10:14:43Z</time>
        <speed>1.177000</speed>
      </trkpt>
      <trkpt lat="59.442881159" lon="27.308287807">
        <ele>46.800</ele>
        <time>2026-08-13T10:14:45Z</time>
        <speed>1.008000</speed>
      </trkpt>
      <trkpt lat="59.442826761" lon="27.308297781">
        <ele>48.400</ele>
        <time>2026-08-13T10:14:50Z</time>
        <speed>1.241000</speed>
      </trkpt>
      <trkpt lat="59.442817876" lon="27.308301888">
        <ele>49.200</ele>
        <time>2026-08-13T10:14:51Z</time>
        <speed>1.032000</speed>
      </trkpt>
      <trkpt lat="59.442809662" lon="27.308306582">
        <ele>49.600</ele>
        <time>2026-08-13T10:14:52Z</time>
        <speed>1.025000</speed>
      </trkpt>
    </trkseg>
    <trkseg>
      <trkpt lat="59.442760292" lon="27.308674464">
        <ele>52.200</ele>
        <time>2026-08-13T10:17:39Z</time>
        <speed>1.693000</speed>
      </trkpt>
      <trkpt lat="59.442777894" lon="27.308741938">
        <ele>52.200</ele>
        <time>2026-08-13T10:17:41Z</time>
        <speed>1.900000</speed>
      </trkpt>
      <trkpt lat="59.442806141" lon="27.308902116">
        <ele>51.800</ele>
        <time>2026-08-13T10:17:44Z</time>
        <speed>3.126000</speed>
      </trkpt>
      <trkpt lat="59.442820558" lon="27.309019882">
        <ele>51.600</ele>
        <time>2026-08-13T10:17:46Z</time>
        <speed>3.226000</speed>
      </trkpt>
      <trkpt lat="59.442782421" lon="27.309266981">
        <ele>52.000</ele>
        <time>2026-08-13T10:17:50Z</time>
        <speed>3.617000</speed>
      </trkpt>
      <trkpt lat="59.442776721" lon="27.309646849">
        <ele>51.600</ele>
        <time>2026-08-13T10:17:55Z</time>
        <speed>4.479000</speed>
      </trkpt>
      <trkpt lat="59.442775715" lon="27.309904173">
        <ele>51.000</ele>
        <time>2026-08-13T10:17:58Z</time>
        <speed>4.499000</speed>
      </trkpt>
      <trkpt lat="59.442789797" lon="27.310300050">
        <ele>51.200</ele>
        <time>2026-08-13T10:18:03Z</time>
        <speed>4.313000</speed>
      </trkpt>
      <trkpt lat="59.442794491" lon="27.310868511">
        <ele>50.600</ele>
        <time>2026-08-13T10:18:10Z</time>
        <speed>4.685000</speed>
      </trkpt>
      <trkpt lat="59.442806141" lon="27.311457843">
        <ele>50.800</ele>
        <time>2026-08-13T10:18:17Z</time>
        <speed>4.663000</speed>
      </trkpt>
      <trkpt lat="59.442827934" lon="27.312160749">
        <ele>50.400</ele>
        <time>2026-08-13T10:18:26Z</time>
        <speed>4.295000</speed>
      </trkpt>
      <trkpt lat="59.442847716" lon="27.312880754">
        <ele>51.200</ele>
        <time>2026-08-13T10:18:36Z</time>
        <speed>3.857000</speed>
      </trkpt>
      <trkpt lat="59.442904210" lon="27.313192561">
        <ele>50.600</ele>
        <time>2026-08-13T10:18:41Z</time>
        <speed>3.709000</speed>
      </trkpt>
      <trkpt lat="59.443020048" lon="27.313444521">
        <ele>50.600</ele>
        <time>2026-08-13T10:18:46Z</time>
        <speed>3.943000</speed>
      </trkpt>
      <trkpt lat="59.443042176" lon="27.313772757">
        <ele>50.400</ele>
        <time>2026-08-13T10:18:51Z</time>
        <speed>3.565000</speed>
      </trkpt>
      <trkpt lat="59.443056174" lon="27.314165784">
        <ele>50.400</ele>
        <time>2026-08-13T10:18:58Z</time>
        <speed>2.923000</speed>
      </trkpt>
      <trkpt lat="59.443063801" lon="27.314253543">
        <ele>50.400</ele>
        <time>2026-08-13T10:19:00Z</time>
        <speed>2.000000</speed>
      </trkpt>
      <trkpt lat="59.443082409" lon="27.314283885">
        <ele>50.400</ele>
        <time>2026-08-13T10:19:02Z</time>
        <speed>0.907000</speed>
      </trkpt>
    </trkseg>
    <trkseg>
      <trkpt lat="59.443078050" lon="27.314467616">
        <ele>49.000</ele>
        <time>2026-08-13T10:21:43Z</time>
        <speed>1.439000</speed>
      </trkpt>
      <trkpt lat="59.443071848" lon="27.314445237">
        <ele>49.000</ele>
        <time>2026-08-13T10:21:44Z</time>
        <speed>1.269000</speed>
      </trkpt>
      <trkpt lat="59.443067657" lon="27.314304421">
        <ele>50.000</ele>
        <time>2026-08-13T10:21:51Z</time>
        <speed>1.154000</speed>
      </trkpt>
    </trkseg>
    <trkseg>
      <trkpt lat="59.442989621" lon="27.314234516">
        <ele>50.000</ele>
        <time>2026-08-13T10:27:28Z</time>
        <speed>1.982000</speed>
      </trkpt>
      <trkpt lat="59.442968834" lon="27.314256392">
        <ele>50.000</ele>
        <time>2026-08-13T10:27:29Z</time>
        <speed>2.299000</speed>
      </trkpt>
      <trkpt lat="59.442884764" lon="27.314444734">
        <ele>50.400</ele>
        <time>2026-08-13T10:27:34Z</time>
        <speed>3.093000</speed>
      </trkpt>
      <trkpt lat="59.442872442" lon="27.314498965">
        <ele>50.800</ele>
        <time>2026-08-13T10:27:35Z</time>
        <speed>3.156000</speed>
      </trkpt>
      <trkpt lat="59.442866826" lon="27.314813873">
        <ele>50.800</ele>
        <time>2026-08-13T10:27:40Z</time>
        <speed>3.356000</speed>
      </trkpt>
      <trkpt lat="59.442896331" lon="27.315268507">
        <ele>48.200</ele>
        <time>2026-08-13T10:27:48Z</time>
        <speed>2.453000</speed>
      </trkpt>
      <trkpt lat="59.442900773" lon="27.315308237">
        <ele>50.000</ele>
        <time>2026-08-13T10:27:49Z</time>
        <speed>2.250000</speed>
      </trkpt>
      <trkpt lat="59.442901276" lon="27.315354925">
        <ele>52.400</ele>
        <time>2026-08-13T10:27:50Z</time>
        <speed>2.545000</speed>
      </trkpt>
      <trkpt lat="59.442900941" lon="27.315474031">
        <ele>49.000</ele>
        <time>2026-08-13T10:27:52Z</time>
        <speed>3.398000</speed>
      </trkpt>
      <trkpt lat="59.442902282" lon="27.315608477">
        <ele>48.600</ele>
        <time>2026-08-13T10:27:54Z</time>
        <speed>3.593000</speed>
      </trkpt>
      <trkpt lat="59.442906640" lon="27.315673018">
        <ele>51.400</ele>
        <time>2026-08-13T10:27:55Z</time>
        <speed>3.421000</speed>
      </trkpt>
      <trkpt lat="59.442912005" lon="27.315735379">
        <ele>50.000</ele>
        <time>2026-08-13T10:27:56Z</time>
        <speed>3.373000</speed>
      </trkpt>
      <trkpt lat="59.442909323" lon="27.316009970">
        <ele>50.000</ele>
        <time>2026-08-13T10:28:00Z</time>
        <speed>3.641000</speed>
      </trkpt>
      <trkpt lat="59.442902450" lon="27.316170149">
        <ele>50.600</ele>
        <time>2026-08-13T10:28:05Z</time>
        <speed>0.000000</speed>
      </trkpt>
    </trkseg>
    <trkseg>
      <trkpt lat="59.442910496" lon="27.316256901">
        <ele>50.800</ele>
        <time>2026-08-13T10:28:10Z</time>
        <speed>1.931000</speed>
      </trkpt>
      <trkpt lat="59.442912340" lon="27.316361172">
        <ele>50.400</ele>
        <time>2026-08-13T10:28:12Z</time>
        <speed>2.909000</speed>
      </trkpt>
      <trkpt lat="59.442924578" lon="27.316833157">
        <ele>50.000</ele>
        <time>2026-08-13T10:28:19Z</time>
        <speed>4.209000</speed>
      </trkpt>
      <trkpt lat="59.442941844" lon="27.317475714">
        <ele>49.600</ele>
        <time>2026-08-13T10:28:27Z</time>
        <speed>4.496000</speed>
      </trkpt>
      <trkpt lat="59.442964811" lon="27.318224804">
        <ele>50.000</ele>
        <time>2026-08-13T10:28:36Z</time>
        <speed>4.634000</speed>
      </trkpt>
      <trkpt lat="59.442962967" lon="27.318477016">
        <ele>50.200</ele>
        <time>2026-08-13T10:28:39Z</time>
        <speed>4.686000</speed>
      </trkpt>
      <trkpt lat="59.442969672" lon="27.318719001">
        <ele>50.200</ele>
        <time>2026-08-13T10:28:42Z</time>
        <speed>4.404000</speed>
      </trkpt>
      <trkpt lat="59.442977719" lon="27.319127619">
        <ele>50.600</ele>
        <time>2026-08-13T10:28:47Z</time>
        <speed>4.527000</speed>
      </trkpt>
      <trkpt lat="59.442982581" lon="27.319295090">
        <ele>50.800</ele>
        <time>2026-08-13T10:28:49Z</time>
        <speed>4.614000</speed>
      </trkpt>
      <trkpt lat="59.442997752" lon="27.319980562">
        <ele>51.000</ele>
        <time>2026-08-13T10:28:57Z</time>
        <speed>4.595000</speed>
      </trkpt>
      <trkpt lat="59.442999261" lon="27.320065638">
        <ele>50.800</ele>
        <time>2026-08-13T10:28:58Z</time>
        <speed>4.537000</speed>
      </trkpt>
      <trkpt lat="59.443008481" lon="27.320325561">
        <ele>50.800</ele>
        <time>2026-08-13T10:29:01Z</time>
        <speed>4.744000</speed>
      </trkpt>
      <trkpt lat="59.443013929" lon="27.320655808">
        <ele>50.800</ele>
        <time>2026-08-13T10:29:05Z</time>
        <speed>4.289000</speed>
      </trkpt>
      <trkpt lat="59.443038320" lon="27.321163500">
        <ele>51.000</ele>
        <time>2026-08-13T10:29:11Z</time>
        <speed>4.811000</speed>
      </trkpt>
      <trkpt lat="59.443067992" lon="27.322033541">
        <ele>51.400</ele>
        <time>2026-08-13T10:29:20Z</time>
        <speed>5.205000</speed>
      </trkpt>
      <trkpt lat="59.443102777" lon="27.322996622">
        <ele>50.600</ele>
        <time>2026-08-13T10:29:30Z</time>
        <speed>5.211000</speed>
      </trkpt>
      <trkpt lat="59.443123229" lon="27.323636413">
        <ele>51.000</ele>
        <time>2026-08-13T10:29:37Z</time>
        <speed>5.088000</speed>
      </trkpt>
      <trkpt lat="59.443131108" lon="27.323724926">
        <ele>50.800</ele>
        <time>2026-08-13T10:29:38Z</time>
        <speed>5.095000</speed>
      </trkpt>
      <trkpt lat="59.443161367" lon="27.324377373">
        <ele>50.400</ele>
        <time>2026-08-13T10:29:45Z</time>
        <speed>5.301000</speed>
      </trkpt>
      <trkpt lat="59.443222890" lon="27.325164098">
        <ele>50.600</ele>
        <time>2026-08-13T10:29:54Z</time>
        <speed>4.894000</speed>
      </trkpt>
      <trkpt lat="59.443236552" lon="27.325423937">
        <ele>50.200</ele>
        <time>2026-08-13T10:29:57Z</time>
        <speed>4.931000</speed>
      </trkpt>
      <trkpt lat="59.443258764" lon="27.325691320">
        <ele>50.600</ele>
        <time>2026-08-13T10:30:00Z</time>
        <speed>5.035000</speed>
      </trkpt>
      <trkpt lat="59.443310648" lon="27.326322142">
        <ele>50.600</ele>
        <time>2026-08-13T10:30:07Z</time>
        <speed>5.093000</speed>
      </trkpt>
      <trkpt lat="59.443330429" lon="27.326502018">
        <ele>50.800</ele>
        <time>2026-08-13T10:30:09Z</time>
        <speed>5.018000</speed>
      </trkpt>
      <trkpt lat="59.443347612" lon="27.326680468">
        <ele>50.600</ele>
        <time>2026-08-13T10:30:11Z</time>
        <speed>4.973000</speed>
      </trkpt>
      <trkpt lat="59.443364209" lon="27.326869648">
        <ele>50.800</ele>
        <time>2026-08-13T10:30:13Z</time>
        <speed>5.207000</speed>
      </trkpt>
      <trkpt lat="59.443436544" lon="27.327622930">
        <ele>50.000</ele>
        <time>2026-08-13T10:30:21Z</time>
        <speed>5.361000</speed>
      </trkpt>
      <trkpt lat="59.443446435" lon="27.327716053">
        <ele>50.000</ele>
        <time>2026-08-13T10:30:22Z</time>
        <speed>5.272000</speed>
      </trkpt>
      <trkpt lat="59.443520615" lon="27.328458438">
        <ele>49.800</ele>
        <time>2026-08-13T10:30:30Z</time>
        <speed>4.996000</speed>
      </trkpt>
      <trkpt lat="59.443559088" lon="27.329082973">
        <ele>49.800</ele>
        <time>2026-08-13T10:30:37Z</time>
        <speed>4.792000</speed>
      </trkpt>
      <trkpt lat="59.443594543" lon="27.329983860">
        <ele>50.400</ele>
        <time>2026-08-13T10:30:47Z</time>
        <speed>5.007000</speed>
      </trkpt>
      <trkpt lat="59.443594376" lon="27.330761366">
        <ele>50.000</ele>
        <time>2026-08-13T10:30:55Z</time>
        <speed>5.331000</speed>
      </trkpt>
      <trkpt lat="59.443587167" lon="27.331739031">
        <ele>49.400</ele>
        <time>2026-08-13T10:31:05Z</time>
        <speed>5.483000</speed>
      </trkpt>
      <trkpt lat="59.443580881" lon="27.332225936">
        <ele>49.200</ele>
        <time>2026-08-13T10:31:10Z</time>
        <speed>5.360000</speed>
      </trkpt>
      <trkpt lat="59.443578869" lon="27.332577137">
        <ele>49.400</ele>
        <time>2026-08-13T10:31:14Z</time>
        <speed>4.767000</speed>
      </trkpt>
      <trkpt lat="59.443573505" lon="27.333159344">
        <ele>49.800</ele>
        <time>2026-08-13T10:31:21Z</time>
        <speed>4.892000</speed>
      </trkpt>
      <trkpt lat="59.443574678" lon="27.333961325">
        <ele>48.800</ele>
        <time>2026-08-13T10:31:30Z</time>
        <speed>5.108000</speed>
      </trkpt>
      <trkpt lat="59.443590688" lon="27.334664818">
        <ele>48.800</ele>
        <time>2026-08-13T10:31:38Z</time>
        <speed>4.705000</speed>
      </trkpt>
      <trkpt lat="59.443607787" lon="27.335174186">
        <ele>49.600</ele>
        <time>2026-08-13T10:31:45Z</time>
        <speed>3.961000</speed>
      </trkpt>
      <trkpt lat="59.443621617" lon="27.335665952">
        <ele>49.600</ele>
        <time>2026-08-13T10:31:53Z</time>
        <speed>3.292000</speed>
      </trkpt>
      <trkpt lat="59.443618096" lon="27.335859407">
        <ele>49.800</ele>
        <time>2026-08-13T10:31:57Z</time>
        <speed>2.336000</speed>
      </trkpt>
      <trkpt lat="59.443603763" lon="27.335883714">
        <ele>49.800</ele>
        <time>2026-08-13T10:31:58Z</time>
        <speed>2.082000</speed>
      </trkpt>
      <trkpt lat="59.443589263" lon="27.335914560">
        <ele>49.800</ele>
        <time>2026-08-13T10:32:01Z</time>
        <speed>0.000000</speed>
      </trkpt>
    </trkseg>
    <trkseg>
      <trkpt lat="59.443750447" lon="27.336141542">
        <ele>49.400</ele>
        <time>2026-08-13T10:33:02Z</time>
        <speed>1.458000</speed>
      </trkpt>
      <trkpt lat="59.443774167" lon="27.336168531">
        <ele>49.600</ele>
        <time>2026-08-13T10:33:04Z</time>
        <speed>1.378000</speed>
      </trkpt>
      <trkpt lat="59.443831081" lon="27.336110780">
        <ele>48.800</ele>
        <time>2026-08-13T10:33:10Z</time>
        <speed>0.934000</speed>
      </trkpt>
      <trkpt lat="59.443851281" lon="27.336063003">
        <ele>50.600</ele>
        <time>2026-08-13T10:33:12Z</time>
        <speed>1.283000</speed>
      </trkpt>
      <trkpt lat="59.443866704" lon="27.335976670">
        <ele>49.400</ele>
        <time>2026-08-13T10:33:15Z</time>
        <speed>1.341000</speed>
      </trkpt>
      <trkpt lat="59.443873493" lon="27.335920595">
        <ele>49.200</ele>
        <time>2026-08-13T10:33:17Z</time>
        <speed>1.261000</speed>
      </trkpt>
      <trkpt lat="59.443906685" lon="27.335722363">
        <ele>49.200</ele>
        <time>2026-08-13T10:33:26Z</time>
        <speed>1.342000</speed>
      </trkpt>
      <trkpt lat="59.443910960" lon="27.335697468">
        <ele>49.200</ele>
        <time>2026-08-13T10:33:27Z</time>
        <speed>1.427000</speed>
      </trkpt>
    </trkseg>
    <trkseg>
      <trkpt lat="59.443602590" lon="27.335788496">
        <ele>48.600</ele>
        <time>2026-08-13T10:55:52Z</time>
        <speed>1.391000</speed>
      </trkpt>
      <trkpt lat="59.443599740" lon="27.335811798">
        <ele>48.000</ele>
        <time>2026-08-13T10:55:53Z</time>
        <speed>1.313000</speed>
      </trkpt>
      <trkpt lat="59.443584234" lon="27.335897544">
        <ele>49.400</ele>
        <time>2026-08-13T10:55:57Z</time>
        <speed>0.965000</speed>
      </trkpt>
    </trkseg>
    <trkseg>
      <trkpt lat="59.443635866" lon="27.336050933">
        <ele>50.800</ele>
        <time>2026-08-13T11:10:13Z</time>
        <speed>1.752000</speed>
      </trkpt>
      <trkpt lat="59.443673836" lon="27.336279592">
        <ele>50.400</ele>
        <time>2026-08-13T11:10:19Z</time>
        <speed>2.555000</speed>
      </trkpt>
      <trkpt lat="59.443729324" lon="27.336843861">
        <ele>50.000</ele>
        <time>2026-08-13T11:10:30Z</time>
        <speed>3.068000</speed>
      </trkpt>
      <trkpt lat="59.443776766" lon="27.337245774">
        <ele>50.800</ele>
        <time>2026-08-13T11:10:38Z</time>
        <speed>2.668000</speed>
      </trkpt>
      <trkpt lat="59.443808114" lon="27.337598652">
        <ele>50.800</ele>
        <time>2026-08-13T11:10:45Z</time>
        <speed>2.760000</speed>
      </trkpt>
      <trkpt lat="59.443837367" lon="27.337843236">
        <ele>51.200</ele>
        <time>2026-08-13T11:10:51Z</time>
        <speed>2.567000</speed>
      </trkpt>
      <trkpt lat="59.443872320" lon="27.338223858">
        <ele>51.600</ele>
        <time>2026-08-13T11:10:59Z</time>
        <speed>2.916000</speed>
      </trkpt>
      <trkpt lat="59.443879779" lon="27.338385126">
        <ele>51.800</ele>
        <time>2026-08-13T11:11:02Z</time>
        <speed>3.119000</speed>
      </trkpt>
      <trkpt lat="59.443904338" lon="27.338652005">
        <ele>51.800</ele>
        <time>2026-08-13T11:11:07Z</time>
        <speed>2.743000</speed>
      </trkpt>
      <trkpt lat="59.443932502" lon="27.338929698">
        <ele>51.800</ele>
        <time>2026-08-13T11:11:14Z</time>
        <speed>2.601000</speed>
      </trkpt>
      <trkpt lat="59.443956809" lon="27.339425907">
        <ele>51.600</ele>
        <time>2026-08-13T11:11:23Z</time>
        <speed>3.652000</speed>
      </trkpt>
      <trkpt lat="59.443991594" lon="27.340106769">
        <ele>52.000</ele>
        <time>2026-08-13T11:11:33Z</time>
        <speed>3.740000</speed>
      </trkpt>
      <trkpt lat="59.444019673" lon="27.340555117">
        <ele>51.400</ele>
        <time>2026-08-13T11:11:40Z</time>
        <speed>3.901000</speed>
      </trkpt>
      <trkpt lat="59.444047250" lon="27.341088960">
        <ele>51.400</ele>
        <time>2026-08-13T11:11:48Z</time>
        <speed>3.548000</speed>
      </trkpt>
      <trkpt lat="59.444077509" lon="27.341624061">
        <ele>51.600</ele>
        <time>2026-08-13T11:11:56Z</time>
        <speed>4.092000</speed>
      </trkpt>
      <trkpt lat="59.444100391" lon="27.342196209">
        <ele>50.800</ele>
        <time>2026-08-13T11:12:04Z</time>
        <speed>4.276000</speed>
      </trkpt>
      <trkpt lat="59.444104666" lon="27.342269551">
        <ele>50.600</ele>
        <time>2026-08-13T11:12:05Z</time>
        <speed>4.247000</speed>
      </trkpt>
      <trkpt lat="59.444141630" lon="27.343024760">
        <ele>51.000</ele>
        <time>2026-08-13T11:12:15Z</time>
        <speed>4.221000</speed>
      </trkpt>
      <trkpt lat="59.444146324" lon="27.343569249">
        <ele>51.200</ele>
        <time>2026-08-13T11:12:22Z</time>
        <speed>4.548000</speed>
      </trkpt>
      <trkpt lat="59.444116233" lon="27.344236532">
        <ele>50.200</ele>
        <time>2026-08-13T11:12:30Z</time>
        <speed>4.868000</speed>
      </trkpt>
      <trkpt lat="59.444089327" lon="27.344559319">
        <ele>49.400</ele>
        <time>2026-08-13T11:12:34Z</time>
        <speed>4.571000</speed>
      </trkpt>
      <trkpt lat="59.444046076" lon="27.344959052">
        <ele>50.400</ele>
        <time>2026-08-13T11:12:39Z</time>
        <speed>4.546000</speed>
      </trkpt>
      <trkpt lat="59.444030905" lon="27.345111771">
        <ele>50.600</ele>
        <time>2026-08-13T11:12:41Z</time>
        <speed>4.333000</speed>
      </trkpt>
      <trkpt lat="59.443972902" lon="27.345547797">
        <ele>50.200</ele>
        <time>2026-08-13T11:12:47Z</time>
        <speed>4.395000</speed>
      </trkpt>
      <trkpt lat="59.443880618" lon="27.346257912">
        <ele>50.000</ele>
        <time>2026-08-13T11:12:56Z</time>
        <speed>4.614000</speed>
      </trkpt>
      <trkpt lat="59.443796882" lon="27.346919915">
        <ele>49.800</ele>
        <time>2026-08-13T11:13:04Z</time>
        <speed>4.714000</speed>
      </trkpt>
      <trkpt lat="59.443734940" lon="27.347455602">
        <ele>50.000</ele>
        <time>2026-08-13T11:13:11Z</time>
        <speed>4.518000</speed>
      </trkpt>
      <trkpt lat="59.443712644" lon="27.347613601">
        <ele>49.600</ele>
        <time>2026-08-13T11:13:13Z</time>
        <speed>4.631000</speed>
      </trkpt>
      <trkpt lat="59.443650199" lon="27.348078294">
        <ele>49.600</ele>
        <time>2026-08-13T11:13:19Z</time>
        <speed>4.295000</speed>
      </trkpt>
      <trkpt lat="59.443553640" lon="27.348821182">
        <ele>49.600</ele>
        <time>2026-08-13T11:13:29Z</time>
        <speed>4.033000</speed>
      </trkpt>
      <trkpt lat="59.443474598" lon="27.349412525">
        <ele>49.600</ele>
        <time>2026-08-13T11:13:37Z</time>
        <speed>4.293000</speed>
      </trkpt>
      <trkpt lat="59.443393042" lon="27.349998923">
        <ele>49.600</ele>
        <time>2026-08-13T11:13:46Z</time>
        <speed>3.387000</speed>
      </trkpt>
      <trkpt lat="59.443321209" lon="27.350593284">
        <ele>49.600</ele>
        <time>2026-08-13T11:13:55Z</time>
        <speed>3.864000</speed>
      </trkpt>
      <trkpt lat="59.443226662" lon="27.351322593">
        <ele>49.400</ele>
        <time>2026-08-13T11:14:06Z</time>
        <speed>4.290000</speed>
      </trkpt>
      <trkpt lat="59.443132700" lon="27.352071516">
        <ele>49.600</ele>
        <time>2026-08-13T11:14:16Z</time>
        <speed>4.508000</speed>
      </trkpt>
      <trkpt lat="59.443017449" lon="27.352961507">
        <ele>49.200</ele>
        <time>2026-08-13T11:14:27Z</time>
        <speed>4.692000</speed>
      </trkpt>
      <trkpt lat="59.442927763" lon="27.353671873">
        <ele>49.200</ele>
        <time>2026-08-13T11:14:36Z</time>
        <speed>4.746000</speed>
      </trkpt>
      <trkpt lat="59.442843357" lon="27.354334882">
        <ele>49.400</ele>
        <time>2026-08-13T11:14:44Z</time>
        <speed>4.797000</speed>
      </trkpt>
      <trkpt lat="59.442741685" lon="27.355163181">
        <ele>49.200</ele>
        <time>2026-08-13T11:14:54Z</time>
        <speed>4.673000</speed>
      </trkpt>
      <trkpt lat="59.442658788" lon="27.355841780">
        <ele>49.200</ele>
        <time>2026-08-13T11:15:03Z</time>
        <speed>4.285000</speed>
      </trkpt>
      <trkpt lat="59.442547811" lon="27.356671588">
        <ele>49.400</ele>
        <time>2026-08-13T11:15:14Z</time>
        <speed>4.389000</speed>
      </trkpt>
      <trkpt lat="59.442477068" lon="27.357190344">
        <ele>48.600</ele>
        <time>2026-08-13T11:15:20Z</time>
        <speed>5.016000</speed>
      </trkpt>
      <trkpt lat="59.442466171" lon="27.357272655">
        <ele>48.600</ele>
        <time>2026-08-13T11:15:21Z</time>
        <speed>4.851000</speed>
      </trkpt>
      <trkpt lat="59.442404313" lon="27.357846480">
        <ele>48.400</ele>
        <time>2026-08-13T11:15:28Z</time>
        <speed>4.602000</speed>
      </trkpt>
      <trkpt lat="59.442395763" lon="27.357924683">
        <ele>48.600</ele>
        <time>2026-08-13T11:15:29Z</time>
        <speed>4.546000</speed>
      </trkpt>
      <trkpt lat="59.442333737" lon="27.358330870">
        <ele>48.200</ele>
        <time>2026-08-13T11:15:34Z</time>
        <speed>4.852000</speed>
      </trkpt>
      <trkpt lat="59.442229299" lon="27.359076608">
        <ele>48.400</ele>
        <time>2026-08-13T11:15:43Z</time>
        <speed>4.790000</speed>
      </trkpt>
      <trkpt lat="59.442214044" lon="27.359157326">
        <ele>48.600</ele>
        <time>2026-08-13T11:15:44Z</time>
        <speed>4.874000</speed>
      </trkpt>
      <trkpt lat="59.442065852" lon="27.359776916">
        <ele>48.400</ele>
        <time>2026-08-13T11:15:52Z</time>
        <speed>4.978000</speed>
      </trkpt>
      <trkpt lat="59.441989325" lon="27.359990571">
        <ele>48.200</ele>
        <time>2026-08-13T11:15:55Z</time>
        <speed>4.870000</speed>
      </trkpt>
      <trkpt lat="59.441876840" lon="27.360232137">
        <ele>48.600</ele>
        <time>2026-08-13T11:15:59Z</time>
        <speed>4.643000</speed>
      </trkpt>
      <trkpt lat="59.441620102" lon="27.360633546">
        <ele>48.000</ele>
        <time>2026-08-13T11:16:07Z</time>
        <speed>4.597000</speed>
      </trkpt>
      <trkpt lat="59.441339057" lon="27.361006374">
        <ele>48.200</ele>
        <time>2026-08-13T11:16:15Z</time>
        <speed>4.828000</speed>
      </trkpt>
      <trkpt lat="59.440980563" lon="27.361456985">
        <ele>48.000</ele>
        <time>2026-08-13T11:16:25Z</time>
        <speed>4.665000</speed>
      </trkpt>
      <trkpt lat="59.440647215" lon="27.361867949">
        <ele>47.600</ele>
        <time>2026-08-13T11:16:34Z</time>
        <speed>5.015000</speed>
      </trkpt>
      <trkpt lat="59.440540848" lon="27.362014968">
        <ele>47.200</ele>
        <time>2026-08-13T11:16:37Z</time>
        <speed>4.789000</speed>
      </trkpt>
      <trkpt lat="59.440470356" lon="27.362104319">
        <ele>47.000</ele>
        <time>2026-08-13T11:16:39Z</time>
        <speed>4.721000</speed>
      </trkpt>
      <trkpt lat="59.440357955" lon="27.362234406">
        <ele>47.400</ele>
        <time>2026-08-13T11:16:42Z</time>
        <speed>4.854000</speed>
      </trkpt>
      <trkpt lat="59.440022428" lon="27.362650065">
        <ele>46.600</ele>
        <time>2026-08-13T11:16:51Z</time>
        <speed>4.974000</speed>
      </trkpt>
      <trkpt lat="59.439769629" lon="27.362965308">
        <ele>47.400</ele>
        <time>2026-08-13T11:16:58Z</time>
        <speed>4.672000</speed>
      </trkpt>
      <trkpt lat="59.439453715" lon="27.363369819">
        <ele>48.000</ele>
        <time>2026-08-13T11:17:07Z</time>
        <speed>4.529000</speed>
      </trkpt>
      <trkpt lat="59.439418763" lon="27.363407034">
        <ele>47.800</ele>
        <time>2026-08-13T11:17:08Z</time>
        <speed>4.488000</speed>
      </trkpt>
      <trkpt lat="59.439150039" lon="27.363735605">
        <ele>47.600</ele>
        <time>2026-08-13T11:17:16Z</time>
        <speed>4.085000</speed>
      </trkpt>
      <trkpt lat="59.438848291" lon="27.364133997">
        <ele>47.800</ele>
        <time>2026-08-13T11:17:26Z</time>
        <speed>4.159000</speed>
      </trkpt>
      <trkpt lat="59.438525923" lon="27.364552841">
        <ele>48.000</ele>
        <time>2026-08-13T11:17:36Z</time>
        <speed>4.447000</speed>
      </trkpt>
      <trkpt lat="59.438253846" lon="27.364906222">
        <ele>47.200</ele>
        <time>2026-08-13T11:17:44Z</time>
        <speed>4.434000</speed>
      </trkpt>
      <trkpt lat="59.438122334" lon="27.365073944">
        <ele>48.400</ele>
        <time>2026-08-13T11:17:48Z</time>
        <speed>4.312000</speed>
      </trkpt>
      <trkpt lat="59.438025188" lon="27.365191039">
        <ele>48.600</ele>
        <time>2026-08-13T11:17:51Z</time>
        <speed>4.226000</speed>
      </trkpt>
      <trkpt lat="59.437777838" lon="27.365482645">
        <ele>48.000</ele>
        <time>2026-08-13T11:17:58Z</time>
        <speed>4.320000</speed>
      </trkpt>
      <trkpt lat="59.437646661" lon="27.365656067">
        <ele>47.200</ele>
        <time>2026-08-13T11:18:02Z</time>
        <speed>4.189000</speed>
      </trkpt>
      <trkpt lat="59.437547000" lon="27.365769558">
        <ele>47.600</ele>
        <time>2026-08-13T11:18:05Z</time>
        <speed>4.232000</speed>
      </trkpt>
      <trkpt lat="59.437282300" lon="27.366119418">
        <ele>47.800</ele>
        <time>2026-08-13T11:18:13Z</time>
        <speed>4.365000</speed>
      </trkpt>
      <trkpt lat="59.437040733" lon="27.366412282">
        <ele>47.600</ele>
        <time>2026-08-13T11:18:20Z</time>
        <speed>4.208000</speed>
      </trkpt>
      <trkpt lat="59.436904192" lon="27.366566928">
        <ele>48.000</ele>
        <time>2026-08-13T11:18:24Z</time>
        <speed>4.414000</speed>
      </trkpt>
      <trkpt lat="59.436795395" lon="27.366708079">
        <ele>48.400</ele>
        <time>2026-08-13T11:18:27Z</time>
        <speed>4.814000</speed>
      </trkpt>
      <trkpt lat="59.436760107" lon="27.366762310">
        <ele>48.200</ele>
        <time>2026-08-13T11:18:28Z</time>
        <speed>4.846000</speed>
      </trkpt>
      <trkpt lat="59.436592804" lon="27.367141005">
        <ele>48.200</ele>
        <time>2026-08-13T11:18:34Z</time>
        <speed>4.555000</speed>
      </trkpt>
      <trkpt lat="59.436575035" lon="27.367214179">
        <ele>48.400</ele>
        <time>2026-08-13T11:18:35Z</time>
        <speed>4.521000</speed>
      </trkpt>
      <trkpt lat="59.436546536" lon="27.367651798">
        <ele>48.200</ele>
        <time>2026-08-13T11:18:40Z</time>
        <speed>4.841000</speed>
      </trkpt>
      <trkpt lat="59.436577130" lon="27.368292175">
        <ele>47.600</ele>
        <time>2026-08-13T11:18:47Z</time>
        <speed>4.869000</speed>
      </trkpt>
      <trkpt lat="59.436604036" lon="27.368951831">
        <ele>47.800</ele>
        <time>2026-08-13T11:18:55Z</time>
        <speed>4.485000</speed>
      </trkpt>
      <trkpt lat="59.436628511" lon="27.369616432">
        <ele>48.200</ele>
        <time>2026-08-13T11:19:03Z</time>
        <speed>4.849000</speed>
      </trkpt>
      <trkpt lat="59.436661955" lon="27.370445067">
        <ele>48.200</ele>
        <time>2026-08-13T11:19:13Z</time>
        <speed>4.585000</speed>
      </trkpt>
      <trkpt lat="59.436694728" lon="27.371184854">
        <ele>48.600</ele>
        <time>2026-08-13T11:19:22Z</time>
        <speed>4.644000</speed>
      </trkpt>
      <trkpt lat="59.436728423" lon="27.372149276">
        <ele>48.400</ele>
        <time>2026-08-13T11:19:34Z</time>
        <speed>4.420000</speed>
      </trkpt>
      <trkpt lat="59.436745020" lon="27.372853355">
        <ele>49.200</ele>
        <time>2026-08-13T11:19:43Z</time>
        <speed>4.695000</speed>
      </trkpt>
      <trkpt lat="59.436752647" lon="27.372935666">
        <ele>49.200</ele>
        <time>2026-08-13T11:19:44Z</time>
        <speed>4.640000</speed>
      </trkpt>
      <trkpt lat="59.436762538" lon="27.373105064">
        <ele>49.400</ele>
        <time>2026-08-13T11:19:46Z</time>
        <speed>4.785000</speed>
      </trkpt>
      <trkpt lat="59.436775865" lon="27.373429528">
        <ele>49.000</ele>
        <time>2026-08-13T11:19:50Z</time>
        <speed>4.564000</speed>
      </trkpt>
      <trkpt lat="59.436805369" lon="27.374085663">
        <ele>49.200</ele>
        <time>2026-08-13T11:19:58Z</time>
        <speed>4.576000</speed>
      </trkpt>
      <trkpt lat="59.436809225" lon="27.374164034">
        <ele>49.200</ele>
        <time>2026-08-13T11:19:59Z</time>
        <speed>4.466000</speed>
      </trkpt>
      <trkpt lat="59.436807800" lon="27.374242656">
        <ele>49.000</ele>
        <time>2026-08-13T11:20:00Z</time>
        <speed>4.545000</speed>
      </trkpt>
      <trkpt lat="59.436827665" lon="27.374658650">
        <ele>49.200</ele>
        <time>2026-08-13T11:20:05Z</time>
        <speed>4.756000</speed>
      </trkpt>
      <trkpt lat="59.436845100" lon="27.375074644">
        <ele>49.200</ele>
        <time>2026-08-13T11:20:10Z</time>
        <speed>4.746000</speed>
      </trkpt>
      <trkpt lat="59.436856331" lon="27.375405645">
        <ele>49.400</ele>
        <time>2026-08-13T11:20:14Z</time>
        <speed>4.750000</speed>
      </trkpt>
      <trkpt lat="59.436883740" lon="27.376044095">
        <ele>49.000</ele>
        <time>2026-08-13T11:20:22Z</time>
        <speed>4.278000</speed>
      </trkpt>
      <trkpt lat="59.436908551" lon="27.376632923">
        <ele>49.400</ele>
        <time>2026-08-13T11:20:30Z</time>
        <speed>4.154000</speed>
      </trkpt>
      <trkpt lat="59.436934451" lon="27.377331387">
        <ele>49.600</ele>
        <time>2026-08-13T11:20:39Z</time>
        <speed>4.550000</speed>
      </trkpt>
      <trkpt lat="59.436959680" lon="27.377980398">
        <ele>49.200</ele>
        <time>2026-08-13T11:20:47Z</time>
        <speed>4.743000</speed>
      </trkpt>
      <trkpt lat="59.436986670" lon="27.378770895">
        <ele>48.600</ele>
        <time>2026-08-13T11:20:56Z</time>
        <speed>5.103000</speed>
      </trkpt>
      <trkpt lat="59.437007541" lon="27.379387552">
        <ele>48.200</ele>
        <time>2026-08-13T11:21:03Z</time>
        <speed>5.028000</speed>
      </trkpt>
      <trkpt lat="59.437011061" lon="27.379475059">
        <ele>48.200</ele>
        <time>2026-08-13T11:21:04Z</time>
        <speed>4.959000</speed>
      </trkpt>
      <trkpt lat="59.437040901" lon="27.380265389">
        <ele>48.200</ele>
        <time>2026-08-13T11:21:13Z</time>
        <speed>4.817000</speed>
      </trkpt>
      <trkpt lat="59.437071746" lon="27.380897468">
        <ele>48.600</ele>
        <time>2026-08-13T11:21:21Z</time>
        <speed>4.324000</speed>
      </trkpt>
      <trkpt lat="59.437067891" lon="27.380977934">
        <ele>48.600</ele>
        <time>2026-08-13T11:21:22Z</time>
        <speed>4.507000</speed>
      </trkpt>
      <trkpt lat="59.437085828" lon="27.381304242">
        <ele>48.200</ele>
        <time>2026-08-13T11:21:26Z</time>
        <speed>4.685000</speed>
      </trkpt>
      <trkpt lat="59.437101502" lon="27.381637674">
        <ele>47.600</ele>
        <time>2026-08-13T11:21:30Z</time>
        <speed>4.863000</speed>
      </trkpt>
      <trkpt lat="59.437104939" lon="27.381807575">
        <ele>47.800</ele>
        <time>2026-08-13T11:21:32Z</time>
        <speed>4.849000</speed>
      </trkpt>
      <trkpt lat="59.437129833" lon="27.382502938">
        <ele>47.600</ele>
        <time>2026-08-13T11:21:40Z</time>
        <speed>5.130000</speed>
      </trkpt>
      <trkpt lat="59.437161935" lon="27.383181620">
        <ele>48.000</ele>
        <time>2026-08-13T11:21:47Z</time>
        <speed>5.803000</speed>
      </trkpt>
      <trkpt lat="59.437183645" lon="27.383757373">
        <ele>48.000</ele>
        <time>2026-08-13T11:21:53Z</time>
        <speed>5.143000</speed>
      </trkpt>
      <trkpt lat="59.437195463" lon="27.384108743">
        <ele>48.000</ele>
        <time>2026-08-13T11:21:57Z</time>
        <speed>5.119000</speed>
      </trkpt>
      <trkpt lat="59.437204935" lon="27.384291301">
        <ele>47.600</ele>
        <time>2026-08-13T11:21:59Z</time>
        <speed>5.134000</speed>
      </trkpt>
      <trkpt lat="59.437213400" lon="27.384380903">
        <ele>47.600</ele>
        <time>2026-08-13T11:22:00Z</time>
        <speed>5.108000</speed>
      </trkpt>
      <trkpt lat="59.437231421" lon="27.384918267">
        <ele>47.600</ele>
        <time>2026-08-13T11:22:06Z</time>
        <speed>5.258000</speed>
      </trkpt>
      <trkpt lat="59.437235864" lon="27.385202162">
        <ele>47.800</ele>
        <time>2026-08-13T11:22:09Z</time>
        <speed>5.396000</speed>
      </trkpt>
      <trkpt lat="59.437240642" lon="27.385504665">
        <ele>47.200</ele>
        <time>2026-08-13T11:22:12Z</time>
        <speed>5.742000</speed>
      </trkpt>
      <trkpt lat="59.437243994" lon="27.385606673">
        <ele>47.000</ele>
        <time>2026-08-13T11:22:13Z</time>
        <speed>5.784000</speed>
      </trkpt>
      <trkpt lat="59.437258244" lon="27.385986038">
        <ele>47.000</ele>
        <time>2026-08-13T11:22:17Z</time>
        <speed>5.173000</speed>
      </trkpt>
      <trkpt lat="59.437260926" lon="27.386079077">
        <ele>47.400</ele>
        <time>2026-08-13T11:22:18Z</time>
        <speed>5.227000</speed>
      </trkpt>
      <trkpt lat="59.437269559" lon="27.386167254">
        <ele>47.400</ele>
        <time>2026-08-13T11:22:19Z</time>
        <speed>5.042000</speed>
      </trkpt>
      <trkpt lat="59.437276516" lon="27.386252917">
        <ele>47.200</ele>
        <time>2026-08-13T11:22:20Z</time>
        <speed>4.908000</speed>
      </trkpt>
      <trkpt lat="59.437277103" lon="27.386424411">
        <ele>47.000</ele>
        <time>2026-08-13T11:22:22Z</time>
        <speed>4.927000</speed>
      </trkpt>
      <trkpt lat="59.437295208" lon="27.386799334">
        <ele>47.400</ele>
        <time>2026-08-13T11:22:26Z</time>
        <speed>5.347000</speed>
      </trkpt>
      <trkpt lat="59.437339380" lon="27.387504503">
        <ele>48.000</ele>
        <time>2026-08-13T11:22:34Z</time>
        <speed>4.711000</speed>
      </trkpt>
      <trkpt lat="59.437337369" lon="27.387588322">
        <ele>48.000</ele>
        <time>2026-08-13T11:22:35Z</time>
        <speed>4.682000</speed>
      </trkpt>
      <trkpt lat="59.437360587" lon="27.388348896">
        <ele>47.600</ele>
        <time>2026-08-13T11:22:44Z</time>
        <speed>4.958000</speed>
      </trkpt>
      <trkpt lat="59.437376428" lon="27.389053227">
        <ele>47.600</ele>
        <time>2026-08-13T11:22:52Z</time>
        <speed>5.087000</speed>
      </trkpt>
      <trkpt lat="59.437359162" lon="27.389842132">
        <ele>48.200</ele>
        <time>2026-08-13T11:23:01Z</time>
        <speed>5.242000</speed>
      </trkpt>
      <trkpt lat="59.437280288" lon="27.390602455">
        <ele>47.800</ele>
        <time>2026-08-13T11:23:09Z</time>
        <speed>5.328000</speed>
      </trkpt>
      <trkpt lat="59.437214993" lon="27.391155409">
        <ele>47.000</ele>
        <time>2026-08-13T11:23:15Z</time>
        <speed>5.370000</speed>
      </trkpt>
      <trkpt lat="59.437185992" lon="27.391430838">
        <ele>47.000</ele>
        <time>2026-08-13T11:23:18Z</time>
        <speed>5.306000</speed>
      </trkpt>
      <trkpt lat="59.437091360" lon="27.392069455">
        <ele>47.600</ele>
        <time>2026-08-13T11:23:25Z</time>
        <speed>5.363000</speed>
      </trkpt>
      <trkpt lat="59.436999662" lon="27.392892055">
        <ele>48.000</ele>
        <time>2026-08-13T11:23:34Z</time>
        <speed>5.328000</speed>
      </trkpt>
      <trkpt lat="59.436933110" lon="27.393764025">
        <ele>48.000</ele>
        <time>2026-08-13T11:23:43Z</time>
        <speed>5.679000</speed>
      </trkpt>
      <trkpt lat="59.436935373" lon="27.393865362">
        <ele>48.000</ele>
        <time>2026-08-13T11:23:44Z</time>
        <speed>5.646000</speed>
      </trkpt>
      <trkpt lat="59.436985496" lon="27.394250510">
        <ele>47.800</ele>
        <time>2026-08-13T11:23:48Z</time>
        <speed>5.721000</speed>
      </trkpt>
      <trkpt lat="59.437145507" lon="27.394921146">
        <ele>48.200</ele>
        <time>2026-08-13T11:23:56Z</time>
        <speed>5.121000</speed>
      </trkpt>
      <trkpt lat="59.437310295" lon="27.395505114">
        <ele>47.800</ele>
        <time>2026-08-13T11:24:03Z</time>
        <speed>5.457000</speed>
      </trkpt>
      <trkpt lat="59.437492853" lon="27.396185556">
        <ele>47.600</ele>
        <time>2026-08-13T11:24:11Z</time>
        <speed>5.153000</speed>
      </trkpt>
      <trkpt lat="59.437633585" lon="27.396741947">
        <ele>47.800</ele>
        <time>2026-08-13T11:24:18Z</time>
        <speed>4.886000</speed>
      </trkpt>
      <trkpt lat="59.437736683" lon="27.397121144">
        <ele>47.800</ele>
        <time>2026-08-13T11:24:23Z</time>
        <speed>4.889000</speed>
      </trkpt>
      <trkpt lat="59.437778844" lon="27.397264894">
        <ele>47.600</ele>
        <time>2026-08-13T11:24:25Z</time>
        <speed>4.657000</speed>
      </trkpt>
      <trkpt lat="59.437857717" lon="27.397553232">
        <ele>46.800</ele>
        <time>2026-08-13T11:24:29Z</time>
        <speed>4.710000</speed>
      </trkpt>
      <trkpt lat="59.437920917" lon="27.397775687">
        <ele>46.800</ele>
        <time>2026-08-13T11:24:32Z</time>
        <speed>4.761000</speed>
      </trkpt>
      <trkpt lat="59.438016051" lon="27.398319924">
        <ele>47.400</ele>
        <time>2026-08-13T11:24:39Z</time>
        <speed>4.547000</speed>
      </trkpt>
      <trkpt lat="59.438043879" lon="27.398664756">
        <ele>48.000</ele>
        <time>2026-08-13T11:24:43Z</time>
        <speed>4.853000</speed>
      </trkpt>
      <trkpt lat="59.438049328" lon="27.398917470">
        <ele>48.200</ele>
        <time>2026-08-13T11:24:46Z</time>
        <speed>4.581000</speed>
      </trkpt>
      <trkpt lat="59.438048741" lon="27.399514094">
        <ele>47.400</ele>
        <time>2026-08-13T11:24:53Z</time>
        <speed>5.189000</speed>
      </trkpt>
      <trkpt lat="59.438046897" lon="27.399703693">
        <ele>46.800</ele>
        <time>2026-08-13T11:24:55Z</time>
        <speed>5.307000</speed>
      </trkpt>
      <trkpt lat="59.438039269" lon="27.399795726">
        <ele>47.000</ele>
        <time>2026-08-13T11:24:56Z</time>
        <speed>5.215000</speed>
      </trkpt>
      <trkpt lat="59.438009514" lon="27.400240805">
        <ele>46.800</ele>
        <time>2026-08-13T11:25:01Z</time>
        <speed>4.835000</speed>
      </trkpt>
      <trkpt lat="59.438006831" lon="27.400837429">
        <ele>46.400</ele>
        <time>2026-08-13T11:25:08Z</time>
        <speed>4.864000</speed>
      </trkpt>
      <trkpt lat="59.438048406" lon="27.401518794">
        <ele>46.200</ele>
        <time>2026-08-13T11:25:16Z</time>
        <speed>4.860000</speed>
      </trkpt>
      <trkpt lat="59.438097691" lon="27.401846778">
        <ele>46.400</ele>
        <time>2026-08-13T11:25:20Z</time>
        <speed>4.901000</speed>
      </trkpt>
      <trkpt lat="59.438150162" lon="27.402095553">
        <ele>47.000</ele>
        <time>2026-08-13T11:25:23Z</time>
        <speed>5.178000</speed>
      </trkpt>
      <trkpt lat="59.438324338" lon="27.402782114">
        <ele>46.400</ele>
        <time>2026-08-13T11:25:31Z</time>
        <speed>5.519000</speed>
      </trkpt>
      <trkpt lat="59.438515194" lon="27.403370691">
        <ele>46.400</ele>
        <time>2026-08-13T11:25:38Z</time>
        <speed>5.675000</speed>
      </trkpt>
      <trkpt lat="59.438563306" lon="27.403534139">
        <ele>45.600</ele>
        <time>2026-08-13T11:25:40Z</time>
        <speed>5.333000</speed>
      </trkpt>
      <trkpt lat="59.438666739" lon="27.403853908">
        <ele>46.000</ele>
        <time>2026-08-13T11:25:44Z</time>
        <speed>5.434000</speed>
      </trkpt>
      <trkpt lat="59.438746786" lon="27.404109640">
        <ele>46.600</ele>
        <time>2026-08-13T11:25:47Z</time>
        <speed>5.634000</speed>
      </trkpt>
      <trkpt lat="59.438933451" lon="27.404697211">
        <ele>45.800</ele>
        <time>2026-08-13T11:25:54Z</time>
        <speed>5.664000</speed>
      </trkpt>
      <trkpt lat="59.439184573" lon="27.405479914">
        <ele>45.400</ele>
        <time>2026-08-13T11:26:03Z</time>
        <speed>5.728000</speed>
      </trkpt>
      <trkpt lat="59.439358329" lon="27.406041166">
        <ele>46.000</ele>
        <time>2026-08-13T11:26:10Z</time>
        <speed>5.437000</speed>
      </trkpt>
      <trkpt lat="59.439553376" lon="27.406647010">
        <ele>46.400</ele>
        <time>2026-08-13T11:26:17Z</time>
        <speed>5.783000</speed>
      </trkpt>
      <trkpt lat="59.439578690" lon="27.406737115">
        <ele>46.600</ele>
        <time>2026-08-13T11:26:18Z</time>
        <speed>5.827000</speed>
      </trkpt>
      <trkpt lat="59.439684050" lon="27.407093514">
        <ele>45.600</ele>
        <time>2026-08-13T11:26:22Z</time>
        <speed>5.814000</speed>
      </trkpt>
      <trkpt lat="59.439711208" lon="27.407175740">
        <ele>45.600</ele>
        <time>2026-08-13T11:26:23Z</time>
        <speed>5.566000</speed>
      </trkpt>
      <trkpt lat="59.439958055" lon="27.407928351">
        <ele>45.600</ele>
        <time>2026-08-13T11:26:32Z</time>
        <speed>5.760000</speed>
      </trkpt>
      <trkpt lat="59.440166010" lon="27.408625474">
        <ele>45.400</ele>
        <time>2026-08-13T11:26:40Z</time>
        <speed>5.706000</speed>
      </trkpt>
      <trkpt lat="59.440345466" lon="27.409205502">
        <ele>45.000</ele>
        <time>2026-08-13T11:26:47Z</time>
        <speed>5.370000</speed>
      </trkpt>
      <trkpt lat="59.440397602" lon="27.409367105">
        <ele>44.800</ele>
        <time>2026-08-13T11:26:49Z</time>
        <speed>5.335000</speed>
      </trkpt>
      <trkpt lat="59.440515116" lon="27.409742111">
        <ele>45.800</ele>
        <time>2026-08-13T11:26:55Z</time>
        <speed>2.013000</speed>
      </trkpt>
      <trkpt lat="59.440591643" lon="27.409993820">
        <ele>45.600</ele>
        <time>2026-08-13T11:27:03Z</time>
        <speed>2.196000</speed>
      </trkpt>
      <trkpt lat="59.440670684" lon="27.410240835">
        <ele>46.400</ele>
        <time>2026-08-13T11:27:10Z</time>
        <speed>2.372000</speed>
      </trkpt>
      <trkpt lat="59.440756515" lon="27.410521461">
        <ele>46.200</ele>
        <time>2026-08-13T11:27:19Z</time>
        <speed>0.389000</speed>
      </trkpt>
    </trkseg>
    <trkseg>
      <trkpt lat="59.440785181" lon="27.410585582">
        <ele>46.200</ele>
        <time>2026-08-13T11:28:20Z</time>
        <speed>2.014000</speed>
      </trkpt>
      <trkpt lat="59.440813512" lon="27.410678789">
        <ele>46.200</ele>
        <time>2026-08-13T11:28:22Z</time>
        <speed>2.944000</speed>
      </trkpt>
      <trkpt lat="59.440945694" lon="27.411091765">
        <ele>45.800</ele>
        <time>2026-08-13T11:28:29Z</time>
        <speed>4.256000</speed>
      </trkpt>
      <trkpt lat="59.441092042" lon="27.411572300">
        <ele>45.800</ele>
        <time>2026-08-13T11:28:36Z</time>
        <speed>4.410000</speed>
      </trkpt>
      <trkpt lat="59.441213915" lon="27.411972452">
        <ele>45.600</ele>
        <time>2026-08-13T11:28:42Z</time>
        <speed>4.419000</speed>
      </trkpt>
      <trkpt lat="59.441401251" lon="27.412596736">
        <ele>45.600</ele>
        <time>2026-08-13T11:28:51Z</time>
        <speed>4.685000</speed>
      </trkpt>
      <trkpt lat="59.441596381" lon="27.413235689">
        <ele>45.800</ele>
        <time>2026-08-13T11:29:00Z</time>
        <speed>4.735000</speed>
      </trkpt>
      <trkpt lat="59.441755386" lon="27.413854357">
        <ele>46.200</ele>
        <time>2026-08-13T11:29:08Z</time>
        <speed>5.201000</speed>
      </trkpt>
      <trkpt lat="59.441894526" lon="27.414663965">
        <ele>46.000</ele>
        <time>2026-08-13T11:29:17Z</time>
        <speed>5.492000</speed>
      </trkpt>
      <trkpt lat="59.441966191" lon="27.415419426">
        <ele>46.400</ele>
        <time>2026-08-13T11:29:25Z</time>
        <speed>5.399000</speed>
      </trkpt>
      <trkpt lat="59.441975076" lon="27.415514225">
        <ele>46.400</ele>
        <time>2026-08-13T11:29:26Z</time>
        <speed>5.455000</speed>
      </trkpt>
      <trkpt lat="59.441995025" lon="27.415997190">
        <ele>45.600</ele>
        <time>2026-08-13T11:29:31Z</time>
        <speed>5.669000</speed>
      </trkpt>
      <trkpt lat="59.441993264" lon="27.416700684">
        <ele>46.200</ele>
        <time>2026-08-13T11:29:38Z</time>
        <speed>5.759000</speed>
      </trkpt>
      <trkpt lat="59.441939956" lon="27.417492270">
        <ele>45.800</ele>
        <time>2026-08-13T11:29:46Z</time>
        <speed>5.563000</speed>
      </trkpt>
      <trkpt lat="59.441841301" lon="27.418316798">
        <ele>45.600</ele>
        <time>2026-08-13T11:29:55Z</time>
        <speed>5.256000</speed>
      </trkpt>
      <trkpt lat="59.441750357" lon="27.419146774">
        <ele>45.600</ele>
        <time>2026-08-13T11:30:04Z</time>
        <speed>5.191000</speed>
      </trkpt>
      <trkpt lat="59.441674585" lon="27.419771478">
        <ele>45.800</ele>
        <time>2026-08-13T11:30:11Z</time>
        <speed>5.176000</speed>
      </trkpt>
      <trkpt lat="59.441584479" lon="27.420505984">
        <ele>45.600</ele>
        <time>2026-08-13T11:30:19Z</time>
        <speed>5.309000</speed>
      </trkpt>
      <trkpt lat="59.441510048" lon="27.421107888">
        <ele>46.200</ele>
        <time>2026-08-13T11:30:26Z</time>
        <speed>4.895000</speed>
      </trkpt>
      <trkpt lat="59.441460008" lon="27.421535617">
        <ele>46.600</ele>
        <time>2026-08-13T11:30:31Z</time>
        <speed>4.949000</speed>
      </trkpt>
      <trkpt lat="59.441413488" lon="27.421975080">
        <ele>46.200</ele>
        <time>2026-08-13T11:30:36Z</time>
        <speed>5.048000</speed>
      </trkpt>
      <trkpt lat="59.441326065" lon="27.422745544">
        <ele>47.200</ele>
        <time>2026-08-13T11:30:45Z</time>
        <speed>4.775000</speed>
      </trkpt>
      <trkpt lat="59.441238809" lon="27.423346695">
        <ele>47.400</ele>
        <time>2026-08-13T11:30:52Z</time>
        <speed>4.877000</speed>
      </trkpt>
      <trkpt lat="59.441136550" lon="27.424229393">
        <ele>47.600</ele>
        <time>2026-08-13T11:31:02Z</time>
        <speed>5.042000</speed>
      </trkpt>
      <trkpt lat="59.441058682" lon="27.424962139">
        <ele>46.800</ele>
        <time>2026-08-13T11:31:10Z</time>
        <speed>5.317000</speed>
      </trkpt>
      <trkpt lat="59.440970421" lon="27.425712822">
        <ele>47.200</ele>
        <time>2026-08-13T11:31:18Z</time>
        <speed>5.290000</speed>
      </trkpt>
      <trkpt lat="59.440860953" lon="27.426632149">
        <ele>46.800</ele>
        <time>2026-08-13T11:31:28Z</time>
        <speed>5.371000</speed>
      </trkpt>
      <trkpt lat="59.440800687" lon="27.427165322">
        <ele>46.800</ele>
        <time>2026-08-13T11:31:34Z</time>
        <speed>5.101000</speed>
      </trkpt>
      <trkpt lat="59.440700691" lon="27.427871497">
        <ele>47.200</ele>
        <time>2026-08-13T11:31:42Z</time>
        <speed>5.236000</speed>
      </trkpt>
      <trkpt lat="59.440683424" lon="27.427959172">
        <ele>46.800</ele>
        <time>2026-08-13T11:31:43Z</time>
        <speed>5.312000</speed>
      </trkpt>
      <trkpt lat="59.440575801" lon="27.428646823">
        <ele>46.600</ele>
        <time>2026-08-13T11:31:51Z</time>
        <speed>5.062000</speed>
      </trkpt>
      <trkpt lat="59.440486366" lon="27.429115959">
        <ele>46.800</ele>
        <time>2026-08-13T11:31:57Z</time>
        <speed>4.795000</speed>
      </trkpt>
      <trkpt lat="59.440366421" lon="27.429760778">
        <ele>47.000</ele>
        <time>2026-08-13T11:32:05Z</time>
        <speed>4.832000</speed>
      </trkpt>
      <trkpt lat="59.440254187" lon="27.430395288">
        <ele>46.600</ele>
        <time>2026-08-13T11:32:12Z</time>
        <speed>5.440000</speed>
      </trkpt>
      <trkpt lat="59.440148575" lon="27.430965509">
        <ele>46.800</ele>
        <time>2026-08-13T11:32:19Z</time>
        <speed>4.563000</speed>
      </trkpt>
      <trkpt lat="59.440019662" lon="27.431652658">
        <ele>46.800</ele>
        <time>2026-08-13T11:32:28Z</time>
        <speed>4.901000</speed>
      </trkpt>
      <trkpt lat="59.439917402" lon="27.432239642">
        <ele>47.400</ele>
        <time>2026-08-13T11:32:35Z</time>
        <speed>4.761000</speed>
      </trkpt>
      <trkpt lat="59.439875577" lon="27.432473330">
        <ele>46.400</ele>
        <time>2026-08-13T11:32:38Z</time>
        <speed>4.541000</speed>
      </trkpt>
      <trkpt lat="59.439814473" lon="27.432800811">
        <ele>46.000</ele>
        <time>2026-08-13T11:32:42Z</time>
        <speed>5.073000</speed>
      </trkpt>
      <trkpt lat="59.439694947" lon="27.433449905">
        <ele>46.000</ele>
        <time>2026-08-13T11:32:50Z</time>
        <speed>4.522000</speed>
      </trkpt>
      <trkpt lat="59.439599728" lon="27.434040578">
        <ele>46.000</ele>
        <time>2026-08-13T11:32:57Z</time>
        <speed>5.448000</speed>
      </trkpt>
      <trkpt lat="59.439472072" lon="27.434833087">
        <ele>46.000</ele>
        <time>2026-08-13T11:33:05Z</time>
        <speed>5.866000</speed>
      </trkpt>
      <trkpt lat="59.439395797" lon="27.435340863">
        <ele>45.600</ele>
        <time>2026-08-13T11:33:10Z</time>
        <speed>5.985000</speed>
      </trkpt>
      <trkpt lat="59.439337542" lon="27.435750905">
        <ele>46.000</ele>
        <time>2026-08-13T11:33:14Z</time>
        <speed>6.092000</speed>
      </trkpt>
      <trkpt lat="59.439258501" lon="27.436333448">
        <ele>45.400</ele>
        <time>2026-08-13T11:33:20Z</time>
        <speed>5.473000</speed>
      </trkpt>
      <trkpt lat="59.439241989" lon="27.436427576">
        <ele>45.600</ele>
        <time>2026-08-13T11:33:21Z</time>
        <speed>5.502000</speed>
      </trkpt>
      <trkpt lat="59.439113075" lon="27.437301558">
        <ele>45.400</ele>
        <time>2026-08-13T11:33:30Z</time>
        <speed>5.721000</speed>
      </trkpt>
      <trkpt lat="59.438977959" lon="27.438216107">
        <ele>45.800</ele>
        <time>2026-08-13T11:33:39Z</time>
        <speed>5.841000</speed>
      </trkpt>
      <trkpt lat="59.438875951" lon="27.438857323">
        <ele>45.800</ele>
        <time>2026-08-13T11:33:46Z</time>
        <speed>5.535000</speed>
      </trkpt>
      <trkpt lat="59.438763885" lon="27.439541286">
        <ele>46.200</ele>
        <time>2026-08-13T11:33:53Z</time>
        <speed>5.891000</speed>
      </trkpt>
      <trkpt lat="59.438669002" lon="27.440061886">
        <ele>46.200</ele>
        <time>2026-08-13T11:33:59Z</time>
        <speed>5.160000</speed>
      </trkpt>
      <trkpt lat="59.438523324" lon="27.440896640">
        <ele>46.600</ele>
        <time>2026-08-13T11:34:08Z</time>
        <speed>5.332000</speed>
      </trkpt>
      <trkpt lat="59.438471021" lon="27.441168297">
        <ele>46.600</ele>
        <time>2026-08-13T11:34:11Z</time>
        <speed>5.420000</speed>
      </trkpt>
      <trkpt lat="59.438419640" lon="27.441445068">
        <ele>46.200</ele>
        <time>2026-08-13T11:34:14Z</time>
        <speed>5.478000</speed>
      </trkpt>
      <trkpt lat="59.438286116" lon="27.442189045">
        <ele>45.800</ele>
        <time>2026-08-13T11:34:22Z</time>
        <speed>5.407000</speed>
      </trkpt>
      <trkpt lat="59.438162986" lon="27.442825735">
        <ele>46.000</ele>
        <time>2026-08-13T11:34:29Z</time>
        <speed>5.725000</speed>
      </trkpt>
      <trkpt lat="59.437988224" lon="27.443782445">
        <ele>46.200</ele>
        <time>2026-08-13T11:34:39Z</time>
        <speed>5.918000</speed>
      </trkpt>
      <trkpt lat="59.437847827" lon="27.444545785">
        <ele>46.400</ele>
        <time>2026-08-13T11:34:47Z</time>
        <speed>5.770000</speed>
      </trkpt>
      <trkpt lat="59.437688068" lon="27.445432674">
        <ele>46.000</ele>
        <time>2026-08-13T11:34:56Z</time>
        <speed>5.887000</speed>
      </trkpt>
      <trkpt lat="59.437542222" lon="27.446188806">
        <ele>46.400</ele>
        <time>2026-08-13T11:35:04Z</time>
        <speed>5.454000</speed>
      </trkpt>
      <trkpt lat="59.437391851" lon="27.447041664">
        <ele>46.400</ele>
        <time>2026-08-13T11:35:13Z</time>
        <speed>5.876000</speed>
      </trkpt>
      <trkpt lat="59.437232595" lon="27.447914220">
        <ele>46.800</ele>
        <time>2026-08-13T11:35:22Z</time>
        <speed>5.739000</speed>
      </trkpt>
      <trkpt lat="59.437101251" lon="27.448665574">
        <ele>46.600</ele>
        <time>2026-08-13T11:35:30Z</time>
        <speed>5.615000</speed>
      </trkpt>
      <trkpt lat="59.436914334" lon="27.449599570">
        <ele>46.400</ele>
        <time>2026-08-13T11:35:40Z</time>
        <speed>6.002000</speed>
      </trkpt>
      <trkpt lat="59.436747199" lon="27.450294849">
        <ele>45.800</ele>
        <time>2026-08-13T11:35:47Z</time>
        <speed>6.280000</speed>
      </trkpt>
      <trkpt lat="59.436719706" lon="27.450388391">
        <ele>45.600</ele>
        <time>2026-08-13T11:35:48Z</time>
        <speed>6.238000</speed>
      </trkpt>
      <trkpt lat="59.436561037" lon="27.450954504">
        <ele>46.200</ele>
        <time>2026-08-13T11:35:54Z</time>
        <speed>5.903000</speed>
      </trkpt>
      <trkpt lat="59.436348975" lon="27.451614579">
        <ele>46.000</ele>
        <time>2026-08-13T11:36:02Z</time>
        <speed>5.434000</speed>
      </trkpt>
      <trkpt lat="59.436202124" lon="27.452108776">
        <ele>46.600</ele>
        <time>2026-08-13T11:36:08Z</time>
        <speed>5.276000</speed>
      </trkpt>
      <trkpt lat="59.436178571" lon="27.452185974">
        <ele>46.800</ele>
        <time>2026-08-13T11:36:09Z</time>
        <speed>5.212000</speed>
      </trkpt>
      <trkpt lat="59.436049070" lon="27.452777904">
        <ele>46.600</ele>
        <time>2026-08-13T11:36:16Z</time>
        <speed>5.460000</speed>
      </trkpt>
      <trkpt lat="59.435915379" lon="27.453687675">
        <ele>46.600</ele>
        <time>2026-08-13T11:36:25Z</time>
        <speed>5.943000</speed>
      </trkpt>
      <trkpt lat="59.435824854" lon="27.454379182">
        <ele>46.400</ele>
        <time>2026-08-13T11:36:32Z</time>
        <speed>5.973000</speed>
      </trkpt>
      <trkpt lat="59.435681440" lon="27.455370175">
        <ele>45.600</ele>
        <time>2026-08-13T11:36:42Z</time>
        <speed>5.906000</speed>
      </trkpt>
      <trkpt lat="59.435549509" lon="27.456275923">
        <ele>45.800</ele>
        <time>2026-08-13T11:36:51Z</time>
        <speed>5.830000</speed>
      </trkpt>
      <trkpt lat="59.435419003" lon="27.457146635">
        <ele>46.200</ele>
        <time>2026-08-13T11:37:00Z</time>
        <speed>5.596000</speed>
      </trkpt>
      <trkpt lat="59.435259663" lon="27.458058922">
        <ele>46.000</ele>
        <time>2026-08-13T11:37:09Z</time>
        <speed>6.185000</speed>
      </trkpt>
      <trkpt lat="59.435096383" lon="27.458782448">
        <ele>45.800</ele>
        <time>2026-08-13T11:37:16Z</time>
        <speed>6.436000</speed>
      </trkpt>
      <trkpt lat="59.434881220" lon="27.459532795">
        <ele>45.600</ele>
        <time>2026-08-13T11:37:24Z</time>
        <speed>5.913000</speed>
      </trkpt>
      <trkpt lat="59.434639402" lon="27.460213322">
        <ele>45.800</ele>
        <time>2026-08-13T11:37:32Z</time>
        <speed>5.952000</speed>
      </trkpt>
      <trkpt lat="59.434355004" lon="27.460948834">
        <ele>45.400</ele>
        <time>2026-08-13T11:37:41Z</time>
        <speed>5.557000</speed>
      </trkpt>
      <trkpt lat="59.434156185" lon="27.461469518">
        <ele>45.400</ele>
        <time>2026-08-13T11:37:48Z</time>
        <speed>5.318000</speed>
      </trkpt>
      <trkpt lat="59.433888132" lon="27.462208634">
        <ele>45.000</ele>
        <time>2026-08-13T11:37:57Z</time>
        <speed>5.972000</speed>
      </trkpt>
      <trkpt lat="59.433713201" lon="27.462650696">
        <ele>44.600</ele>
        <time>2026-08-13T11:38:02Z</time>
        <speed>6.589000</speed>
      </trkpt>
      <trkpt lat="59.433610523" lon="27.462937692">
        <ele>44.600</ele>
        <time>2026-08-13T11:38:05Z</time>
        <speed>6.628000</speed>
      </trkpt>
      <trkpt lat="59.433396282" lon="27.463485952">
        <ele>45.600</ele>
        <time>2026-08-13T11:38:11Z</time>
        <speed>6.142000</speed>
      </trkpt>
      <trkpt lat="59.433369208" lon="27.463575471">
        <ele>46.000</ele>
        <time>2026-08-13T11:38:12Z</time>
        <speed>5.994000</speed>
      </trkpt>
      <trkpt lat="59.433307098" lon="27.463733889">
        <ele>45.800</ele>
        <time>2026-08-13T11:38:14Z</time>
        <speed>5.782000</speed>
      </trkpt>
      <trkpt lat="59.433207018" lon="27.464004876">
        <ele>45.200</ele>
        <time>2026-08-13T11:38:17Z</time>
        <speed>6.361000</speed>
      </trkpt>
      <trkpt lat="59.433012810" lon="27.464711890">
        <ele>44.800</ele>
        <time>2026-08-13T11:38:24Z</time>
        <speed>6.544000</speed>
      </trkpt>
      <trkpt lat="59.432985317" lon="27.464817921">
        <ele>44.600</ele>
        <time>2026-08-13T11:38:25Z</time>
        <speed>6.664000</speed>
      </trkpt>
      <trkpt lat="59.432868222" lon="27.465465507">
        <ele>44.200</ele>
        <time>2026-08-13T11:38:31Z</time>
        <speed>6.339000</speed>
      </trkpt>
      <trkpt lat="59.432790102" lon="27.465978395">
        <ele>43.600</ele>
        <time>2026-08-13T11:38:36Z</time>
        <speed>6.149000</speed>
      </trkpt>
      <trkpt lat="59.432726987" lon="27.466401430">
        <ele>43.000</ele>
        <time>2026-08-13T11:38:40Z</time>
        <speed>6.299000</speed>
      </trkpt>
      <trkpt lat="59.432584746" lon="27.467320673">
        <ele>43.800</ele>
        <time>2026-08-13T11:38:49Z</time>
        <speed>5.655000</speed>
      </trkpt>
      <trkpt lat="59.432495143" lon="27.467931630">
        <ele>43.000</ele>
        <time>2026-08-13T11:38:55Z</time>
        <speed>6.086000</speed>
      </trkpt>
      <trkpt lat="59.432391627" lon="27.468616599">
        <ele>43.600</ele>
        <time>2026-08-13T11:39:02Z</time>
        <speed>5.619000</speed>
      </trkpt>
      <trkpt lat="59.432262378" lon="27.469477756">
        <ele>43.600</ele>
        <time>2026-08-13T11:39:11Z</time>
        <speed>5.539000</speed>
      </trkpt>
      <trkpt lat="59.432140840" lon="27.470379397">
        <ele>42.800</ele>
        <time>2026-08-13T11:39:20Z</time>
        <speed>6.047000</speed>
      </trkpt>
      <trkpt lat="59.432125585" lon="27.470481992">
        <ele>42.600</ele>
        <time>2026-08-13T11:39:21Z</time>
        <speed>6.023000</speed>
      </trkpt>
      <trkpt lat="59.432018884" lon="27.471190430">
        <ele>42.400</ele>
        <time>2026-08-13T11:39:28Z</time>
        <speed>5.707000</speed>
      </trkpt>
      <trkpt lat="59.431909751" lon="27.471913453">
        <ele>42.800</ele>
        <time>2026-08-13T11:39:36Z</time>
        <speed>5.146000</speed>
      </trkpt>
      <trkpt lat="59.431803469" lon="27.472659945">
        <ele>42.400</ele>
        <time>2026-08-13T11:39:44Z</time>
        <speed>5.374000</speed>
      </trkpt>
      <trkpt lat="59.431777317" lon="27.472853484">
        <ele>42.200</ele>
        <time>2026-08-13T11:39:46Z</time>
        <speed>5.641000</speed>
      </trkpt>
      <trkpt lat="59.431746053" lon="27.473187000">
        <ele>41.000</ele>
        <time>2026-08-13T11:39:49Z</time>
        <speed>6.452000</speed>
      </trkpt>
      <trkpt lat="59.431731049" lon="27.473309124">
        <ele>40.600</ele>
        <time>2026-08-13T11:39:50Z</time>
        <speed>6.784000</speed>
      </trkpt>
      <trkpt lat="59.431700371" lon="27.473565107">
        <ele>39.600</ele>
        <time>2026-08-13T11:39:52Z</time>
        <speed>7.220000</speed>
      </trkpt>
      <trkpt lat="59.431629209" lon="27.474064836">
        <ele>38.600</ele>
        <time>2026-08-13T11:39:56Z</time>
        <speed>7.069000</speed>
      </trkpt>
      <trkpt lat="59.431587718" lon="27.474314785">
        <ele>37.800</ele>
        <time>2026-08-13T11:39:58Z</time>
        <speed>7.390000</speed>
      </trkpt>
      <trkpt lat="59.431554778" lon="27.474571187">
        <ele>37.400</ele>
        <time>2026-08-13T11:40:00Z</time>
        <speed>7.390000</speed>
      </trkpt>
      <trkpt lat="59.431444388" lon="27.475461932">
        <ele>37.400</ele>
        <time>2026-08-13T11:40:07Z</time>
        <speed>6.666000</speed>
      </trkpt>
      <trkpt lat="59.431330226" lon="27.476245807">
        <ele>38.200</ele>
        <time>2026-08-13T11:40:14Z</time>
        <speed>6.445000</speed>
      </trkpt>
      <trkpt lat="59.431242049" lon="27.476995820">
        <ele>38.600</ele>
        <time>2026-08-13T11:40:21Z</time>
        <speed>5.815000</speed>
      </trkpt>
      <trkpt lat="59.431226877" lon="27.477095649">
        <ele>38.600</ele>
        <time>2026-08-13T11:40:22Z</time>
        <speed>5.759000</speed>
      </trkpt>
      <trkpt lat="59.431101149" lon="27.477979017">
        <ele>38.800</ele>
        <time>2026-08-13T11:40:31Z</time>
        <speed>5.708000</speed>
      </trkpt>
      <trkpt lat="59.430967206" lon="27.478824081">
        <ele>38.200</ele>
        <time>2026-08-13T11:40:39Z</time>
        <speed>6.545000</speed>
      </trkpt>
      <trkpt lat="59.430825636" lon="27.479628073">
        <ele>37.400</ele>
        <time>2026-08-13T11:40:46Z</time>
        <speed>7.031000</speed>
      </trkpt>
      <trkpt lat="59.430653555" lon="27.480658125">
        <ele>37.600</ele>
        <time>2026-08-13T11:40:55Z</time>
        <speed>6.683000</speed>
      </trkpt>
      <trkpt lat="59.430609550" lon="27.481100690">
        <ele>37.800</ele>
        <time>2026-08-13T11:40:59Z</time>
        <speed>6.163000</speed>
      </trkpt>
      <trkpt lat="59.430603348" lon="27.481323397">
        <ele>37.800</ele>
        <time>2026-08-13T11:41:01Z</time>
        <speed>6.165000</speed>
      </trkpt>
      <trkpt lat="59.430597313" lon="27.482057316">
        <ele>37.600</ele>
        <time>2026-08-13T11:41:08Z</time>
        <speed>5.972000</speed>
      </trkpt>
      <trkpt lat="59.430569066" lon="27.482678667">
        <ele>38.600</ele>
        <time>2026-08-13T11:41:14Z</time>
        <speed>5.659000</speed>
      </trkpt>
      <trkpt lat="59.430557750" lon="27.482777070">
        <ele>38.600</ele>
        <time>2026-08-13T11:41:15Z</time>
        <speed>5.659000</speed>
      </trkpt>
      <trkpt lat="59.430483654" lon="27.483423064">
        <ele>38.600</ele>
        <time>2026-08-13T11:41:22Z</time>
        <speed>5.290000</speed>
      </trkpt>
      <trkpt lat="59.430328757" lon="27.484444985">
        <ele>39.200</ele>
        <time>2026-08-13T11:41:33Z</time>
        <speed>5.468000</speed>
      </trkpt>
      <trkpt lat="59.430181738" lon="27.485424327">
        <ele>39.000</ele>
        <time>2026-08-13T11:41:43Z</time>
        <speed>5.786000</speed>
      </trkpt>
      <trkpt lat="59.430054249" lon="27.486389587">
        <ele>39.200</ele>
        <time>2026-08-13T11:41:53Z</time>
        <speed>5.513000</speed>
      </trkpt>
      <trkpt lat="59.430020805" lon="27.486574659">
        <ele>39.600</ele>
        <time>2026-08-13T11:41:55Z</time>
        <speed>5.620000</speed>
      </trkpt>
      <trkpt lat="59.429944195" lon="27.487136582">
        <ele>39.800</ele>
        <time>2026-08-13T11:42:01Z</time>
        <speed>5.091000</speed>
      </trkpt>
      <trkpt lat="59.429881414" lon="27.487547211">
        <ele>39.800</ele>
        <time>2026-08-13T11:42:07Z</time>
        <speed>2.619000</speed>
      </trkpt>
      <trkpt lat="59.429879151" lon="27.487590378">
        <ele>39.800</ele>
        <time>2026-08-13T11:42:08Z</time>
        <speed>2.423000</speed>
      </trkpt>
      <trkpt lat="59.429907566" lon="27.487674868">
        <ele>39.400</ele>
        <time>2026-08-13T11:42:11Z</time>
        <speed>1.788000</speed>
      </trkpt>
      <trkpt lat="59.429959366" lon="27.487737648">
        <ele>38.800</ele>
        <time>2026-08-13T11:42:14Z</time>
        <speed>2.389000</speed>
      </trkpt>
      <trkpt lat="59.429995660" lon="27.487788862">
        <ele>39.200</ele>
        <time>2026-08-13T11:42:16Z</time>
        <speed>2.461000</speed>
      </trkpt>
      <trkpt lat="59.430010747" lon="27.487944933">
        <ele>39.000</ele>
        <time>2026-08-13T11:42:20Z</time>
        <speed>2.298000</speed>
      </trkpt>
      <trkpt lat="59.429986356" lon="27.488053227">
        <ele>39.200</ele>
        <time>2026-08-13T11:42:25Z</time>
        <speed>0.000000</speed>
      </trkpt>
    </trkseg>
    <trkseg>
      <trkpt lat="59.429809330" lon="27.488088179">
        <ele>39.000</ele>
        <time>2026-08-13T11:46:43Z</time>
        <speed>1.535000</speed>
      </trkpt>
      <trkpt lat="59.429788040" lon="27.488150038">
        <ele>38.600</ele>
        <time>2026-08-13T11:46:45Z</time>
        <speed>2.387000</speed>
      </trkpt>
      <trkpt lat="59.429771947" lon="27.488243999">
        <ele>38.600</ele>
        <time>2026-08-13T11:46:47Z</time>
        <speed>3.069000</speed>
      </trkpt>
      <trkpt lat="59.429751663" lon="27.488358831">
        <ele>38.400</ele>
        <time>2026-08-13T11:46:49Z</time>
        <speed>3.380000</speed>
      </trkpt>
      <trkpt lat="59.429729115" lon="27.488476513">
        <ele>38.400</ele>
        <time>2026-08-13T11:46:51Z</time>
        <speed>3.516000</speed>
      </trkpt>
      <trkpt lat="59.429609505" lon="27.489022510">
        <ele>38.000</ele>
        <time>2026-08-13T11:46:59Z</time>
        <speed>4.182000</speed>
      </trkpt>
      <trkpt lat="59.429498278" lon="27.489491310">
        <ele>38.400</ele>
        <time>2026-08-13T11:47:06Z</time>
        <speed>4.319000</speed>
      </trkpt>
      <trkpt lat="59.429326616" lon="27.490122467">
        <ele>38.000</ele>
        <time>2026-08-13T11:47:15Z</time>
        <speed>4.393000</speed>
      </trkpt>
      <trkpt lat="59.429153278" lon="27.490768963">
        <ele>38.400</ele>
        <time>2026-08-13T11:47:24Z</time>
        <speed>4.579000</speed>
      </trkpt>
      <trkpt lat="59.428962506" lon="27.491520317">
        <ele>38.000</ele>
        <time>2026-08-13T11:47:34Z</time>
        <speed>4.752000</speed>
      </trkpt>
      <trkpt lat="59.428806603" lon="27.492285334">
        <ele>39.000</ele>
        <time>2026-08-13T11:47:44Z</time>
        <speed>4.863000</speed>
      </trkpt>
      <trkpt lat="59.428695459" lon="27.493015900">
        <ele>38.400</ele>
        <time>2026-08-13T11:47:53Z</time>
        <speed>4.921000</speed>
      </trkpt>
      <trkpt lat="59.428579621" lon="27.493750909">
        <ele>38.200</ele>
        <time>2026-08-13T11:48:02Z</time>
        <speed>4.732000</speed>
      </trkpt>
      <trkpt lat="59.428484235" lon="27.494354825">
        <ele>39.000</ele>
        <time>2026-08-13T11:48:10Z</time>
        <speed>4.298000</speed>
      </trkpt>
      <trkpt lat="59.428414330" lon="27.494779956">
        <ele>39.600</ele>
        <time>2026-08-13T11:48:16Z</time>
        <speed>4.298000</speed>
      </trkpt>
      <trkpt lat="59.428351885" lon="27.495225118">
        <ele>39.400</ele>
        <time>2026-08-13T11:48:22Z</time>
        <speed>3.946000</speed>
      </trkpt>
      <trkpt lat="59.428270161" lon="27.495745048">
        <ele>38.800</ele>
        <time>2026-08-13T11:48:29Z</time>
        <speed>4.668000</speed>
      </trkpt>
      <trkpt lat="59.428255241" lon="27.495824425">
        <ele>38.400</ele>
        <time>2026-08-13T11:48:30Z</time>
        <speed>4.791000</speed>
      </trkpt>
      <trkpt lat="59.428200843" lon="27.496154001">
        <ele>38.400</ele>
        <time>2026-08-13T11:48:34Z</time>
        <speed>4.931000</speed>
      </trkpt>
      <trkpt lat="59.428173602" lon="27.496318286">
        <ele>38.200</ele>
        <time>2026-08-13T11:48:36Z</time>
        <speed>4.845000</speed>
      </trkpt>
      <trkpt lat="59.428030942" lon="27.497096462">
        <ele>38.000</ele>
        <time>2026-08-13T11:48:45Z</time>
        <speed>5.447000</speed>
      </trkpt>
      <trkpt lat="59.427883169" lon="27.497810349">
        <ele>38.400</ele>
        <time>2026-08-13T11:48:53Z</time>
        <speed>5.550000</speed>
      </trkpt>
      <trkpt lat="59.427741850" lon="27.498519626">
        <ele>37.600</ele>
        <time>2026-08-13T11:49:01Z</time>
        <speed>5.223000</speed>
      </trkpt>
      <trkpt lat="59.427664317" lon="27.498869570">
        <ele>37.000</ele>
        <time>2026-08-13T11:49:05Z</time>
        <speed>5.368000</speed>
      </trkpt>
      <trkpt lat="59.427596088" lon="27.499209959">
        <ele>37.000</ele>
        <time>2026-08-13T11:49:09Z</time>
        <speed>5.123000</speed>
      </trkpt>
      <trkpt lat="59.427411770" lon="27.500127694">
        <ele>37.600</ele>
        <time>2026-08-13T11:49:20Z</time>
        <speed>5.105000</speed>
      </trkpt>
      <trkpt lat="59.427382601" lon="27.500295583">
        <ele>37.600</ele>
        <time>2026-08-13T11:49:22Z</time>
        <speed>4.914000</speed>
      </trkpt>
      <trkpt lat="59.427301213" lon="27.500780644">
        <ele>38.000</ele>
        <time>2026-08-13T11:49:28Z</time>
        <speed>4.669000</speed>
      </trkpt>
      <trkpt lat="59.427289478" lon="27.500859601">
        <ele>38.400</ele>
        <time>2026-08-13T11:49:29Z</time>
        <speed>4.625000</speed>
      </trkpt>
      <trkpt lat="59.427232482" lon="27.501375256">
        <ele>37.800</ele>
        <time>2026-08-13T11:49:35Z</time>
        <speed>5.097000</speed>
      </trkpt>
      <trkpt lat="59.427181017" lon="27.501993924">
        <ele>37.800</ele>
        <time>2026-08-13T11:49:42Z</time>
        <speed>4.821000</speed>
      </trkpt>
      <trkpt lat="59.427117649" lon="27.502574120">
        <ele>38.200</ele>
        <time>2026-08-13T11:49:49Z</time>
        <speed>4.755000</speed>
      </trkpt>
      <trkpt lat="59.427035507" lon="27.503089188">
        <ele>38.600</ele>
        <time>2026-08-13T11:49:56Z</time>
        <speed>4.093000</speed>
      </trkpt>
      <trkpt lat="59.426821936" lon="27.503782036">
        <ele>38.400</ele>
        <time>2026-08-13T11:50:06Z</time>
        <speed>4.438000</speed>
      </trkpt>
      <trkpt lat="59.426689418" lon="27.504191995">
        <ele>38.200</ele>
        <time>2026-08-13T11:50:12Z</time>
        <speed>4.363000</speed>
      </trkpt>
      <trkpt lat="59.426501328" lon="27.504741512">
        <ele>39.000</ele>
        <time>2026-08-13T11:50:20Z</time>
        <speed>4.853000</speed>
      </trkpt>
      <trkpt lat="59.426236544" lon="27.505343836">
        <ele>38.600</ele>
        <time>2026-08-13T11:50:29Z</time>
        <speed>4.520000</speed>
      </trkpt>
      <trkpt lat="59.426118527" lon="27.505602920">
        <ele>39.400</ele>
        <time>2026-08-13T11:50:33Z</time>
        <speed>4.655000</speed>
      </trkpt>
      <trkpt lat="59.426004533" lon="27.505845660">
        <ele>39.600</ele>
        <time>2026-08-13T11:50:37Z</time>
        <speed>4.569000</speed>
      </trkpt>
      <trkpt lat="59.425764056" lon="27.506376738">
        <ele>40.400</ele>
        <time>2026-08-13T11:50:46Z</time>
        <speed>4.398000</speed>
      </trkpt>
      <trkpt lat="59.425569763" lon="27.506778399">
        <ele>40.200</ele>
        <time>2026-08-13T11:50:54Z</time>
        <speed>3.144000</speed>
      </trkpt>
      <trkpt lat="59.425546462" lon="27.506808992">
        <ele>40.400</ele>
        <time>2026-08-13T11:50:55Z</time>
        <speed>2.923000</speed>
      </trkpt>
      <trkpt lat="59.425491728" lon="27.506863894">
        <ele>40.800</ele>
        <time>2026-08-13T11:50:59Z</time>
        <speed>0.000000</speed>
      </trkpt>
    </trkseg>
    <trkseg>
      <trkpt lat="59.425475467" lon="27.506970679">
        <ele>40.800</ele>
        <time>2026-08-13T11:51:07Z</time>
        <speed>1.645000</speed>
      </trkpt>
      <trkpt lat="59.425494745" lon="27.507064054">
        <ele>41.000</ele>
        <time>2026-08-13T11:51:10Z</time>
        <speed>1.667000</speed>
      </trkpt>
      <trkpt lat="59.425496170" lon="27.507232279">
        <ele>41.200</ele>
        <time>2026-08-13T11:51:15Z</time>
        <speed>2.055000</speed>
      </trkpt>
      <trkpt lat="59.425488710" lon="27.507412154">
        <ele>41.800</ele>
        <time>2026-08-13T11:51:19Z</time>
        <speed>2.156000</speed>
      </trkpt>
      <trkpt lat="59.425473036" lon="27.507557329">
        <ele>41.200</ele>
        <time>2026-08-13T11:51:23Z</time>
        <speed>1.382000</speed>
      </trkpt>
      <trkpt lat="59.425442275" lon="27.507824460">
        <ele>40.800</ele>
        <time>2026-08-13T11:51:30Z</time>
        <speed>2.846000</speed>
      </trkpt>
      <trkpt lat="59.425440514" lon="27.507879781">
        <ele>40.800</ele>
        <time>2026-08-13T11:51:31Z</time>
        <speed>2.933000</speed>
      </trkpt>
      <trkpt lat="59.425474210" lon="27.508128555">
        <ele>40.400</ele>
        <time>2026-08-13T11:51:35Z</time>
        <speed>4.167000</speed>
      </trkpt>
      <trkpt lat="59.425529530" lon="27.508528540">
        <ele>39.200</ele>
        <time>2026-08-13T11:51:39Z</time>
        <speed>6.702000</speed>
      </trkpt>
      <trkpt lat="59.425571188" lon="27.508775219">
        <ele>37.600</ele>
        <time>2026-08-13T11:51:41Z</time>
        <speed>7.524000</speed>
      </trkpt>
      <trkpt lat="59.425618043" lon="27.509048302">
        <ele>36.200</ele>
        <time>2026-08-13T11:51:43Z</time>
        <speed>8.300000</speed>
      </trkpt>
      <trkpt lat="59.425639166" lon="27.509193225">
        <ele>34.800</ele>
        <time>2026-08-13T11:51:44Z</time>
        <speed>8.554000</speed>
      </trkpt>
      <trkpt lat="59.425678058" lon="27.509496650">
        <ele>33.400</ele>
        <time>2026-08-13T11:51:46Z</time>
        <speed>8.900000</speed>
      </trkpt>
      <trkpt lat="59.425722314" lon="27.509798817">
        <ele>32.200</ele>
        <time>2026-08-13T11:51:48Z</time>
        <speed>8.795000</speed>
      </trkpt>
      <trkpt lat="59.425784508" lon="27.510259571">
        <ele>31.600</ele>
        <time>2026-08-13T11:51:51Z</time>
        <speed>8.764000</speed>
      </trkpt>
      <trkpt lat="59.425825328" lon="27.510559978">
        <ele>31.200</ele>
        <time>2026-08-13T11:51:53Z</time>
        <speed>8.609000</speed>
      </trkpt>
      <trkpt lat="59.425863214" lon="27.510859882">
        <ele>30.000</ele>
        <time>2026-08-13T11:51:55Z</time>
        <speed>8.625000</speed>
      </trkpt>
      <trkpt lat="59.425899927" lon="27.511150567">
        <ele>29.000</ele>
        <time>2026-08-13T11:51:57Z</time>
        <speed>8.378000</speed>
      </trkpt>
      <trkpt lat="59.425913170" lon="27.511296663">
        <ele>29.000</ele>
        <time>2026-08-13T11:51:58Z</time>
        <speed>8.376000</speed>
      </trkpt>
      <trkpt lat="59.425951308" lon="27.511983728">
        <ele>29.000</ele>
        <time>2026-08-13T11:52:03Z</time>
        <speed>7.643000</speed>
      </trkpt>
      <trkpt lat="59.425946195" lon="27.512688143">
        <ele>27.800</ele>
        <time>2026-08-13T11:52:08Z</time>
        <speed>7.948000</speed>
      </trkpt>
      <trkpt lat="59.425939322" lon="27.512976984">
        <ele>27.400</ele>
        <time>2026-08-13T11:52:10Z</time>
        <speed>8.054000</speed>
      </trkpt>
      <trkpt lat="59.425916104" lon="27.513541756">
        <ele>27.200</ele>
        <time>2026-08-13T11:52:14Z</time>
        <speed>7.731000</speed>
      </trkpt>
      <trkpt lat="59.425884504" lon="27.513799332">
        <ele>26.600</ele>
        <time>2026-08-13T11:52:16Z</time>
        <speed>7.133000</speed>
      </trkpt>
      <trkpt lat="59.425868997" lon="27.513922378">
        <ele>26.400</ele>
        <time>2026-08-13T11:52:17Z</time>
        <speed>7.131000</speed>
      </trkpt>
      <trkpt lat="59.425805211" lon="27.514481032">
        <ele>26.800</ele>
        <time>2026-08-13T11:52:22Z</time>
        <speed>6.224000</speed>
      </trkpt>
      <trkpt lat="59.425666491" lon="27.515067598">
        <ele>27.200</ele>
        <time>2026-08-13T11:52:28Z</time>
        <speed>5.821000</speed>
      </trkpt>
      <trkpt lat="59.425581582" lon="27.515422069">
        <ele>27.600</ele>
        <time>2026-08-13T11:52:33Z</time>
        <speed>3.428000</speed>
      </trkpt>
      <trkpt lat="59.425569680" lon="27.515479987">
        <ele>27.800</ele>
        <time>2026-08-13T11:52:34Z</time>
        <speed>3.416000</speed>
      </trkpt>
      <trkpt lat="59.425480748" lon="27.515905704">
        <ele>27.000</ele>
        <time>2026-08-13T11:52:40Z</time>
        <speed>4.589000</speed>
      </trkpt>
      <trkpt lat="59.425462224" lon="27.515973598">
        <ele>26.800</ele>
        <time>2026-08-13T11:52:41Z</time>
        <speed>4.161000</speed>
      </trkpt>
      <trkpt lat="59.425395420" lon="27.516204771">
        <ele>26.800</ele>
        <time>2026-08-13T11:52:45Z</time>
        <speed>3.363000</speed>
      </trkpt>
      <trkpt lat="59.425273882" lon="27.516514147">
        <ele>27.000</ele>
        <time>2026-08-13T11:52:51Z</time>
        <speed>2.938000</speed>
      </trkpt>
      <trkpt lat="59.425203223" lon="27.516704919">
        <ele>27.000</ele>
        <time>2026-08-13T11:52:56Z</time>
        <speed>2.524000</speed>
      </trkpt>
      <trkpt lat="59.425095934" lon="27.516999040">
        <ele>26.800</ele>
        <time>2026-08-13T11:53:01Z</time>
        <speed>3.415000</speed>
      </trkpt>
      <trkpt lat="59.424997699" lon="27.517239181">
        <ele>26.800</ele>
        <time>2026-08-13T11:53:06Z</time>
        <speed>1.636000</speed>
      </trkpt>
    </trkseg>
    <trkseg>
      <trkpt lat="59.424916394" lon="27.517396845">
        <ele>27.000</ele>
        <time>2026-08-13T11:55:59Z</time>
        <speed>1.958000</speed>
      </trkpt>
      <trkpt lat="59.424840286" lon="27.517607566">
        <ele>27.000</ele>
        <time>2026-08-13T11:56:05Z</time>
        <speed>2.031000</speed>
      </trkpt>
      <trkpt lat="59.424748588" lon="27.517813593">
        <ele>26.800</ele>
        <time>2026-08-13T11:56:10Z</time>
        <speed>3.141000</speed>
      </trkpt>
      <trkpt lat="59.424631996" lon="27.518072426">
        <ele>26.600</ele>
        <time>2026-08-13T11:56:16Z</time>
        <speed>2.863000</speed>
      </trkpt>
      <trkpt lat="59.424472991" lon="27.518420359">
        <ele>26.400</ele>
        <time>2026-08-13T11:56:24Z</time>
        <speed>1.045000</speed>
      </trkpt>
      <trkpt lat="59.424391184" lon="27.518603504">
        <ele>26.200</ele>
        <time>2026-08-13T11:56:29Z</time>
        <speed>2.583000</speed>
      </trkpt>
      <trkpt lat="59.424316082" lon="27.518810537">
        <ele>25.800</ele>
        <time>2026-08-13T11:56:33Z</time>
        <speed>3.268000</speed>
      </trkpt>
      <trkpt lat="59.424290098" lon="27.518869210">
        <ele>25.800</ele>
        <time>2026-08-13T11:56:34Z</time>
        <speed>3.442000</speed>
      </trkpt>
      <trkpt lat="59.424198400" lon="27.519056126">
        <ele>25.600</ele>
        <time>2026-08-13T11:56:38Z</time>
        <speed>2.212000</speed>
      </trkpt>
      <trkpt lat="59.424073426" lon="27.519323844">
        <ele>26.000</ele>
        <time>2026-08-13T11:56:43Z</time>
        <speed>2.740000</speed>
      </trkpt>
      <trkpt lat="59.423929844" lon="27.519630874">
        <ele>26.200</ele>
        <time>2026-08-13T11:56:49Z</time>
        <speed>1.957000</speed>
      </trkpt>
      <trkpt lat="59.423818113" lon="27.519879984">
        <ele>26.000</ele>
        <time>2026-08-13T11:56:55Z</time>
        <speed>3.117000</speed>
      </trkpt>
      <trkpt lat="59.423654918" lon="27.520127334">
        <ele>25.600</ele>
        <time>2026-08-13T11:57:01Z</time>
        <speed>3.427000</speed>
      </trkpt>
      <trkpt lat="59.423490968" lon="27.520245519">
        <ele>26.000</ele>
        <time>2026-08-13T11:57:06Z</time>
        <speed>3.392000</speed>
      </trkpt>
      <trkpt lat="59.423316289" lon="27.520227162">
        <ele>26.400</ele>
        <time>2026-08-13T11:57:11Z</time>
        <speed>3.483000</speed>
      </trkpt>
      <trkpt lat="59.423113866" lon="27.520205621">
        <ele>26.400</ele>
        <time>2026-08-13T11:57:16Z</time>
        <speed>2.805000</speed>
      </trkpt>
      <trkpt lat="59.422947317" lon="27.520156335">
        <ele>26.400</ele>
        <time>2026-08-13T11:57:21Z</time>
        <speed>3.432000</speed>
      </trkpt>
      <trkpt lat="59.422785966" lon="27.520084670">
        <ele>26.800</ele>
        <time>2026-08-13T11:57:26Z</time>
        <speed>3.272000</speed>
      </trkpt>
      <trkpt lat="59.422606425" lon="27.519988613">
        <ele>27.000</ele>
        <time>2026-08-13T11:57:32Z</time>
        <speed>2.496000</speed>
      </trkpt>
      <trkpt lat="59.422420934" lon="27.519906554">
        <ele>27.000</ele>
        <time>2026-08-13T11:57:38Z</time>
        <speed>2.779000</speed>
      </trkpt>
      <trkpt lat="59.422256062" lon="27.519854670">
        <ele>26.800</ele>
        <time>2026-08-13T11:57:44Z</time>
        <speed>2.495000</speed>
      </trkpt>
      <trkpt lat="59.422082305" lon="27.519806223">
        <ele>26.800</ele>
        <time>2026-08-13T11:57:49Z</time>
        <speed>3.469000</speed>
      </trkpt>
      <trkpt lat="59.421889940" lon="27.519786190">
        <ele>26.600</ele>
        <time>2026-08-13T11:57:54Z</time>
        <speed>3.171000</speed>
      </trkpt>
      <trkpt lat="59.421847444" lon="27.519777725">
        <ele>26.600</ele>
        <time>2026-08-13T11:57:55Z</time>
        <speed>3.240000</speed>
      </trkpt>
      <trkpt lat="59.421640327" lon="27.519706059">
        <ele>25.800</ele>
        <time>2026-08-13T11:58:00Z</time>
        <speed>3.668000</speed>
      </trkpt>
      <trkpt lat="59.421598585" lon="27.519694325">
        <ele>25.800</ele>
        <time>2026-08-13T11:58:01Z</time>
        <speed>3.457000</speed>
      </trkpt>
      <trkpt lat="59.421429271" lon="27.519667838">
        <ele>26.200</ele>
        <time>2026-08-13T11:58:05Z</time>
        <speed>3.140000</speed>
      </trkpt>
      <trkpt lat="59.421198433" lon="27.519582259">
        <ele>26.600</ele>
        <time>2026-08-13T11:58:11Z</time>
        <speed>3.273000</speed>
      </trkpt>
      <trkpt lat="59.420992741" lon="27.519515622">
        <ele>26.400</ele>
        <time>2026-08-13T11:58:17Z</time>
        <speed>2.935000</speed>
      </trkpt>
      <trkpt lat="59.420860056" lon="27.519475473">
        <ele>26.800</ele>
        <time>2026-08-13T11:58:22Z</time>
        <speed>2.823000</speed>
      </trkpt>
      <trkpt lat="59.420800041" lon="27.519442700">
        <ele>27.000</ele>
        <time>2026-08-13T11:58:24Z</time>
        <speed>3.160000</speed>
      </trkpt>
      <trkpt lat="59.420683030" lon="27.519325186">
        <ele>27.200</ele>
        <time>2026-08-13T11:58:28Z</time>
        <speed>3.367000</speed>
      </trkpt>
      <trkpt lat="59.420663249" lon="27.519277660">
        <ele>26.800</ele>
        <time>2026-08-13T11:58:29Z</time>
        <speed>3.179000</speed>
      </trkpt>
      <trkpt lat="59.420640785" lon="27.519250754">
        <ele>26.400</ele>
        <time>2026-08-13T11:58:30Z</time>
        <speed>2.380000</speed>
      </trkpt>
      <trkpt lat="59.420592170" lon="27.519213120">
        <ele>27.400</ele>
        <time>2026-08-13T11:58:32Z</time>
        <speed>2.768000</speed>
      </trkpt>
      <trkpt lat="59.420538861" lon="27.519156625">
        <ele>27.800</ele>
        <time>2026-08-13T11:58:34Z</time>
        <speed>2.766000</speed>
      </trkpt>
      <trkpt lat="59.420377593" lon="27.519026455">
        <ele>27.800</ele>
        <time>2026-08-13T11:58:39Z</time>
        <speed>3.263000</speed>
      </trkpt>
      <trkpt lat="59.420206016" lon="27.518884297">
        <ele>28.200</ele>
        <time>2026-08-13T11:58:45Z</time>
        <speed>3.303000</speed>
      </trkpt>
      <trkpt lat="59.419999905" lon="27.518779607">
        <ele>28.600</ele>
        <time>2026-08-13T11:58:52Z</time>
        <speed>3.182000</speed>
      </trkpt>
      <trkpt lat="59.419727493" lon="27.518602246">
        <ele>28.200</ele>
        <time>2026-08-13T11:59:00Z</time>
        <speed>3.696000</speed>
      </trkpt>
      <trkpt lat="59.419659348" lon="27.518556984">
        <ele>29.000</ele>
        <time>2026-08-13T11:59:02Z</time>
        <speed>3.795000</speed>
      </trkpt>
      <trkpt lat="59.419512246" lon="27.518443912">
        <ele>28.800</ele>
        <time>2026-08-13T11:59:07Z</time>
        <speed>3.277000</speed>
      </trkpt>
      <trkpt lat="59.419346284" lon="27.518299492">
        <ele>28.800</ele>
        <time>2026-08-13T11:59:13Z</time>
        <speed>2.892000</speed>
      </trkpt>
      <trkpt lat="59.419164313" lon="27.518167729">
        <ele>28.600</ele>
        <time>2026-08-13T11:59:20Z</time>
        <speed>3.362000</speed>
      </trkpt>
      <trkpt lat="59.418953592" lon="27.517960025">
        <ele>29.800</ele>
        <time>2026-08-13T11:59:27Z</time>
        <speed>3.610000</speed>
      </trkpt>
      <trkpt lat="59.418802466" lon="27.517797835">
        <ele>28.800</ele>
        <time>2026-08-13T11:59:32Z</time>
        <speed>3.919000</speed>
      </trkpt>
      <trkpt lat="59.418524355" lon="27.517614607">
        <ele>29.000</ele>
        <time>2026-08-13T11:59:40Z</time>
        <speed>4.121000</speed>
      </trkpt>
      <trkpt lat="59.418293349" lon="27.517513353">
        <ele>29.400</ele>
        <time>2026-08-13T11:59:46Z</time>
        <speed>4.175000</speed>
      </trkpt>
      <trkpt lat="59.418075085" lon="27.517439928">
        <ele>29.600</ele>
        <time>2026-08-13T11:59:52Z</time>
        <speed>4.272000</speed>
      </trkpt>
      <trkpt lat="59.418037785" lon="27.517422410">
        <ele>30.000</ele>
        <time>2026-08-13T11:59:53Z</time>
        <speed>4.275000</speed>
      </trkpt>
      <trkpt lat="59.417999145" lon="27.517395085">
        <ele>30.200</ele>
        <time>2026-08-13T11:59:54Z</time>
        <speed>4.566000</speed>
      </trkpt>
      <trkpt lat="59.417886660" lon="27.517327359">
        <ele>29.800</ele>
        <time>2026-08-13T11:59:57Z</time>
        <speed>4.229000</speed>
      </trkpt>
      <trkpt lat="59.417851456" lon="27.517311685">
        <ele>29.600</ele>
        <time>2026-08-13T11:59:58Z</time>
        <speed>3.911000</speed>
      </trkpt>
      <trkpt lat="59.417731846" lon="27.517252928">
        <ele>30.800</ele>
        <time>2026-08-13T12:00:02Z</time>
        <speed>3.114000</speed>
      </trkpt>
      <trkpt lat="59.417707035" lon="27.517243875">
        <ele>31.000</ele>
        <time>2026-08-13T12:00:03Z</time>
        <speed>2.945000</speed>
      </trkpt>
      <trkpt lat="59.417578373" lon="27.517233314">
        <ele>31.800</ele>
        <time>2026-08-13T12:00:08Z</time>
        <speed>2.427000</speed>
      </trkpt>
      <trkpt lat="59.417556329" lon="27.517234068">
        <ele>32.000</ele>
        <time>2026-08-13T12:00:09Z</time>
        <speed>2.187000</speed>
      </trkpt>
      <trkpt lat="59.417409059" lon="27.517222585">
        <ele>32.600</ele>
        <time>2026-08-13T12:00:15Z</time>
        <speed>2.958000</speed>
      </trkpt>
      <trkpt lat="59.417180736" lon="27.517196350">
        <ele>32.600</ele>
        <time>2026-08-13T12:00:23Z</time>
        <speed>3.107000</speed>
      </trkpt>
      <trkpt lat="59.416939169" lon="27.517168857">
        <ele>33.200</ele>
        <time>2026-08-13T12:00:32Z</time>
        <speed>2.602000</speed>
      </trkpt>
      <trkpt lat="59.416803718" lon="27.517143628">
        <ele>34.400</ele>
        <time>2026-08-13T12:00:37Z</time>
        <speed>2.724000</speed>
      </trkpt>
      <trkpt lat="59.416725263" lon="27.517120913">
        <ele>34.800</ele>
        <time>2026-08-13T12:00:40Z</time>
        <speed>2.367000</speed>
      </trkpt>
      <trkpt lat="59.416600792" lon="27.517104736">
        <ele>35.400</ele>
        <time>2026-08-13T12:00:45Z</time>
        <speed>2.393000</speed>
      </trkpt>
      <trkpt lat="59.416549746" lon="27.517093252">
        <ele>35.400</ele>
        <time>2026-08-13T12:00:47Z</time>
        <speed>2.312000</speed>
      </trkpt>
      <trkpt lat="59.416445559" lon="27.517095767">
        <ele>36.000</ele>
        <time>2026-08-13T12:00:53Z</time>
        <speed>1.099000</speed>
      </trkpt>
      <trkpt lat="59.416382443" lon="27.517247982">
        <ele>35.800</ele>
        <time>2026-08-13T12:00:59Z</time>
        <speed>2.124000</speed>
      </trkpt>
      <trkpt lat="59.416279094" lon="27.517256532">
        <ele>35.800</ele>
        <time>2026-08-13T12:01:04Z</time>
        <speed>2.383000</speed>
      </trkpt>
      <trkpt lat="59.416083293" lon="27.517238678">
        <ele>36.000</ele>
        <time>2026-08-13T12:01:12Z</time>
        <speed>2.653000</speed>
      </trkpt>
      <trkpt lat="59.415895706" lon="27.517214371">
        <ele>36.200</ele>
        <time>2026-08-13T12:01:19Z</time>
        <speed>3.132000</speed>
      </trkpt>
      <trkpt lat="59.415837452" lon="27.517201379">
        <ele>36.400</ele>
        <time>2026-08-13T12:01:21Z</time>
        <speed>3.072000</speed>
      </trkpt>
      <trkpt lat="59.415700072" lon="27.517188471">
        <ele>37.000</ele>
        <time>2026-08-13T12:01:26Z</time>
        <speed>2.973000</speed>
      </trkpt>
      <trkpt lat="59.415496560" lon="27.517174724">
        <ele>37.400</ele>
        <time>2026-08-13T12:01:33Z</time>
        <speed>3.040000</speed>
      </trkpt>
      <trkpt lat="59.415436126" lon="27.517172964">
        <ele>37.600</ele>
        <time>2026-08-13T12:01:35Z</time>
        <speed>3.039000</speed>
      </trkpt>
      <trkpt lat="59.415228507" lon="27.517164415">
        <ele>37.600</ele>
        <time>2026-08-13T12:01:42Z</time>
        <speed>3.162000</speed>
      </trkpt>
      <trkpt lat="59.415050726" lon="27.517120326">
        <ele>38.000</ele>
        <time>2026-08-13T12:01:49Z</time>
        <speed>1.744000</speed>
      </trkpt>
      <trkpt lat="59.415022312" lon="27.517113537">
        <ele>38.000</ele>
        <time>2026-08-13T12:01:50Z</time>
        <speed>2.752000</speed>
      </trkpt>
      <trkpt lat="59.414932625" lon="27.517095935">
        <ele>38.400</ele>
        <time>2026-08-13T12:01:53Z</time>
        <speed>2.992000</speed>
      </trkpt>
      <trkpt lat="59.414901445" lon="27.517092582">
        <ele>38.600</ele>
        <time>2026-08-13T12:01:54Z</time>
        <speed>3.054000</speed>
      </trkpt>
      <trkpt lat="59.414689718" lon="27.517074812">
        <ele>39.000</ele>
        <time>2026-08-13T12:02:01Z</time>
        <speed>2.503000</speed>
      </trkpt>
      <trkpt lat="59.414609838" lon="27.517112782">
        <ele>39.400</ele>
        <time>2026-08-13T12:02:05Z</time>
        <speed>2.206000</speed>
      </trkpt>
      <trkpt lat="59.414592572" lon="27.517141113">
        <ele>39.400</ele>
        <time>2026-08-13T12:02:06Z</time>
        <speed>2.337000</speed>
      </trkpt>
      <trkpt lat="59.414583016" lon="27.517178915">
        <ele>39.400</ele>
        <time>2026-08-13T12:02:07Z</time>
        <speed>2.506000</speed>
      </trkpt>
      <trkpt lat="59.414530378" lon="27.517564232">
        <ele>38.600</ele>
        <time>2026-08-13T12:02:13Z</time>
        <speed>4.366000</speed>
      </trkpt>
      <trkpt lat="59.414495258" lon="27.517878804">
        <ele>38.400</ele>
        <time>2026-08-13T12:02:17Z</time>
        <speed>4.434000</speed>
      </trkpt>
      <trkpt lat="59.414452342" lon="27.518108469">
        <ele>37.800</ele>
        <time>2026-08-13T12:02:20Z</time>
        <speed>4.724000</speed>
      </trkpt>
      <trkpt lat="59.414418144" lon="27.518452629">
        <ele>37.400</ele>
        <time>2026-08-13T12:02:24Z</time>
        <speed>5.004000</speed>
      </trkpt>
      <trkpt lat="59.414394340" lon="27.518631583">
        <ele>37.000</ele>
        <time>2026-08-13T12:02:26Z</time>
        <speed>5.225000</speed>
      </trkpt>
      <trkpt lat="59.414347652" lon="27.519003656">
        <ele>36.800</ele>
        <time>2026-08-13T12:02:31Z</time>
        <speed>2.749000</speed>
      </trkpt>
      <trkpt lat="59.414326446" lon="27.519242708">
        <ele>36.200</ele>
        <time>2026-08-13T12:02:37Z</time>
        <speed>2.424000</speed>
      </trkpt>
      <trkpt lat="59.414306832" lon="27.519405400">
        <ele>36.000</ele>
        <time>2026-08-13T12:02:42Z</time>
        <speed>2.194000</speed>
      </trkpt>
      <trkpt lat="59.414301803" lon="27.519448986">
        <ele>35.800</ele>
        <time>2026-08-13T12:02:43Z</time>
        <speed>2.521000</speed>
      </trkpt>
      <trkpt lat="59.414274814" lon="27.519774958">
        <ele>35.000</ele>
        <time>2026-08-13T12:02:50Z</time>
        <speed>2.187000</speed>
      </trkpt>
      <trkpt lat="59.414270120" lon="27.519817706">
        <ele>34.800</ele>
        <time>2026-08-13T12:02:51Z</time>
        <speed>2.397000</speed>
      </trkpt>
      <trkpt lat="59.414247489" lon="27.520062039">
        <ele>34.000</ele>
        <time>2026-08-13T12:02:57Z</time>
        <speed>2.396000</speed>
      </trkpt>
      <trkpt lat="59.414239861" lon="27.520143427">
        <ele>33.800</ele>
        <time>2026-08-13T12:02:59Z</time>
        <speed>2.085000</speed>
      </trkpt>
      <trkpt lat="59.414227288" lon="27.520305952">
        <ele>33.600</ele>
        <time>2026-08-13T12:03:03Z</time>
        <speed>2.700000</speed>
      </trkpt>
      <trkpt lat="59.414203065" lon="27.520572580">
        <ele>32.600</ele>
        <time>2026-08-13T12:03:07Z</time>
        <speed>4.453000</speed>
      </trkpt>
      <trkpt lat="59.414196694" lon="27.520659668">
        <ele>32.400</ele>
        <time>2026-08-13T12:03:08Z</time>
        <speed>4.941000</speed>
      </trkpt>
      <trkpt lat="59.414170962" lon="27.520974912">
        <ele>31.200</ele>
        <time>2026-08-13T12:03:11Z</time>
        <speed>6.414000</speed>
      </trkpt>
      <trkpt lat="59.414159982" lon="27.521230895">
        <ele>30.400</ele>
        <time>2026-08-13T12:03:13Z</time>
        <speed>7.647000</speed>
      </trkpt>
      <trkpt lat="59.414155623" lon="27.521372382">
        <ele>29.400</ele>
        <time>2026-08-13T12:03:14Z</time>
        <speed>7.973000</speed>
      </trkpt>
      <trkpt lat="59.414150594" lon="27.521689385">
        <ele>27.800</ele>
        <time>2026-08-13T12:03:16Z</time>
        <speed>9.254000</speed>
      </trkpt>
      <trkpt lat="59.414160484" lon="27.522022817">
        <ele>26.800</ele>
        <time>2026-08-13T12:03:18Z</time>
        <speed>9.073000</speed>
      </trkpt>
      <trkpt lat="59.414183283" lon="27.522492623">
        <ele>24.600</ele>
        <time>2026-08-13T12:03:21Z</time>
        <speed>9.257000</speed>
      </trkpt>
      <trkpt lat="59.414195102" lon="27.522837203">
        <ele>22.800</ele>
        <time>2026-08-13T12:03:23Z</time>
        <speed>9.789000</speed>
      </trkpt>
      <trkpt lat="59.414190827" lon="27.523005847">
        <ele>22.000</ele>
        <time>2026-08-13T12:03:25Z</time>
        <speed>9.435000</speed>
      </trkpt>
      <trkpt lat="59.414184205" lon="27.523164013">
        <ele>21.200</ele>
        <time>2026-08-13T12:03:26Z</time>
        <speed>9.024000</speed>
      </trkpt>
      <trkpt lat="59.414161909" lon="27.523313463">
        <ele>20.800</ele>
        <time>2026-08-13T12:03:27Z</time>
        <speed>8.836000</speed>
      </trkpt>
      <trkpt lat="59.414136428" lon="27.523430558">
        <ele>20.600</ele>
        <time>2026-08-13T12:03:28Z</time>
        <speed>7.143000</speed>
      </trkpt>
      <trkpt lat="59.414007850" lon="27.523690397">
        <ele>19.800</ele>
        <time>2026-08-13T12:03:31Z</time>
        <speed>7.519000</speed>
      </trkpt>
      <trkpt lat="59.413881367" lon="27.523845630">
        <ele>18.000</ele>
        <time>2026-08-13T12:03:33Z</time>
        <speed>8.372000</speed>
      </trkpt>
      <trkpt lat="59.413744826" lon="27.524004467">
        <ele>16.800</ele>
        <time>2026-08-13T12:03:35Z</time>
        <speed>8.778000</speed>
      </trkpt>
      <trkpt lat="59.413674502" lon="27.524085939">
        <ele>16.400</ele>
        <time>2026-08-13T12:03:36Z</time>
        <speed>8.916000</speed>
      </trkpt>
      <trkpt lat="59.413611386" lon="27.524176799">
        <ele>15.800</ele>
        <time>2026-08-13T12:03:37Z</time>
        <speed>8.566000</speed>
      </trkpt>
      <trkpt lat="59.413560508" lon="27.524288110">
        <ele>15.200</ele>
        <time>2026-08-13T12:03:38Z</time>
        <speed>8.390000</speed>
      </trkpt>
      <trkpt lat="59.413519269" lon="27.524414761">
        <ele>15.200</ele>
        <time>2026-08-13T12:03:39Z</time>
        <speed>8.352000</speed>
      </trkpt>
      <trkpt lat="59.413466798" lon="27.524677617">
        <ele>15.000</ele>
        <time>2026-08-13T12:03:41Z</time>
        <speed>7.998000</speed>
      </trkpt>
      <trkpt lat="59.413408712" lon="27.524934607">
        <ele>15.000</ele>
        <time>2026-08-13T12:03:43Z</time>
        <speed>7.755000</speed>
      </trkpt>
      <trkpt lat="59.413288347" lon="27.525323024">
        <ele>16.400</ele>
        <time>2026-08-13T12:03:47Z</time>
        <speed>5.498000</speed>
      </trkpt>
      <trkpt lat="59.413222969" lon="27.525535841">
        <ele>17.400</ele>
        <time>2026-08-13T12:03:50Z</time>
        <speed>4.442000</speed>
      </trkpt>
      <trkpt lat="59.413184328" lon="27.525654696">
        <ele>18.200</ele>
        <time>2026-08-13T12:03:52Z</time>
        <speed>3.770000</speed>
      </trkpt>
      <trkpt lat="59.413166642" lon="27.525710519">
        <ele>18.600</ele>
        <time>2026-08-13T12:03:53Z</time>
        <speed>3.553000</speed>
      </trkpt>
      <trkpt lat="59.413123978" lon="27.525868015">
        <ele>19.600</ele>
        <time>2026-08-13T12:03:56Z</time>
        <speed>3.332000</speed>
      </trkpt>
      <trkpt lat="59.413087517" lon="27.526030457">
        <ele>20.400</ele>
        <time>2026-08-13T12:03:59Z</time>
        <speed>3.178000</speed>
      </trkpt>
      <trkpt lat="59.413078632" lon="27.526086112">
        <ele>20.600</ele>
        <time>2026-08-13T12:04:00Z</time>
        <speed>3.064000</speed>
      </trkpt>
      <trkpt lat="59.413051056" lon="27.526283758">
        <ele>21.800</ele>
        <time>2026-08-13T12:04:04Z</time>
        <speed>2.082000</speed>
      </trkpt>
      <trkpt lat="59.413049882" lon="27.526327679">
        <ele>22.000</ele>
        <time>2026-08-13T12:04:05Z</time>
        <speed>2.181000</speed>
      </trkpt>
      <trkpt lat="59.413055582" lon="27.526510907">
        <ele>22.800</ele>
        <time>2026-08-13T12:04:09Z</time>
        <speed>2.205000</speed>
      </trkpt>
      <trkpt lat="59.413073435" lon="27.526582405">
        <ele>23.600</ele>
        <time>2026-08-13T12:04:11Z</time>
        <speed>2.140000</speed>
      </trkpt>
      <trkpt lat="59.413086679" lon="27.526659351">
        <ele>24.000</ele>
        <time>2026-08-13T12:04:13Z</time>
        <speed>2.045000</speed>
      </trkpt>
      <trkpt lat="59.413128085" lon="27.526779128">
        <ele>24.600</ele>
        <time>2026-08-13T12:04:17Z</time>
        <speed>1.938000</speed>
      </trkpt>
      <trkpt lat="59.413149878" lon="27.526835371">
        <ele>25.000</ele>
        <time>2026-08-13T12:04:19Z</time>
        <speed>1.870000</speed>
      </trkpt>
      <trkpt lat="59.413221292" lon="27.526990352">
        <ele>25.600</ele>
        <time>2026-08-13T12:04:25Z</time>
        <speed>2.147000</speed>
      </trkpt>
      <trkpt lat="59.413244845" lon="27.527037710">
        <ele>26.000</ele>
        <time>2026-08-13T12:04:27Z</time>
        <speed>1.967000</speed>
      </trkpt>
      <trkpt lat="59.413288347" lon="27.527125217">
        <ele>26.400</ele>
        <time>2026-08-13T12:04:31Z</time>
        <speed>1.721000</speed>
      </trkpt>
      <trkpt lat="59.413325395" lon="27.527199816">
        <ele>27.200</ele>
        <time>2026-08-13T12:04:35Z</time>
        <speed>1.239000</speed>
      </trkpt>
      <trkpt lat="59.413362946" lon="27.527262177">
        <ele>27.800</ele>
        <time>2026-08-13T12:04:38Z</time>
        <speed>1.325000</speed>
      </trkpt>
      <trkpt lat="59.413385326" lon="27.527300734">
        <ele>28.200</ele>
        <time>2026-08-13T12:04:40Z</time>
        <speed>1.182000</speed>
      </trkpt>
      <trkpt lat="59.413443916" lon="27.527478095">
        <ele>29.000</ele>
        <time>2026-08-13T12:04:47Z</time>
        <speed>1.256000</speed>
      </trkpt>
      <trkpt lat="59.413464619" lon="27.527518664">
        <ele>29.200</ele>
        <time>2026-08-13T12:04:49Z</time>
        <speed>0.948000</speed>
      </trkpt>
      <trkpt lat="59.413491944" lon="27.527555628">
        <ele>29.600</ele>
        <time>2026-08-13T12:04:51Z</time>
        <speed>1.345000</speed>
      </trkpt>
      <trkpt lat="59.413515665" lon="27.527605584">
        <ele>30.000</ele>
        <time>2026-08-13T12:04:53Z</time>
        <speed>1.564000</speed>
      </trkpt>
      <trkpt lat="59.413553802" lon="27.527689068">
        <ele>30.400</ele>
        <time>2026-08-13T12:04:56Z</time>
        <speed>1.508000</speed>
      </trkpt>
      <trkpt lat="59.413657906" lon="27.527836841">
        <ele>30.800</ele>
        <time>2026-08-13T12:05:02Z</time>
        <speed>1.502000</speed>
      </trkpt>
      <trkpt lat="59.413799392" lon="27.527934322">
        <ele>31.400</ele>
        <time>2026-08-13T12:05:08Z</time>
        <speed>1.766000</speed>
      </trkpt>
      <trkpt lat="59.413815401" lon="27.527955528">
        <ele>31.400</ele>
        <time>2026-08-13T12:05:09Z</time>
        <speed>1.687000</speed>
      </trkpt>
      <trkpt lat="59.413949596" lon="27.528066589">
        <ele>31.800</ele>
        <time>2026-08-13T12:05:16Z</time>
        <speed>1.767000</speed>
      </trkpt>
      <trkpt lat="59.414108349" lon="27.528194916">
        <ele>32.200</ele>
        <time>2026-08-13T12:05:24Z</time>
        <speed>2.041000</speed>
      </trkpt>
      <trkpt lat="59.414154533" lon="27.528221654">
        <ele>32.400</ele>
        <time>2026-08-13T12:05:26Z</time>
        <speed>2.222000</speed>
      </trkpt>
      <trkpt lat="59.414307000" lon="27.528371941">
        <ele>32.600</ele>
        <time>2026-08-13T12:05:33Z</time>
        <speed>2.297000</speed>
      </trkpt>
      <trkpt lat="59.414423425" lon="27.528539747">
        <ele>33.000</ele>
        <time>2026-08-13T12:05:39Z</time>
        <speed>2.605000</speed>
      </trkpt>
      <trkpt lat="59.414548147" lon="27.528738230">
        <ele>33.400</ele>
        <time>2026-08-13T12:05:46Z</time>
        <speed>2.092000</speed>
      </trkpt>
      <trkpt lat="59.414639594" lon="27.529078787">
        <ele>33.000</ele>
        <time>2026-08-13T12:05:55Z</time>
        <speed>2.474000</speed>
      </trkpt>
      <trkpt lat="59.414665829" lon="27.529387744">
        <ele>33.000</ele>
        <time>2026-08-13T12:06:01Z</time>
        <speed>3.343000</speed>
      </trkpt>
      <trkpt lat="59.414636241" lon="27.529774485">
        <ele>33.200</ele>
        <time>2026-08-13T12:06:08Z</time>
        <speed>3.062000</speed>
      </trkpt>
      <trkpt lat="59.414599864" lon="27.529919324">
        <ele>33.200</ele>
        <time>2026-08-13T12:06:12Z</time>
        <speed>1.593000</speed>
      </trkpt>
      <trkpt lat="59.414586620" lon="27.529927706">
        <ele>33.200</ele>
        <time>2026-08-13T12:06:13Z</time>
        <speed>1.500000</speed>
      </trkpt>
    </trkseg>
    <trkseg>
      <trkpt lat="59.414569186" lon="27.530010520">
        <ele>33.000</ele>
        <time>2026-08-13T12:10:36Z</time>
        <speed>1.858000</speed>
      </trkpt>
      <trkpt lat="59.414551752" lon="27.530096434">
        <ele>33.000</ele>
        <time>2026-08-13T12:10:38Z</time>
        <speed>2.484000</speed>
      </trkpt>
      <trkpt lat="59.414467681" lon="27.530468507">
        <ele>33.200</ele>
        <time>2026-08-13T12:10:46Z</time>
        <speed>2.874000</speed>
      </trkpt>
      <trkpt lat="59.414417809" lon="27.530715019">
        <ele>33.000</ele>
        <time>2026-08-13T12:10:51Z</time>
        <speed>3.113000</speed>
      </trkpt>
      <trkpt lat="59.414364668" lon="27.530977959">
        <ele>33.200</ele>
        <time>2026-08-13T12:10:56Z</time>
        <speed>3.321000</speed>
      </trkpt>
      <trkpt lat="59.414325608" lon="27.531142244">
        <ele>33.400</ele>
        <time>2026-08-13T12:10:59Z</time>
        <speed>3.316000</speed>
      </trkpt>
      <trkpt lat="59.414279424" lon="27.531376854">
        <ele>33.400</ele>
        <time>2026-08-13T12:11:03Z</time>
        <speed>3.646000</speed>
      </trkpt>
      <trkpt lat="59.414250255" lon="27.531489423">
        <ele>33.400</ele>
        <time>2026-08-13T12:11:05Z</time>
        <speed>3.612000</speed>
      </trkpt>
      <trkpt lat="59.414138272" lon="27.531961240">
        <ele>33.000</ele>
        <time>2026-08-13T12:11:12Z</time>
        <speed>4.313000</speed>
      </trkpt>
      <trkpt lat="59.414044898" lon="27.532393662">
        <ele>32.400</ele>
        <time>2026-08-13T12:11:18Z</time>
        <speed>4.924000</speed>
      </trkpt>
      <trkpt lat="59.414012376" lon="27.532553589">
        <ele>32.400</ele>
        <time>2026-08-13T12:11:20Z</time>
        <speed>4.880000</speed>
      </trkpt>
      <trkpt lat="59.413976418" lon="27.532710163">
        <ele>32.600</ele>
        <time>2026-08-13T12:11:22Z</time>
        <speed>4.850000</speed>
      </trkpt>
      <trkpt lat="59.413923780" lon="27.532945778">
        <ele>32.200</ele>
        <time>2026-08-13T12:11:25Z</time>
        <speed>4.799000</speed>
      </trkpt>
      <trkpt lat="59.413909614" lon="27.533022640">
        <ele>32.200</ele>
        <time>2026-08-13T12:11:26Z</time>
        <speed>4.661000</speed>
      </trkpt>
      <trkpt lat="59.413807774" lon="27.533468390">
        <ele>32.400</ele>
        <time>2026-08-13T12:11:32Z</time>
        <speed>4.838000</speed>
      </trkpt>
      <trkpt lat="59.413792184" lon="27.533550365">
        <ele>32.400</ele>
        <time>2026-08-13T12:11:33Z</time>
        <speed>4.927000</speed>
      </trkpt>
      <trkpt lat="59.413681207" lon="27.534079514">
        <ele>32.400</ele>
        <time>2026-08-13T12:11:40Z</time>
        <speed>4.422000</speed>
      </trkpt>
      <trkpt lat="59.413567632" lon="27.534589469">
        <ele>32.400</ele>
        <time>2026-08-13T12:11:47Z</time>
        <speed>4.662000</speed>
      </trkpt>
      <trkpt lat="59.413450537" lon="27.535116356">
        <ele>32.400</ele>
        <time>2026-08-13T12:11:54Z</time>
        <speed>4.553000</speed>
      </trkpt>
      <trkpt lat="59.413315924" lon="27.535607368">
        <ele>33.000</ele>
        <time>2026-08-13T12:12:02Z</time>
        <speed>3.592000</speed>
      </trkpt>
      <trkpt lat="59.413210815" lon="27.535954965">
        <ele>32.800</ele>
        <time>2026-08-13T12:12:08Z</time>
        <speed>3.459000</speed>
      </trkpt>
      <trkpt lat="59.413110400" lon="27.536230143">
        <ele>32.600</ele>
        <time>2026-08-13T12:12:13Z</time>
        <speed>3.895000</speed>
      </trkpt>
      <trkpt lat="59.412964052" lon="27.536604730">
        <ele>33.000</ele>
        <time>2026-08-13T12:12:20Z</time>
        <speed>3.523000</speed>
      </trkpt>
      <trkpt lat="59.412858691" lon="27.536891308">
        <ele>33.400</ele>
        <time>2026-08-13T12:12:25Z</time>
        <speed>4.214000</speed>
      </trkpt>
      <trkpt lat="59.412819548" lon="27.537021646">
        <ele>33.600</ele>
        <time>2026-08-13T12:12:27Z</time>
        <speed>3.986000</speed>
      </trkpt>
      <trkpt lat="59.412715109" lon="27.537571164">
        <ele>34.400</ele>
        <time>2026-08-13T12:12:35Z</time>
        <speed>3.887000</speed>
      </trkpt>
      <trkpt lat="59.412707901" lon="27.537642242">
        <ele>34.600</ele>
        <time>2026-08-13T12:12:36Z</time>
        <speed>3.931000</speed>
      </trkpt>
      <trkpt lat="59.412646126" lon="27.538303491">
        <ele>34.600</ele>
        <time>2026-08-13T12:12:45Z</time>
        <speed>3.943000</speed>
      </trkpt>
      <trkpt lat="59.412613353" lon="27.538836915">
        <ele>35.000</ele>
        <time>2026-08-13T12:12:52Z</time>
        <speed>4.504000</speed>
      </trkpt>
      <trkpt lat="59.412575047" lon="27.539505456">
        <ele>34.600</ele>
        <time>2026-08-13T12:13:00Z</time>
        <speed>4.214000</speed>
      </trkpt>
      <trkpt lat="59.412527103" lon="27.540148264">
        <ele>35.000</ele>
        <time>2026-08-13T12:13:08Z</time>
        <speed>4.598000</speed>
      </trkpt>
      <trkpt lat="59.412515787" lon="27.540391255">
        <ele>35.600</ele>
        <time>2026-08-13T12:13:11Z</time>
        <speed>4.568000</speed>
      </trkpt>
      <trkpt lat="59.412491061" lon="27.540867096">
        <ele>35.600</ele>
        <time>2026-08-13T12:13:17Z</time>
        <speed>4.514000</speed>
      </trkpt>
      <trkpt lat="59.412479745" lon="27.541022412">
        <ele>35.800</ele>
        <time>2026-08-13T12:13:19Z</time>
        <speed>4.325000</speed>
      </trkpt>
      <trkpt lat="59.412454348" lon="27.541458858">
        <ele>36.600</ele>
        <time>2026-08-13T12:13:25Z</time>
        <speed>4.160000</speed>
      </trkpt>
      <trkpt lat="59.412451750" lon="27.541530859">
        <ele>36.800</ele>
        <time>2026-08-13T12:13:26Z</time>
        <speed>4.068000</speed>
      </trkpt>
      <trkpt lat="59.412428448" lon="27.541962443">
        <ele>37.200</ele>
        <time>2026-08-13T12:13:32Z</time>
        <speed>4.164000</speed>
      </trkpt>
      <trkpt lat="59.412408080" lon="27.542391932">
        <ele>37.800</ele>
        <time>2026-08-13T12:13:38Z</time>
        <speed>4.150000</speed>
      </trkpt>
      <trkpt lat="59.412397183" lon="27.542613382">
        <ele>38.400</ele>
        <time>2026-08-13T12:13:41Z</time>
        <speed>4.275000</speed>
      </trkpt>
      <trkpt lat="59.412363656" lon="27.543166419">
        <ele>38.600</ele>
        <time>2026-08-13T12:13:48Z</time>
        <speed>4.505000</speed>
      </trkpt>
      <trkpt lat="59.412336331" lon="27.543582413">
        <ele>38.400</ele>
        <time>2026-08-13T12:13:53Z</time>
        <speed>4.827000</speed>
      </trkpt>
      <trkpt lat="59.412314035" lon="27.543835714">
        <ele>38.000</ele>
        <time>2026-08-13T12:13:56Z</time>
        <speed>4.878000</speed>
      </trkpt>
      <trkpt lat="59.412225941" lon="27.544535100">
        <ele>37.600</ele>
        <time>2026-08-13T12:14:04Z</time>
        <speed>5.290000</speed>
      </trkpt>
      <trkpt lat="59.412074145" lon="27.545249490">
        <ele>37.000</ele>
        <time>2026-08-13T12:14:12Z</time>
        <speed>5.872000</speed>
      </trkpt>
      <trkpt lat="59.412011532" lon="27.545505892">
        <ele>37.200</ele>
        <time>2026-08-13T12:14:15Z</time>
        <speed>5.317000</speed>
      </trkpt>
      <trkpt lat="59.411947830" lon="27.545738574">
        <ele>37.600</ele>
        <time>2026-08-13T12:14:18Z</time>
        <speed>4.863000</speed>
      </trkpt>
      <trkpt lat="59.411907094" lon="27.545879222">
        <ele>37.600</ele>
        <time>2026-08-13T12:14:20Z</time>
        <speed>4.583000</speed>
      </trkpt>
      <trkpt lat="59.411799805" lon="27.546225311">
        <ele>37.600</ele>
        <time>2026-08-13T12:14:25Z</time>
        <speed>4.607000</speed>
      </trkpt>
      <trkpt lat="59.411723949" lon="27.546523456">
        <ele>37.800</ele>
        <time>2026-08-13T12:14:29Z</time>
        <speed>4.797000</speed>
      </trkpt>
      <trkpt lat="59.411675669" lon="27.546677263">
        <ele>37.800</ele>
        <time>2026-08-13T12:14:31Z</time>
        <speed>5.125000</speed>
      </trkpt>
      <trkpt lat="59.411459332" lon="27.547447225">
        <ele>37.600</ele>
        <time>2026-08-13T12:14:40Z</time>
        <speed>5.734000</speed>
      </trkpt>
      <trkpt lat="59.411240229" lon="27.548104618">
        <ele>37.200</ele>
        <time>2026-08-13T12:14:48Z</time>
        <speed>5.345000</speed>
      </trkpt>
      <trkpt lat="59.410987766" lon="27.548700152">
        <ele>37.400</ele>
        <time>2026-08-13T12:14:56Z</time>
        <speed>5.398000</speed>
      </trkpt>
      <trkpt lat="59.410756342" lon="27.549123857">
        <ele>37.200</ele>
        <time>2026-08-13T12:15:03Z</time>
        <speed>4.759000</speed>
      </trkpt>
      <trkpt lat="59.410722647" lon="27.549178256">
        <ele>37.200</ele>
        <time>2026-08-13T12:15:04Z</time>
        <speed>4.817000</speed>
      </trkpt>
      <trkpt lat="59.410437243" lon="27.549607828">
        <ele>37.600</ele>
        <time>2026-08-13T12:15:12Z</time>
        <speed>5.159000</speed>
      </trkpt>
      <trkpt lat="59.410169106" lon="27.549916785">
        <ele>37.200</ele>
        <time>2026-08-13T12:15:19Z</time>
        <speed>5.154000</speed>
      </trkpt>
      <trkpt lat="59.410127532" lon="27.549959617">
        <ele>37.200</ele>
        <time>2026-08-13T12:15:20Z</time>
        <speed>5.252000</speed>
      </trkpt>
      <trkpt lat="59.410007335" lon="27.550084507">
        <ele>36.800</ele>
        <time>2026-08-13T12:15:23Z</time>
        <speed>4.936000</speed>
      </trkpt>
      <trkpt lat="59.409835255" lon="27.550284415">
        <ele>37.400</ele>
        <time>2026-08-13T12:15:28Z</time>
        <speed>4.488000</speed>
      </trkpt>
      <trkpt lat="59.409554796" lon="27.550648022">
        <ele>37.600</ele>
        <time>2026-08-13T12:15:36Z</time>
        <speed>4.566000</speed>
      </trkpt>
      <trkpt lat="59.409456560" lon="27.550786408">
        <ele>37.200</ele>
        <time>2026-08-13T12:15:39Z</time>
        <speed>4.653000</speed>
      </trkpt>
      <trkpt lat="59.409246761" lon="27.551086312">
        <ele>37.400</ele>
        <time>2026-08-13T12:15:45Z</time>
        <speed>4.859000</speed>
      </trkpt>
      <trkpt lat="59.409176689" lon="27.551184548">
        <ele>37.400</ele>
        <time>2026-08-13T12:15:47Z</time>
        <speed>4.795000</speed>
      </trkpt>
      <trkpt lat="59.408999328" lon="27.551414715">
        <ele>37.400</ele>
        <time>2026-08-13T12:15:52Z</time>
        <speed>4.764000</speed>
      </trkpt>
      <trkpt lat="59.408866307" lon="27.551601045">
        <ele>37.600</ele>
        <time>2026-08-13T12:15:56Z</time>
        <speed>4.481000</speed>
      </trkpt>
      <trkpt lat="59.408805370" lon="27.551690480">
        <ele>37.600</ele>
        <time>2026-08-13T12:15:58Z</time>
        <speed>4.231000</speed>
      </trkpt>
      <trkpt lat="59.408531701" lon="27.552092560">
        <ele>37.400</ele>
        <time>2026-08-13T12:16:06Z</time>
        <speed>5.009000</speed>
      </trkpt>
      <trkpt lat="59.408248896" lon="27.552479971">
        <ele>37.400</ele>
        <time>2026-08-13T12:16:14Z</time>
        <speed>4.609000</speed>
      </trkpt>
      <trkpt lat="59.408078576" lon="27.552717933">
        <ele>37.400</ele>
        <time>2026-08-13T12:16:19Z</time>
        <speed>4.529000</speed>
      </trkpt>
      <trkpt lat="59.408013532" lon="27.552813319">
        <ele>37.200</ele>
        <time>2026-08-13T12:16:21Z</time>
        <speed>4.530000</speed>
      </trkpt>
      <trkpt lat="59.407793088" lon="27.553108530">
        <ele>37.600</ele>
        <time>2026-08-13T12:16:28Z</time>
        <speed>3.938000</speed>
      </trkpt>
      <trkpt lat="59.407594856" lon="27.553390581">
        <ele>37.400</ele>
        <time>2026-08-13T12:16:34Z</time>
        <speed>4.766000</speed>
      </trkpt>
      <trkpt lat="59.407354295" lon="27.553726863">
        <ele>37.800</ele>
        <time>2026-08-13T12:16:41Z</time>
        <speed>4.707000</speed>
      </trkpt>
      <trkpt lat="59.407222029" lon="27.553946888">
        <ele>38.000</ele>
        <time>2026-08-13T12:16:45Z</time>
        <speed>4.676000</speed>
      </trkpt>
      <trkpt lat="59.406946599" lon="27.554332707">
        <ele>38.000</ele>
        <time>2026-08-13T12:16:53Z</time>
        <speed>4.708000</speed>
      </trkpt>
      <trkpt lat="59.406613000" lon="27.554776445">
        <ele>38.600</ele>
        <time>2026-08-13T12:17:02Z</time>
        <speed>5.201000</speed>
      </trkpt>
      <trkpt lat="59.406293817" lon="27.555227643">
        <ele>38.400</ele>
        <time>2026-08-13T12:17:11Z</time>
        <speed>4.650000</speed>
      </trkpt>
      <trkpt lat="59.406030960" lon="27.555597536">
        <ele>38.400</ele>
        <time>2026-08-13T12:17:19Z</time>
        <speed>4.417000</speed>
      </trkpt>
      <trkpt lat="59.405850833" lon="27.555869697">
        <ele>38.200</ele>
        <time>2026-08-13T12:17:25Z</time>
        <speed>4.056000</speed>
      </trkpt>
      <trkpt lat="59.405658972" lon="27.556158872">
        <ele>38.200</ele>
        <time>2026-08-13T12:17:31Z</time>
        <speed>4.607000</speed>
      </trkpt>
      <trkpt lat="59.405428804" lon="27.556510158">
        <ele>38.000</ele>
        <time>2026-08-13T12:17:38Z</time>
        <speed>4.417000</speed>
      </trkpt>
      <trkpt lat="59.405278349" lon="27.556662541">
        <ele>38.200</ele>
        <time>2026-08-13T12:17:43Z</time>
        <speed>2.579000</speed>
      </trkpt>
    </trkseg>
    <trkseg>
      <trkpt lat="59.405240631" lon="27.556722304">
        <ele>38.600</ele>
        <time>2026-08-13T12:22:20Z</time>
        <speed>1.811000</speed>
      </trkpt>
      <trkpt lat="59.405137701" lon="27.556869490">
        <ele>38.600</ele>
        <time>2026-08-13T12:22:25Z</time>
        <speed>3.658000</speed>
      </trkpt>
      <trkpt lat="59.404936703" lon="27.557150451">
        <ele>37.600</ele>
        <time>2026-08-13T12:22:31Z</time>
        <speed>4.661000</speed>
      </trkpt>
      <trkpt lat="59.404703770" lon="27.557492768">
        <ele>37.800</ele>
        <time>2026-08-13T12:22:38Z</time>
        <speed>4.685000</speed>
      </trkpt>
      <trkpt lat="59.404669907" lon="27.557543814">
        <ele>37.600</ele>
        <time>2026-08-13T12:22:39Z</time>
        <speed>4.666000</speed>
      </trkpt>
      <trkpt lat="59.404530935" lon="27.557731066">
        <ele>38.000</ele>
        <time>2026-08-13T12:22:43Z</time>
        <speed>4.739000</speed>
      </trkpt>
      <trkpt lat="59.404428424" lon="27.557892837">
        <ele>38.000</ele>
        <time>2026-08-13T12:22:46Z</time>
        <speed>4.933000</speed>
      </trkpt>
      <trkpt lat="59.404137991" lon="27.558320314">
        <ele>38.000</ele>
        <time>2026-08-13T12:22:54Z</time>
        <speed>4.967000</speed>
      </trkpt>
      <trkpt lat="59.403856779" lon="27.558779893">
        <ele>38.600</ele>
        <time>2026-08-13T12:23:02Z</time>
        <speed>5.164000</speed>
      </trkpt>
      <trkpt lat="59.403697187" lon="27.559111565">
        <ele>38.600</ele>
        <time>2026-08-13T12:23:07Z</time>
        <speed>5.079000</speed>
      </trkpt>
      <trkpt lat="59.403635412" lon="27.559248190">
        <ele>38.800</ele>
        <time>2026-08-13T12:23:09Z</time>
        <speed>5.139000</speed>
      </trkpt>
      <trkpt lat="59.403604483" lon="27.559308959">
        <ele>39.000</ele>
        <time>2026-08-13T12:23:10Z</time>
        <speed>5.025000</speed>
      </trkpt>
      <trkpt lat="59.403391415" lon="27.559787817">
        <ele>39.200</ele>
        <time>2026-08-13T12:23:17Z</time>
        <speed>5.142000</speed>
      </trkpt>
      <trkpt lat="59.403144736" lon="27.560402378">
        <ele>39.800</ele>
        <time>2026-08-13T12:23:26Z</time>
        <speed>5.133000</speed>
      </trkpt>
      <trkpt lat="59.402956730" lon="27.560934797">
        <ele>39.400</ele>
        <time>2026-08-13T12:23:33Z</time>
        <speed>5.332000</speed>
      </trkpt>
      <trkpt lat="59.402819434" lon="27.561414409">
        <ele>39.400</ele>
        <time>2026-08-13T12:23:39Z</time>
        <speed>4.941000</speed>
      </trkpt>
      <trkpt lat="59.402661603" lon="27.561979014">
        <ele>39.400</ele>
        <time>2026-08-13T12:23:46Z</time>
        <speed>5.269000</speed>
      </trkpt>
      <trkpt lat="59.402504526" lon="27.562633138">
        <ele>39.800</ele>
        <time>2026-08-13T12:23:54Z</time>
        <speed>4.875000</speed>
      </trkpt>
      <trkpt lat="59.402486254" lon="27.562706312">
        <ele>40.000</ele>
        <time>2026-08-13T12:23:55Z</time>
        <speed>4.821000</speed>
      </trkpt>
      <trkpt lat="59.402376032" lon="27.563334284">
        <ele>40.800</ele>
        <time>2026-08-13T12:24:03Z</time>
        <speed>4.638000</speed>
      </trkpt>
      <trkpt lat="59.402300008" lon="27.563760923">
        <ele>41.000</ele>
        <time>2026-08-13T12:24:09Z</time>
        <speed>4.193000</speed>
      </trkpt>
      <trkpt lat="59.402288105" lon="27.563831918">
        <ele>41.000</ele>
        <time>2026-08-13T12:24:10Z</time>
        <speed>4.117000</speed>
      </trkpt>
      <trkpt lat="59.402191211" lon="27.564366516">
        <ele>41.800</ele>
        <time>2026-08-13T12:24:17Z</time>
        <speed>4.835000</speed>
      </trkpt>
      <trkpt lat="59.402076127" lon="27.565017957">
        <ele>41.600</ele>
        <time>2026-08-13T12:24:25Z</time>
        <speed>4.858000</speed>
      </trkpt>
      <trkpt lat="59.402044695" lon="27.565184506">
        <ele>41.000</ele>
        <time>2026-08-13T12:24:27Z</time>
        <speed>4.965000</speed>
      </trkpt>
      <trkpt lat="59.401997756" lon="27.565426910">
        <ele>41.000</ele>
        <time>2026-08-13T12:24:30Z</time>
        <speed>4.772000</speed>
      </trkpt>
      <trkpt lat="59.401981579" lon="27.565513244">
        <ele>41.000</ele>
        <time>2026-08-13T12:24:31Z</time>
        <speed>5.012000</speed>
      </trkpt>
      <trkpt lat="59.401921732" lon="27.565853465">
        <ele>41.000</ele>
        <time>2026-08-13T12:24:35Z</time>
        <speed>5.109000</speed>
      </trkpt>
      <trkpt lat="59.401856018" lon="27.566194441">
        <ele>40.800</ele>
        <time>2026-08-13T12:24:39Z</time>
        <speed>5.083000</speed>
      </trkpt>
      <trkpt lat="59.401823832" lon="27.566432320">
        <ele>40.800</ele>
        <time>2026-08-13T12:24:43Z</time>
        <speed>2.652000</speed>
      </trkpt>
      <trkpt lat="59.401765158" lon="27.566712778">
        <ele>40.600</ele>
        <time>2026-08-13T12:24:50Z</time>
        <speed>2.504000</speed>
      </trkpt>
      <trkpt lat="59.401787790" lon="27.567015197">
        <ele>41.000</ele>
        <time>2026-08-13T12:24:56Z</time>
        <speed>3.022000</speed>
      </trkpt>
      <trkpt lat="59.401913434" lon="27.567389868">
        <ele>40.800</ele>
        <time>2026-08-13T12:25:03Z</time>
        <speed>3.687000</speed>
      </trkpt>
      <trkpt lat="59.402023992" lon="27.567769317">
        <ele>40.400</ele>
        <time>2026-08-13T12:25:09Z</time>
        <speed>4.580000</speed>
      </trkpt>
      <trkpt lat="59.402206717" lon="27.568362169">
        <ele>40.200</ele>
        <time>2026-08-13T12:25:17Z</time>
        <speed>4.726000</speed>
      </trkpt>
      <trkpt lat="59.402232282" lon="27.568423776">
        <ele>40.200</ele>
        <time>2026-08-13T12:25:18Z</time>
        <speed>4.597000</speed>
      </trkpt>
      <trkpt lat="59.402370080" lon="27.568807164">
        <ele>40.400</ele>
        <time>2026-08-13T12:25:24Z</time>
        <speed>4.495000</speed>
      </trkpt>
      <trkpt lat="59.402543418" lon="27.569361208">
        <ele>40.000</ele>
        <time>2026-08-13T12:25:32Z</time>
        <speed>4.616000</speed>
      </trkpt>
      <trkpt lat="59.402705273" lon="27.569840318">
        <ele>39.400</ele>
        <time>2026-08-13T12:25:39Z</time>
        <speed>4.782000</speed>
      </trkpt>
      <trkpt lat="59.402894620" lon="27.570367707">
        <ele>39.400</ele>
        <time>2026-08-13T12:25:47Z</time>
        <speed>4.213000</speed>
      </trkpt>
      <trkpt lat="59.403046919" lon="27.570825610">
        <ele>39.400</ele>
        <time>2026-08-13T12:25:54Z</time>
        <speed>4.567000</speed>
      </trkpt>
      <trkpt lat="59.403234674" lon="27.571353922">
        <ele>39.000</ele>
        <time>2026-08-13T12:26:02Z</time>
        <speed>4.646000</speed>
      </trkpt>
      <trkpt lat="59.403409269" lon="27.571933614">
        <ele>38.800</ele>
        <time>2026-08-13T12:26:10Z</time>
        <speed>4.645000</speed>
      </trkpt>
      <trkpt lat="59.403574476" lon="27.572516408">
        <ele>38.200</ele>
        <time>2026-08-13T12:26:18Z</time>
        <speed>4.799000</speed>
      </trkpt>
      <trkpt lat="59.403597359" lon="27.572588408">
        <ele>38.400</ele>
        <time>2026-08-13T12:26:19Z</time>
        <speed>4.697000</speed>
      </trkpt>
      <trkpt lat="59.403688386" lon="27.572834669">
        <ele>38.600</ele>
        <time>2026-08-13T12:26:23Z</time>
        <speed>4.318000</speed>
      </trkpt>
      <trkpt lat="59.403741527" lon="27.573045893">
        <ele>38.200</ele>
        <time>2026-08-13T12:26:26Z</time>
        <speed>4.511000</speed>
      </trkpt>
      <trkpt lat="59.403805817" lon="27.573274300">
        <ele>38.200</ele>
        <time>2026-08-13T12:26:29Z</time>
        <speed>4.784000</speed>
      </trkpt>
      <trkpt lat="59.403842362" lon="27.573417462">
        <ele>37.800</ele>
        <time>2026-08-13T12:26:31Z</time>
        <speed>4.674000</speed>
      </trkpt>
      <trkpt lat="59.403881002" lon="27.573555261">
        <ele>37.600</ele>
        <time>2026-08-13T12:26:33Z</time>
        <speed>4.486000</speed>
      </trkpt>
      <trkpt lat="59.403933138" lon="27.573760534">
        <ele>37.800</ele>
        <time>2026-08-13T12:26:36Z</time>
        <speed>4.526000</speed>
      </trkpt>
      <trkpt lat="59.403949231" lon="27.573833624">
        <ele>37.800</ele>
        <time>2026-08-13T12:26:37Z</time>
        <speed>4.523000</speed>
      </trkpt>
      <trkpt lat="59.403969264" lon="27.573903864">
        <ele>37.600</ele>
        <time>2026-08-13T12:26:38Z</time>
        <speed>4.561000</speed>
      </trkpt>
      <trkpt lat="59.404086610" lon="27.574321618">
        <ele>37.600</ele>
        <time>2026-08-13T12:26:44Z</time>
        <speed>4.521000</speed>
      </trkpt>
      <trkpt lat="59.404161880" lon="27.574701654">
        <ele>37.400</ele>
        <time>2026-08-13T12:26:49Z</time>
        <speed>4.731000</speed>
      </trkpt>
      <trkpt lat="59.404192055" lon="27.574853869">
        <ele>37.000</ele>
        <time>2026-08-13T12:26:51Z</time>
        <speed>4.651000</speed>
      </trkpt>
      <trkpt lat="59.404219463" lon="27.575098872">
        <ele>36.800</ele>
        <time>2026-08-13T12:26:54Z</time>
        <speed>4.785000</speed>
      </trkpt>
      <trkpt lat="59.404256428" lon="27.575454935">
        <ele>36.000</ele>
        <time>2026-08-13T12:26:58Z</time>
        <speed>5.107000</speed>
      </trkpt>
      <trkpt lat="59.404280651" lon="27.575809993">
        <ele>36.200</ele>
        <time>2026-08-13T12:27:02Z</time>
        <speed>4.942000</speed>
      </trkpt>
      <trkpt lat="59.404286603" lon="27.576064048">
        <ele>36.000</ele>
        <time>2026-08-13T12:27:05Z</time>
        <speed>4.988000</speed>
      </trkpt>
      <trkpt lat="59.404284088" lon="27.576325228">
        <ele>35.600</ele>
        <time>2026-08-13T12:27:08Z</time>
        <speed>4.948000</speed>
      </trkpt>
      <trkpt lat="59.404264223" lon="27.576752203">
        <ele>35.600</ele>
        <time>2026-08-13T12:27:13Z</time>
        <speed>4.684000</speed>
      </trkpt>
      <trkpt lat="59.404217033" lon="27.577476315">
        <ele>35.600</ele>
        <time>2026-08-13T12:27:22Z</time>
        <speed>4.671000</speed>
      </trkpt>
      <trkpt lat="59.404171938" lon="27.578198835">
        <ele>35.800</ele>
        <time>2026-08-13T12:27:31Z</time>
        <speed>4.534000</speed>
      </trkpt>
      <trkpt lat="59.404142266" lon="27.578878691">
        <ele>35.000</ele>
        <time>2026-08-13T12:27:39Z</time>
        <speed>5.480000</speed>
      </trkpt>
      <trkpt lat="59.404133800" lon="27.579070805">
        <ele>34.600</ele>
        <time>2026-08-13T12:27:41Z</time>
        <speed>5.383000</speed>
      </trkpt>
      <trkpt lat="59.404109241" lon="27.579431813">
        <ele>33.600</ele>
        <time>2026-08-13T12:27:45Z</time>
        <speed>4.825000</speed>
      </trkpt>
      <trkpt lat="59.404102117" lon="27.579489984">
        <ele>33.000</ele>
        <time>2026-08-13T12:27:46Z</time>
        <speed>3.898000</speed>
      </trkpt>
      <trkpt lat="59.404083425" lon="27.579809166">
        <ele>32.600</ele>
        <time>2026-08-13T12:27:50Z</time>
        <speed>4.991000</speed>
      </trkpt>
      <trkpt lat="59.404071439" lon="27.580036065">
        <ele>31.000</ele>
        <time>2026-08-13T12:27:52Z</time>
        <speed>6.473000</speed>
      </trkpt>
      <trkpt lat="59.404064314" lon="27.580152908">
        <ele>29.800</ele>
        <time>2026-08-13T12:27:53Z</time>
        <speed>6.599000</speed>
      </trkpt>
      <trkpt lat="59.404048221" lon="27.580361534">
        <ele>28.800</ele>
        <time>2026-08-13T12:27:55Z</time>
        <speed>6.195000</speed>
      </trkpt>
      <trkpt lat="59.404023746" lon="27.580671078">
        <ele>28.600</ele>
        <time>2026-08-13T12:27:58Z</time>
        <speed>5.404000</speed>
      </trkpt>
      <trkpt lat="59.404023327" lon="27.581003336">
        <ele>28.400</ele>
        <time>2026-08-13T12:28:03Z</time>
        <speed>2.241000</speed>
      </trkpt>
      <trkpt lat="59.404058615" lon="27.581215315">
        <ele>28.200</ele>
        <time>2026-08-13T12:28:08Z</time>
        <speed>2.820000</speed>
      </trkpt>
    </trkseg>
    <trkseg>
      <trkpt lat="59.404110247" lon="27.581280190">
        <ele>28.400</ele>
        <time>2026-08-13T12:53:34Z</time>
        <speed>1.595000</speed>
      </trkpt>
      <trkpt lat="59.404099099" lon="27.581189247">
        <ele>28.400</ele>
        <time>2026-08-13T12:53:37Z</time>
        <speed>1.404000</speed>
      </trkpt>
      <trkpt lat="59.404087951" lon="27.581166029">
        <ele>28.600</ele>
        <time>2026-08-13T12:53:38Z</time>
        <speed>1.550000</speed>
      </trkpt>
      <trkpt lat="59.404054843" lon="27.581127724">
        <ele>29.200</ele>
        <time>2026-08-13T12:53:42Z</time>
        <speed>0.514000</speed>
      </trkpt>
      <trkpt lat="59.404050484" lon="27.581152450">
        <ele>29.600</ele>
        <time>2026-08-13T12:53:46Z</time>
        <speed>1.143000</speed>
      </trkpt>
      <trkpt lat="59.404046126" lon="27.581171561">
        <ele>29.600</ele>
        <time>2026-08-13T12:53:47Z</time>
        <speed>1.275000</speed>
      </trkpt>
      <trkpt lat="59.404027686" lon="27.581290416">
        <ele>29.400</ele>
        <time>2026-08-13T12:53:51Z</time>
        <speed>1.790000</speed>
      </trkpt>
      <trkpt lat="59.404009664" lon="27.581365854">
        <ele>29.400</ele>
        <time>2026-08-13T12:53:54Z</time>
        <speed>1.128000</speed>
      </trkpt>
      <trkpt lat="59.403960127" lon="27.581500215">
        <ele>28.800</ele>
        <time>2026-08-13T12:54:00Z</time>
        <speed>2.054000</speed>
      </trkpt>
      <trkpt lat="59.403942525" lon="27.581755947">
        <ele>29.200</ele>
        <time>2026-08-13T12:54:05Z</time>
        <speed>2.949000</speed>
      </trkpt>
      <trkpt lat="59.403922493" lon="27.582240505">
        <ele>29.000</ele>
        <time>2026-08-13T12:54:12Z</time>
        <speed>3.825000</speed>
      </trkpt>
      <trkpt lat="59.403859880" lon="27.582805194">
        <ele>28.200</ele>
        <time>2026-08-13T12:54:19Z</time>
        <speed>3.905000</speed>
      </trkpt>
      <trkpt lat="59.403829202" lon="27.583267456">
        <ele>28.800</ele>
        <time>2026-08-13T12:54:26Z</time>
        <speed>3.103000</speed>
      </trkpt>
      <trkpt lat="59.403828867" lon="27.583768358">
        <ele>28.400</ele>
        <time>2026-08-13T12:54:35Z</time>
        <speed>2.827000</speed>
      </trkpt>
      <trkpt lat="59.403867172" lon="27.584112771">
        <ele>28.400</ele>
        <time>2026-08-13T12:54:42Z</time>
        <speed>2.369000</speed>
      </trkpt>
      <trkpt lat="59.403904723" lon="27.584271440">
        <ele>27.600</ele>
        <time>2026-08-13T12:54:45Z</time>
        <speed>2.985000</speed>
      </trkpt>
      <trkpt lat="59.403939676" lon="27.584465062">
        <ele>27.200</ele>
        <time>2026-08-13T12:54:48Z</time>
        <speed>3.842000</speed>
      </trkpt>
      <trkpt lat="59.403975382" lon="27.584756920">
        <ele>26.400</ele>
        <time>2026-08-13T12:54:52Z</time>
        <speed>4.279000</speed>
      </trkpt>
      <trkpt lat="59.404006982" lon="27.584933778">
        <ele>25.800</ele>
        <time>2026-08-13T12:54:54Z</time>
        <speed>4.864000</speed>
      </trkpt>
      <trkpt lat="59.404063560" lon="27.585474579">
        <ele>25.200</ele>
        <time>2026-08-13T12:54:59Z</time>
        <speed>6.511000</speed>
      </trkpt>
      <trkpt lat="59.404124999" lon="27.586329617">
        <ele>25.000</ele>
        <time>2026-08-13T12:55:06Z</time>
        <speed>5.972000</speed>
      </trkpt>
      <trkpt lat="59.404151486" lon="27.586766230">
        <ele>26.400</ele>
        <time>2026-08-13T12:55:11Z</time>
        <speed>3.863000</speed>
      </trkpt>
      <trkpt lat="59.404174201" lon="27.587046353">
        <ele>27.600</ele>
        <time>2026-08-13T12:55:16Z</time>
        <speed>2.733000</speed>
      </trkpt>
      <trkpt lat="59.404179063" lon="27.587094130">
        <ele>27.800</ele>
        <time>2026-08-13T12:55:17Z</time>
        <speed>2.519000</speed>
      </trkpt>
      <trkpt lat="59.404210662" lon="27.587404428">
        <ele>28.000</ele>
        <time>2026-08-13T12:55:24Z</time>
        <speed>2.268000</speed>
      </trkpt>
      <trkpt lat="59.404215524" lon="27.587697376">
        <ele>28.400</ele>
        <time>2026-08-13T12:55:30Z</time>
        <speed>2.701000</speed>
      </trkpt>
      <trkpt lat="59.404236730" lon="27.587953694">
        <ele>28.400</ele>
        <time>2026-08-13T12:55:36Z</time>
        <speed>2.037000</speed>
      </trkpt>
      <trkpt lat="59.404240334" lon="27.588189561">
        <ele>28.400</ele>
        <time>2026-08-13T12:55:42Z</time>
        <speed>2.251000</speed>
      </trkpt>
      <trkpt lat="59.404286100" lon="27.588465828">
        <ele>28.200</ele>
        <time>2026-08-13T12:55:47Z</time>
        <speed>2.631000</speed>
      </trkpt>
      <trkpt lat="59.404322896" lon="27.588795405">
        <ele>28.000</ele>
        <time>2026-08-13T12:55:52Z</time>
        <speed>3.766000</speed>
      </trkpt>
      <trkpt lat="59.404400680" lon="27.589203939">
        <ele>27.800</ele>
        <time>2026-08-13T12:55:58Z</time>
        <speed>3.774000</speed>
      </trkpt>
      <trkpt lat="59.404486762" lon="27.589822020">
        <ele>28.000</ele>
        <time>2026-08-13T12:56:06Z</time>
        <speed>3.485000</speed>
      </trkpt>
      <trkpt lat="59.404550130" lon="27.590283696">
        <ele>28.200</ele>
        <time>2026-08-13T12:56:13Z</time>
        <speed>3.493000</speed>
      </trkpt>
      <trkpt lat="59.404640738" lon="27.590652835">
        <ele>28.600</ele>
        <time>2026-08-13T12:56:19Z</time>
        <speed>3.103000</speed>
      </trkpt>
      <trkpt lat="59.404655239" lon="27.590712262">
        <ele>28.600</ele>
        <time>2026-08-13T12:56:20Z</time>
        <speed>3.055000</speed>
      </trkpt>
      <trkpt lat="59.404734615" lon="27.591123311">
        <ele>28.600</ele>
        <time>2026-08-13T12:56:27Z</time>
        <speed>3.088000</speed>
      </trkpt>
      <trkpt lat="59.404818686" lon="27.591588255">
        <ele>29.000</ele>
        <time>2026-08-13T12:56:35Z</time>
        <speed>3.046000</speed>
      </trkpt>
      <trkpt lat="59.404914742" lon="27.592011122">
        <ele>28.600</ele>
        <time>2026-08-13T12:56:42Z</time>
        <speed>3.620000</speed>
      </trkpt>
      <trkpt lat="59.405013397" lon="27.592449328">
        <ele>28.200</ele>
        <time>2026-08-13T12:56:49Z</time>
        <speed>3.657000</speed>
      </trkpt>
      <trkpt lat="59.405079028" lon="27.592714196">
        <ele>27.600</ele>
        <time>2026-08-13T12:56:53Z</time>
        <speed>4.035000</speed>
      </trkpt>
      <trkpt lat="59.405120853" lon="27.592841685">
        <ele>27.400</ele>
        <time>2026-08-13T12:56:55Z</time>
        <speed>3.876000</speed>
      </trkpt>
      <trkpt lat="59.405199140" lon="27.593168244">
        <ele>28.000</ele>
        <time>2026-08-13T12:57:00Z</time>
        <speed>3.094000</speed>
      </trkpt>
      <trkpt lat="59.405276505" lon="27.593522714">
        <ele>28.600</ele>
        <time>2026-08-13T12:57:06Z</time>
        <speed>3.424000</speed>
      </trkpt>
      <trkpt lat="59.405292934" lon="27.593579628">
        <ele>28.600</ele>
        <time>2026-08-13T12:57:07Z</time>
        <speed>3.322000</speed>
      </trkpt>
      <trkpt lat="59.405422937" lon="27.594023114">
        <ele>28.600</ele>
        <time>2026-08-13T12:57:14Z</time>
        <speed>3.813000</speed>
      </trkpt>
      <trkpt lat="59.405565597" lon="27.594531812">
        <ele>29.600</ele>
        <time>2026-08-13T12:57:22Z</time>
        <speed>3.462000</speed>
      </trkpt>
      <trkpt lat="59.405630976" lon="27.594808834">
        <ele>30.800</ele>
        <time>2026-08-13T12:57:27Z</time>
        <speed>3.172000</speed>
      </trkpt>
      <trkpt lat="59.405671041" lon="27.594963145">
        <ele>30.600</ele>
        <time>2026-08-13T12:57:30Z</time>
        <speed>2.931000</speed>
      </trkpt>
      <trkpt lat="59.405734241" lon="27.595320130">
        <ele>31.000</ele>
        <time>2026-08-13T12:57:37Z</time>
        <speed>2.753000</speed>
      </trkpt>
      <trkpt lat="59.405792244" lon="27.595719192">
        <ele>31.600</ele>
        <time>2026-08-13T12:57:45Z</time>
        <speed>3.040000</speed>
      </trkpt>
      <trkpt lat="59.405800793" lon="27.595772753">
        <ele>31.800</ele>
        <time>2026-08-13T12:57:46Z</time>
        <speed>3.097000</speed>
      </trkpt>
      <trkpt lat="59.405848570" lon="27.596103167">
        <ele>32.200</ele>
        <time>2026-08-13T12:57:52Z</time>
        <speed>3.281000</speed>
      </trkpt>
      <trkpt lat="59.405913027" lon="27.596534919">
        <ele>32.200</ele>
        <time>2026-08-13T12:58:00Z</time>
        <speed>3.232000</speed>
      </trkpt>
      <trkpt lat="59.405949237" lon="27.596918559">
        <ele>33.000</ele>
        <time>2026-08-13T12:58:07Z</time>
        <speed>2.937000</speed>
      </trkpt>
      <trkpt lat="59.405979747" lon="27.597214440">
        <ele>34.000</ele>
        <time>2026-08-13T12:58:13Z</time>
        <speed>2.735000</speed>
      </trkpt>
      <trkpt lat="59.405985782" lon="27.597266240">
        <ele>34.000</ele>
        <time>2026-08-13T12:58:14Z</time>
        <speed>2.808000</speed>
      </trkpt>
      <trkpt lat="59.406004138" lon="27.597558517">
        <ele>34.800</ele>
        <time>2026-08-13T12:58:20Z</time>
        <speed>2.737000</speed>
      </trkpt>
      <trkpt lat="59.406008078" lon="27.597657088">
        <ele>35.000</ele>
        <time>2026-08-13T12:58:22Z</time>
        <speed>2.692000</speed>
      </trkpt>
      <trkpt lat="59.406017968" lon="27.598008877">
        <ele>35.600</ele>
        <time>2026-08-13T12:58:29Z</time>
        <speed>2.816000</speed>
      </trkpt>
      <trkpt lat="59.406027608" lon="27.598155979">
        <ele>36.000</ele>
        <time>2026-08-13T12:58:32Z</time>
        <speed>2.766000</speed>
      </trkpt>
      <trkpt lat="59.406040683" lon="27.598348595">
        <ele>36.200</ele>
        <time>2026-08-13T12:58:36Z</time>
        <speed>2.645000</speed>
      </trkpt>
      <trkpt lat="59.406057699" lon="27.598767271">
        <ele>36.800</ele>
        <time>2026-08-13T12:58:45Z</time>
        <speed>2.561000</speed>
      </trkpt>
      <trkpt lat="59.406062895" lon="27.598855952">
        <ele>37.200</ele>
        <time>2026-08-13T12:58:47Z</time>
        <speed>2.397000</speed>
      </trkpt>
      <trkpt lat="59.406084018" lon="27.599057117">
        <ele>38.000</ele>
        <time>2026-08-13T12:58:52Z</time>
        <speed>2.339000</speed>
      </trkpt>
      <trkpt lat="59.406108744" lon="27.599441260">
        <ele>38.200</ele>
        <time>2026-08-13T12:59:00Z</time>
        <speed>3.173000</speed>
      </trkpt>
      <trkpt lat="59.406111678" lon="27.599493144">
        <ele>38.200</ele>
        <time>2026-08-13T12:59:01Z</time>
        <speed>3.190000</speed>
      </trkpt>
      <trkpt lat="59.406158533" lon="27.599924477">
        <ele>39.200</ele>
        <time>2026-08-13T12:59:09Z</time>
        <speed>3.248000</speed>
      </trkpt>
      <trkpt lat="59.406212261" lon="27.600456811">
        <ele>38.800</ele>
        <time>2026-08-13T12:59:18Z</time>
        <speed>3.639000</speed>
      </trkpt>
      <trkpt lat="59.406266073" lon="27.600905662">
        <ele>38.800</ele>
        <time>2026-08-13T12:59:25Z</time>
        <speed>3.748000</speed>
      </trkpt>
      <trkpt lat="59.406325920" lon="27.601491474">
        <ele>39.000</ele>
        <time>2026-08-13T12:59:34Z</time>
        <speed>3.774000</speed>
      </trkpt>
      <trkpt lat="59.406396160" lon="27.602164708">
        <ele>39.000</ele>
        <time>2026-08-13T12:59:44Z</time>
        <speed>3.824000</speed>
      </trkpt>
      <trkpt lat="59.406471597" lon="27.602704838">
        <ele>39.200</ele>
        <time>2026-08-13T12:59:52Z</time>
        <speed>4.247000</speed>
      </trkpt>
      <trkpt lat="59.406562876" lon="27.603265001">
        <ele>38.800</ele>
        <time>2026-08-13T13:00:00Z</time>
        <speed>4.058000</speed>
      </trkpt>
      <trkpt lat="59.406637307" lon="27.603666326">
        <ele>38.600</ele>
        <time>2026-08-13T13:00:06Z</time>
        <speed>4.014000</speed>
      </trkpt>
      <trkpt lat="59.406740405" lon="27.604157925">
        <ele>38.400</ele>
        <time>2026-08-13T13:00:13Z</time>
        <speed>4.368000</speed>
      </trkpt>
      <trkpt lat="59.406776614" lon="27.604295975">
        <ele>38.200</ele>
        <time>2026-08-13T13:00:15Z</time>
        <speed>4.425000</speed>
      </trkpt>
      <trkpt lat="59.406869905" lon="27.604650361">
        <ele>38.400</ele>
        <time>2026-08-13T13:00:20Z</time>
        <speed>4.582000</speed>
      </trkpt>
      <trkpt lat="59.407025641" lon="27.605203483">
        <ele>38.400</ele>
        <time>2026-08-13T13:00:28Z</time>
        <speed>4.551000</speed>
      </trkpt>
      <trkpt lat="59.407231919" lon="27.605804633">
        <ele>38.600</ele>
        <time>2026-08-13T13:00:37Z</time>
        <speed>4.475000</speed>
      </trkpt>
      <trkpt lat="59.407408610" lon="27.606303273">
        <ele>38.600</ele>
        <time>2026-08-13T13:00:45Z</time>
        <speed>4.390000</speed>
      </trkpt>
      <trkpt lat="59.407568369" lon="27.606818173">
        <ele>38.600</ele>
        <time>2026-08-13T13:00:53Z</time>
        <speed>4.138000</speed>
      </trkpt>
      <trkpt lat="59.407719914" lon="27.607415970">
        <ele>39.000</ele>
        <time>2026-08-13T13:01:02Z</time>
        <speed>4.133000</speed>
      </trkpt>
      <trkpt lat="59.407832148" lon="27.607983761">
        <ele>39.200</ele>
        <time>2026-08-13T13:01:10Z</time>
        <speed>4.546000</speed>
      </trkpt>
      <trkpt lat="59.407918314" lon="27.608532524">
        <ele>39.000</ele>
        <time>2026-08-13T13:01:17Z</time>
        <speed>4.598000</speed>
      </trkpt>
      <trkpt lat="59.407936083" lon="27.608761014">
        <ele>39.400</ele>
        <time>2026-08-13T13:01:20Z</time>
        <speed>4.087000</speed>
      </trkpt>
      <trkpt lat="59.407938011" lon="27.608974250">
        <ele>39.200</ele>
        <time>2026-08-13T13:01:23Z</time>
        <speed>4.042000</speed>
      </trkpt>
      <trkpt lat="59.407950500" lon="27.609521924">
        <ele>39.200</ele>
        <time>2026-08-13T13:01:30Z</time>
        <speed>4.898000</speed>
      </trkpt>
      <trkpt lat="59.407931222" lon="27.610137491">
        <ele>39.400</ele>
        <time>2026-08-13T13:01:38Z</time>
        <speed>4.286000</speed>
      </trkpt>
      <trkpt lat="59.407892833" lon="27.610649960">
        <ele>39.800</ele>
        <time>2026-08-13T13:01:45Z</time>
        <speed>4.170000</speed>
      </trkpt>
      <trkpt lat="59.407829046" lon="27.611365272">
        <ele>40.200</ele>
        <time>2026-08-13T13:01:55Z</time>
        <speed>4.208000</speed>
      </trkpt>
      <trkpt lat="59.407774312" lon="27.611940773">
        <ele>40.000</ele>
        <time>2026-08-13T13:02:03Z</time>
        <speed>4.279000</speed>
      </trkpt>
      <trkpt lat="59.407736678" lon="27.612624234">
        <ele>39.800</ele>
        <time>2026-08-13T13:02:12Z</time>
        <speed>4.375000</speed>
      </trkpt>
      <trkpt lat="59.407735253" lon="27.613265701">
        <ele>39.800</ele>
        <time>2026-08-13T13:02:20Z</time>
        <speed>4.667000</speed>
      </trkpt>
      <trkpt lat="59.407757046" lon="27.613682868">
        <ele>39.800</ele>
        <time>2026-08-13T13:02:25Z</time>
        <speed>4.597000</speed>
      </trkpt>
      <trkpt lat="59.407777665" lon="27.613903899">
        <ele>39.800</ele>
        <time>2026-08-13T13:02:28Z</time>
        <speed>4.132000</speed>
      </trkpt>
      <trkpt lat="59.407869447" lon="27.614378901">
        <ele>39.400</ele>
        <time>2026-08-13T13:02:35Z</time>
        <speed>4.254000</speed>
      </trkpt>
      <trkpt lat="59.407954859" lon="27.614844097">
        <ele>40.400</ele>
        <time>2026-08-13T13:02:42Z</time>
        <speed>3.965000</speed>
      </trkpt>
      <trkpt lat="59.407894760" lon="27.615026822">
        <ele>40.200</ele>
        <time>2026-08-13T13:02:45Z</time>
        <speed>4.079000</speed>
      </trkpt>
      <trkpt lat="59.407855533" lon="27.615051130">
        <ele>40.000</ele>
        <time>2026-08-13T13:02:46Z</time>
        <speed>4.294000</speed>
      </trkpt>
      <trkpt lat="59.407773474" lon="27.615097398">
        <ele>39.600</ele>
        <time>2026-08-13T13:02:48Z</time>
        <speed>4.550000</speed>
      </trkpt>
      <trkpt lat="59.407733157" lon="27.615118269">
        <ele>39.600</ele>
        <time>2026-08-13T13:02:49Z</time>
        <speed>4.585000</speed>
      </trkpt>
      <trkpt lat="59.407575410" lon="27.615196891">
        <ele>39.400</ele>
        <time>2026-08-13T13:02:53Z</time>
        <speed>4.607000</speed>
      </trkpt>
      <trkpt lat="59.407531656" lon="27.615208793">
        <ele>39.200</ele>
        <time>2026-08-13T13:02:54Z</time>
        <speed>4.875000</speed>
      </trkpt>
      <trkpt lat="59.407444652" lon="27.615227820">
        <ele>39.000</ele>
        <time>2026-08-13T13:02:56Z</time>
        <speed>4.821000</speed>
      </trkpt>
      <trkpt lat="59.407400982" lon="27.615229413">
        <ele>38.800</ele>
        <time>2026-08-13T13:02:57Z</time>
        <speed>4.849000</speed>
      </trkpt>
      <trkpt lat="59.407108873" lon="27.615271155">
        <ele>38.800</ele>
        <time>2026-08-13T13:03:04Z</time>
        <speed>4.602000</speed>
      </trkpt>
      <trkpt lat="59.406886082" lon="27.615311807">
        <ele>39.200</ele>
        <time>2026-08-13T13:03:10Z</time>
        <speed>4.161000</speed>
      </trkpt>
      <trkpt lat="59.406651305" lon="27.615328236">
        <ele>39.200</ele>
        <time>2026-08-13T13:03:16Z</time>
        <speed>4.749000</speed>
      </trkpt>
      <trkpt lat="59.406606965" lon="27.615343407">
        <ele>39.200</ele>
        <time>2026-08-13T13:03:17Z</time>
        <speed>5.047000</speed>
      </trkpt>
      <trkpt lat="59.406334888" lon="27.615416413">
        <ele>39.000</ele>
        <time>2026-08-13T13:03:23Z</time>
        <speed>4.907000</speed>
      </trkpt>
      <trkpt lat="59.406097177" lon="27.615484810">
        <ele>39.400</ele>
        <time>2026-08-13T13:03:29Z</time>
        <speed>3.704000</speed>
      </trkpt>
      <trkpt lat="59.405955104" lon="27.615526887">
        <ele>39.800</ele>
        <time>2026-08-13T13:03:35Z</time>
        <speed>2.579000</speed>
      </trkpt>
      <trkpt lat="59.405882433" lon="27.615529988">
        <ele>40.400</ele>
        <time>2026-08-13T13:03:38Z</time>
        <speed>2.687000</speed>
      </trkpt>
      <trkpt lat="59.405812193" lon="27.615552703">
        <ele>40.600</ele>
        <time>2026-08-13T13:03:41Z</time>
        <speed>2.576000</speed>
      </trkpt>
      <trkpt lat="59.405719656" lon="27.615537448">
        <ele>41.000</ele>
        <time>2026-08-13T13:03:47Z</time>
        <speed>0.640000</speed>
      </trkpt>
    </trkseg>
    <trkseg>
      <trkpt lat="59.405658804" lon="27.615565024">
        <ele>41.400</ele>
        <time>2026-08-13T13:04:17Z</time>
        <speed>2.069000</speed>
      </trkpt>
      <trkpt lat="59.405639777" lon="27.615565108">
        <ele>41.200</ele>
        <time>2026-08-13T13:04:18Z</time>
        <speed>2.106000</speed>
      </trkpt>
      <trkpt lat="59.405600885" lon="27.615578352">
        <ele>41.200</ele>
        <time>2026-08-13T13:04:20Z</time>
        <speed>2.183000</speed>
      </trkpt>
      <trkpt lat="59.405544056" lon="27.615619591">
        <ele>41.200</ele>
        <time>2026-08-13T13:04:23Z</time>
        <speed>2.464000</speed>
      </trkpt>
      <trkpt lat="59.405496530" lon="27.615609951">
        <ele>41.200</ele>
        <time>2026-08-13T13:04:25Z</time>
        <speed>2.571000</speed>
      </trkpt>
      <trkpt lat="59.405355295" lon="27.615624201">
        <ele>40.800</ele>
        <time>2026-08-13T13:04:30Z</time>
        <speed>3.685000</speed>
      </trkpt>
      <trkpt lat="59.405118087" lon="27.615684383">
        <ele>40.200</ele>
        <time>2026-08-13T13:04:36Z</time>
        <speed>4.530000</speed>
      </trkpt>
      <trkpt lat="59.404830588" lon="27.615739619">
        <ele>40.400</ele>
        <time>2026-08-13T13:04:43Z</time>
        <speed>4.659000</speed>
      </trkpt>
      <trkpt lat="59.404668063" lon="27.615783121">
        <ele>40.600</ele>
        <time>2026-08-13T13:04:47Z</time>
        <speed>4.535000</speed>
      </trkpt>
      <trkpt lat="59.404548286" lon="27.615797790">
        <ele>40.800</ele>
        <time>2026-08-13T13:04:50Z</time>
        <speed>4.475000</speed>
      </trkpt>
      <trkpt lat="59.404157270" lon="27.615820589">
        <ele>40.600</ele>
        <time>2026-08-13T13:05:00Z</time>
        <speed>4.328000</speed>
      </trkpt>
      <trkpt lat="59.403805481" lon="27.615729142">
        <ele>41.200</ele>
        <time>2026-08-13T13:05:09Z</time>
        <speed>4.531000</speed>
      </trkpt>
      <trkpt lat="59.403548911" lon="27.615665607">
        <ele>41.000</ele>
        <time>2026-08-13T13:05:15Z</time>
        <speed>4.730000</speed>
      </trkpt>
      <trkpt lat="59.403259149" lon="27.615608945">
        <ele>41.000</ele>
        <time>2026-08-13T13:05:22Z</time>
        <speed>4.519000</speed>
      </trkpt>
      <trkpt lat="59.403218077" lon="27.615604503">
        <ele>41.000</ele>
        <time>2026-08-13T13:05:23Z</time>
        <speed>4.452000</speed>
      </trkpt>
      <trkpt lat="59.402841562" lon="27.615578435">
        <ele>40.200</ele>
        <time>2026-08-13T13:05:32Z</time>
        <speed>4.755000</speed>
      </trkpt>
      <trkpt lat="59.402504107" lon="27.615556307">
        <ele>39.200</ele>
        <time>2026-08-13T13:05:39Z</time>
        <speed>5.100000</speed>
      </trkpt>
      <trkpt lat="59.402227588" lon="27.615554715">
        <ele>39.200</ele>
        <time>2026-08-13T13:05:45Z</time>
        <speed>4.736000</speed>
      </trkpt>
      <trkpt lat="59.401837243" lon="27.615531078">
        <ele>39.600</ele>
        <time>2026-08-13T13:05:54Z</time>
        <speed>4.735000</speed>
      </trkpt>
      <trkpt lat="59.401796171" lon="27.615546500">
        <ele>39.600</ele>
        <time>2026-08-13T13:05:55Z</time>
        <speed>4.527000</speed>
      </trkpt>
      <trkpt lat="59.401608836" lon="27.615588158">
        <ele>39.800</ele>
        <time>2026-08-13T13:05:59Z</time>
        <speed>5.229000</speed>
      </trkpt>
      <trkpt lat="59.401305327" lon="27.615735764">
        <ele>39.800</ele>
        <time>2026-08-13T13:06:06Z</time>
        <speed>4.708000</speed>
      </trkpt>
      <trkpt lat="59.401156465" lon="27.615807764">
        <ele>39.800</ele>
        <time>2026-08-13T13:06:09Z</time>
        <speed>5.121000</speed>
      </trkpt>
      <trkpt lat="59.401018918" lon="27.615899462">
        <ele>39.600</ele>
        <time>2026-08-13T13:06:12Z</time>
        <speed>5.057000</speed>
      </trkpt>
      <trkpt lat="59.400688754" lon="27.616164666">
        <ele>39.600</ele>
        <time>2026-08-13T13:06:19Z</time>
        <speed>5.587000</speed>
      </trkpt>
      <trkpt lat="59.400399495" lon="27.616344122">
        <ele>39.400</ele>
        <time>2026-08-13T13:06:25Z</time>
        <speed>5.586000</speed>
      </trkpt>
      <trkpt lat="59.400018286" lon="27.616524836">
        <ele>39.400</ele>
        <time>2026-08-13T13:06:33Z</time>
        <speed>5.186000</speed>
      </trkpt>
      <trkpt lat="59.399707317" lon="27.616629694">
        <ele>39.600</ele>
        <time>2026-08-13T13:06:40Z</time>
        <speed>4.738000</speed>
      </trkpt>
      <trkpt lat="59.399540601" lon="27.616684344">
        <ele>39.800</ele>
        <time>2026-08-13T13:06:44Z</time>
        <speed>4.678000</speed>
      </trkpt>
      <trkpt lat="59.399495423" lon="27.616690630">
        <ele>39.800</ele>
        <time>2026-08-13T13:06:45Z</time>
        <speed>4.834000</speed>
      </trkpt>
      <trkpt lat="59.399355697" lon="27.616711920">
        <ele>39.400</ele>
        <time>2026-08-13T13:06:48Z</time>
        <speed>5.143000</speed>
      </trkpt>
      <trkpt lat="59.399215551" lon="27.616748633">
        <ele>39.400</ele>
        <time>2026-08-13T13:06:51Z</time>
        <speed>5.159000</speed>
      </trkpt>
      <trkpt lat="59.399168696" lon="27.616754081">
        <ele>39.200</ele>
        <time>2026-08-13T13:06:52Z</time>
        <speed>5.087000</speed>
      </trkpt>
      <trkpt lat="59.398910115" lon="27.616809737">
        <ele>40.000</ele>
        <time>2026-08-13T13:06:58Z</time>
        <speed>4.673000</speed>
      </trkpt>
      <trkpt lat="59.398866948" lon="27.616806719">
        <ele>39.800</ele>
        <time>2026-08-13T13:06:59Z</time>
        <speed>4.742000</speed>
      </trkpt>
      <trkpt lat="59.398634015" lon="27.616828848">
        <ele>40.200</ele>
        <time>2026-08-13T13:07:05Z</time>
        <speed>4.065000</speed>
      </trkpt>
      <trkpt lat="59.398386665" lon="27.616869500">
        <ele>40.200</ele>
        <time>2026-08-13T13:07:13Z</time>
        <speed>2.868000</speed>
      </trkpt>
      <trkpt lat="59.398191199" lon="27.616876205">
        <ele>40.400</ele>
        <time>2026-08-13T13:07:21Z</time>
        <speed>2.652000</speed>
      </trkpt>
      <trkpt lat="59.398118276" lon="27.616917947">
        <ele>40.400</ele>
        <time>2026-08-13T13:07:25Z</time>
        <speed>1.639000</speed>
      </trkpt>
      <trkpt lat="59.398115426" lon="27.616950134">
        <ele>40.400</ele>
        <time>2026-08-13T13:07:26Z</time>
        <speed>1.432000</speed>
      </trkpt>
      <trkpt lat="59.398158090" lon="27.616961030">
        <ele>39.200</ele>
        <time>2026-08-13T13:07:29Z</time>
        <speed>2.073000</speed>
      </trkpt>
      <trkpt lat="59.398179213" lon="27.616954241">
        <ele>39.000</ele>
        <time>2026-08-13T13:07:30Z</time>
        <speed>2.337000</speed>
      </trkpt>
      <trkpt lat="59.398302846" lon="27.616939321">
        <ele>39.600</ele>
        <time>2026-08-13T13:07:35Z</time>
        <speed>2.992000</speed>
      </trkpt>
      <trkpt lat="59.398445841" lon="27.616909649">
        <ele>39.400</ele>
        <time>2026-08-13T13:07:40Z</time>
        <speed>3.284000</speed>
      </trkpt>
      <trkpt lat="59.398657316" lon="27.616868913">
        <ele>39.600</ele>
        <time>2026-08-13T13:07:48Z</time>
        <speed>3.177000</speed>
      </trkpt>
      <trkpt lat="59.398852028" lon="27.616845611">
        <ele>39.000</ele>
        <time>2026-08-13T13:07:54Z</time>
        <speed>3.657000</speed>
      </trkpt>
      <trkpt lat="59.399026623" lon="27.616782160">
        <ele>39.200</ele>
        <time>2026-08-13T13:08:00Z</time>
        <speed>3.006000</speed>
      </trkpt>
      <trkpt lat="59.399106503" lon="27.616820298">
        <ele>40.000</ele>
        <time>2026-08-13T13:08:03Z</time>
        <speed>3.075000</speed>
      </trkpt>
      <trkpt lat="59.399121087" lon="27.616870254">
        <ele>40.000</ele>
        <time>2026-08-13T13:08:04Z</time>
        <speed>3.077000</speed>
      </trkpt>
      <trkpt lat="59.399137851" lon="27.617109809">
        <ele>39.800</ele>
        <time>2026-08-13T13:08:08Z</time>
        <speed>3.526000</speed>
      </trkpt>
      <trkpt lat="59.399162158" lon="27.617470818">
        <ele>39.000</ele>
        <time>2026-08-13T13:08:13Z</time>
        <speed>4.127000</speed>
      </trkpt>
      <trkpt lat="59.399165427" lon="27.617537789">
        <ele>39.000</ele>
        <time>2026-08-13T13:08:14Z</time>
        <speed>3.997000</speed>
      </trkpt>
      <trkpt lat="59.399191411" lon="27.618072806">
        <ele>39.000</ele>
        <time>2026-08-13T13:08:22Z</time>
        <speed>3.762000</speed>
      </trkpt>
      <trkpt lat="59.399220413" lon="27.618592065">
        <ele>38.800</ele>
        <time>2026-08-13T13:08:30Z</time>
        <speed>4.005000</speed>
      </trkpt>
      <trkpt lat="59.399265004" lon="27.619233616">
        <ele>38.800</ele>
        <time>2026-08-13T13:08:39Z</time>
        <speed>4.106000</speed>
      </trkpt>
      <trkpt lat="59.399303226" lon="27.619916992">
        <ele>38.800</ele>
        <time>2026-08-13T13:08:48Z</time>
        <speed>4.281000</speed>
      </trkpt>
      <trkpt lat="59.399358379" lon="27.620837996">
        <ele>39.000</ele>
        <time>2026-08-13T13:09:00Z</time>
        <speed>4.434000</speed>
      </trkpt>
      <trkpt lat="59.399405988" lon="27.621617764">
        <ele>38.200</ele>
        <time>2026-08-13T13:09:10Z</time>
        <speed>4.428000</speed>
      </trkpt>
      <trkpt lat="59.399417136" lon="27.621863941">
        <ele>37.800</ele>
        <time>2026-08-13T13:09:13Z</time>
        <speed>4.558000</speed>
      </trkpt>
      <trkpt lat="59.399448903" lon="27.622429049">
        <ele>38.200</ele>
        <time>2026-08-13T13:09:20Z</time>
        <speed>4.737000</speed>
      </trkpt>
      <trkpt lat="59.399498776" lon="27.623135727">
        <ele>37.800</ele>
        <time>2026-08-13T13:09:29Z</time>
        <speed>4.527000</speed>
      </trkpt>
      <trkpt lat="59.399535656" lon="27.623813320">
        <ele>38.000</ele>
        <time>2026-08-13T13:09:38Z</time>
        <speed>3.770000</speed>
      </trkpt>
      <trkpt lat="59.399564993" lon="27.624252029">
        <ele>37.600</ele>
        <time>2026-08-13T13:09:45Z</time>
        <speed>3.701000</speed>
      </trkpt>
      <trkpt lat="59.399604555" lon="27.624875559">
        <ele>37.200</ele>
        <time>2026-08-13T13:09:54Z</time>
        <speed>3.789000</speed>
      </trkpt>
      <trkpt lat="59.399626935" lon="27.625292977">
        <ele>37.600</ele>
        <time>2026-08-13T13:10:01Z</time>
        <speed>3.203000</speed>
      </trkpt>
      <trkpt lat="59.399670437" lon="27.625824977">
        <ele>37.600</ele>
        <time>2026-08-13T13:10:10Z</time>
        <speed>3.573000</speed>
      </trkpt>
      <trkpt lat="59.399678316" lon="27.626150446">
        <ele>37.600</ele>
        <time>2026-08-13T13:10:16Z</time>
        <speed>3.013000</speed>
      </trkpt>
      <trkpt lat="59.399713101" lon="27.626619916">
        <ele>37.400</ele>
        <time>2026-08-13T13:10:24Z</time>
        <speed>3.270000</speed>
      </trkpt>
      <trkpt lat="59.399747131" lon="27.627108833">
        <ele>37.400</ele>
        <time>2026-08-13T13:10:33Z</time>
        <speed>3.515000</speed>
      </trkpt>
      <trkpt lat="59.399768254" lon="27.627511751">
        <ele>37.400</ele>
        <time>2026-08-13T13:10:40Z</time>
        <speed>3.506000</speed>
      </trkpt>
      <trkpt lat="59.399807565" lon="27.628192529">
        <ele>37.400</ele>
        <time>2026-08-13T13:10:50Z</time>
        <speed>3.904000</speed>
      </trkpt>
      <trkpt lat="59.399836566" lon="27.628679853">
        <ele>37.200</ele>
        <time>2026-08-13T13:10:58Z</time>
        <speed>3.533000</speed>
      </trkpt>
      <trkpt lat="59.399859365" lon="27.628978500">
        <ele>36.800</ele>
        <time>2026-08-13T13:11:03Z</time>
        <speed>3.212000</speed>
      </trkpt>
      <trkpt lat="59.399868753" lon="27.629151251">
        <ele>37.000</ele>
        <time>2026-08-13T13:11:06Z</time>
        <speed>3.334000</speed>
      </trkpt>
      <trkpt lat="59.399897251" lon="27.629577303">
        <ele>37.200</ele>
        <time>2026-08-13T13:11:14Z</time>
        <speed>3.078000</speed>
      </trkpt>
      <trkpt lat="59.399923738" lon="27.630159426">
        <ele>37.200</ele>
        <time>2026-08-13T13:11:24Z</time>
        <speed>3.464000</speed>
      </trkpt>
      <trkpt lat="59.399954919" lon="27.630763594">
        <ele>37.200</ele>
        <time>2026-08-13T13:11:34Z</time>
        <speed>3.415000</speed>
      </trkpt>
      <trkpt lat="59.399986183" lon="27.631225605">
        <ele>37.200</ele>
        <time>2026-08-13T13:11:42Z</time>
        <speed>3.008000</speed>
      </trkpt>
    </trkseg>
    <trkseg>
      <trkpt lat="59.399993811" lon="27.631392404">
        <ele>37.400</ele>
        <time>2026-08-13T13:12:42Z</time>
        <speed>1.867000</speed>
      </trkpt>
      <trkpt lat="59.399998169" lon="27.631506566">
        <ele>37.600</ele>
        <time>2026-08-13T13:12:45Z</time>
        <speed>2.259000</speed>
      </trkpt>
      <trkpt lat="59.400018537" lon="27.631886099">
        <ele>37.600</ele>
        <time>2026-08-13T13:12:53Z</time>
        <speed>3.010000</speed>
      </trkpt>
      <trkpt lat="59.400060279" lon="27.632582467">
        <ele>37.400</ele>
        <time>2026-08-13T13:13:05Z</time>
        <speed>3.502000</speed>
      </trkpt>
      <trkpt lat="59.400094897" lon="27.633142546">
        <ele>37.400</ele>
        <time>2026-08-13T13:13:14Z</time>
        <speed>3.365000</speed>
      </trkpt>
      <trkpt lat="59.400119372" lon="27.633590056">
        <ele>37.200</ele>
        <time>2026-08-13T13:13:21Z</time>
        <speed>3.661000</speed>
      </trkpt>
      <trkpt lat="59.400156923" lon="27.634216184">
        <ele>37.800</ele>
        <time>2026-08-13T13:13:31Z</time>
        <speed>3.577000</speed>
      </trkpt>
      <trkpt lat="59.400186678" lon="27.634653635">
        <ele>37.800</ele>
        <time>2026-08-13T13:13:38Z</time>
        <speed>3.292000</speed>
      </trkpt>
      <trkpt lat="59.400215177" lon="27.635191586">
        <ele>37.600</ele>
        <time>2026-08-13T13:13:47Z</time>
        <speed>3.415000</speed>
      </trkpt>
      <trkpt lat="59.400235964" lon="27.635670276">
        <ele>38.400</ele>
        <time>2026-08-13T13:13:55Z</time>
        <speed>3.658000</speed>
      </trkpt>
      <trkpt lat="59.400259936" lon="27.636036901">
        <ele>38.000</ele>
        <time>2026-08-13T13:14:02Z</time>
        <speed>2.783000</speed>
      </trkpt>
      <trkpt lat="59.400292374" lon="27.636512155">
        <ele>38.000</ele>
        <time>2026-08-13T13:14:11Z</time>
        <speed>3.127000</speed>
      </trkpt>
      <trkpt lat="59.400316598" lon="27.637040550">
        <ele>37.800</ele>
        <time>2026-08-13T13:14:21Z</time>
        <speed>3.027000</speed>
      </trkpt>
      <trkpt lat="59.400334787" lon="27.637354368">
        <ele>37.800</ele>
        <time>2026-08-13T13:14:28Z</time>
        <speed>2.232000</speed>
      </trkpt>
      <trkpt lat="59.400345599" lon="27.637665505">
        <ele>38.200</ele>
        <time>2026-08-13T13:14:34Z</time>
        <speed>3.093000</speed>
      </trkpt>
      <trkpt lat="59.400371164" lon="27.638171185">
        <ele>38.200</ele>
        <time>2026-08-13T13:14:43Z</time>
        <speed>3.413000</speed>
      </trkpt>
      <trkpt lat="59.400402009" lon="27.638571169">
        <ele>37.400</ele>
        <time>2026-08-13T13:14:50Z</time>
        <speed>2.863000</speed>
      </trkpt>
      <trkpt lat="59.400418187" lon="27.638966460">
        <ele>37.000</ele>
        <time>2026-08-13T13:14:57Z</time>
        <speed>3.245000</speed>
      </trkpt>
      <trkpt lat="59.400462946" lon="27.639399217">
        <ele>37.800</ele>
        <time>2026-08-13T13:15:05Z</time>
        <speed>2.869000</speed>
      </trkpt>
      <trkpt lat="59.400490019" lon="27.639769111">
        <ele>37.600</ele>
        <time>2026-08-13T13:15:12Z</time>
        <speed>2.937000</speed>
      </trkpt>
      <trkpt lat="59.400490355" lon="27.639941191">
        <ele>37.800</ele>
        <time>2026-08-13T13:15:17Z</time>
        <speed>0.677000</speed>
      </trkpt>
    </trkseg>
    <trkseg>
      <trkpt lat="59.400493875" lon="27.640002882">
        <ele>38.000</ele>
        <time>2026-08-13T13:15:34Z</time>
        <speed>1.527000</speed>
      </trkpt>
      <trkpt lat="59.400498988" lon="27.640096592">
        <ele>38.000</ele>
        <time>2026-08-13T13:15:36Z</time>
        <speed>2.130000</speed>
      </trkpt>
      <trkpt lat="59.400520781" lon="27.640459780">
        <ele>38.000</ele>
        <time>2026-08-13T13:15:43Z</time>
        <speed>2.393000</speed>
      </trkpt>
      <trkpt lat="59.400531594" lon="27.640927909">
        <ele>38.000</ele>
        <time>2026-08-13T13:15:52Z</time>
        <speed>2.803000</speed>
      </trkpt>
      <trkpt lat="59.400565121" lon="27.641463177">
        <ele>38.000</ele>
        <time>2026-08-13T13:16:01Z</time>
        <speed>3.127000</speed>
      </trkpt>
      <trkpt lat="59.400576605" lon="27.641696697">
        <ele>38.200</ele>
        <time>2026-08-13T13:16:07Z</time>
        <speed>0.000000</speed>
      </trkpt>
    </trkseg>
    <trkseg>
      <trkpt lat="59.400635781" lon="27.642591381">
        <ele>38.200</ele>
        <time>2026-08-13T13:16:44Z</time>
        <speed>1.408000</speed>
      </trkpt>
      <trkpt lat="59.400638044" lon="27.642640080">
        <ele>38.200</ele>
        <time>2026-08-13T13:16:46Z</time>
        <speed>1.231000</speed>
      </trkpt>
      <trkpt lat="59.400648354" lon="27.642850131">
        <ele>38.000</ele>
        <time>2026-08-13T13:16:55Z</time>
        <speed>1.251000</speed>
      </trkpt>
      <trkpt lat="59.400662854" lon="27.643064791">
        <ele>38.200</ele>
        <time>2026-08-13T13:17:04Z</time>
        <speed>1.177000</speed>
      </trkpt>
      <trkpt lat="59.400676768" lon="27.643223964">
        <ele>38.000</ele>
        <time>2026-08-13T13:17:11Z</time>
        <speed>0.929000</speed>
      </trkpt>
      <trkpt lat="59.400681211" lon="27.643249696">
        <ele>38.000</ele>
        <time>2026-08-13T13:17:12Z</time>
        <speed>1.273000</speed>
      </trkpt>
      <trkpt lat="59.400689844" lon="27.643369054">
        <ele>38.200</ele>
        <time>2026-08-13T13:17:17Z</time>
        <speed>1.114000</speed>
      </trkpt>
      <trkpt lat="59.400689844" lon="27.643415071">
        <ele>38.200</ele>
        <time>2026-08-13T13:17:19Z</time>
        <speed>1.069000</speed>
      </trkpt>
      <trkpt lat="59.400686072" lon="27.643431835">
        <ele>38.200</ele>
        <time>2026-08-13T13:17:20Z</time>
        <speed>0.917000</speed>
      </trkpt>
    </trkseg>
    <trkseg>
      <trkpt lat="59.400801240" lon="27.645414993">
        <ele>38.400</ele>
        <time>2026-08-13T13:19:01Z</time>
        <speed>1.385000</speed>
      </trkpt>
      <trkpt lat="59.400792439" lon="27.645584308">
        <ele>38.600</ele>
        <time>2026-08-13T13:19:08Z</time>
        <speed>1.108000</speed>
      </trkpt>
      <trkpt lat="59.400792941" lon="27.645606436">
        <ele>38.600</ele>
        <time>2026-08-13T13:19:09Z</time>
        <speed>1.225000</speed>
      </trkpt>
      <trkpt lat="59.400803335" lon="27.645717580">
        <ele>38.800</ele>
        <time>2026-08-13T13:19:14Z</time>
        <speed>1.154000</speed>
      </trkpt>
      <trkpt lat="59.400833007" lon="27.645874154">
        <ele>39.200</ele>
        <time>2026-08-13T13:19:21Z</time>
        <speed>1.063000</speed>
      </trkpt>
    </trkseg>
    <trkseg>
      <trkpt lat="59.400842730" lon="27.645899467">
        <ele>39.000</ele>
        <time>2026-08-13T13:22:55Z</time>
        <speed>1.343000</speed>
      </trkpt>
    </trkseg>
    <trkseg>
      <trkpt lat="59.400733430" lon="27.643230334">
        <ele>38.600</ele>
        <time>2026-08-13T13:25:36Z</time>
        <speed>1.639000</speed>
      </trkpt>
      <trkpt lat="59.400728904" lon="27.643192699">
        <ele>38.600</ele>
        <time>2026-08-13T13:25:37Z</time>
        <speed>1.972000</speed>
      </trkpt>
      <trkpt lat="59.400705937" lon="27.642850634">
        <ele>38.400</ele>
        <time>2026-08-13T13:25:44Z</time>
        <speed>2.484000</speed>
      </trkpt>
      <trkpt lat="59.400683306" lon="27.642396921">
        <ele>38.400</ele>
        <time>2026-08-13T13:25:53Z</time>
        <speed>2.380000</speed>
      </trkpt>
      <trkpt lat="59.400653215" lon="27.642131131">
        <ele>38.400</ele>
        <time>2026-08-13T13:25:59Z</time>
        <speed>2.063000</speed>
      </trkpt>
    </trkseg>
    <trkseg>
      <trkpt lat="59.400629075" lon="27.641632995">
        <ele>39.000</ele>
        <time>2026-08-13T13:26:27Z</time>
        <speed>1.859000</speed>
      </trkpt>
      <trkpt lat="59.400618849" lon="27.641306100">
        <ele>39.000</ele>
        <time>2026-08-13T13:26:34Z</time>
        <speed>2.294000</speed>
      </trkpt>
      <trkpt lat="59.400604516" lon="27.640945595">
        <ele>38.600</ele>
        <time>2026-08-13T13:26:41Z</time>
        <speed>2.626000</speed>
      </trkpt>
      <trkpt lat="59.400584567" lon="27.640509149">
        <ele>38.400</ele>
        <time>2026-08-13T13:26:50Z</time>
        <speed>2.278000</speed>
      </trkpt>
      <trkpt lat="59.400564367" lon="27.640213184">
        <ele>38.800</ele>
        <time>2026-08-13T13:26:58Z</time>
        <speed>0.000000</speed>
      </trkpt>
      <trkpt lat="59.400546262" lon="27.640031716">
        <ele>39.000</ele>
        <time>2026-08-13T13:27:06Z</time>
        <speed>0.976000</speed>
      </trkpt>
      <trkpt lat="59.400545424" lon="27.639988549">
        <ele>39.000</ele>
        <time>2026-08-13T13:27:08Z</time>
        <speed>1.189000</speed>
      </trkpt>
      <trkpt lat="59.400543747" lon="27.639873046">
        <ele>39.000</ele>
        <time>2026-08-13T13:27:11Z</time>
        <speed>2.109000</speed>
      </trkpt>
      <trkpt lat="59.400516506" lon="27.639468536">
        <ele>38.200</ele>
        <time>2026-08-13T13:27:19Z</time>
        <speed>2.472000</speed>
      </trkpt>
      <trkpt lat="59.400463114" lon="27.639013985">
        <ele>38.800</ele>
        <time>2026-08-13T13:27:27Z</time>
        <speed>1.393000</speed>
      </trkpt>
      <trkpt lat="59.400445931" lon="27.638824722">
        <ele>39.000</ele>
        <time>2026-08-13T13:27:32Z</time>
        <speed>1.964000</speed>
      </trkpt>
      <trkpt lat="59.400424557" lon="27.638466395">
        <ele>39.000</ele>
        <time>2026-08-13T13:27:39Z</time>
        <speed>2.923000</speed>
      </trkpt>
      <trkpt lat="59.400368230" lon="27.637951747">
        <ele>39.000</ele>
        <time>2026-08-13T13:27:48Z</time>
        <speed>3.113000</speed>
      </trkpt>
      <trkpt lat="59.400357166" lon="27.637716131">
        <ele>37.600</ele>
        <time>2026-08-13T13:27:52Z</time>
        <speed>3.333000</speed>
      </trkpt>
      <trkpt lat="59.400343169" lon="27.637455622">
        <ele>37.400</ele>
        <time>2026-08-13T13:27:56Z</time>
        <speed>3.442000</speed>
      </trkpt>
      <trkpt lat="59.400312826" lon="27.637060331">
        <ele>37.600</ele>
        <time>2026-08-13T13:28:03Z</time>
        <speed>3.209000</speed>
      </trkpt>
      <trkpt lat="59.400301930" lon="27.636592705">
        <ele>37.400</ele>
        <time>2026-08-13T13:28:11Z</time>
        <speed>3.241000</speed>
      </trkpt>
      <trkpt lat="59.400270246" lon="27.636084175">
        <ele>38.000</ele>
        <time>2026-08-13T13:28:20Z</time>
        <speed>3.261000</speed>
      </trkpt>
      <trkpt lat="59.400241161" lon="27.635738589">
        <ele>38.800</ele>
        <time>2026-08-13T13:28:26Z</time>
        <speed>3.198000</speed>
      </trkpt>
      <trkpt lat="59.400238730" lon="27.635681005">
        <ele>38.600</ele>
        <time>2026-08-13T13:28:27Z</time>
        <speed>3.174000</speed>
      </trkpt>
      <trkpt lat="59.400222134" lon="27.635212541">
        <ele>37.800</ele>
        <time>2026-08-13T13:28:35Z</time>
        <speed>3.431000</speed>
      </trkpt>
      <trkpt lat="59.400183577" lon="27.634546850">
        <ele>37.400</ele>
        <time>2026-08-13T13:28:45Z</time>
        <speed>3.972000</speed>
      </trkpt>
      <trkpt lat="59.400155749" lon="27.633991130">
        <ele>37.600</ele>
        <time>2026-08-13T13:28:53Z</time>
        <speed>3.957000</speed>
      </trkpt>
      <trkpt lat="59.400116438" lon="27.633342706">
        <ele>37.000</ele>
        <time>2026-08-13T13:29:02Z</time>
        <speed>3.844000</speed>
      </trkpt>
      <trkpt lat="59.400091460" lon="27.632912043">
        <ele>37.400</ele>
        <time>2026-08-13T13:29:09Z</time>
        <speed>3.606000</speed>
      </trkpt>
      <trkpt lat="59.400061956" lon="27.632410051">
        <ele>36.600</ele>
        <time>2026-08-13T13:29:17Z</time>
        <speed>3.716000</speed>
      </trkpt>
      <trkpt lat="59.400054496" lon="27.632277114">
        <ele>37.200</ele>
        <time>2026-08-13T13:29:19Z</time>
        <speed>3.803000</speed>
      </trkpt>
      <trkpt lat="59.400024991" lon="27.631779648">
        <ele>37.200</ele>
        <time>2026-08-13T13:29:27Z</time>
        <speed>3.513000</speed>
      </trkpt>
      <trkpt lat="59.399985094" lon="27.631338676">
        <ele>37.000</ele>
        <time>2026-08-13T13:29:34Z</time>
        <speed>3.704000</speed>
      </trkpt>
      <trkpt lat="59.399954332" lon="27.630902315">
        <ele>36.200</ele>
        <time>2026-08-13T13:29:41Z</time>
        <speed>3.333000</speed>
      </trkpt>
      <trkpt lat="59.399935137" lon="27.630610792">
        <ele>37.800</ele>
        <time>2026-08-13T13:29:46Z</time>
        <speed>3.491000</speed>
      </trkpt>
      <trkpt lat="59.399931449" lon="27.630482633">
        <ele>37.800</ele>
        <time>2026-08-13T13:29:48Z</time>
        <speed>3.694000</speed>
      </trkpt>
      <trkpt lat="59.399900855" lon="27.629988268">
        <ele>36.800</ele>
        <time>2026-08-13T13:29:55Z</time>
        <speed>4.276000</speed>
      </trkpt>
      <trkpt lat="59.399895910" lon="27.629913501">
        <ele>36.800</ele>
        <time>2026-08-13T13:29:56Z</time>
        <speed>4.289000</speed>
      </trkpt>
      <trkpt lat="59.399875542" lon="27.629377898">
        <ele>36.600</ele>
        <time>2026-08-13T13:30:04Z</time>
        <speed>3.589000</speed>
      </trkpt>
      <trkpt lat="59.399847211" lon="27.629040778">
        <ele>36.000</ele>
        <time>2026-08-13T13:30:10Z</time>
        <speed>3.180000</speed>
      </trkpt>
      <trkpt lat="59.399826005" lon="27.628684882">
        <ele>36.600</ele>
        <time>2026-08-13T13:30:17Z</time>
        <speed>3.194000</speed>
      </trkpt>
      <trkpt lat="59.399804212" lon="27.628345834">
        <ele>37.200</ele>
        <time>2026-08-13T13:30:23Z</time>
        <speed>3.407000</speed>
      </trkpt>
      <trkpt lat="59.399776217" lon="27.627853900">
        <ele>37.400</ele>
        <time>2026-08-13T13:30:31Z</time>
        <speed>3.715000</speed>
      </trkpt>
      <trkpt lat="59.399745120" lon="27.627285356">
        <ele>37.000</ele>
        <time>2026-08-13T13:30:40Z</time>
        <speed>3.385000</speed>
      </trkpt>
      <trkpt lat="59.399720728" lon="27.626818316">
        <ele>37.600</ele>
        <time>2026-08-13T13:30:48Z</time>
        <speed>3.261000</speed>
      </trkpt>
      <trkpt lat="59.399716873" lon="27.626761319">
        <ele>37.800</ele>
        <time>2026-08-13T13:30:49Z</time>
        <speed>3.301000</speed>
      </trkpt>
      <trkpt lat="59.399688207" lon="27.626402155">
        <ele>36.800</ele>
        <time>2026-08-13T13:30:55Z</time>
        <speed>3.458000</speed>
      </trkpt>
      <trkpt lat="59.399684099" lon="27.626342978">
        <ele>36.600</ele>
        <time>2026-08-13T13:30:56Z</time>
        <speed>3.423000</speed>
      </trkpt>
      <trkpt lat="59.399661301" lon="27.625977611">
        <ele>37.200</ele>
        <time>2026-08-13T13:31:02Z</time>
        <speed>3.602000</speed>
      </trkpt>
      <trkpt lat="59.399657277" lon="27.625690531">
        <ele>37.800</ele>
        <time>2026-08-13T13:31:07Z</time>
        <speed>3.223000</speed>
      </trkpt>
      <trkpt lat="59.399626264" lon="27.625266155">
        <ele>38.400</ele>
        <time>2026-08-13T13:31:15Z</time>
        <speed>2.979000</speed>
      </trkpt>
      <trkpt lat="59.399599861" lon="27.624813113">
        <ele>38.400</ele>
        <time>2026-08-13T13:31:23Z</time>
        <speed>3.393000</speed>
      </trkpt>
      <trkpt lat="59.399573207" lon="27.624262674">
        <ele>38.400</ele>
        <time>2026-08-13T13:31:32Z</time>
        <speed>3.728000</speed>
      </trkpt>
      <trkpt lat="59.399546720" lon="27.623820025">
        <ele>38.000</ele>
        <time>2026-08-13T13:31:39Z</time>
        <speed>3.635000</speed>
      </trkpt>
      <trkpt lat="59.399518054" lon="27.623363715">
        <ele>38.200</ele>
        <time>2026-08-13T13:31:47Z</time>
        <speed>3.146000</speed>
      </trkpt>
      <trkpt lat="59.399482850" lon="27.622792907">
        <ele>38.600</ele>
        <time>2026-08-13T13:31:57Z</time>
        <speed>3.452000</speed>
      </trkpt>
      <trkpt lat="59.399456698" lon="27.622358305">
        <ele>38.600</ele>
        <time>2026-08-13T13:32:04Z</time>
        <speed>3.761000</speed>
      </trkpt>
      <trkpt lat="59.399424260" lon="27.621776685">
        <ele>38.000</ele>
        <time>2026-08-13T13:32:13Z</time>
        <speed>3.727000</speed>
      </trkpt>
      <trkpt lat="59.399399618" lon="27.621373264">
        <ele>37.800</ele>
        <time>2026-08-13T13:32:20Z</time>
        <speed>3.089000</speed>
      </trkpt>
      <trkpt lat="59.399390817" lon="27.621169332">
        <ele>38.800</ele>
        <time>2026-08-13T13:32:24Z</time>
        <speed>3.043000</speed>
      </trkpt>
      <trkpt lat="59.399380507" lon="27.621008316">
        <ele>38.800</ele>
        <time>2026-08-13T13:32:27Z</time>
        <speed>3.171000</speed>
      </trkpt>
      <trkpt lat="59.399349326" lon="27.620514203">
        <ele>39.000</ele>
        <time>2026-08-13T13:32:36Z</time>
        <speed>3.110000</speed>
      </trkpt>
      <trkpt lat="59.399318900" lon="27.619964434">
        <ele>39.200</ele>
        <time>2026-08-13T13:32:46Z</time>
        <speed>3.329000</speed>
      </trkpt>
      <trkpt lat="59.399290821" lon="27.619420029">
        <ele>39.200</ele>
        <time>2026-08-13T13:32:55Z</time>
        <speed>3.924000</speed>
      </trkpt>
      <trkpt lat="59.399252264" lon="27.618904961">
        <ele>39.000</ele>
        <time>2026-08-13T13:33:03Z</time>
        <speed>3.590000</speed>
      </trkpt>
      <trkpt lat="59.399216976" lon="27.618296603">
        <ele>39.400</ele>
        <time>2026-08-13T13:33:12Z</time>
        <speed>3.932000</speed>
      </trkpt>
      <trkpt lat="59.399177581" lon="27.617532676">
        <ele>39.600</ele>
        <time>2026-08-13T13:33:23Z</time>
        <speed>3.974000</speed>
      </trkpt>
      <trkpt lat="59.399169954" lon="27.617340563">
        <ele>40.000</ele>
        <time>2026-08-13T13:33:26Z</time>
        <speed>3.557000</speed>
      </trkpt>
      <trkpt lat="59.399153190" lon="27.617032612">
        <ele>40.600</ele>
        <time>2026-08-13T13:33:31Z</time>
        <speed>3.272000</speed>
      </trkpt>
      <trkpt lat="59.399110693" lon="27.616797667">
        <ele>40.800</ele>
        <time>2026-08-13T13:33:37Z</time>
        <speed>1.649000</speed>
      </trkpt>
      <trkpt lat="59.399087643" lon="27.616781490">
        <ele>41.200</ele>
        <time>2026-08-13T13:33:39Z</time>
        <speed>1.287000</speed>
      </trkpt>
      <trkpt lat="59.399054116" lon="27.616759194">
        <ele>41.600</ele>
        <time>2026-08-13T13:33:41Z</time>
        <speed>2.202000</speed>
      </trkpt>
      <trkpt lat="59.399011284" lon="27.616747543">
        <ele>41.600</ele>
        <time>2026-08-13T13:33:43Z</time>
        <speed>2.681000</speed>
      </trkpt>
      <trkpt lat="59.398940457" lon="27.616732959">
        <ele>41.400</ele>
        <time>2026-08-13T13:33:47Z</time>
        <speed>0.560000</speed>
      </trkpt>
    </trkseg>
    <trkseg>
      <trkpt lat="59.398901314" lon="27.616748046">
        <ele>41.600</ele>
        <time>2026-08-13T13:34:36Z</time>
        <speed>2.373000</speed>
      </trkpt>
      <trkpt lat="59.398876419" lon="27.616754249">
        <ele>41.800</ele>
        <time>2026-08-13T13:34:37Z</time>
        <speed>2.803000</speed>
      </trkpt>
      <trkpt lat="59.398694867" lon="27.616788531">
        <ele>42.200</ele>
        <time>2026-08-13T13:34:43Z</time>
        <speed>3.835000</speed>
      </trkpt>
      <trkpt lat="59.398398902" lon="27.616842762">
        <ele>41.800</ele>
        <time>2026-08-13T13:34:51Z</time>
        <speed>4.080000</speed>
      </trkpt>
      <trkpt lat="59.398167143" lon="27.616864303">
        <ele>41.800</ele>
        <time>2026-08-13T13:34:58Z</time>
        <speed>3.351000</speed>
      </trkpt>
      <trkpt lat="59.397987016" lon="27.616889700">
        <ele>42.000</ele>
        <time>2026-08-13T13:35:03Z</time>
        <speed>4.255000</speed>
      </trkpt>
      <trkpt lat="59.397908729" lon="27.616902022">
        <ele>42.200</ele>
        <time>2026-08-13T13:35:05Z</time>
        <speed>4.384000</speed>
      </trkpt>
      <trkpt lat="59.397758441" lon="27.616951307">
        <ele>42.200</ele>
        <time>2026-08-13T13:35:09Z</time>
        <speed>4.227000</speed>
      </trkpt>
      <trkpt lat="59.397529531" lon="27.617054740">
        <ele>42.200</ele>
        <time>2026-08-13T13:35:15Z</time>
        <speed>4.769000</speed>
      </trkpt>
      <trkpt lat="59.397285953" lon="27.617242746">
        <ele>42.000</ele>
        <time>2026-08-13T13:35:21Z</time>
        <speed>4.986000</speed>
      </trkpt>
      <trkpt lat="59.397000633" lon="27.617446175">
        <ele>41.800</ele>
        <time>2026-08-13T13:35:28Z</time>
        <speed>4.818000</speed>
      </trkpt>
      <trkpt lat="59.396771975" lon="27.617593780">
        <ele>42.200</ele>
        <time>2026-08-13T13:35:34Z</time>
        <speed>4.450000</speed>
      </trkpt>
      <trkpt lat="59.396688575" lon="27.617627895">
        <ele>42.200</ele>
        <time>2026-08-13T13:35:36Z</time>
        <speed>4.691000</speed>
      </trkpt>
      <trkpt lat="59.396605259" lon="27.617670977">
        <ele>42.000</ele>
        <time>2026-08-13T13:35:38Z</time>
        <speed>4.650000</speed>
      </trkpt>
      <trkpt lat="59.396522949" lon="27.617698470">
        <ele>42.000</ele>
        <time>2026-08-13T13:35:40Z</time>
        <speed>4.681000</speed>
      </trkpt>
      <trkpt lat="59.396445500" lon="27.617744906">
        <ele>42.200</ele>
        <time>2026-08-13T13:35:42Z</time>
        <speed>4.426000</speed>
      </trkpt>
      <trkpt lat="59.396367799" lon="27.617791845">
        <ele>42.400</ele>
        <time>2026-08-13T13:35:44Z</time>
        <speed>4.534000</speed>
      </trkpt>
      <trkpt lat="59.396283645" lon="27.617819253">
        <ele>42.800</ele>
        <time>2026-08-13T13:35:46Z</time>
        <speed>4.677000</speed>
      </trkpt>
      <trkpt lat="59.396032775" lon="27.617933080">
        <ele>43.200</ele>
        <time>2026-08-13T13:35:52Z</time>
        <speed>4.714000</speed>
      </trkpt>
      <trkpt lat="59.395990781" lon="27.617947832">
        <ele>43.200</ele>
        <time>2026-08-13T13:35:53Z</time>
        <speed>4.843000</speed>
      </trkpt>
      <trkpt lat="59.395789616" lon="27.618008517">
        <ele>42.600</ele>
        <time>2026-08-13T13:35:58Z</time>
        <speed>4.214000</speed>
      </trkpt>
      <trkpt lat="59.395659277" lon="27.618061323">
        <ele>42.200</ele>
        <time>2026-08-13T13:36:01Z</time>
        <speed>5.008000</speed>
      </trkpt>
      <trkpt lat="59.395476300" lon="27.618103148">
        <ele>41.800</ele>
        <time>2026-08-13T13:36:05Z</time>
        <speed>5.091000</speed>
      </trkpt>
      <trkpt lat="59.395429362" lon="27.618118152">
        <ele>42.000</ele>
        <time>2026-08-13T13:36:06Z</time>
        <speed>5.142000</speed>
      </trkpt>
      <trkpt lat="59.395338334" lon="27.618150925">
        <ele>42.000</ele>
        <time>2026-08-13T13:36:08Z</time>
        <speed>5.126000</speed>
      </trkpt>
      <trkpt lat="59.395241356" lon="27.618174814">
        <ele>41.800</ele>
        <time>2026-08-13T13:36:10Z</time>
        <speed>5.327000</speed>
      </trkpt>
      <trkpt lat="59.394852184" lon="27.618302219">
        <ele>41.800</ele>
        <time>2026-08-13T13:36:18Z</time>
        <speed>5.309000</speed>
      </trkpt>
      <trkpt lat="59.394495115" lon="27.618423002">
        <ele>42.600</ele>
        <time>2026-08-13T13:36:26Z</time>
        <speed>4.963000</speed>
      </trkpt>
      <trkpt lat="59.394204849" lon="27.618576139">
        <ele>43.400</ele>
        <time>2026-08-13T13:36:33Z</time>
        <speed>4.632000</speed>
      </trkpt>
      <trkpt lat="59.394162688" lon="27.618591562">
        <ele>43.600</ele>
        <time>2026-08-13T13:36:34Z</time>
        <speed>4.664000</speed>
      </trkpt>
      <trkpt lat="59.393857419" lon="27.618715530">
        <ele>43.800</ele>
        <time>2026-08-13T13:36:42Z</time>
        <speed>3.928000</speed>
      </trkpt>
      <trkpt lat="59.393613674" lon="27.618828518">
        <ele>44.000</ele>
        <time>2026-08-13T13:36:49Z</time>
        <speed>4.164000</speed>
      </trkpt>
      <trkpt lat="59.393402785" lon="27.618908817">
        <ele>43.600</ele>
        <time>2026-08-13T13:36:55Z</time>
        <speed>3.139000</speed>
      </trkpt>
    </trkseg>
    <trkseg>
      <trkpt lat="59.393344447" lon="27.618920719">
        <ele>44.200</ele>
        <time>2026-08-13T13:37:25Z</time>
        <speed>1.533000</speed>
      </trkpt>
      <trkpt lat="59.393261550" lon="27.618948715">
        <ele>44.400</ele>
        <time>2026-08-13T13:37:30Z</time>
        <speed>1.818000</speed>
      </trkpt>
      <trkpt lat="59.393218635" lon="27.618948715">
        <ele>44.400</ele>
        <time>2026-08-13T13:37:33Z</time>
        <speed>1.036000</speed>
      </trkpt>
      <trkpt lat="59.393171864" lon="27.618940165">
        <ele>44.600</ele>
        <time>2026-08-13T13:37:36Z</time>
        <speed>2.723000</speed>
      </trkpt>
      <trkpt lat="59.393102042" lon="27.619131105">
        <ele>44.600</ele>
        <time>2026-08-13T13:37:40Z</time>
        <speed>3.814000</speed>
      </trkpt>
      <trkpt lat="59.393097432" lon="27.619276615">
        <ele>44.400</ele>
        <time>2026-08-13T13:37:42Z</time>
        <speed>4.143000</speed>
      </trkpt>
      <trkpt lat="59.393104138" lon="27.619682634">
        <ele>44.000</ele>
        <time>2026-08-13T13:37:47Z</time>
        <speed>4.897000</speed>
      </trkpt>
      <trkpt lat="59.393108832" lon="27.620139867">
        <ele>43.400</ele>
        <time>2026-08-13T13:37:52Z</time>
        <speed>5.292000</speed>
      </trkpt>
      <trkpt lat="59.393122913" lon="27.620420661">
        <ele>43.600</ele>
        <time>2026-08-13T13:37:55Z</time>
        <speed>5.299000</speed>
      </trkpt>
      <trkpt lat="59.393166248" lon="27.621182241">
        <ele>43.000</ele>
        <time>2026-08-13T13:38:03Z</time>
        <speed>5.548000</speed>
      </trkpt>
      <trkpt lat="59.393222155" lon="27.621951448">
        <ele>43.400</ele>
        <time>2026-08-13T13:38:11Z</time>
        <speed>5.341000</speed>
      </trkpt>
      <trkpt lat="59.393270686" lon="27.622713530">
        <ele>43.800</ele>
        <time>2026-08-13T13:38:19Z</time>
        <speed>5.636000</speed>
      </trkpt>
      <trkpt lat="59.393327516" lon="27.623686753">
        <ele>43.000</ele>
        <time>2026-08-13T13:38:28Z</time>
        <speed>6.809000</speed>
      </trkpt>
      <trkpt lat="59.393387027" lon="27.624738598">
        <ele>42.400</ele>
        <time>2026-08-13T13:38:37Z</time>
        <speed>6.819000</speed>
      </trkpt>
      <trkpt lat="59.393393649" lon="27.624858962">
        <ele>42.000</ele>
        <time>2026-08-13T13:38:38Z</time>
        <speed>6.971000</speed>
      </trkpt>
      <trkpt lat="59.393455507" lon="27.625924302">
        <ele>42.600</ele>
        <time>2026-08-13T13:38:47Z</time>
        <speed>6.857000</speed>
      </trkpt>
      <trkpt lat="59.393463554" lon="27.626042319">
        <ele>42.400</ele>
        <time>2026-08-13T13:38:48Z</time>
        <speed>6.846000</speed>
      </trkpt>
      <trkpt lat="59.393517030" lon="27.627004897">
        <ele>41.000</ele>
        <time>2026-08-13T13:38:56Z</time>
        <speed>6.514000</speed>
      </trkpt>
      <trkpt lat="59.393524071" lon="27.627114952">
        <ele>40.800</ele>
        <time>2026-08-13T13:38:57Z</time>
        <speed>6.377000</speed>
      </trkpt>
      <trkpt lat="59.393591294" lon="27.628255729">
        <ele>40.800</ele>
        <time>2026-08-13T13:39:07Z</time>
        <speed>6.623000</speed>
      </trkpt>
      <trkpt lat="59.393641669" lon="27.629032731">
        <ele>41.600</ele>
        <time>2026-08-13T13:39:14Z</time>
        <speed>6.551000</speed>
      </trkpt>
      <trkpt lat="59.393715011" lon="27.630098239">
        <ele>41.000</ele>
        <time>2026-08-13T13:39:23Z</time>
        <speed>6.855000</speed>
      </trkpt>
      <trkpt lat="59.393758932" lon="27.630985379">
        <ele>41.000</ele>
        <time>2026-08-13T13:39:31Z</time>
        <speed>5.805000</speed>
      </trkpt>
      <trkpt lat="59.393768823" lon="27.631226443">
        <ele>41.200</ele>
        <time>2026-08-13T13:39:35Z</time>
        <speed>2.262000</speed>
      </trkpt>
    </trkseg>
    <trkseg>
      <trkpt lat="59.393787598" lon="27.631339934">
        <ele>42.000</ele>
        <time>2026-08-13T13:39:53Z</time>
        <speed>2.226000</speed>
      </trkpt>
      <trkpt lat="59.393799249" lon="27.631648472">
        <ele>41.600</ele>
        <time>2026-08-13T13:39:58Z</time>
        <speed>4.291000</speed>
      </trkpt>
      <trkpt lat="59.393811403" lon="27.632273426">
        <ele>41.600</ele>
        <time>2026-08-13T13:40:05Z</time>
        <speed>5.558000</speed>
      </trkpt>
      <trkpt lat="59.393812157" lon="27.632572576">
        <ele>40.800</ele>
        <time>2026-08-13T13:40:08Z</time>
        <speed>5.745000</speed>
      </trkpt>
      <trkpt lat="59.393793298" lon="27.633296857">
        <ele>41.000</ele>
        <time>2026-08-13T13:40:15Z</time>
        <speed>6.055000</speed>
      </trkpt>
      <trkpt lat="59.393746527" lon="27.634362448">
        <ele>40.200</ele>
        <time>2026-08-13T13:40:25Z</time>
        <speed>6.092000</speed>
      </trkpt>
      <trkpt lat="59.393738983" lon="27.634471161">
        <ele>40.200</ele>
        <time>2026-08-13T13:40:26Z</time>
        <speed>6.153000</speed>
      </trkpt>
      <trkpt lat="59.393689111" lon="27.635257468">
        <ele>39.600</ele>
        <time>2026-08-13T13:40:33Z</time>
        <speed>6.644000</speed>
      </trkpt>
      <trkpt lat="59.393676957" lon="27.635490820">
        <ele>39.400</ele>
        <time>2026-08-13T13:40:35Z</time>
        <speed>6.648000</speed>
      </trkpt>
      <trkpt lat="59.393604286" lon="27.636641236">
        <ele>39.600</ele>
        <time>2026-08-13T13:40:45Z</time>
        <speed>6.549000</speed>
      </trkpt>
      <trkpt lat="59.393594312" lon="27.636869811">
        <ele>39.200</ele>
        <time>2026-08-13T13:40:47Z</time>
        <speed>6.465000</speed>
      </trkpt>
      <trkpt lat="59.393532705" lon="27.637932468">
        <ele>39.400</ele>
        <time>2026-08-13T13:40:57Z</time>
        <speed>6.040000</speed>
      </trkpt>
      <trkpt lat="59.393515354" lon="27.638249304">
        <ele>40.200</ele>
        <time>2026-08-13T13:41:00Z</time>
        <speed>6.010000</speed>
      </trkpt>
      <trkpt lat="59.393471936" lon="27.638989929">
        <ele>40.000</ele>
        <time>2026-08-13T13:41:07Z</time>
        <speed>6.152000</speed>
      </trkpt>
      <trkpt lat="59.393418375" lon="27.639936665">
        <ele>40.000</ele>
        <time>2026-08-13T13:41:16Z</time>
        <speed>5.930000</speed>
      </trkpt>
      <trkpt lat="59.393357942" lon="27.640877701">
        <ele>39.800</ele>
        <time>2026-08-13T13:41:25Z</time>
        <speed>5.867000</speed>
      </trkpt>
      <trkpt lat="59.393281834" lon="27.641986962">
        <ele>39.800</ele>
        <time>2026-08-13T13:41:36Z</time>
        <speed>5.445000</speed>
      </trkpt>
      <trkpt lat="59.393271944" lon="27.642082013">
        <ele>39.600</ele>
        <time>2026-08-13T13:41:37Z</time>
        <speed>5.527000</speed>
      </trkpt>
      <trkpt lat="59.393203128" lon="27.642926825">
        <ele>40.000</ele>
        <time>2026-08-13T13:41:46Z</time>
        <speed>5.542000</speed>
      </trkpt>
      <trkpt lat="59.393146802" lon="27.643907256">
        <ele>40.200</ele>
        <time>2026-08-13T13:41:56Z</time>
        <speed>5.699000</speed>
      </trkpt>
      <trkpt lat="59.393129870" lon="27.644295255">
        <ele>40.800</ele>
        <time>2026-08-13T13:42:00Z</time>
        <speed>5.616000</speed>
      </trkpt>
      <trkpt lat="59.393103216" lon="27.644896237">
        <ele>40.400</ele>
        <time>2026-08-13T13:42:06Z</time>
        <speed>5.683000</speed>
      </trkpt>
      <trkpt lat="59.393044375" lon="27.645995021">
        <ele>40.400</ele>
        <time>2026-08-13T13:42:18Z</time>
        <speed>5.562000</speed>
      </trkpt>
      <trkpt lat="59.392997185" lon="27.646938991">
        <ele>41.400</ele>
        <time>2026-08-13T13:42:28Z</time>
        <speed>5.233000</speed>
      </trkpt>
      <trkpt lat="59.392961226" lon="27.647734517">
        <ele>41.200</ele>
        <time>2026-08-13T13:42:37Z</time>
        <speed>5.142000</speed>
      </trkpt>
      <trkpt lat="59.392908672" lon="27.648484446">
        <ele>41.400</ele>
        <time>2026-08-13T13:42:46Z</time>
        <speed>4.330000</speed>
      </trkpt>
      <trkpt lat="59.392903559" lon="27.648557788">
        <ele>42.000</ele>
        <time>2026-08-13T13:42:47Z</time>
        <speed>4.224000</speed>
      </trkpt>
      <trkpt lat="59.392837845" lon="27.649165643">
        <ele>41.000</ele>
        <time>2026-08-13T13:42:56Z</time>
        <speed>3.559000</speed>
      </trkpt>
    </trkseg>
    <trkseg>
      <trkpt lat="59.392822422" lon="27.649411652">
        <ele>41.400</ele>
        <time>2026-08-13T13:44:49Z</time>
        <speed>2.039000</speed>
      </trkpt>
      <trkpt lat="59.392818399" lon="27.649536123">
        <ele>41.200</ele>
        <time>2026-08-13T13:44:51Z</time>
        <speed>2.841000</speed>
      </trkpt>
      <trkpt lat="59.392802976" lon="27.649922781">
        <ele>41.400</ele>
        <time>2026-08-13T13:44:57Z</time>
        <speed>3.974000</speed>
      </trkpt>
      <trkpt lat="59.392756540" lon="27.650519153">
        <ele>41.400</ele>
        <time>2026-08-13T13:45:04Z</time>
        <speed>5.225000</speed>
      </trkpt>
      <trkpt lat="59.392730305" lon="27.650811765">
        <ele>41.000</ele>
        <time>2026-08-13T13:45:07Z</time>
        <speed>5.678000</speed>
      </trkpt>
      <trkpt lat="59.392699543" lon="27.651343346">
        <ele>40.400</ele>
        <time>2026-08-13T13:45:12Z</time>
        <speed>6.218000</speed>
      </trkpt>
      <trkpt lat="59.392670877" lon="27.652397873">
        <ele>40.400</ele>
        <time>2026-08-13T13:45:22Z</time>
        <speed>5.917000</speed>
      </trkpt>
      <trkpt lat="59.392621927" lon="27.653524736">
        <ele>40.400</ele>
        <time>2026-08-13T13:45:33Z</time>
        <speed>5.670000</speed>
      </trkpt>
      <trkpt lat="59.392613126" lon="27.653721124">
        <ele>40.000</ele>
        <time>2026-08-13T13:45:35Z</time>
        <speed>5.597000</speed>
      </trkpt>
      <trkpt lat="59.392595021" lon="27.654528720">
        <ele>40.200</ele>
        <time>2026-08-13T13:45:43Z</time>
        <speed>5.823000</speed>
      </trkpt>
      <trkpt lat="59.392580604" lon="27.655651392">
        <ele>40.400</ele>
        <time>2026-08-13T13:45:54Z</time>
        <speed>5.754000</speed>
      </trkpt>
      <trkpt lat="59.392575407" lon="27.655954817">
        <ele>40.600</ele>
        <time>2026-08-13T13:45:57Z</time>
        <speed>5.719000</speed>
      </trkpt>
      <trkpt lat="59.392553363" lon="27.656879006">
        <ele>41.200</ele>
        <time>2026-08-13T13:46:06Z</time>
        <speed>5.930000</speed>
      </trkpt>
      <trkpt lat="59.392543137" lon="27.657914506">
        <ele>41.400</ele>
        <time>2026-08-13T13:46:16Z</time>
        <speed>5.670000</speed>
      </trkpt>
      <trkpt lat="59.392538778" lon="27.658662591">
        <ele>40.600</ele>
        <time>2026-08-13T13:46:24Z</time>
        <speed>5.244000</speed>
      </trkpt>
      <trkpt lat="59.392524529" lon="27.659523664">
        <ele>40.600</ele>
        <time>2026-08-13T13:46:33Z</time>
        <speed>5.347000</speed>
      </trkpt>
      <trkpt lat="59.392511705" lon="27.660569223">
        <ele>40.800</ele>
        <time>2026-08-13T13:46:44Z</time>
        <speed>5.333000</speed>
      </trkpt>
      <trkpt lat="59.392501647" lon="27.661412610">
        <ele>41.200</ele>
        <time>2026-08-13T13:46:53Z</time>
        <speed>5.333000</speed>
      </trkpt>
      <trkpt lat="59.392493935" lon="27.662371416">
        <ele>42.200</ele>
        <time>2026-08-13T13:47:03Z</time>
        <speed>5.537000</speed>
      </trkpt>
      <trkpt lat="59.392484631" lon="27.663373305">
        <ele>41.800</ele>
        <time>2026-08-13T13:47:13Z</time>
        <speed>5.758000</speed>
      </trkpt>
      <trkpt lat="59.392484548" lon="27.663771026">
        <ele>40.800</ele>
        <time>2026-08-13T13:47:17Z</time>
        <speed>5.449000</speed>
      </trkpt>
      <trkpt lat="59.392478010" lon="27.664325070">
        <ele>40.800</ele>
        <time>2026-08-13T13:47:23Z</time>
        <speed>5.248000</speed>
      </trkpt>
      <trkpt lat="59.392467532" lon="27.665390912">
        <ele>41.200</ele>
        <time>2026-08-13T13:47:35Z</time>
        <speed>4.531000</speed>
      </trkpt>
      <trkpt lat="59.392465269" lon="27.665644465">
        <ele>41.800</ele>
        <time>2026-08-13T13:47:38Z</time>
        <speed>4.827000</speed>
      </trkpt>
      <trkpt lat="59.392455714" lon="27.666246202">
        <ele>42.400</ele>
        <time>2026-08-13T13:47:45Z</time>
        <speed>4.832000</speed>
      </trkpt>
      <trkpt lat="59.392453199" lon="27.666589441">
        <ele>42.800</ele>
        <time>2026-08-13T13:47:49Z</time>
        <speed>4.882000</speed>
      </trkpt>
      <trkpt lat="59.392445656" lon="27.667108867">
        <ele>43.000</ele>
        <time>2026-08-13T13:47:55Z</time>
        <speed>4.923000</speed>
      </trkpt>
      <trkpt lat="59.392414056" lon="27.667970527">
        <ele>42.200</ele>
        <time>2026-08-13T13:48:05Z</time>
        <speed>4.601000</speed>
      </trkpt>
      <trkpt lat="59.392416235" lon="27.668046551">
        <ele>42.200</ele>
        <time>2026-08-13T13:48:06Z</time>
        <speed>4.435000</speed>
      </trkpt>
      <trkpt lat="59.392400309" lon="27.668522056">
        <ele>42.600</ele>
        <time>2026-08-13T13:48:12Z</time>
        <speed>4.714000</speed>
      </trkpt>
      <trkpt lat="59.392392095" lon="27.668691035">
        <ele>42.600</ele>
        <time>2026-08-13T13:48:14Z</time>
        <speed>4.859000</speed>
      </trkpt>
      <trkpt lat="59.392367871" lon="27.669129996">
        <ele>42.600</ele>
        <time>2026-08-13T13:48:19Z</time>
        <speed>4.908000</speed>
      </trkpt>
      <trkpt lat="59.392371476" lon="27.669215575">
        <ele>42.400</ele>
        <time>2026-08-13T13:48:20Z</time>
        <speed>4.865000</speed>
      </trkpt>
      <trkpt lat="59.392377175" lon="27.669541882">
        <ele>42.800</ele>
        <time>2026-08-13T13:48:24Z</time>
        <speed>4.522000</speed>
      </trkpt>
      <trkpt lat="59.392375583" lon="27.670239089">
        <ele>42.200</ele>
        <time>2026-08-13T13:48:32Z</time>
        <speed>5.193000</speed>
      </trkpt>
      <trkpt lat="59.392357562" lon="27.670991197">
        <ele>41.600</ele>
        <time>2026-08-13T13:48:40Z</time>
        <speed>5.360000</speed>
      </trkpt>
      <trkpt lat="59.392351108" lon="27.671179203">
        <ele>41.600</ele>
        <time>2026-08-13T13:48:42Z</time>
        <speed>5.336000</speed>
      </trkpt>
      <trkpt lat="59.392325459" lon="27.672143709">
        <ele>41.400</ele>
        <time>2026-08-13T13:48:52Z</time>
        <speed>5.264000</speed>
      </trkpt>
      <trkpt lat="59.392302660" lon="27.672989778">
        <ele>42.000</ele>
        <time>2026-08-13T13:49:01Z</time>
        <speed>5.587000</speed>
      </trkpt>
      <trkpt lat="59.392272066" lon="27.674019998">
        <ele>41.800</ele>
        <time>2026-08-13T13:49:11Z</time>
        <speed>5.836000</speed>
      </trkpt>
      <trkpt lat="59.392242478" lon="27.675097240">
        <ele>42.000</ele>
        <time>2026-08-13T13:49:21Z</time>
        <speed>6.318000</speed>
      </trkpt>
      <trkpt lat="59.392239042" lon="27.675209558">
        <ele>41.600</ele>
        <time>2026-08-13T13:49:22Z</time>
        <speed>6.346000</speed>
      </trkpt>
      <trkpt lat="59.392213561" lon="27.676225863">
        <ele>41.800</ele>
        <time>2026-08-13T13:49:31Z</time>
        <speed>6.452000</speed>
      </trkpt>
      <trkpt lat="59.392189588" lon="27.677208558">
        <ele>41.200</ele>
        <time>2026-08-13T13:49:40Z</time>
        <speed>5.780000</speed>
      </trkpt>
      <trkpt lat="59.392169053" lon="27.678012131">
        <ele>41.400</ele>
        <time>2026-08-13T13:49:48Z</time>
        <speed>5.791000</speed>
      </trkpt>
      <trkpt lat="59.392146170" lon="27.679036902">
        <ele>41.000</ele>
        <time>2026-08-13T13:49:58Z</time>
        <speed>5.660000</speed>
      </trkpt>
      <trkpt lat="59.392113816" lon="27.680136608">
        <ele>41.400</ele>
        <time>2026-08-13T13:50:09Z</time>
        <speed>5.753000</speed>
      </trkpt>
      <trkpt lat="59.392090179" lon="27.680950826">
        <ele>40.400</ele>
        <time>2026-08-13T13:50:17Z</time>
        <speed>5.655000</speed>
      </trkpt>
      <trkpt lat="59.392080121" lon="27.681352152">
        <ele>41.400</ele>
        <time>2026-08-13T13:50:21Z</time>
        <speed>5.808000</speed>
      </trkpt>
      <trkpt lat="59.392049946" lon="27.682430735">
        <ele>42.000</ele>
        <time>2026-08-13T13:50:31Z</time>
        <speed>6.463000</speed>
      </trkpt>
      <trkpt lat="59.392025974" lon="27.683443688">
        <ele>41.400</ele>
        <time>2026-08-13T13:50:40Z</time>
        <speed>6.528000</speed>
      </trkpt>
      <trkpt lat="59.392004767" lon="27.684335187">
        <ele>41.000</ele>
        <time>2026-08-13T13:50:48Z</time>
        <speed>5.895000</speed>
      </trkpt>
      <trkpt lat="59.391983729" lon="27.685163822">
        <ele>41.000</ele>
        <time>2026-08-13T13:50:56Z</time>
        <speed>5.979000</speed>
      </trkpt>
      <trkpt lat="59.391979203" lon="27.685378483">
        <ele>40.400</ele>
        <time>2026-08-13T13:50:58Z</time>
        <speed>6.001000</speed>
      </trkpt>
      <trkpt lat="59.391969061" lon="27.685898412">
        <ele>40.400</ele>
        <time>2026-08-13T13:51:03Z</time>
        <speed>5.840000</speed>
      </trkpt>
      <trkpt lat="59.391950369" lon="27.686822936">
        <ele>41.200</ele>
        <time>2026-08-13T13:51:12Z</time>
        <speed>5.852000</speed>
      </trkpt>
      <trkpt lat="59.391927319" lon="27.687789202">
        <ele>40.600</ele>
        <time>2026-08-13T13:51:21Z</time>
        <speed>6.101000</speed>
      </trkpt>
      <trkpt lat="59.391907370" lon="27.688655052">
        <ele>39.200</ele>
        <time>2026-08-13T13:51:29Z</time>
        <speed>6.110000</speed>
      </trkpt>
      <trkpt lat="59.391905023" lon="27.688763011">
        <ele>39.200</ele>
        <time>2026-08-13T13:51:30Z</time>
        <speed>6.106000</speed>
      </trkpt>
      <trkpt lat="59.391881637" lon="27.689672196">
        <ele>40.000</ele>
        <time>2026-08-13T13:51:39Z</time>
        <speed>5.630000</speed>
      </trkpt>
      <trkpt lat="59.391878955" lon="27.689771187">
        <ele>40.400</ele>
        <time>2026-08-13T13:51:40Z</time>
        <speed>5.652000</speed>
      </trkpt>
      <trkpt lat="59.391854564" lon="27.690680036">
        <ele>40.200</ele>
        <time>2026-08-13T13:51:49Z</time>
        <speed>5.758000</speed>
      </trkpt>
      <trkpt lat="59.391830508" lon="27.691345979">
        <ele>40.200</ele>
        <time>2026-08-13T13:51:56Z</time>
        <speed>5.076000</speed>
      </trkpt>
      <trkpt lat="59.391796896" lon="27.691944614">
        <ele>40.000</ele>
        <time>2026-08-13T13:52:03Z</time>
        <speed>4.689000</speed>
      </trkpt>
      <trkpt lat="59.391793376" lon="27.692023823">
        <ele>40.000</ele>
        <time>2026-08-13T13:52:04Z</time>
        <speed>4.532000</speed>
      </trkpt>
      <trkpt lat="59.391786503" lon="27.692135219">
        <ele>40.600</ele>
        <time>2026-08-13T13:52:08Z</time>
        <speed>0.000000</speed>
      </trkpt>
    </trkseg>
    <trkseg>
      <trkpt lat="59.391792119" lon="27.692272346">
        <ele>40.400</ele>
        <time>2026-08-13T13:53:07Z</time>
        <speed>2.071000</speed>
      </trkpt>
      <trkpt lat="59.391795807" lon="27.692389693">
        <ele>40.400</ele>
        <time>2026-08-13T13:53:09Z</time>
        <speed>2.861000</speed>
      </trkpt>
      <trkpt lat="59.391811648" lon="27.692878693">
        <ele>39.600</ele>
        <time>2026-08-13T13:53:16Z</time>
        <speed>4.287000</speed>
      </trkpt>
      <trkpt lat="59.391803266" lon="27.693489650">
        <ele>39.400</ele>
        <time>2026-08-13T13:53:23Z</time>
        <speed>5.370000</speed>
      </trkpt>
      <trkpt lat="59.391798237" lon="27.693586210">
        <ele>39.200</ele>
        <time>2026-08-13T13:53:24Z</time>
        <speed>5.449000</speed>
      </trkpt>
      <trkpt lat="59.391774768" lon="27.694394393">
        <ele>38.600</ele>
        <time>2026-08-13T13:53:32Z</time>
        <speed>5.605000</speed>
      </trkpt>
      <trkpt lat="59.391767727" lon="27.694680886">
        <ele>38.200</ele>
        <time>2026-08-13T13:53:35Z</time>
        <speed>5.313000</speed>
      </trkpt>
      <trkpt lat="59.391753897" lon="27.695228476">
        <ele>38.800</ele>
        <time>2026-08-13T13:53:41Z</time>
        <speed>5.002000</speed>
      </trkpt>
      <trkpt lat="59.391748197" lon="27.695483118">
        <ele>39.400</ele>
        <time>2026-08-13T13:53:44Z</time>
        <speed>4.672000</speed>
      </trkpt>
      <trkpt lat="59.391735373" lon="27.695994498">
        <ele>38.800</ele>
        <time>2026-08-13T13:53:50Z</time>
        <speed>4.951000</speed>
      </trkpt>
      <trkpt lat="59.391717687" lon="27.696736213">
        <ele>38.400</ele>
        <time>2026-08-13T13:53:58Z</time>
        <speed>5.366000</speed>
      </trkpt>
      <trkpt lat="59.391709724" lon="27.697028909">
        <ele>38.600</ele>
        <time>2026-08-13T13:54:01Z</time>
        <speed>5.440000</speed>
      </trkpt>
      <trkpt lat="59.391699582" lon="27.697505588">
        <ele>38.800</ele>
        <time>2026-08-13T13:54:07Z</time>
        <speed>4.572000</speed>
      </trkpt>
      <trkpt lat="59.391672090" lon="27.698470093">
        <ele>39.000</ele>
        <time>2026-08-13T13:54:18Z</time>
        <speed>5.164000</speed>
      </trkpt>
      <trkpt lat="59.391651805" lon="27.699308703">
        <ele>38.400</ele>
        <time>2026-08-13T13:54:27Z</time>
        <speed>5.131000</speed>
      </trkpt>
      <trkpt lat="59.391638311" lon="27.699579773">
        <ele>39.600</ele>
        <time>2026-08-13T13:54:30Z</time>
        <speed>5.057000</speed>
      </trkpt>
      <trkpt lat="59.391633784" lon="27.700135410">
        <ele>39.400</ele>
        <time>2026-08-13T13:54:36Z</time>
        <speed>5.227000</speed>
      </trkpt>
      <trkpt lat="59.391614087" lon="27.700835215">
        <ele>40.000</ele>
        <time>2026-08-13T13:54:44Z</time>
        <speed>4.053000</speed>
      </trkpt>
      <trkpt lat="59.391581481" lon="27.701457404">
        <ele>39.200</ele>
        <time>2026-08-13T13:54:52Z</time>
        <speed>4.327000</speed>
      </trkpt>
      <trkpt lat="59.391550217" lon="27.702038018">
        <ele>39.000</ele>
        <time>2026-08-13T13:54:59Z</time>
        <speed>4.905000</speed>
      </trkpt>
      <trkpt lat="59.391534459" lon="27.702900767">
        <ele>38.800</ele>
        <time>2026-08-13T13:55:08Z</time>
        <speed>5.466000</speed>
      </trkpt>
      <trkpt lat="59.391557341" lon="27.703617085">
        <ele>38.400</ele>
        <time>2026-08-13T13:55:15Z</time>
        <speed>5.512000</speed>
      </trkpt>
      <trkpt lat="59.391560443" lon="27.703814562">
        <ele>37.600</ele>
        <time>2026-08-13T13:55:17Z</time>
        <speed>5.463000</speed>
      </trkpt>
      <trkpt lat="59.391562371" lon="27.703914223">
        <ele>37.400</ele>
        <time>2026-08-13T13:55:18Z</time>
        <speed>5.446000</speed>
      </trkpt>
      <trkpt lat="59.391550384" lon="27.704513026">
        <ele>38.600</ele>
        <time>2026-08-13T13:55:24Z</time>
        <speed>5.621000</speed>
      </trkpt>
      <trkpt lat="59.391545858" lon="27.704816535">
        <ele>39.200</ele>
        <time>2026-08-13T13:55:27Z</time>
        <speed>5.685000</speed>
      </trkpt>
      <trkpt lat="59.391522892" lon="27.705726558">
        <ele>38.000</ele>
        <time>2026-08-13T13:55:36Z</time>
        <speed>5.647000</speed>
      </trkpt>
      <trkpt lat="59.391506463" lon="27.706215559">
        <ele>37.400</ele>
        <time>2026-08-13T13:55:41Z</time>
        <speed>5.645000</speed>
      </trkpt>
      <trkpt lat="59.391490454" lon="27.706492161">
        <ele>37.800</ele>
        <time>2026-08-13T13:55:44Z</time>
        <speed>5.144000</speed>
      </trkpt>
      <trkpt lat="59.391480815" lon="27.707026424">
        <ele>37.600</ele>
        <time>2026-08-13T13:55:50Z</time>
        <speed>5.093000</speed>
      </trkpt>
      <trkpt lat="59.391485676" lon="27.707114769">
        <ele>37.600</ele>
        <time>2026-08-13T13:55:51Z</time>
        <speed>4.994000</speed>
      </trkpt>
      <trkpt lat="59.391482743" lon="27.707206216">
        <ele>37.600</ele>
        <time>2026-08-13T13:55:52Z</time>
        <speed>5.064000</speed>
      </trkpt>
      <trkpt lat="59.391463548" lon="27.707575355">
        <ele>37.800</ele>
        <time>2026-08-13T13:55:56Z</time>
        <speed>5.118000</speed>
      </trkpt>
      <trkpt lat="59.391455837" lon="27.707834691">
        <ele>37.800</ele>
        <time>2026-08-13T13:55:59Z</time>
        <speed>4.826000</speed>
      </trkpt>
      <trkpt lat="59.391433960" lon="27.708085477">
        <ele>37.800</ele>
        <time>2026-08-13T13:56:02Z</time>
        <speed>4.581000</speed>
      </trkpt>
      <trkpt lat="59.391419375" lon="27.708275495">
        <ele>38.000</ele>
        <time>2026-08-13T13:56:07Z</time>
        <speed>0.000000</speed>
      </trkpt>
    </trkseg>
    <trkseg>
      <trkpt lat="59.391434044" lon="27.708515972">
        <ele>38.000</ele>
        <time>2026-08-13T13:57:16Z</time>
        <speed>2.914000</speed>
      </trkpt>
      <trkpt lat="59.391433541" lon="27.708581351">
        <ele>37.800</ele>
        <time>2026-08-13T13:57:17Z</time>
        <speed>2.977000</speed>
      </trkpt>
    </trkseg>
    <trkseg>
      <trkpt lat="59.391447874" lon="27.708813697">
        <ele>38.000</ele>
        <time>2026-08-13T13:57:40Z</time>
        <speed>2.124000</speed>
      </trkpt>
      <trkpt lat="59.391442426" lon="27.708902210">
        <ele>37.800</ele>
        <time>2026-08-13T13:57:42Z</time>
        <speed>2.492000</speed>
      </trkpt>
      <trkpt lat="59.391428176" lon="27.709287023">
        <ele>37.800</ele>
        <time>2026-08-13T13:57:48Z</time>
        <speed>3.974000</speed>
      </trkpt>
      <trkpt lat="59.391416358" lon="27.709953636">
        <ele>37.600</ele>
        <time>2026-08-13T13:57:56Z</time>
        <speed>4.998000</speed>
      </trkpt>
      <trkpt lat="59.391412251" lon="27.710985700">
        <ele>36.800</ele>
        <time>2026-08-13T13:58:07Z</time>
        <speed>5.549000</speed>
      </trkpt>
      <trkpt lat="59.391403198" lon="27.711486099">
        <ele>36.400</ele>
        <time>2026-08-13T13:58:12Z</time>
        <speed>5.609000</speed>
      </trkpt>
      <trkpt lat="59.391395655" lon="27.712199818">
        <ele>36.800</ele>
        <time>2026-08-13T13:58:19Z</time>
        <speed>5.740000</speed>
      </trkpt>
      <trkpt lat="59.391382830" lon="27.713318719">
        <ele>36.400</ele>
        <time>2026-08-13T13:58:30Z</time>
        <speed>5.801000</speed>
      </trkpt>
      <trkpt lat="59.391358942" lon="27.714325972">
        <ele>36.800</ele>
        <time>2026-08-13T13:58:40Z</time>
        <speed>5.582000</speed>
      </trkpt>
      <trkpt lat="59.391341843" lon="27.715387121">
        <ele>36.000</ele>
        <time>2026-08-13T13:58:50Z</time>
        <speed>6.400000</speed>
      </trkpt>
      <trkpt lat="59.391325163" lon="27.716447599">
        <ele>36.200</ele>
        <time>2026-08-13T13:58:59Z</time>
        <speed>6.771000</speed>
      </trkpt>
      <trkpt lat="59.391322481" lon="27.716567209">
        <ele>36.200</ele>
        <time>2026-08-13T13:59:00Z</time>
        <speed>6.784000</speed>
      </trkpt>
      <trkpt lat="59.391303370" lon="27.717581419">
        <ele>36.000</ele>
        <time>2026-08-13T13:59:09Z</time>
        <speed>5.926000</speed>
      </trkpt>
      <trkpt lat="59.391293395" lon="27.718255660">
        <ele>37.200</ele>
        <time>2026-08-13T13:59:16Z</time>
        <speed>5.663000</speed>
      </trkpt>
      <trkpt lat="59.391274955" lon="27.719176998">
        <ele>37.000</ele>
        <time>2026-08-13T13:59:25Z</time>
        <speed>5.774000</speed>
      </trkpt>
      <trkpt lat="59.391273782" lon="27.719475813">
        <ele>37.600</ele>
        <time>2026-08-13T13:59:28Z</time>
        <speed>5.630000</speed>
      </trkpt>
      <trkpt lat="59.391261209" lon="27.720160950">
        <ele>37.800</ele>
        <time>2026-08-13T13:59:35Z</time>
        <speed>5.538000</speed>
      </trkpt>
      <trkpt lat="59.391246960" lon="27.721127886">
        <ele>38.000</ele>
        <time>2026-08-13T13:59:45Z</time>
        <speed>5.585000</speed>
      </trkpt>
      <trkpt lat="59.391230531" lon="27.722024666">
        <ele>38.000</ele>
        <time>2026-08-13T13:59:54Z</time>
        <speed>5.719000</speed>
      </trkpt>
      <trkpt lat="59.391206978" lon="27.723168125">
        <ele>38.000</ele>
        <time>2026-08-13T14:00:06Z</time>
        <speed>5.433000</speed>
      </trkpt>
      <trkpt lat="59.391184011" lon="27.724110419">
        <ele>38.000</ele>
        <time>2026-08-13T14:00:16Z</time>
        <speed>5.297000</speed>
      </trkpt>
      <trkpt lat="59.391187197" lon="27.724692542">
        <ele>38.400</ele>
        <time>2026-08-13T14:00:24Z</time>
        <speed>2.122000</speed>
      </trkpt>
    </trkseg>
    <trkseg>
      <trkpt lat="59.391195830" lon="27.724747779">
        <ele>38.800</ele>
        <time>2026-08-13T14:01:24Z</time>
        <speed>1.675000</speed>
      </trkpt>
      <trkpt lat="59.391206391" lon="27.725035781">
        <ele>38.600</ele>
        <time>2026-08-13T14:01:29Z</time>
        <speed>3.786000</speed>
      </trkpt>
      <trkpt lat="59.391206224" lon="27.725616479">
        <ele>38.400</ele>
        <time>2026-08-13T14:01:36Z</time>
        <speed>5.133000</speed>
      </trkpt>
      <trkpt lat="59.391209912" lon="27.726278566">
        <ele>37.600</ele>
        <time>2026-08-13T14:01:43Z</time>
        <speed>5.618000</speed>
      </trkpt>
      <trkpt lat="59.391211588" lon="27.726589954">
        <ele>37.400</ele>
        <time>2026-08-13T14:01:46Z</time>
        <speed>5.855000</speed>
      </trkpt>
      <trkpt lat="59.391214857" lon="27.727602571">
        <ele>37.400</ele>
        <time>2026-08-13T14:01:55Z</time>
        <speed>6.310000</speed>
      </trkpt>
      <trkpt lat="59.391218126" lon="27.728708731">
        <ele>37.200</ele>
        <time>2026-08-13T14:02:05Z</time>
        <speed>6.420000</speed>
      </trkpt>
      <trkpt lat="59.391214941" lon="27.729798462">
        <ele>37.000</ele>
        <time>2026-08-13T14:02:15Z</time>
        <speed>5.962000</speed>
      </trkpt>
      <trkpt lat="59.391219132" lon="27.729909020">
        <ele>37.200</ele>
        <time>2026-08-13T14:02:16Z</time>
        <speed>6.074000</speed>
      </trkpt>
      <trkpt lat="59.391220640" lon="27.730690632">
        <ele>36.600</ele>
        <time>2026-08-13T14:02:23Z</time>
        <speed>6.257000</speed>
      </trkpt>
      <trkpt lat="59.391221395" lon="27.730798256">
        <ele>36.400</ele>
        <time>2026-08-13T14:02:24Z</time>
        <speed>6.140000</speed>
      </trkpt>
      <trkpt lat="59.391217707" lon="27.731590681">
        <ele>36.800</ele>
        <time>2026-08-13T14:02:32Z</time>
        <speed>5.543000</speed>
      </trkpt>
      <trkpt lat="59.391216198" lon="27.732392242">
        <ele>37.000</ele>
        <time>2026-08-13T14:02:41Z</time>
        <speed>4.439000</speed>
      </trkpt>
      <trkpt lat="59.391220892" lon="27.732663816">
        <ele>37.600</ele>
        <time>2026-08-13T14:02:45Z</time>
        <speed>3.516000</speed>
      </trkpt>
      <trkpt lat="59.391216785" lon="27.732796585">
        <ele>37.800</ele>
        <time>2026-08-13T14:02:48Z</time>
        <speed>2.147000</speed>
      </trkpt>
      <trkpt lat="59.391215444" lon="27.733090874">
        <ele>37.400</ele>
        <time>2026-08-13T14:02:54Z</time>
        <speed>3.491000</speed>
      </trkpt>
      <trkpt lat="59.391217204" lon="27.733228588">
        <ele>39.000</ele>
        <time>2026-08-13T14:02:56Z</time>
        <speed>3.897000</speed>
      </trkpt>
      <trkpt lat="59.391215360" lon="27.733429503">
        <ele>37.600</ele>
        <time>2026-08-13T14:02:59Z</time>
        <speed>3.660000</speed>
      </trkpt>
      <trkpt lat="59.391213767" lon="27.733610971">
        <ele>37.600</ele>
        <time>2026-08-13T14:03:02Z</time>
        <speed>3.260000</speed>
      </trkpt>
      <trkpt lat="59.391210331" lon="27.734076669">
        <ele>37.400</ele>
        <time>2026-08-13T14:03:10Z</time>
        <speed>3.065000</speed>
      </trkpt>
      <trkpt lat="59.391208822" lon="27.734270375">
        <ele>38.200</ele>
        <time>2026-08-13T14:03:16Z</time>
        <speed>0.000000</speed>
      </trkpt>
    </trkseg>
    <trkseg>
      <trkpt lat="59.391244194" lon="27.734328713">
        <ele>37.400</ele>
        <time>2026-08-13T14:03:23Z</time>
        <speed>1.822000</speed>
      </trkpt>
      <trkpt lat="59.391286522" lon="27.734338017">
        <ele>37.200</ele>
        <time>2026-08-13T14:03:25Z</time>
        <speed>2.320000</speed>
      </trkpt>
      <trkpt lat="59.391344022" lon="27.734266687">
        <ele>36.600</ele>
        <time>2026-08-13T14:03:28Z</time>
        <speed>2.736000</speed>
      </trkpt>
      <trkpt lat="59.391353745" lon="27.734215641">
        <ele>36.200</ele>
        <time>2026-08-13T14:03:29Z</time>
        <speed>2.920000</speed>
      </trkpt>
      <trkpt lat="59.391459944" lon="27.733932333">
        <ele>36.000</ele>
        <time>2026-08-13T14:03:35Z</time>
        <speed>3.261000</speed>
      </trkpt>
      <trkpt lat="59.391510738" lon="27.733871145">
        <ele>35.800</ele>
        <time>2026-08-13T14:03:37Z</time>
        <speed>3.149000</speed>
      </trkpt>
      <trkpt lat="59.391625151" lon="27.733802497">
        <ele>36.800</ele>
        <time>2026-08-13T14:03:42Z</time>
        <speed>1.922000</speed>
      </trkpt>
      <trkpt lat="59.391634539" lon="27.733815657">
        <ele>37.400</ele>
        <time>2026-08-13T14:03:43Z</time>
        <speed>1.448000</speed>
      </trkpt>
    </trkseg>
    <trkseg>
      <trkpt lat="59.391708132" lon="27.733825296">
        <ele>36.600</ele>
        <time>2026-08-13T14:04:05Z</time>
        <speed>2.080000</speed>
      </trkpt>
      <trkpt lat="59.391747611" lon="27.733838288">
        <ele>36.400</ele>
        <time>2026-08-13T14:04:07Z</time>
        <speed>2.100000</speed>
      </trkpt>
      <trkpt lat="59.391855570" lon="27.733851867">
        <ele>36.600</ele>
        <time>2026-08-13T14:04:14Z</time>
        <speed>0.000000</speed>
      </trkpt>
    </trkseg>
    <trkseg>
      <trkpt lat="59.391869232" lon="27.734007519">
        <ele>36.800</ele>
        <time>2026-08-13T14:05:58Z</time>
        <speed>2.211000</speed>
      </trkpt>
      <trkpt lat="59.391861437" lon="27.734120758">
        <ele>36.600</ele>
        <time>2026-08-13T14:06:00Z</time>
        <speed>2.959000</speed>
      </trkpt>
      <trkpt lat="59.391852049" lon="27.734523509">
        <ele>36.800</ele>
        <time>2026-08-13T14:06:08Z</time>
        <speed>2.850000</speed>
      </trkpt>
      <trkpt lat="59.391835537" lon="27.734950231">
        <ele>36.800</ele>
        <time>2026-08-13T14:06:15Z</time>
        <speed>3.251000</speed>
      </trkpt>
      <trkpt lat="59.391808379" lon="27.735481896">
        <ele>36.800</ele>
        <time>2026-08-13T14:06:23Z</time>
        <speed>3.855000</speed>
      </trkpt>
      <trkpt lat="59.391773427" lon="27.736077094">
        <ele>36.400</ele>
        <time>2026-08-13T14:06:32Z</time>
        <speed>3.534000</speed>
      </trkpt>
      <trkpt lat="59.391732607" lon="27.736748569">
        <ele>35.800</ele>
        <time>2026-08-13T14:06:41Z</time>
        <speed>4.634000</speed>
      </trkpt>
      <trkpt lat="59.391691284" lon="27.737408811">
        <ele>35.600</ele>
        <time>2026-08-13T14:06:48Z</time>
        <speed>5.735000</speed>
      </trkpt>
      <trkpt lat="59.391639065" lon="27.738217162">
        <ele>35.400</ele>
        <time>2026-08-13T14:06:56Z</time>
        <speed>5.753000</speed>
      </trkpt>
      <trkpt lat="59.391571004" lon="27.739107823">
        <ele>35.800</ele>
        <time>2026-08-13T14:07:05Z</time>
        <speed>5.583000</speed>
      </trkpt>
      <trkpt lat="59.391505457" lon="27.739949869">
        <ele>35.600</ele>
        <time>2026-08-13T14:07:14Z</time>
        <speed>5.306000</speed>
      </trkpt>
      <trkpt lat="59.391457010" lon="27.740684124">
        <ele>35.000</ele>
        <time>2026-08-13T14:07:22Z</time>
        <speed>5.115000</speed>
      </trkpt>
      <trkpt lat="59.391422393" lon="27.741105733">
        <ele>34.600</ele>
        <time>2026-08-13T14:07:27Z</time>
        <speed>4.788000</speed>
      </trkpt>
      <trkpt lat="59.391421303" lon="27.741188379">
        <ele>34.400</ele>
        <time>2026-08-13T14:07:28Z</time>
        <speed>4.668000</speed>
      </trkpt>
      <trkpt lat="59.391413340" lon="27.741346881">
        <ele>34.600</ele>
        <time>2026-08-13T14:07:30Z</time>
        <speed>4.506000</speed>
      </trkpt>
      <trkpt lat="59.391413843" lon="27.741517033">
        <ele>34.600</ele>
        <time>2026-08-13T14:07:32Z</time>
        <speed>4.704000</speed>
      </trkpt>
      <trkpt lat="59.391414514" lon="27.741972506">
        <ele>33.800</ele>
        <time>2026-08-13T14:07:37Z</time>
        <speed>5.066000</speed>
      </trkpt>
      <trkpt lat="59.391408563" lon="27.742338879">
        <ele>33.400</ele>
        <time>2026-08-13T14:07:41Z</time>
        <speed>5.142000</speed>
      </trkpt>
      <trkpt lat="59.391416106" lon="27.742781946">
        <ele>33.800</ele>
        <time>2026-08-13T14:07:46Z</time>
        <speed>5.141000</speed>
      </trkpt>
      <trkpt lat="59.391427506" lon="27.743407488">
        <ele>32.800</ele>
        <time>2026-08-13T14:07:53Z</time>
        <speed>5.080000</speed>
      </trkpt>
      <trkpt lat="59.391423315" lon="27.743499521">
        <ele>32.400</ele>
        <time>2026-08-13T14:07:54Z</time>
        <speed>5.096000</speed>
      </trkpt>
      <trkpt lat="59.391415939" lon="27.743860949">
        <ele>33.400</ele>
        <time>2026-08-13T14:07:58Z</time>
        <speed>5.189000</speed>
      </trkpt>
      <trkpt lat="59.391413005" lon="27.744246265">
        <ele>33.000</ele>
        <time>2026-08-13T14:08:02Z</time>
        <speed>5.375000</speed>
      </trkpt>
      <trkpt lat="59.391405378" lon="27.745087473">
        <ele>33.000</ele>
        <time>2026-08-13T14:08:11Z</time>
        <speed>4.755000</speed>
      </trkpt>
      <trkpt lat="59.391397666" lon="27.745747212">
        <ele>33.400</ele>
        <time>2026-08-13T14:08:19Z</time>
        <speed>4.539000</speed>
      </trkpt>
      <trkpt lat="59.391374113" lon="27.746409047">
        <ele>32.800</ele>
        <time>2026-08-13T14:08:27Z</time>
        <speed>4.786000</speed>
      </trkpt>
      <trkpt lat="59.391368330" lon="27.746864436">
        <ele>32.400</ele>
        <time>2026-08-13T14:08:32Z</time>
        <speed>5.265000</speed>
      </trkpt>
      <trkpt lat="59.391364558" lon="27.747152355">
        <ele>32.000</ele>
        <time>2026-08-13T14:08:35Z</time>
        <speed>5.307000</speed>
      </trkpt>
      <trkpt lat="59.391352823" lon="27.747513279">
        <ele>31.800</ele>
        <time>2026-08-13T14:08:40Z</time>
        <speed>3.765000</speed>
      </trkpt>
      <trkpt lat="59.391327258" lon="27.747840593">
        <ele>32.000</ele>
        <time>2026-08-13T14:08:46Z</time>
        <speed>2.833000</speed>
      </trkpt>
      <trkpt lat="59.391331030" lon="27.747960873">
        <ele>31.400</ele>
        <time>2026-08-13T14:08:48Z</time>
        <speed>3.422000</speed>
      </trkpt>
      <trkpt lat="59.391335892" lon="27.748223981">
        <ele>30.600</ele>
        <time>2026-08-13T14:08:52Z</time>
        <speed>3.669000</speed>
      </trkpt>
      <trkpt lat="59.391333712" lon="27.748513911">
        <ele>30.200</ele>
        <time>2026-08-13T14:08:56Z</time>
        <speed>3.941000</speed>
      </trkpt>
      <trkpt lat="59.391336059" lon="27.748689093">
        <ele>29.800</ele>
        <time>2026-08-13T14:08:59Z</time>
        <speed>3.287000</speed>
      </trkpt>
      <trkpt lat="59.391335640" lon="27.748920349">
        <ele>29.000</ele>
        <time>2026-08-13T14:09:04Z</time>
        <speed>1.278000</speed>
      </trkpt>
      <trkpt lat="59.391342932" lon="27.748937029">
        <ele>28.800</ele>
        <time>2026-08-13T14:09:05Z</time>
        <speed>0.887000</speed>
      </trkpt>
      <trkpt lat="59.391348129" lon="27.748952871">
        <ele>28.800</ele>
        <time>2026-08-13T14:09:06Z</time>
        <speed>0.915000</speed>
      </trkpt>
      <trkpt lat="59.391373442" lon="27.749048593">
        <ele>28.400</ele>
        <time>2026-08-13T14:09:10Z</time>
        <speed>1.562000</speed>
      </trkpt>
      <trkpt lat="59.391372101" lon="27.749112379">
        <ele>28.600</ele>
        <time>2026-08-13T14:09:13Z</time>
        <speed>1.208000</speed>
      </trkpt>
      <trkpt lat="59.391383333" lon="27.749156132">
        <ele>28.600</ele>
        <time>2026-08-13T14:09:14Z</time>
        <speed>2.217000</speed>
      </trkpt>
      <trkpt lat="59.391443348" lon="27.749439776">
        <ele>27.800</ele>
        <time>2026-08-13T14:09:19Z</time>
        <speed>4.111000</speed>
      </trkpt>
      <trkpt lat="59.391502691" lon="27.749677906">
        <ele>26.800</ele>
        <time>2026-08-13T14:09:23Z</time>
        <speed>3.578000</speed>
      </trkpt>
      <trkpt lat="59.391514175" lon="27.749788882">
        <ele>26.400</ele>
        <time>2026-08-13T14:09:25Z</time>
        <speed>3.226000</speed>
      </trkpt>
      <trkpt lat="59.391522305" lon="27.749950066">
        <ele>25.800</ele>
        <time>2026-08-13T14:09:28Z</time>
        <speed>2.756000</speed>
      </trkpt>
      <trkpt lat="59.391538734" lon="27.750096750">
        <ele>26.000</ele>
        <time>2026-08-13T14:09:31Z</time>
        <speed>2.141000</speed>
      </trkpt>
      <trkpt lat="59.391618026" lon="27.750155507">
        <ele>25.000</ele>
        <time>2026-08-13T14:09:35Z</time>
        <speed>2.714000</speed>
      </trkpt>
      <trkpt lat="59.391644513" lon="27.750142766">
        <ele>25.000</ele>
        <time>2026-08-13T14:09:36Z</time>
        <speed>2.987000</speed>
      </trkpt>
      <trkpt lat="59.391783150" lon="27.750071771">
        <ele>24.800</ele>
        <time>2026-08-13T14:09:42Z</time>
        <speed>2.281000</speed>
      </trkpt>
      <trkpt lat="59.391921200" lon="27.750012763">
        <ele>24.400</ele>
        <time>2026-08-13T14:09:48Z</time>
        <speed>2.888000</speed>
      </trkpt>
      <trkpt lat="59.391939137" lon="27.749974541">
        <ele>24.200</ele>
        <time>2026-08-13T14:09:49Z</time>
        <speed>3.123000</speed>
      </trkpt>
      <trkpt lat="59.392045252" lon="27.749839677">
        <ele>23.800</ele>
        <time>2026-08-13T14:09:53Z</time>
        <speed>3.848000</speed>
      </trkpt>
      <trkpt lat="59.392080707" lon="27.749828948">
        <ele>23.800</ele>
        <time>2026-08-13T14:09:54Z</time>
        <speed>4.033000</speed>
      </trkpt>
      <trkpt lat="59.392232755" lon="27.749771867">
        <ele>23.200</ele>
        <time>2026-08-13T14:09:58Z</time>
        <speed>4.150000</speed>
      </trkpt>
      <trkpt lat="59.392385222" lon="27.749697100">
        <ele>23.000</ele>
        <time>2026-08-13T14:10:02Z</time>
        <speed>4.097000</speed>
      </trkpt>
      <trkpt lat="59.392567780" lon="27.749641025">
        <ele>23.400</ele>
        <time>2026-08-13T14:10:08Z</time>
        <speed>3.036000</speed>
      </trkpt>
      <trkpt lat="59.392665094" lon="27.749625100">
        <ele>24.200</ele>
        <time>2026-08-13T14:10:14Z</time>
        <speed>0.000000</speed>
      </trkpt>
    </trkseg>
    <trkseg>
      <trkpt lat="59.392712452" lon="27.749608252">
        <ele>24.200</ele>
        <time>2026-08-13T14:11:20Z</time>
        <speed>1.701000</speed>
      </trkpt>
      <trkpt lat="59.392759725" lon="27.749590063">
        <ele>24.200</ele>
        <time>2026-08-13T14:11:22Z</time>
        <speed>2.637000</speed>
      </trkpt>
      <trkpt lat="59.392969441" lon="27.749491325">
        <ele>23.200</ele>
        <time>2026-08-13T14:11:29Z</time>
        <speed>3.500000</speed>
      </trkpt>
      <trkpt lat="59.393167505" lon="27.749417061">
        <ele>22.400</ele>
        <time>2026-08-13T14:11:35Z</time>
        <speed>3.328000</speed>
      </trkpt>
      <trkpt lat="59.393230118" lon="27.749397112">
        <ele>22.400</ele>
        <time>2026-08-13T14:11:37Z</time>
        <speed>3.295000</speed>
      </trkpt>
      <trkpt lat="59.393470762" lon="27.749322513">
        <ele>21.800</ele>
        <time>2026-08-13T14:11:44Z</time>
        <speed>3.737000</speed>
      </trkpt>
      <trkpt lat="59.393689865" lon="27.749298122">
        <ele>22.000</ele>
        <time>2026-08-13T14:11:51Z</time>
        <speed>2.738000</speed>
      </trkpt>
      <trkpt lat="59.393750802" lon="27.749444218">
        <ele>23.400</ele>
        <time>2026-08-13T14:11:55Z</time>
        <speed>2.098000</speed>
      </trkpt>
      <trkpt lat="59.393747784" lon="27.749598194">
        <ele>23.000</ele>
        <time>2026-08-13T14:12:00Z</time>
        <speed>1.308000</speed>
      </trkpt>
    </trkseg>
    <trkseg>
      <trkpt lat="59.393796567" lon="27.750098929">
        <ele>21.800</ele>
        <time>2026-08-13T14:12:15Z</time>
        <speed>1.630000</speed>
      </trkpt>
      <trkpt lat="59.393797992" lon="27.750141593">
        <ele>21.600</ele>
        <time>2026-08-13T14:12:16Z</time>
        <speed>1.471000</speed>
      </trkpt>
      <trkpt lat="59.393800339" lon="27.750184927">
        <ele>21.400</ele>
        <time>2026-08-13T14:12:17Z</time>
        <speed>1.757000</speed>
      </trkpt>
      <trkpt lat="59.393816767" lon="27.750497153">
        <ele>20.200</ele>
        <time>2026-08-13T14:12:23Z</time>
        <speed>2.033000</speed>
      </trkpt>
      <trkpt lat="59.393872088" lon="27.751097213">
        <ele>19.200</ele>
        <time>2026-08-13T14:12:31Z</time>
        <speed>2.107000</speed>
      </trkpt>
      <trkpt lat="59.393918775" lon="27.751649832">
        <ele>18.000</ele>
        <time>2026-08-13T14:12:39Z</time>
        <speed>2.267000</speed>
      </trkpt>
      <trkpt lat="59.393921457" lon="27.751714457">
        <ele>17.800</ele>
        <time>2026-08-13T14:12:40Z</time>
        <speed>2.219000</speed>
      </trkpt>
      <trkpt lat="59.393934449" lon="27.751964657">
        <ele>17.000</ele>
        <time>2026-08-13T14:12:44Z</time>
        <speed>2.430000</speed>
      </trkpt>
      <trkpt lat="59.393951381" lon="27.752094911">
        <ele>16.800</ele>
        <time>2026-08-13T14:12:46Z</time>
        <speed>1.875000</speed>
      </trkpt>
    </trkseg>
    <trkseg>
      <trkpt lat="59.394026482" lon="27.752829334">
        <ele>16.000</ele>
        <time>2026-08-13T14:13:02Z</time>
        <speed>2.404000</speed>
      </trkpt>
      <trkpt lat="59.394046851" lon="27.752879206">
        <ele>15.600</ele>
        <time>2026-08-13T14:13:03Z</time>
        <speed>2.763000</speed>
      </trkpt>
      <trkpt lat="59.394071493" lon="27.752937209">
        <ele>15.200</ele>
        <time>2026-08-13T14:13:04Z</time>
        <speed>2.717000</speed>
      </trkpt>
      <trkpt lat="59.394098567" lon="27.752985153">
        <ele>14.600</ele>
        <time>2026-08-13T14:13:05Z</time>
        <speed>2.461000</speed>
      </trkpt>
      <trkpt lat="59.394148020" lon="27.753070649">
        <ele>13.600</ele>
        <time>2026-08-13T14:13:07Z</time>
        <speed>2.385000</speed>
      </trkpt>
      <trkpt lat="59.394197809" lon="27.753153713">
        <ele>13.200</ele>
        <time>2026-08-13T14:13:09Z</time>
        <speed>2.882000</speed>
      </trkpt>
      <trkpt lat="59.394333009" lon="27.753370134">
        <ele>14.000</ele>
        <time>2026-08-13T14:13:15Z</time>
        <speed>2.573000</speed>
      </trkpt>
      <trkpt lat="59.394512214" lon="27.753790319">
        <ele>14.000</ele>
        <time>2026-08-13T14:13:22Z</time>
        <speed>3.273000</speed>
      </trkpt>
      <trkpt lat="59.394707428" lon="27.754176138">
        <ele>14.200</ele>
        <time>2026-08-13T14:13:30Z</time>
        <speed>3.149000</speed>
      </trkpt>
      <trkpt lat="59.394819578" lon="27.754433798">
        <ele>14.200</ele>
        <time>2026-08-13T14:13:37Z</time>
        <speed>2.393000</speed>
      </trkpt>
      <trkpt lat="59.394965172" lon="27.754722638">
        <ele>14.400</ele>
        <time>2026-08-13T14:13:45Z</time>
        <speed>2.160000</speed>
      </trkpt>
      <trkpt lat="59.395062570" lon="27.754942831">
        <ele>13.600</ele>
        <time>2026-08-13T14:13:52Z</time>
        <speed>2.514000</speed>
      </trkpt>
      <trkpt lat="59.395190896" lon="27.755257068">
        <ele>13.800</ele>
        <time>2026-08-13T14:14:01Z</time>
        <speed>2.508000</speed>
      </trkpt>
      <trkpt lat="59.395284271" lon="27.755462006">
        <ele>14.400</ele>
        <time>2026-08-13T14:14:08Z</time>
        <speed>1.896000</speed>
      </trkpt>
      <trkpt lat="59.395355601" lon="27.755558230">
        <ele>14.600</ele>
        <time>2026-08-13T14:14:13Z</time>
        <speed>1.711000</speed>
      </trkpt>
      <trkpt lat="59.395420225" lon="27.755633332">
        <ele>14.600</ele>
        <time>2026-08-13T14:14:17Z</time>
        <speed>2.194000</speed>
      </trkpt>
      <trkpt lat="59.395528771" lon="27.755807759">
        <ele>14.600</ele>
        <time>2026-08-13T14:14:24Z</time>
        <speed>2.713000</speed>
      </trkpt>
      <trkpt lat="59.395720968" lon="27.756005572">
        <ele>14.800</ele>
        <time>2026-08-13T14:14:32Z</time>
        <speed>2.967000</speed>
      </trkpt>
      <trkpt lat="59.395927163" lon="27.756229369">
        <ele>15.200</ele>
        <time>2026-08-13T14:14:40Z</time>
        <speed>2.971000</speed>
      </trkpt>
      <trkpt lat="59.396103518" lon="27.756440509">
        <ele>15.400</ele>
        <time>2026-08-13T14:14:47Z</time>
        <speed>3.186000</speed>
      </trkpt>
      <trkpt lat="59.396157665" lon="27.756489208">
        <ele>15.800</ele>
        <time>2026-08-13T14:14:49Z</time>
        <speed>3.172000</speed>
      </trkpt>
      <trkpt lat="59.396387665" lon="27.756680651">
        <ele>15.400</ele>
        <time>2026-08-13T14:14:57Z</time>
        <speed>3.426000</speed>
      </trkpt>
      <trkpt lat="59.396630572" lon="27.756853821">
        <ele>16.200</ele>
        <time>2026-08-13T14:15:05Z</time>
        <speed>2.908000</speed>
      </trkpt>
      <trkpt lat="59.396800222" lon="27.757036630">
        <ele>16.200</ele>
        <time>2026-08-13T14:15:12Z</time>
        <speed>2.664000</speed>
      </trkpt>
      <trkpt lat="59.396946486" lon="27.757145511">
        <ele>16.400</ele>
        <time>2026-08-13T14:15:18Z</time>
        <speed>2.771000</speed>
      </trkpt>
      <trkpt lat="59.397081351" lon="27.757272497">
        <ele>16.800</ele>
        <time>2026-08-13T14:15:24Z</time>
        <speed>2.173000</speed>
      </trkpt>
      <trkpt lat="59.397118064" lon="27.757311305">
        <ele>17.000</ele>
        <time>2026-08-13T14:15:26Z</time>
        <speed>1.896000</speed>
      </trkpt>
      <trkpt lat="59.397194674" lon="27.757405853">
        <ele>16.600</ele>
        <time>2026-08-13T14:15:30Z</time>
        <speed>2.064000</speed>
      </trkpt>
      <trkpt lat="59.397195512" lon="27.757460084">
        <ele>17.000</ele>
        <time>2026-08-13T14:15:32Z</time>
        <speed>1.601000</speed>
      </trkpt>
      <trkpt lat="59.397115968" lon="27.757639457">
        <ele>17.200</ele>
        <time>2026-08-13T14:15:38Z</time>
        <speed>2.477000</speed>
      </trkpt>
      <trkpt lat="59.397073975" lon="27.757810112">
        <ele>17.400</ele>
        <time>2026-08-13T14:15:43Z</time>
        <speed>2.081000</speed>
      </trkpt>
      <trkpt lat="59.397043046" lon="27.758083027">
        <ele>17.400</ele>
        <time>2026-08-13T14:15:49Z</time>
        <speed>2.802000</speed>
      </trkpt>
      <trkpt lat="59.396955539" lon="27.758467924">
        <ele>17.400</ele>
        <time>2026-08-13T14:15:56Z</time>
        <speed>3.144000</speed>
      </trkpt>
      <trkpt lat="59.396872055" lon="27.758840164">
        <ele>17.800</ele>
        <time>2026-08-13T14:16:03Z</time>
        <speed>2.908000</speed>
      </trkpt>
      <trkpt lat="59.396859482" lon="27.758889534">
        <ele>18.000</ele>
        <time>2026-08-13T14:16:04Z</time>
        <speed>2.923000</speed>
      </trkpt>
      <trkpt lat="59.396786643" lon="27.759244675">
        <ele>18.200</ele>
        <time>2026-08-13T14:16:11Z</time>
        <speed>2.633000</speed>
      </trkpt>
      <trkpt lat="59.396706428" lon="27.759563774">
        <ele>18.200</ele>
        <time>2026-08-13T14:16:18Z</time>
        <speed>2.352000</speed>
      </trkpt>
      <trkpt lat="59.396618921" lon="27.759860242">
        <ele>18.200</ele>
        <time>2026-08-13T14:16:25Z</time>
        <speed>2.527000</speed>
      </trkpt>
      <trkpt lat="59.396621017" lon="27.760044895">
        <ele>18.400</ele>
        <time>2026-08-13T14:16:30Z</time>
        <speed>2.351000</speed>
      </trkpt>
      <trkpt lat="59.396634512" lon="27.760076411">
        <ele>18.200</ele>
        <time>2026-08-13T14:16:31Z</time>
        <speed>2.238000</speed>
      </trkpt>
      <trkpt lat="59.396683546" lon="27.760139443">
        <ele>18.200</ele>
        <time>2026-08-13T14:16:34Z</time>
        <speed>2.157000</speed>
      </trkpt>
      <trkpt lat="59.396708524" lon="27.760208342">
        <ele>18.200</ele>
        <time>2026-08-13T14:16:38Z</time>
        <speed>0.000000</speed>
      </trkpt>
    </trkseg>
    <trkseg>
      <trkpt lat="59.396752529" lon="27.760257376">
        <ele>18.200</ele>
        <time>2026-08-13T14:17:05Z</time>
        <speed>2.093000</speed>
      </trkpt>
      <trkpt lat="59.396805335" lon="27.760306410">
        <ele>17.800</ele>
        <time>2026-08-13T14:17:07Z</time>
        <speed>3.435000</speed>
      </trkpt>
      <trkpt lat="59.396863338" lon="27.760366341">
        <ele>17.200</ele>
        <time>2026-08-13T14:17:09Z</time>
        <speed>3.095000</speed>
      </trkpt>
      <trkpt lat="59.396894015" lon="27.760398695">
        <ele>16.800</ele>
        <time>2026-08-13T14:17:10Z</time>
        <speed>3.671000</speed>
      </trkpt>
      <trkpt lat="59.396955874" lon="27.760454435">
        <ele>15.600</ele>
        <time>2026-08-13T14:17:12Z</time>
        <speed>3.773000</speed>
      </trkpt>
      <trkpt lat="59.396988396" lon="27.760484610">
        <ele>14.800</ele>
        <time>2026-08-13T14:17:13Z</time>
        <speed>3.724000</speed>
      </trkpt>
      <trkpt lat="59.397018487" lon="27.760518305">
        <ele>14.200</ele>
        <time>2026-08-13T14:17:14Z</time>
        <speed>3.675000</speed>
      </trkpt>
      <trkpt lat="59.397124518" lon="27.760591982">
        <ele>13.400</ele>
        <time>2026-08-13T14:17:18Z</time>
        <speed>2.284000</speed>
      </trkpt>
      <trkpt lat="59.397171540" lon="27.760638837">
        <ele>13.200</ele>
        <time>2026-08-13T14:17:20Z</time>
        <speed>2.733000</speed>
      </trkpt>
      <trkpt lat="59.397218479" lon="27.760699354">
        <ele>12.800</ele>
        <time>2026-08-13T14:17:22Z</time>
        <speed>2.808000</speed>
      </trkpt>
      <trkpt lat="59.397232309" lon="27.760750987">
        <ele>12.400</ele>
        <time>2026-08-13T14:17:23Z</time>
        <speed>3.177000</speed>
      </trkpt>
      <trkpt lat="59.397236248" lon="27.760812929">
        <ele>12.200</ele>
        <time>2026-08-13T14:17:24Z</time>
        <speed>3.466000</speed>
      </trkpt>
      <trkpt lat="59.397215210" lon="27.761008730">
        <ele>11.800</ele>
        <time>2026-08-13T14:17:27Z</time>
        <speed>4.082000</speed>
      </trkpt>
      <trkpt lat="59.397202553" lon="27.761080060">
        <ele>11.600</ele>
        <time>2026-08-13T14:17:28Z</time>
        <speed>4.263000</speed>
      </trkpt>
      <trkpt lat="59.397107000" lon="27.761555482">
        <ele>11.200</ele>
        <time>2026-08-13T14:17:35Z</time>
        <speed>3.586000</speed>
      </trkpt>
      <trkpt lat="59.397045393" lon="27.761998298">
        <ele>11.400</ele>
        <time>2026-08-13T14:17:43Z</time>
        <speed>2.715000</speed>
      </trkpt>
      <trkpt lat="59.397021169" lon="27.762330053">
        <ele>11.800</ele>
        <time>2026-08-13T14:17:49Z</time>
        <speed>2.696000</speed>
      </trkpt>
      <trkpt lat="59.396995436" lon="27.762691146">
        <ele>12.000</ele>
        <time>2026-08-13T14:17:57Z</time>
        <speed>2.327000</speed>
      </trkpt>
      <trkpt lat="59.396972805" lon="27.763006222">
        <ele>12.000</ele>
        <time>2026-08-13T14:18:04Z</time>
        <speed>2.253000</speed>
      </trkpt>
      <trkpt lat="59.396955790" lon="27.763244184">
        <ele>11.800</ele>
        <time>2026-08-13T14:18:10Z</time>
        <speed>2.744000</speed>
      </trkpt>
      <trkpt lat="59.396916730" lon="27.763529085">
        <ele>11.800</ele>
        <time>2026-08-13T14:18:16Z</time>
        <speed>2.571000</speed>
      </trkpt>
      <trkpt lat="59.396881526" lon="27.763796384">
        <ele>11.600</ele>
        <time>2026-08-13T14:18:22Z</time>
        <speed>2.403000</speed>
      </trkpt>
      <trkpt lat="59.396858560" lon="27.764094863">
        <ele>12.000</ele>
        <time>2026-08-13T14:18:29Z</time>
        <speed>2.298000</speed>
      </trkpt>
      <trkpt lat="59.396830229" lon="27.764385631">
        <ele>11.400</ele>
        <time>2026-08-13T14:18:36Z</time>
        <speed>2.328000</speed>
      </trkpt>
      <trkpt lat="59.396793684" lon="27.764726439">
        <ele>11.400</ele>
        <time>2026-08-13T14:18:44Z</time>
        <speed>2.473000</speed>
      </trkpt>
    </trkseg>
    <trkseg>
      <trkpt lat="59.396762503" lon="27.765013184">
        <ele>11.400</ele>
        <time>2026-08-13T14:19:18Z</time>
        <speed>2.040000</speed>
      </trkpt>
      <trkpt lat="59.396746159" lon="27.765099686">
        <ele>11.400</ele>
        <time>2026-08-13T14:19:20Z</time>
        <speed>2.182000</speed>
      </trkpt>
      <trkpt lat="59.396700226" lon="27.765347790">
        <ele>11.400</ele>
        <time>2026-08-13T14:19:25Z</time>
        <speed>2.832000</speed>
      </trkpt>
      <trkpt lat="59.396657478" lon="27.765625482">
        <ele>11.400</ele>
        <time>2026-08-13T14:19:31Z</time>
        <speed>2.841000</speed>
      </trkpt>
      <trkpt lat="59.396621939" lon="27.766115405">
        <ele>11.800</ele>
        <time>2026-08-13T14:19:40Z</time>
        <speed>3.115000</speed>
      </trkpt>
      <trkpt lat="59.396587489" lon="27.766596274">
        <ele>12.000</ele>
        <time>2026-08-13T14:19:48Z</time>
        <speed>2.991000</speed>
      </trkpt>
      <trkpt lat="59.396565445" lon="27.766999276">
        <ele>12.200</ele>
        <time>2026-08-13T14:19:55Z</time>
        <speed>3.144000</speed>
      </trkpt>
      <trkpt lat="59.396539796" lon="27.767434800">
        <ele>11.800</ele>
        <time>2026-08-13T14:20:02Z</time>
        <speed>3.057000</speed>
      </trkpt>
      <trkpt lat="59.396500066" lon="27.767819613">
        <ele>12.000</ele>
        <time>2026-08-13T14:20:09Z</time>
        <speed>3.033000</speed>
      </trkpt>
      <trkpt lat="59.396457905" lon="27.768098814">
        <ele>12.000</ele>
        <time>2026-08-13T14:20:15Z</time>
        <speed>2.716000</speed>
      </trkpt>
      <trkpt lat="59.396444745" lon="27.768411543">
        <ele>12.000</ele>
        <time>2026-08-13T14:20:21Z</time>
        <speed>2.308000</speed>
      </trkpt>
      <trkpt lat="59.396433095" lon="27.768664006">
        <ele>12.000</ele>
        <time>2026-08-13T14:20:27Z</time>
        <speed>2.765000</speed>
      </trkpt>
      <trkpt lat="59.396415409" lon="27.768875146">
        <ele>11.800</ele>
        <time>2026-08-13T14:20:31Z</time>
        <speed>2.882000</speed>
      </trkpt>
      <trkpt lat="59.396405434" lon="27.768981177">
        <ele>11.800</ele>
        <time>2026-08-13T14:20:33Z</time>
        <speed>2.986000</speed>
      </trkpt>
      <trkpt lat="59.396394370" lon="27.769251242">
        <ele>11.600</ele>
        <time>2026-08-13T14:20:38Z</time>
        <speed>3.298000</speed>
      </trkpt>
      <trkpt lat="59.396338211" lon="27.769803610">
        <ele>11.200</ele>
        <time>2026-08-13T14:20:47Z</time>
        <speed>3.092000</speed>
      </trkpt>
      <trkpt lat="59.396305187" lon="27.770030675">
        <ele>11.200</ele>
        <time>2026-08-13T14:20:51Z</time>
        <speed>3.032000</speed>
      </trkpt>
      <trkpt lat="59.396300996" lon="27.770140562">
        <ele>11.200</ele>
        <time>2026-08-13T14:20:53Z</time>
        <speed>2.842000</speed>
      </trkpt>
      <trkpt lat="59.396312898" lon="27.770565357">
        <ele>11.400</ele>
        <time>2026-08-13T14:21:00Z</time>
        <speed>2.890000</speed>
      </trkpt>
      <trkpt lat="59.396334775" lon="27.770852605">
        <ele>11.400</ele>
        <time>2026-08-13T14:21:06Z</time>
        <speed>2.289000</speed>
      </trkpt>
      <trkpt lat="59.396349108" lon="27.771201041">
        <ele>11.200</ele>
        <time>2026-08-13T14:21:12Z</time>
        <speed>3.229000</speed>
      </trkpt>
      <trkpt lat="59.396354221" lon="27.771485606">
        <ele>11.800</ele>
        <time>2026-08-13T14:21:17Z</time>
        <speed>2.930000</speed>
      </trkpt>
      <trkpt lat="59.396401998" lon="27.771805795">
        <ele>11.200</ele>
        <time>2026-08-13T14:21:24Z</time>
        <speed>1.912000</speed>
      </trkpt>
      <trkpt lat="59.396490343" lon="27.771818200">
        <ele>11.400</ele>
        <time>2026-08-13T14:21:29Z</time>
        <speed>2.446000</speed>
      </trkpt>
      <trkpt lat="59.396634176" lon="27.771839323">
        <ele>10.800</ele>
        <time>2026-08-13T14:21:36Z</time>
        <speed>2.458000</speed>
      </trkpt>
      <trkpt lat="59.396748757" lon="27.771820631">
        <ele>11.200</ele>
        <time>2026-08-13T14:21:43Z</time>
        <speed>0.000000</speed>
      </trkpt>
    </trkseg>
    <trkseg>
      <trkpt lat="59.396802988" lon="27.771811243">
        <ele>10.800</ele>
        <time>2026-08-13T14:22:39Z</time>
        <speed>1.687000</speed>
      </trkpt>
      <trkpt lat="59.396842299" lon="27.771813087">
        <ele>10.400</ele>
        <time>2026-08-13T14:22:41Z</time>
        <speed>1.929000</speed>
      </trkpt>
      <trkpt lat="59.396863002" lon="27.771816775">
        <ele>10.200</ele>
        <time>2026-08-13T14:22:42Z</time>
        <speed>2.064000</speed>
      </trkpt>
      <trkpt lat="59.396950426" lon="27.771902019">
        <ele>9.400</ele>
        <time>2026-08-13T14:22:46Z</time>
        <speed>2.988000</speed>
      </trkpt>
      <trkpt lat="59.396974901" lon="27.772176778">
        <ele>9.800</ele>
        <time>2026-08-13T14:22:52Z</time>
        <speed>1.716000</speed>
      </trkpt>
      <trkpt lat="59.396983031" lon="27.772389762">
        <ele>10.200</ele>
        <time>2026-08-13T14:22:59Z</time>
        <speed>1.007000</speed>
      </trkpt>
    </trkseg>
    <trkseg>
      <trkpt lat="59.396992335" lon="27.772361347">
        <ele>10.200</ele>
        <time>2026-08-13T14:31:12Z</time>
        <speed>1.772000</speed>
      </trkpt>
    </trkseg>
  </trk>
</gpx>
